t_ms,mode,phase,elapsed_s,target_c,measured_c,sensor_valid,error_c,p_term,i_term,d_term,pid_raw_pct,hard_cutoff,requested_heater_pct,applied_heater_pct,target_fan_pct,real_fan_pct,kp,ki,kd
34203,MANUAL,IDLE,0,175.0,46.5,1,128.46,70.35,2.69,0.53,73.57,0,74,74,100,100,0.5477,0.0209,8.9636
35203,MANUAL,IDLE,0,175.0,46.4,1,128.59,70.42,5.38,0.74,76.53,0,77,77,100,100,0.5477,0.0209,8.9636
36203,MANUAL,IDLE,0,175.0,46.4,1,128.59,70.43,8.06,0.52,79.01,0,79,79,100,100,0.5477,0.0209,8.9636
37203,MANUAL,IDLE,0,175.0,46.5,1,128.49,70.37,10.75,0.04,81.16,0,81,81,100,100,0.5477,0.0209,8.9636
38203,MANUAL,IDLE,0,175.0,46.4,1,128.56,70.41,13.44,0.22,84.07,0,84,84,100,100,0.5477,0.0209,8.9636
39203,MANUAL,IDLE,0,175.0,46.4,1,128.59,70.43,16.13,0.26,86.82,0,87,87,100,100,0.5477,0.0209,8.9636
40203,MANUAL,IDLE,0,175.0,46.8,1,128.16,70.19,18.81,-1.12,87.88,0,88,88,100,100,0.5477,0.0209,8.9636
41203,MANUAL,IDLE,0,175.0,47.3,1,127.73,69.95,21.48,-2.03,89.40,0,89,89,100,100,0.5477,0.0209,8.9636
42203,MANUAL,IDLE,0,175.0,48.0,1,127.02,69.56,24.14,-3.48,90.22,0,90,90,100,100,0.5477,0.0209,8.9636
43203,MANUAL,IDLE,0,175.0,49.0,1,126.00,69.00,26.77,-5.38,90.39,0,90,90,100,100,0.5477,0.0209,8.9636
44203,MANUAL,IDLE,0,175.0,50.5,1,124.54,68.21,29.38,-7.92,89.66,0,90,90,100,100,0.5477,0.0209,8.9636
45203,MANUAL,IDLE,0,175.0,52.1,1,122.90,67.31,31.95,-10.20,89.06,0,89,89,100,100,0.5477,0.0209,8.9636
46203,MANUAL,IDLE,0,175.0,54.1,1,120.90,66.21,34.48,-12.78,87.90,0,88,88,100,100,0.5477,0.0209,8.9636
47203,MANUAL,IDLE,0,175.0,56.3,1,118.66,64.99,36.96,-15.20,86.74,0,87,87,100,100,0.5477,0.0209,8.9636
48203,MANUAL,IDLE,0,175.0,58.8,1,116.17,63.62,39.39,-17.58,85.43,0,85,85,100,100,0.5477,0.0209,8.9636
49203,MANUAL,IDLE,0,175.0,61.6,1,113.36,62.08,41.76,-20.11,83.73,0,84,84,100,100,0.5477,0.0209,8.9636
50203,MANUAL,IDLE,0,175.0,64.5,1,110.45,60.49,44.07,-22.10,82.46,0,82,82,100,100,0.5477,0.0209,8.9636
51203,MANUAL,IDLE,0,175.0,67.5,1,107.46,58.85,46.31,-23.68,81.49,0,81,81,100,100,0.5477,0.0209,8.9636
52203,MANUAL,IDLE,0,175.0,70.7,1,104.29,57.11,48.50,-25.25,80.36,0,80,80,100,100,0.5477,0.0209,8.9636
53203,MANUAL,IDLE,0,175.0,74.1,1,100.94,55.28,50.61,-26.83,79.06,0,79,79,100,100,0.5477,0.0209,8.9636
54203,MANUAL,IDLE,0,175.0,77.5,1,97.52,53.41,52.65,-28.13,77.92,0,78,78,100,100,0.5477,0.0209,8.9636
55203,MANUAL,IDLE,0,175.0,81.1,1,93.90,51.42,54.61,-29.56,76.48,0,76,76,100,100,0.5477,0.0209,8.9636
56203,MANUAL,IDLE,0,175.0,84.7,1,90.27,49.44,56.50,-30.54,75.39,0,75,75,100,100,0.5477,0.0209,8.9636
57203,MANUAL,IDLE,0,175.0,88.2,1,86.84,47.56,58.31,-30.62,75.26,0,75,75,100,100,0.5477,0.0209,8.9636
58203,MANUAL,IDLE,0,175.0,91.6,1,83.41,45.68,60.06,-30.66,75.08,0,75,75,100,100,0.5477,0.0209,8.9636
59203,MANUAL,IDLE,0,175.0,94.9,1,80.11,43.87,61.73,-30.31,75.29,0,75,75,100,100,0.5477,0.0209,8.9636
60203,MANUAL,IDLE,0,175.0,98.3,1,76.67,41.99,63.34,-30.48,74.85,0,75,75,100,100,0.5477,0.0209,8.9636
61203,MANUAL,IDLE,0,175.0,101.5,1,73.47,40.24,64.87,-29.88,75.23,0,75,75,100,100,0.5477,0.0209,8.9636
62203,MANUAL,IDLE,0,175.0,104.5,1,70.47,38.59,66.35,-28.89,76.05,0,76,76,100,100,0.5477,0.0209,8.9636
63203,MANUAL,IDLE,0,175.0,107.6,1,67.43,36.93,67.76,-28.32,76.37,0,76,76,100,100,0.5477,0.0209,8.9636
64203,MANUAL,IDLE,0,175.0,110.4,1,64.56,35.36,69.11,-27.48,76.98,0,77,77,100,100,0.5477,0.0209,8.9636
65203,MANUAL,IDLE,0,175.0,113.1,1,61.88,33.89,70.40,-26.33,77.96,0,78,78,100,100,0.5477,0.0209,8.9636
66203,MANUAL,IDLE,0,175.0,115.8,1,59.21,32.43,71.64,-25.51,78.55,0,79,79,100,100,0.5477,0.0209,8.9636
67203,MANUAL,IDLE,0,175.0,118.3,1,56.70,31.05,72.83,-24.52,79.35,0,79,79,100,100,0.5477,0.0209,8.9636
68203,MANUAL,IDLE,0,175.0,120.7,1,54.28,29.73,73.96,-23.56,80.13,0,80,80,100,100,0.5477,0.0209,8.9636
69203,MANUAL,IDLE,0,175.0,123.0,1,51.99,28.47,75.05,-22.57,80.95,0,81,81,100,100,0.5477,0.0209,8.9636
70203,MANUAL,IDLE,0,175.0,125.2,1,49.84,27.29,76.09,-21.47,81.91,0,82,82,100,100,0.5477,0.0209,8.9636
71203,MANUAL,IDLE,0,175.0,127.4,1,47.58,26.06,77.08,-21.06,82.09,0,82,82,100,100,0.5477,0.0209,8.9636
72203,MANUAL,IDLE,0,175.0,129.5,1,45.54,24.94,78.04,-20.12,82.86,0,83,83,100,100,0.5477,0.0209,8.9636
73203,MANUAL,IDLE,0,175.0,131.4,1,43.57,23.86,78.95,-19.31,83.51,0,84,84,100,100,0.5477,0.0209,8.9636
74203,MANUAL,IDLE,0,175.0,133.4,1,41.59,22.78,79.82,-18.80,83.79,0,84,84,100,100,0.5477,0.0209,8.9636
75203,MANUAL,IDLE,0,175.0,135.2,1,39.77,21.78,80.65,-17.97,84.46,0,84,84,100,100,0.5477,0.0209,8.9636
76203,MANUAL,IDLE,0,175.0,136.8,1,38.20,20.92,81.45,-16.67,85.70,0,86,86,100,100,0.5477,0.0209,8.9636
77203,MANUAL,IDLE,0,175.0,138.6,1,36.41,19.94,82.21,-16.46,85.69,0,86,86,100,100,0.5477,0.0209,8.9636
78203,MANUAL,IDLE,0,175.0,140.4,1,34.62,18.96,82.93,-16.32,85.58,0,86,86,100,100,0.5477,0.0209,8.9636
79203,MANUAL,IDLE,0,175.0,142.1,1,32.90,18.02,83.62,-16.03,85.61,0,86,86,100,100,0.5477,0.0209,8.9636
80203,MANUAL,IDLE,0,175.0,143.8,1,31.21,17.09,84.27,-15.73,85.63,0,86,86,100,100,0.5477,0.0209,8.9636
81203,MANUAL,IDLE,0,175.0,145.4,1,29.57,16.19,84.89,-15.38,85.71,0,86,86,100,100,0.5477,0.0209,8.9636
82203,MANUAL,IDLE,0,175.0,147.0,1,28.02,15.35,85.48,-14.87,85.95,0,86,86,100,100,0.5477,0.0209,8.9636
83203,MANUAL,IDLE,0,175.0,148.5,1,26.45,14.49,86.03,-14.61,85.90,0,86,86,100,100,0.5477,0.0209,8.9636
84203,MANUAL,IDLE,0,175.0,150.1,1,24.86,13.62,86.55,-14.49,85.68,0,86,86,100,100,0.5477,0.0209,8.9636
85203,MANUAL,IDLE,0,175.0,151.5,1,23.47,12.85,87.04,-13.82,86.08,0,86,86,100,100,0.5477,0.0209,8.9636
86203,MANUAL,IDLE,0,175.0,152.8,1,22.15,12.13,87.51,-13.14,86.50,0,86,86,100,100,0.5477,0.0209,8.9636
87203,MANUAL,IDLE,0,175.0,154.1,1,20.85,11.42,87.94,-12.65,86.71,0,87,87,100,100,0.5477,0.0209,8.9636
88203,MANUAL,IDLE,0,175.0,155.7,1,19.26,10.55,88.35,-13.19,85.70,0,86,86,100,100,0.5477,0.0209,8.9636
89203,MANUAL,IDLE,0,175.0,157.2,1,17.82,9.76,88.72,-13.10,85.37,0,85,85,100,100,0.5477,0.0209,8.9636
90203,MANUAL,IDLE,0,175.0,158.5,1,16.49,9.03,89.06,-12.70,85.39,0,85,85,100,100,0.5477,0.0209,8.9636
91203,MANUAL,IDLE,0,175.0,159.9,1,15.10,8.27,89.38,-12.61,85.04,0,85,85,100,100,0.5477,0.0209,8.9636
92203,MANUAL,IDLE,0,175.0,161.1,1,13.89,7.61,89.67,-12.05,85.23,0,85,85,100,100,0.5477,0.0209,8.9636
93203,MANUAL,IDLE,0,175.0,162.3,1,12.66,6.93,89.93,-11.71,85.15,0,85,85,100,100,0.5477,0.0209,8.9636
94203,MANUAL,IDLE,0,175.0,163.7,1,11.31,6.19,90.17,-11.84,84.52,0,85,85,100,100,0.5477,0.0209,8.9636
95203,MANUAL,IDLE,0,175.0,164.9,1,10.06,5.51,90.38,-11.61,84.28,0,84,84,100,100,0.5477,0.0209,8.9636
96203,MANUAL,IDLE,0,175.0,166.2,1,8.82,4.83,90.57,-11.46,83.93,0,84,84,100,100,0.5477,0.0209,8.9636
97203,MANUAL,IDLE,0,175.0,167.3,1,7.69,4.21,90.73,-11.00,83.94,0,84,84,100,100,0.5477,0.0209,8.9636
98203,MANUAL,IDLE,0,175.0,168.4,1,6.59,3.61,90.86,-10.62,83.86,0,84,84,100,100,0.5477,0.0209,8.9636
99203,MANUAL,IDLE,0,175.0,169.4,1,5.61,3.08,90.98,-10.00,84.05,0,84,84,100,100,0.5477,0.0209,8.9636
100203,MANUAL,IDLE,0,175.0,170.4,1,4.58,2.51,91.08,-9.76,83.83,0,84,84,100,100,0.5477,0.0209,8.9636
101203,MANUAL,IDLE,0,175.0,171.5,1,3.50,1.92,91.15,-9.74,83.33,0,83,83,100,100,0.5477,0.0209,8.9636
102203,MANUAL,IDLE,0,175.0,172.3,1,2.67,1.46,91.21,-8.96,83.70,0,84,84,100,100,0.5477,0.0209,8.9636
103203,MANUAL,IDLE,0,175.0,173.2,1,1.77,0.97,91.24,-8.67,83.54,0,84,84,100,100,0.5477,0.0209,8.9636
104203,MANUAL,IDLE,0,175.0,174.1,1,0.89,0.48,91.26,-8.42,83.33,0,83,83,100,100,0.5477,0.0209,8.9636
105203,MANUAL,IDLE,0,175.0,174.8,1,0.15,0.08,91.26,-7.80,83.55,0,84,84,100,100,0.5477,0.0209,8.9636
106203,MANUAL,IDLE,0,175.0,175.7,1,-0.74,-0.41,91.25,-7.87,82.97,0,83,83,100,100,0.5477,0.0209,8.9636
107203,MANUAL,IDLE,0,175.0,176.5,1,-1.46,-0.80,91.22,-7.41,83.01,0,83,83,100,100,0.5477,0.0209,8.9636
108203,MANUAL,IDLE,0,175.0,177.2,1,-2.15,-1.18,91.17,-6.99,83.00,0,83,83,100,100,0.5477,0.0209,8.9636
109203,MANUAL,IDLE,0,175.0,178.0,1,-2.96,-1.62,91.11,-7.08,82.41,0,82,82,100,100,0.5477,0.0209,8.9636
110203,MANUAL,IDLE,0,175.0,178.7,1,-3.71,-2.03,91.03,-6.97,82.04,0,82,82,100,100,0.5477,0.0209,8.9636
111203,MANUAL,IDLE,0,175.0,179.4,1,-4.45,-2.44,90.94,-6.84,81.66,0,82,82,100,100,0.5477,0.0209,8.9636
112203,MANUAL,IDLE,0,175.0,180.1,1,-5.08,-2.78,90.83,-6.45,81.60,0,82,82,100,100,0.5477,0.0209,8.9636
113204,MANUAL,IDLE,0,175.0,180.7,1,-5.65,-3.10,90.72,-6.02,81.60,0,82,82,100,100,0.5477,0.0209,8.9636
114203,MANUAL,IDLE,0,175.0,181.2,1,-6.20,-3.39,90.59,-5.63,81.56,0,82,82,100,100,0.5477,0.0209,8.9636
115203,MANUAL,IDLE,0,175.0,181.8,1,-6.77,-3.71,90.45,-5.46,81.28,0,81,81,100,100,0.5477,0.0209,8.9636
116203,MANUAL,IDLE,0,175.0,182.2,1,-7.17,-3.92,90.30,-4.83,81.54,0,82,82,100,100,0.5477,0.0209,8.9636
117203,MANUAL,IDLE,0,175.0,182.8,1,-7.81,-4.28,90.13,-5.15,80.70,0,81,81,100,100,0.5477,0.0209,8.9636
118203,MANUAL,IDLE,0,175.0,183.3,1,-8.35,0.00,0.00,0.00,0.00,1,0,0,100,100,0.5477,0.0209,8.9636
119203,MANUAL,IDLE,0,175.0,183.6,1,-8.63,0.00,0.00,0.00,0.00,1,0,0,100,100,0.5477,0.0209,8.9636
120203,MANUAL,IDLE,0,175.0,184.1,1,-9.14,0.00,0.00,0.00,0.00,1,0,0,100,100,0.5477,0.0209,8.9636
121203,MANUAL,IDLE,0,175.0,184.5,1,-9.45,0.00,0.00,0.00,0.00,1,0,0,100,100,0.5477,0.0209,8.9636
122203,MANUAL,IDLE,0,175.0,184.9,1,-9.91,0.00,0.00,0.00,0.00,1,0,0,100,100,0.5477,0.0209,8.9636
123203,MANUAL,IDLE,0,175.0,184.9,1,-9.95,0.00,0.00,0.00,0.00,1,0,0,100,100,0.5477,0.0209,8.9636
124203,MANUAL,IDLE,0,175.0,185.1,1,-10.08,0.00,0.00,0.00,0.00,1,0,0,100,100,0.5477,0.0209,8.9636
125203,MANUAL,IDLE,0,175.0,184.8,1,-9.81,0.00,0.00,0.00,0.00,1,0,0,100,100,0.5477,0.0209,8.9636
126203,MANUAL,IDLE,0,175.0,184.3,1,-9.28,0.00,0.00,0.00,0.00,1,0,0,100,100,0.5477,0.0209,8.9636
127203,MANUAL,IDLE,0,175.0,183.7,1,-8.66,0.00,0.00,0.00,0.00,1,0,0,100,100,0.5477,0.0209,8.9636
128203,MANUAL,IDLE,0,175.0,182.5,1,-7.54,-4.13,0.00,5.08,0.95,0,1,1,100,100,0.5477,0.0209,8.9636
129203,MANUAL,IDLE,0,175.0,181.2,1,-6.24,-3.42,0.00,7.27,3.85,0,4,4,100,100,0.5477,0.0209,8.9636
130203,MANUAL,IDLE,0,175.0,179.7,1,-4.75,-2.60,0.00,9.32,6.72,0,7,7,100,100,0.5477,0.0209,8.9636
131203,MANUAL,IDLE,0,175.0,178.0,1,-3.03,-1.66,0.00,11.34,9.69,0,10,10,100,100,0.5477,0.0209,8.9636
132203,MANUAL,IDLE,0,175.0,176.1,1,-1.06,-0.58,0.00,13.44,12.85,0,13,13,100,100,0.5477,0.0209,8.9636
133203,MANUAL,IDLE,0,175.0,173.8,1,1.25,0.68,0.03,15.86,16.56,0,17,17,100,100,0.5477,0.0209,8.9636
134203,MANUAL,IDLE,0,175.0,171.4,1,3.62,1.98,0.10,17.67,19.76,0,20,20,100,100,0.5477,0.0209,8.9636
135203,MANUAL,IDLE,0,175.0,168.8,1,6.18,3.38,0.23,19.42,23.03,0,23,23,100,100,0.5477,0.0209,8.9636
136203,MANUAL,IDLE,0,175.0,166.2,1,8.76,4.80,0.41,20.65,25.86,0,26,26,100,100,0.5477,0.0209,8.9636
137203,MANUAL,IDLE,0,175.0,163.3,1,11.72,6.42,0.66,22.63,29.71,0,30,30,100,100,0.5477,0.0209,8.9636
138203,MANUAL,IDLE,0,175.0,160.4,1,14.63,8.01,0.97,23.76,32.73,0,33,33,100,100,0.5477,0.0209,8.9636
139203,MANUAL,IDLE,0,175.0,157.4,1,17.59,9.63,1.33,24.69,35.65,0,36,36,100,100,0.5477,0.0209,8.9636
140203,MANUAL,IDLE,0,175.0,154.7,1,20.27,11.10,1.76,24.47,37.32,0,37,37,100,100,0.5477,0.0209,8.9636
141203,MANUAL,IDLE,0,175.0,119.8,1,55.20,30.23,2.91,120.68,153.82,0,100,100,100,100,0.5477,0.0209,8.9636
142203,MANUAL,IDLE,0,175.0,131.0,1,43.95,24.07,3.83,46.86,74.76,0,75,75,100,100,0.5477,0.0209,8.9636
143203,MANUAL,IDLE,0,175.0,136.1,1,38.88,21.29,4.64,16.08,42.02,0,42,42,100,100,0.5477,0.0209,8.9636
144203,MANUAL,IDLE,0,175.0,138.0,1,37.03,20.28,5.42,5.18,30.88,0,31,31,100,100,0.5477,0.0209,8.9636
145203,MANUAL,IDLE,0,175.0,138.0,1,36.98,20.25,6.19,3.33,29.77,0,30,30,100,100,0.5477,0.0209,8.9636
146203,MANUAL,IDLE,0,175.0,137.0,1,37.96,20.79,6.99,5.13,32.91,0,33,33,100,100,0.5477,0.0209,8.9636
147203,MANUAL,IDLE,0,175.0,135.7,1,39.26,21.50,7.81,7.30,36.61,0,37,37,100,100,0.5477,0.0209,8.9636
148203,MANUAL,IDLE,0,175.0,134.2,1,40.77,22.33,8.66,9.39,40.37,0,40,40,100,100,0.5477,0.0209,8.9636
149203,MANUAL,IDLE,0,175.0,132.8,1,42.15,23.08,9.54,10.39,43.01,0,43,43,100,100,0.5477,0.0209,8.9636
150203,MANUAL,IDLE,0,175.0,131.4,1,43.57,23.86,10.45,11.16,45.47,0,45,45,100,100,0.5477,0.0209,8.9636
151203,MANUAL,IDLE,0,175.0,130.4,1,44.65,24.45,11.39,10.66,46.50,0,47,47,100,100,0.5477,0.0209,8.9636
152203,MANUAL,IDLE,0,175.0,129.2,1,45.82,25.09,12.34,10.60,48.04,0,48,48,100,100,0.5477,0.0209,8.9636
153203,MANUAL,IDLE,0,175.0,128.1,1,46.94,25.71,13.33,10.43,49.47,0,49,49,100,100,0.5477,0.0209,8.9636
154203,MANUAL,IDLE,0,175.0,127.1,1,47.88,26.22,14.33,9.74,50.28,0,50,50,100,100,0.5477,0.0209,8.9636
155203,MANUAL,IDLE,0,175.0,126.3,1,48.70,26.67,15.34,8.94,50.95,0,51,51,100,100,0.5477,0.0209,8.9636
156203,MANUAL,IDLE,0,175.0,125.5,1,49.47,27.09,16.38,8.27,51.75,0,52,52,100,100,0.5477,0.0209,8.9636
157203,MANUAL,IDLE,0,175.0,125.1,1,49.94,27.35,17.42,6.91,51.68,0,52,52,100,100,0.5477,0.0209,8.9636
158203,MANUAL,IDLE,0,175.0,124.6,1,50.39,27.59,18.48,5.95,52.02,0,52,52,100,100,0.5477,0.0209,8.9636
159203,MANUAL,IDLE,0,175.0,124.2,1,50.78,27.81,19.54,5.14,52.49,0,52,52,100,100,0.5477,0.0209,8.9636
160203,MANUAL,IDLE,0,175.0,123.8,1,51.22,28.05,20.61,4.74,53.41,0,53,53,100,100,0.5477,0.0209,8.9636
161203,MANUAL,IDLE,0,175.0,123.6,1,51.37,28.14,21.68,3.62,53.44,0,53,53,100,100,0.5477,0.0209,8.9636
162203,MANUAL,IDLE,0,175.0,123.6,1,51.44,28.17,22.76,2.63,53.56,0,54,54,100,100,0.5477,0.0209,8.9636
163203,MANUAL,IDLE,0,175.0,123.4,1,51.58,28.25,23.84,2.15,54.24,0,54,54,100,100,0.5477,0.0209,8.9636
164203,MANUAL,IDLE,0,175.0,123.5,1,51.48,28.19,24.92,1.14,54.26,0,54,54,100,100,0.5477,0.0209,8.9636
165203,MANUAL,IDLE,0,175.0,123.6,1,51.44,28.17,25.99,0.65,54.81,0,55,55,100,100,0.5477,0.0209,8.9636
166203,MANUAL,IDLE,0,175.0,123.8,1,51.25,28.07,27.06,-0.15,54.98,0,55,55,100,100,0.5477,0.0209,8.9636
167203,MANUAL,IDLE,0,175.0,124.1,1,50.92,27.89,28.13,-1.08,54.94,0,55,55,100,100,0.5477,0.0209,8.9636
168203,MANUAL,IDLE,0,175.0,124.3,1,50.67,27.75,29.19,-1.46,55.48,0,55,55,100,100,0.5477,0.0209,8.9636
169203,MANUAL,IDLE,0,175.0,124.6,1,50.43,27.62,30.24,-1.71,56.15,0,56,56,100,100,0.5477,0.0209,8.9636
170203,MANUAL,IDLE,0,175.0,124.7,1,50.29,27.54,31.29,-1.56,57.28,0,57,57,100,100,0.5477,0.0209,8.9636
171203,MANUAL,IDLE,0,175.0,125.2,1,49.77,27.26,32.34,-2.58,57.01,0,57,57,100,100,0.5477,0.0209,8.9636
172203,MANUAL,IDLE,0,175.0,125.6,1,49.42,27.06,33.37,-2.77,57.66,0,58,58,100,100,0.5477,0.0209,8.9636
173204,MANUAL,IDLE,0,175.0,126.0,1,49.02,26.84,34.39,-3.05,58.19,0,58,58,100,100,0.5477,0.0209,8.9636
174203,MANUAL,IDLE,0,175.0,126.6,1,48.42,26.52,35.41,-3.83,58.09,0,58,58,100,100,0.5477,0.0209,8.9636
175203,MANUAL,IDLE,0,175.0,127.1,1,47.89,26.23,36.41,-4.12,58.51,0,59,59,100,100,0.5477,0.0209,8.9636
176203,MANUAL,IDLE,0,175.0,127.6,1,47.38,25.95,37.40,-4.29,59.06,0,59,59,100,100,0.5477,0.0209,8.9636
177203,MANUAL,IDLE,0,175.0,128.2,1,46.82,25.64,38.38,-4.51,59.50,0,60,60,100,100,0.5477,0.0209,8.9636
178203,MANUAL,IDLE,0,175.0,128.8,1,46.23,25.32,39.34,-4.78,59.88,0,60,60,100,100,0.5477,0.0209,8.9636
179203,MANUAL,IDLE,0,175.0,129.4,1,45.58,24.96,40.30,-5.12,60.14,0,60,60,100,100,0.5477,0.0209,8.9636
180203,MANUAL,IDLE,0,175.0,130.0,1,44.98,24.64,41.24,-5.20,60.67,0,61,61,100,100,0.5477,0.0209,8.9636
181203,MANUAL,IDLE,0,175.0,130.6,1,44.38,24.31,42.17,-5.26,61.21,0,61,61,100,100,0.5477,0.0209,8.9636
182203,MANUAL,IDLE,0,175.0,131.1,1,43.93,24.06,43.09,-4.85,62.30,0,62,62,100,100,0.5477,0.0209,8.9636
183203,MANUAL,IDLE,0,175.0,131.7,1,43.34,23.73,43.99,-5.01,62.71,0,63,63,100,100,0.5477,0.0209,8.9636
184203,MANUAL,IDLE,0,175.0,132.5,1,42.52,23.29,44.88,-5.79,62.38,0,62,62,100,100,0.5477,0.0209,8.9636
185203,MANUAL,IDLE,0,175.0,133.2,1,41.84,22.91,45.76,-5.89,62.78,0,63,63,100,100,0.5477,0.0209,8.9636
186203,MANUAL,IDLE,0,175.0,133.8,1,41.19,22.56,46.62,-5.86,63.31,0,63,63,100,100,0.5477,0.0209,8.9636
187203,MANUAL,IDLE,0,175.0,134.5,1,40.45,22.15,47.46,-6.12,63.50,0,63,63,100,100,0.5477,0.0209,8.9636
188203,MANUAL,IDLE,0,175.0,135.2,1,39.83,21.81,48.30,-5.93,64.18,0,64,64,100,100,0.5477,0.0209,8.9636
189203,MANUAL,IDLE,0,175.0,135.6,1,39.36,21.55,49.12,-5.37,65.31,0,65,65,100,100,0.5477,0.0209,8.9636
190203,MANUAL,IDLE,0,175.0,136.5,1,38.51,21.09,49.92,-6.10,64.92,0,65,65,100,100,0.5477,0.0209,8.9636
191203,MANUAL,IDLE,0,175.0,137.2,1,37.77,20.69,50.71,-6.28,65.12,0,65,65,100,100,0.5477,0.0209,8.9636
192203,MANUAL,IDLE,0,175.0,137.9,1,37.09,20.31,51.49,-6.22,65.58,0,66,66,100,100,0.5477,0.0209,8.9636
193203,MANUAL,IDLE,0,175.0,138.7,1,36.33,19.90,52.25,-6.42,65.73,0,66,66,100,100,0.5477,0.0209,8.9636
194203,MANUAL,IDLE,0,175.0,139.5,1,35.48,19.43,52.99,-6.81,65.61,0,66,66,100,100,0.5477,0.0209,8.9636
195203,MANUAL,IDLE,0,175.0,140.3,1,34.71,19.01,53.72,-6.86,65.87,0,66,66,100,100,0.5477,0.0209,8.9636
196203,MANUAL,IDLE,0,175.0,141.0,1,33.99,18.62,54.43,-6.71,66.33,0,66,66,100,100,0.5477,0.0209,8.9636
197203,MANUAL,IDLE,0,175.0,141.9,1,33.11,18.13,55.12,-7.13,66.13,0,66,66,100,100,0.5477,0.0209,8.9636
198203,MANUAL,IDLE,0,175.0,142.6,1,32.36,17.72,55.80,-6.99,66.53,0,67,67,100,100,0.5477,0.0209,8.9636
199203,MANUAL,IDLE,0,175.0,143.4,1,31.64,17.33,56.46,-6.81,66.98,0,67,67,100,100,0.5477,0.0209,8.9636
200203,MANUAL,IDLE,0,175.0,144.0,1,30.95,16.95,57.11,-6.58,67.47,0,67,67,100,100,0.5477,0.0209,8.9636
201203,MANUAL,IDLE,0,175.0,144.7,1,30.27,16.58,57.74,-6.43,67.89,0,68,68,100,100,0.5477,0.0209,8.9636
202203,MANUAL,IDLE,0,175.0,145.6,1,29.43,16.12,58.36,-6.79,67.69,0,68,68,100,100,0.5477,0.0209,8.9636
203203,MANUAL,IDLE,0,175.0,146.1,1,28.85,15.80,58.96,-6.26,68.50,0,69,69,100,100,0.5477,0.0209,8.9636
204203,MANUAL,IDLE,0,175.0,147.0,1,28.03,15.35,59.55,-6.64,68.25,0,68,68,100,100,0.5477,0.0209,8.9636
205203,MANUAL,IDLE,0,175.0,147.7,1,27.30,14.95,60.12,-6.61,68.46,0,68,68,100,100,0.5477,0.0209,8.9636
206203,MANUAL,IDLE,0,175.0,148.4,1,26.56,14.54,60.67,-6.61,68.60,0,69,69,100,100,0.5477,0.0209,8.9636
207203,MANUAL,IDLE,0,175.0,149.1,1,25.88,14.17,61.21,-6.45,68.94,0,69,69,100,100,0.5477,0.0209,8.9636
208203,MANUAL,IDLE,0,175.0,150.0,1,25.04,13.71,61.74,-6.80,68.65,0,69,69,100,100,0.5477,0.0209,8.9636
209203,MANUAL,IDLE,0,175.0,150.6,1,24.41,13.37,62.25,-6.40,69.21,0,69,69,100,100,0.5477,0.0209,8.9636
210203,MANUAL,IDLE,0,175.0,151.2,1,23.78,13.02,62.74,-6.16,69.60,0,70,70,100,100,0.5477,0.0209,8.9636
211203,MANUAL,IDLE,0,175.0,151.9,1,23.09,12.65,63.23,-6.15,69.72,0,70,70,100,100,0.5477,0.0209,8.9636
212203,MANUAL,IDLE,0,175.0,152.5,1,22.52,12.33,63.70,-5.81,70.22,0,70,70,100,100,0.5477,0.0209,8.9636
213203,MANUAL,IDLE,0,175.0,153.2,1,21.79,11.94,64.15,-6.05,70.04,0,70,70,100,100,0.5477,0.0209,8.9636
214203,MANUAL,IDLE,0,175.0,153.7,1,21.26,11.64,64.60,-5.63,70.61,0,71,71,100,100,0.5477,0.0209,8.9636
215203,MANUAL,IDLE,0,175.0,154.4,1,20.58,11.27,65.03,-5.77,70.53,0,71,71,100,100,0.5477,0.0209,8.9636
216203,MANUAL,IDLE,0,175.0,155.1,1,19.87,10.88,65.44,-5.97,70.36,0,70,70,100,100,0.5477,0.0209,8.9636
217203,MANUAL,IDLE,0,175.0,155.7,1,19.27,10.56,65.85,-5.77,70.63,0,71,71,100,100,0.5477,0.0209,8.9636
218203,MANUAL,IDLE,0,175.0,156.2,1,18.81,10.30,66.24,-5.23,71.31,0,71,71,100,100,0.5477,0.0209,8.9636
219203,MANUAL,IDLE,0,175.0,156.9,1,18.11,9.92,66.62,-5.58,70.96,0,71,71,100,100,0.5477,0.0209,8.9636
220203,MANUAL,IDLE,0,175.0,157.5,1,17.50,9.58,66.99,-5.54,71.03,0,71,71,100,100,0.5477,0.0209,8.9636
221203,MANUAL,IDLE,0,175.0,158.0,1,16.95,9.28,67.34,-5.33,71.29,0,71,71,100,100,0.5477,0.0209,8.9636
222203,MANUAL,IDLE,0,175.0,158.6,1,16.40,8.98,67.68,-5.22,71.44,0,71,71,100,100,0.5477,0.0209,8.9636
223203,MANUAL,IDLE,0,175.0,159.0,1,16.00,8.76,68.02,-4.65,72.13,0,72,72,100,100,0.5477,0.0209,8.9636
224203,MANUAL,IDLE,0,175.0,159.6,1,15.39,8.43,68.34,-4.93,71.84,0,72,72,100,100,0.5477,0.0209,8.9636
225203,MANUAL,IDLE,0,175.0,160.1,1,14.86,8.14,68.65,-4.87,71.92,0,72,72,100,100,0.5477,0.0209,8.9636
226203,MANUAL,IDLE,0,175.0,160.7,1,14.31,7.84,68.95,-4.89,71.90,0,72,72,100,100,0.5477,0.0209,8.9636
227203,MANUAL,IDLE,0,175.0,161.0,1,13.97,7.65,69.24,-4.27,72.62,0,73,73,100,100,0.5477,0.0209,8.9636
228203,MANUAL,IDLE,0,175.0,161.7,1,13.27,7.27,69.52,-4.96,71.82,0,72,72,100,100,0.5477,0.0209,8.9636
229203,MANUAL,IDLE,0,175.0,162.4,1,12.65,6.93,69.78,-5.15,71.56,0,72,72,100,100,0.5477,0.0209,8.9636
230203,MANUAL,IDLE,0,175.0,162.9,1,12.15,6.65,70.04,-4.94,71.75,0,72,72,100,100,0.5477,0.0209,8.9636
231203,MANUAL,IDLE,0,175.0,163.4,1,11.58,6.34,70.28,-4.98,71.65,0,72,72,100,100,0.5477,0.0209,8.9636
232203,MANUAL,IDLE,0,175.0,164.0,1,11.03,6.04,70.51,-4.97,71.59,0,72,72,100,100,0.5477,0.0209,8.9636
233203,MANUAL,IDLE,0,175.0,164.4,1,10.61,5.81,70.73,-4.56,71.98,0,72,72,100,100,0.5477,0.0209,8.9636
234203,MANUAL,IDLE,0,175.0,164.9,1,10.11,5.54,70.94,-4.54,71.94,0,72,72,100,100,0.5477,0.0209,8.9636
235203,MANUAL,IDLE,0,175.0,165.3,1,9.72,5.32,71.15,-4.20,72.27,0,72,72,100,100,0.5477,0.0209,8.9636
236203,MANUAL,IDLE,0,175.0,165.8,1,9.23,5.06,71.34,-4.25,72.15,0,72,72,100,100,0.5477,0.0209,8.9636
237203,MANUAL,IDLE,0,175.0,166.2,1,8.80,4.82,71.52,-4.12,72.23,0,72,72,100,100,0.5477,0.0209,8.9636
238203,MANUAL,IDLE,0,175.0,166.4,1,8.61,4.71,71.70,-3.33,73.09,0,73,73,100,100,0.5477,0.0209,8.9636
239203,MANUAL,IDLE,0,175.0,166.9,1,8.06,4.41,71.87,-3.85,72.44,0,72,72,100,100,0.5477,0.0209,8.9636
240203,MANUAL,IDLE,0,175.0,167.4,1,7.63,4.18,72.03,-3.86,72.35,0,72,72,100,100,0.5477,0.0209,8.9636
241203,MANUAL,IDLE,0,175.0,167.8,1,7.18,3.93,72.18,-3.91,72.21,0,72,72,100,100,0.5477,0.0209,8.9636
242203,MANUAL,IDLE,0,175.0,168.2,1,6.76,3.70,72.32,-3.87,72.16,0,72,72,100,100,0.5477,0.0209,8.9636
243203,MANUAL,IDLE,0,175.0,168.7,1,6.30,3.45,72.46,-3.94,71.96,0,72,72,100,100,0.5477,0.0209,8.9636
244203,MANUAL,IDLE,0,175.0,169.0,1,6.00,3.28,72.58,-3.54,72.33,0,72,72,100,100,0.5477,0.0209,8.9636
245203,MANUAL,IDLE,0,175.0,169.4,1,5.61,3.07,72.70,-3.52,72.25,0,72,72,100,100,0.5477,0.0209,8.9636
246203,MANUAL,IDLE,0,175.0,169.7,1,5.28,2.89,72.81,-3.33,72.37,0,72,72,100,100,0.5477,0.0209,8.9636
247203,MANUAL,IDLE,0,175.0,170.1,1,4.88,2.67,72.91,-3.43,72.16,0,72,72,100,100,0.5477,0.0209,8.9636
248203,MANUAL,IDLE,0,175.0,170.4,1,4.56,2.49,73.01,-3.24,72.26,0,72,72,100,100,0.5477,0.0209,8.9636
249203,MANUAL,IDLE,0,175.0,170.8,1,4.25,2.33,73.10,-3.07,72.35,0,72,72,100,100,0.5477,0.0209,8.9636
250203,MANUAL,IDLE,0,175.0,171.1,1,3.92,2.15,73.18,-3.03,72.30,0,72,72,100,100,0.5477,0.0209,8.9636
251203,MANUAL,IDLE,0,175.0,171.4,1,3.57,1.95,73.25,-3.08,72.12,0,72,72,100,100,0.5477,0.0209,8.9636
252203,MANUAL,IDLE,0,175.0,171.7,1,3.32,1.82,73.32,-2.80,72.34,0,72,72,100,100,0.5477,0.0209,8.9636
253203,MANUAL,IDLE,0,175.0,171.7,1,3.30,1.81,73.39,-1.91,73.29,0,73,73,100,100,0.5477,0.0209,8.9636
254203,MANUAL,IDLE,0,175.0,172.0,1,3.05,1.67,73.45,-2.04,73.08,0,73,73,100,100,0.5477,0.0209,8.9636
255203,MANUAL,IDLE,0,175.0,172.3,1,2.65,1.45,73.51,-2.54,72.42,0,72,72,100,100,0.5477,0.0209,8.9636
256203,MANUAL,IDLE,0,175.0,172.6,1,2.37,1.30,73.56,-2.55,72.31,0,72,72,100,100,0.5477,0.0209,8.9636
257203,MANUAL,IDLE,0,175.0,172.8,1,2.19,1.20,73.60,-2.22,72.58,0,73,73,100,100,0.5477,0.0209,8.9636
258203,MANUAL,IDLE,0,175.0,173.0,1,1.97,1.08,73.65,-2.15,72.57,0,73,73,100,100,0.5477,0.0209,8.9636
259203,MANUAL,IDLE,0,175.0,173.3,1,1.75,0.96,73.68,-2.09,72.55,0,73,73,100,100,0.5477,0.0209,8.9636
260203,MANUAL,IDLE,0,175.0,173.5,1,1.48,0.81,73.71,-2.18,72.34,0,72,72,100,100,0.5477,0.0209,8.9636
261203,MANUAL,IDLE,0,175.0,173.7,1,1.33,0.73,73.74,-1.90,72.57,0,73,73,100,100,0.5477,0.0209,8.9636
262203,MANUAL,IDLE,0,175.0,174.0,1,1.02,0.56,73.76,-2.22,72.10,0,72,72,100,100,0.5477,0.0209,8.9636
263203,MANUAL,IDLE,0,175.0,174.1,1,0.92,0.50,73.78,-1.78,72.50,0,73,73,100,100,0.5477,0.0209,8.9636
264203,MANUAL,IDLE,0,175.0,174.3,1,0.66,0.36,73.80,-1.96,72.19,0,72,72,100,100,0.5477,0.0209,8.9636
265203,MANUAL,IDLE,0,175.0,174.7,1,0.31,0.17,73.80,-2.35,71.62,0,72,72,100,100,0.5477,0.0209,8.9636
266203,MANUAL,IDLE,0,175.0,174.8,1,0.16,0.09,73.80,-2.01,71.88,0,72,72,100,100,0.5477,0.0209,8.9636
267203,MANUAL,IDLE,0,175.0,174.9,1,0.09,0.05,73.81,-1.55,72.31,0,72,72,100,100,0.5477,0.0209,8.9636
268203,MANUAL,IDLE,0,175.0,175.1,1,-0.11,-0.06,73.80,-1.61,72.13,0,72,72,100,100,0.5477,0.0209,8.9636
269203,MANUAL,IDLE,0,175.0,175.4,1,-0.39,-0.21,73.80,-1.92,71.67,0,72,72,100,100,0.5477,0.0209,8.9636
270203,MANUAL,IDLE,0,175.0,175.5,1,-0.55,-0.30,73.79,-1.75,71.73,0,72,72,100,100,0.5477,0.0209,8.9636
271203,MANUAL,IDLE,0,175.0,175.9,1,-0.92,-0.50,73.77,-2.27,70.99,0,71,71,100,100,0.5477,0.0209,8.9636
272203,MANUAL,IDLE,0,175.0,176.1,1,-1.08,-0.59,73.74,-2.00,71.15,0,71,71,100,100,0.5477,0.0209,8.9636
273203,MANUAL,IDLE,0,175.0,176.3,1,-1.26,-0.69,73.72,-1.88,71.14,0,71,71,100,100,0.5477,0.0209,8.9636
274203,MANUAL,IDLE,0,175.0,176.4,1,-1.41,-0.77,73.69,-1.71,71.21,0,71,71,100,100,0.5477,0.0209,8.9636
275203,MANUAL,IDLE,0,175.0,176.5,1,-1.45,-0.79,73.66,-1.25,71.61,0,72,72,100,100,0.5477,0.0209,8.9636
276203,MANUAL,IDLE,0,175.0,176.5,1,-1.49,-0.82,73.63,-0.94,71.87,0,72,72,100,100,0.5477,0.0209,8.9636
277203,MANUAL,IDLE,0,175.0,176.7,1,-1.67,-0.91,73.59,-1.16,71.52,0,72,72,100,100,0.5477,0.0209,8.9636
278203,MANUAL,IDLE,0,175.0,176.8,1,-1.76,-0.97,73.55,-1.07,71.52,0,72,72,100,100,0.5477,0.0209,8.9636
279203,MANUAL,IDLE,0,175.0,176.9,1,-1.90,-1.04,73.51,-1.11,71.36,0,71,71,100,100,0.5477,0.0209,8.9636
280203,MANUAL,IDLE,0,175.0,177.0,1,-2.04,-1.12,73.47,-1.15,71.20,0,71,71,100,100,0.5477,0.0209,8.9636
281203,MANUAL,IDLE,0,175.0,177.2,1,-2.21,-1.21,73.43,-1.28,70.93,0,71,71,100,100,0.5477,0.0209,8.9636
282203,MANUAL,IDLE,0,175.0,177.4,1,-2.40,-1.31,73.38,-1.42,70.64,0,71,71,100,100,0.5477,0.0209,8.9636
283203,MANUAL,IDLE,0,175.0,177.5,1,-2.46,-1.35,73.32,-1.13,70.85,0,71,71,100,100,0.5477,0.0209,8.9636
284203,MANUAL,IDLE,0,175.0,177.6,1,-2.59,-1.42,73.27,-1.13,70.72,0,71,71,100,100,0.5477,0.0209,8.9636
285203,MANUAL,IDLE,0,175.0,177.7,1,-2.67,-1.46,73.21,-1.02,70.73,0,71,71,100,100,0.5477,0.0209,8.9636
286203,MANUAL,IDLE,0,175.0,177.6,1,-2.64,-1.45,73.16,-0.59,71.12,0,71,71,100,100,0.5477,0.0209,8.9636
287203,MANUAL,IDLE,0,175.0,177.6,1,-2.63,-1.44,73.10,-0.35,71.32,0,71,71,100,100,0.5477,0.0209,8.9636
288203,MANUAL,IDLE,0,175.0,177.8,1,-2.79,-1.53,73.05,-0.72,70.80,0,71,71,100,100,0.5477,0.0209,8.9636
289203,MANUAL,IDLE,0,175.0,177.8,1,-2.82,-1.54,72.99,-0.56,70.88,0,71,71,100,100,0.5477,0.0209,8.9636
290203,MANUAL,IDLE,0,175.0,178.1,1,-3.07,-1.68,72.92,-1.13,70.12,0,70,70,100,100,0.5477,0.0209,8.9636
291203,MANUAL,IDLE,0,175.0,178.1,1,-3.15,-1.72,72.86,-0.98,70.15,0,70,70,100,100,0.5477,0.0209,8.9636
292203,MANUAL,IDLE,0,175.0,178.2,1,-3.18,-1.74,72.79,-0.74,70.31,0,70,70,100,100,0.5477,0.0209,8.9636
293203,MANUAL,IDLE,0,175.0,178.2,1,-3.21,-1.76,72.72,-0.59,70.38,0,70,70,100,100,0.5477,0.0209,8.9636
294203,MANUAL,IDLE,0,175.0,178.4,1,-3.40,-1.86,72.65,-0.96,69.83,0,70,70,100,100,0.5477,0.0209,8.9636
295203,MANUAL,IDLE,0,175.0,178.6,1,-3.55,-1.95,72.58,-1.10,69.53,0,70,70,100,100,0.5477,0.0209,8.9636
296203,MANUAL,IDLE,0,175.0,178.6,1,-3.64,-1.99,72.50,-0.99,69.52,0,70,70,100,100,0.5477,0.0209,8.9636
297203,MANUAL,IDLE,0,175.0,178.7,1,-3.69,-2.02,72.42,-0.81,69.60,0,70,70,100,100,0.5477,0.0209,8.9636
298203,MANUAL,IDLE,0,175.0,178.7,1,-3.71,-2.03,72.35,-0.62,69.69,0,70,70,100,100,0.5477,0.0209,8.9636
299203,MANUAL,IDLE,0,175.0,178.7,1,-3.70,-2.03,72.27,-0.37,69.88,0,70,70,100,100,0.5477,0.0209,8.9636
300203,MANUAL,IDLE,0,175.0,178.8,1,-3.77,-2.06,72.19,-0.45,69.68,0,70,70,100,100,0.5477,0.0209,8.9636
301203,MANUAL,IDLE,0,175.0,178.7,1,-3.71,-2.03,72.11,-0.14,69.94,0,70,70,100,100,0.5477,0.0209,8.9636
302203,MANUAL,IDLE,0,175.0,178.8,1,-3.79,-2.08,72.03,-0.33,69.63,0,70,70,100,100,0.5477,0.0209,8.9636
303203,MANUAL,IDLE,0,175.0,178.5,1,-3.51,-1.92,71.96,0.63,70.67,0,71,71,100,100,0.5477,0.0209,8.9636
304203,MANUAL,IDLE,0,175.0,178.6,1,-3.60,-1.97,71.88,0.15,70.07,0,70,70,100,100,0.5477,0.0209,8.9636
305203,MANUAL,IDLE,0,175.0,178.7,1,-3.66,-2.01,71.81,-0.10,69.70,0,70,70,100,100,0.5477,0.0209,8.9636
306203,MANUAL,IDLE,0,175.0,178.6,1,-3.64,-1.99,71.73,0.01,69.75,0,70,70,100,100,0.5477,0.0209,8.9636
307203,MANUAL,IDLE,0,175.0,178.6,1,-3.64,-1.99,71.66,0.00,69.66,0,70,70,100,100,0.5477,0.0209,8.9636
308203,MANUAL,IDLE,0,175.0,178.6,1,-3.64,-1.99,71.58,-0.00,69.58,0,70,70,100,100,0.5477,0.0209,8.9636
309203,MANUAL,IDLE,0,175.0,178.6,1,-3.58,-1.96,71.50,0.18,69.73,0,70,70,100,100,0.5477,0.0209,8.9636
310203,MANUAL,IDLE,0,175.0,178.6,1,-3.59,-1.97,71.43,0.09,69.55,0,70,70,100,100,0.5477,0.0209,8.9636
311203,MANUAL,IDLE,0,175.0,178.6,1,-3.55,-1.95,71.36,0.18,69.59,0,70,70,100,100,0.5477,0.0209,8.9636
312203,MANUAL,IDLE,0,175.0,178.5,1,-3.47,-1.90,71.28,0.37,69.76,0,70,70,100,100,0.5477,0.0209,8.9636
313203,MANUAL,IDLE,0,175.0,178.5,1,-3.48,-1.91,71.21,0.20,69.51,0,70,70,100,100,0.5477,0.0209,8.9636
314203,MANUAL,IDLE,0,175.0,178.5,1,-3.54,-1.94,71.14,-0.03,69.17,0,69,69,100,100,0.5477,0.0209,8.9636
315203,MANUAL,IDLE,0,175.0,178.5,1,-3.46,-1.89,71.06,0.22,69.39,0,69,69,100,100,0.5477,0.0209,8.9636
316203,MANUAL,IDLE,0,175.0,178.5,1,-3.49,-1.91,70.99,0.04,69.12,0,69,69,100,100,0.5477,0.0209,8.9636
317203,MANUAL,IDLE,0,175.0,178.4,1,-3.45,-1.89,70.92,0.16,69.19,0,69,69,100,100,0.5477,0.0209,8.9636
318204,MANUAL,IDLE,0,175.0,178.4,1,-3.41,-1.87,70.85,0.22,69.21,0,69,69,100,100,0.5477,0.0209,8.9636
319203,MANUAL,IDLE,0,175.0,178.3,1,-3.34,-1.83,70.78,0.36,69.31,0,69,69,100,100,0.5477,0.0209,8.9636
320203,MANUAL,IDLE,0,175.0,178.3,1,-3.30,-1.81,70.71,0.35,69.26,0,69,69,100,100,0.5477,0.0209,8.9636
321203,MANUAL,IDLE,0,175.0,178.2,1,-3.23,-1.77,70.64,0.44,69.31,0,69,69,100,100,0.5477,0.0209,8.9636
322203,MANUAL,IDLE,0,175.0,178.2,1,-3.18,-1.74,70.57,0.46,69.29,0,69,69,100,100,0.5477,0.0209,8.9636
323203,MANUAL,IDLE,0,175.0,178.0,1,-2.99,-1.64,70.51,0.86,69.74,0,70,70,100,100,0.5477,0.0209,8.9636
324203,MANUAL,IDLE,0,175.0,177.9,1,-2.95,-1.61,70.45,0.70,69.54,0,70,70,100,100,0.5477,0.0209,8.9636
325203,MANUAL,IDLE,0,175.0,178.0,1,-3.03,-1.66,70.39,0.21,68.94,0,69,69,100,100,0.5477,0.0209,8.9636
326203,MANUAL,IDLE,0,175.0,177.9,1,-2.89,-1.58,70.33,0.56,69.30,0,69,69,100,100,0.5477,0.0209,8.9636
327203,MANUAL,IDLE,0,175.0,177.8,1,-2.83,-1.55,70.27,0.56,69.28,0,69,69,100,100,0.5477,0.0209,8.9636
328203,MANUAL,IDLE,0,192.0,177.7,1,14.25,7.80,70.57,0.62,78.99,0,79,79,100,100,0.5477,0.0209,8.9636
329203,MANUAL,IDLE,0,192.0,177.9,1,14.13,7.74,70.86,0.04,78.63,0,79,79,100,100,0.5477,0.0209,8.9636
330203,MANUAL,IDLE,0,192.0,177.9,1,14.12,7.73,71.16,0.00,78.89,0,79,79,100,100,0.5477,0.0209,8.9636
331203,MANUAL,IDLE,0,192.0,177.8,1,14.18,7.76,71.45,0.17,79.39,0,79,79,100,100,0.5477,0.0209,8.9636
332203,MANUAL,IDLE,0,192.0,177.8,1,14.21,7.78,71.75,0.21,79.74,0,80,80,100,100,0.5477,0.0209,8.9636
333203,MANUAL,IDLE,0,192.0,177.8,1,14.21,7.78,72.05,0.15,79.98,0,80,80,100,100,0.5477,0.0209,8.9636
334203,MANUAL,IDLE,0,192.0,177.8,1,14.21,7.78,72.34,0.10,80.23,0,80,80,100,100,0.5477,0.0209,8.9636
335203,MANUAL,IDLE,0,192.0,177.8,1,14.15,7.75,72.64,-0.11,80.28,0,80,80,100,100,0.5477,0.0209,8.9636
336203,MANUAL,IDLE,0,192.0,177.9,1,14.08,7.71,72.93,-0.27,80.37,0,80,80,100,100,0.5477,0.0209,8.9636
337203,MANUAL,IDLE,0,192.0,178.1,1,13.88,7.60,73.22,-0.81,80.02,0,80,80,100,100,0.5477,0.0209,8.9636
338203,MANUAL,IDLE,0,192.0,178.2,1,13.77,7.54,73.51,-0.84,80.21,0,80,80,100,100,0.5477,0.0209,8.9636
339203,MANUAL,IDLE,0,192.0,178.3,1,13.72,7.51,73.80,-0.73,80.58,0,81,81,100,100,0.5477,0.0209,8.9636
340203,MANUAL,IDLE,0,192.0,178.5,1,13.50,7.39,74.08,-1.15,80.33,0,80,80,100,100,0.5477,0.0209,8.9636
341203,MANUAL,IDLE,0,192.0,178.7,1,13.34,7.31,74.36,-1.23,80.44,0,80,80,100,100,0.5477,0.0209,8.9636
342203,MANUAL,IDLE,0,192.0,178.9,1,13.07,7.16,74.63,-1.64,80.15,0,80,80,100,100,0.5477,0.0209,8.9636
343203,MANUAL,IDLE,0,192.0,179.3,1,12.74,6.98,74.90,-2.07,79.81,0,80,80,100,100,0.5477,0.0209,8.9636
344203,MANUAL,IDLE,0,192.0,179.6,1,12.39,6.78,75.16,-2.44,79.50,0,80,80,100,100,0.5477,0.0209,8.9636
345203,MANUAL,IDLE,0,192.0,180.0,1,12.04,6.60,75.41,-2.64,79.36,0,79,79,100,100,0.5477,0.0209,8.9636
346203,MANUAL,IDLE,0,192.0,180.4,1,11.62,6.36,75.65,-3.04,78.98,0,79,79,100,100,0.5477,0.0209,8.9636
347203,MANUAL,IDLE,0,192.0,180.6,1,11.43,6.26,75.89,-2.60,79.55,0,80,80,100,100,0.5477,0.0209,8.9636
348203,MANUAL,IDLE,0,192.0,181.0,1,11.02,6.04,76.12,-2.94,79.22,0,79,79,100,100,0.5477,0.0209,8.9636
349203,MANUAL,IDLE,0,192.0,181.6,1,10.42,5.71,76.34,-3.76,78.28,0,78,78,100,100,0.5477,0.0209,8.9636
350203,MANUAL,IDLE,0,192.0,182.1,1,9.89,5.42,76.55,-4.08,77.88,0,78,78,100,100,0.5477,0.0209,8.9636
351203,MANUAL,IDLE,0,192.0,182.4,1,9.61,5.26,76.75,-3.56,78.45,0,78,78,100,100,0.5477,0.0209,8.9636
352203,MANUAL,IDLE,0,192.0,182.8,1,9.16,5.01,76.94,-3.73,78.22,0,78,78,100,100,0.5477,0.0209,8.9636
353203,MANUAL,IDLE,0,192.0,183.3,1,8.74,4.79,77.12,-3.72,78.19,0,78,78,100,100,0.5477,0.0209,8.9636
354203,MANUAL,IDLE,0,192.0,183.8,1,8.25,4.52,77.30,-3.97,77.85,0,78,78,100,100,0.5477,0.0209,8.9636
355203,MANUAL,IDLE,0,192.0,184.2,1,7.84,4.29,77.46,-3.85,77.90,0,78,78,100,100,0.5477,0.0209,8.9636
356203,MANUAL,IDLE,0,192.0,184.7,1,7.35,4.02,77.61,-4.04,77.60,0,78,78,100,100,0.5477,0.0209,8.9636
357203,MANUAL,IDLE,0,192.0,184.9,1,7.12,3.90,77.76,-3.38,78.28,0,78,78,100,100,0.5477,0.0209,8.9636
358203,MANUAL,IDLE,0,192.0,185.3,1,6.74,3.69,77.90,-3.39,78.20,0,78,78,100,100,0.5477,0.0209,8.9636
359203,MANUAL,IDLE,0,192.0,185.6,1,6.42,3.51,78.04,-3.23,78.33,0,78,78,100,100,0.5477,0.0209,8.9636
360203,MANUAL,IDLE,0,192.0,185.9,1,6.11,3.35,78.17,-3.07,78.44,0,78,78,100,100,0.5477,0.0209,8.9636
361203,MANUAL,IDLE,0,192.0,186.4,1,5.62,3.08,78.28,-3.49,77.87,0,78,78,100,100,0.5477,0.0209,8.9636
362203,MANUAL,IDLE,0,192.0,186.6,1,5.35,2.93,78.40,-3.14,78.18,0,78,78,100,100,0.5477,0.0209,8.9636
363203,MANUAL,IDLE,0,192.0,187.0,1,4.98,2.73,78.50,-3.21,78.02,0,78,78,100,100,0.5477,0.0209,8.9636
364203,MANUAL,IDLE,0,192.0,187.4,1,4.63,2.53,78.60,-3.18,77.95,0,78,78,100,100,0.5477,0.0209,8.9636
365203,MANUAL,IDLE,0,192.0,187.7,1,4.34,2.38,78.69,-2.99,78.07,0,78,78,100,100,0.5477,0.0209,8.9636
366203,MANUAL,IDLE,0,192.0,187.9,1,4.08,2.23,78.77,-2.76,78.24,0,78,78,100,100,0.5477,0.0209,8.9636
367203,MANUAL,IDLE,0,192.0,188.3,1,3.72,2.04,78.85,-2.93,77.96,0,78,78,100,100,0.5477,0.0209,8.9636
368203,MANUAL,IDLE,0,192.0,188.5,1,3.54,1.94,78.92,-2.47,78.40,0,78,78,100,100,0.5477,0.0209,8.9636
369203,MANUAL,IDLE,0,192.0,188.7,1,3.26,1.78,78.99,-2.50,78.28,0,78,78,100,100,0.5477,0.0209,8.9636
370203,MANUAL,IDLE,0,192.0,189.0,1,2.97,1.63,79.05,-2.52,78.17,0,78,78,100,100,0.5477,0.0209,8.9636
371203,MANUAL,IDLE,0,192.0,189.0,1,2.99,1.63,79.12,-1.64,79.11,0,79,79,100,100,0.5477,0.0209,8.9636
372203,MANUAL,IDLE,0,192.0,189.4,1,2.60,1.42,79.17,-2.24,78.35,0,78,78,100,100,0.5477,0.0209,8.9636
373203,MANUAL,IDLE,0,192.0,189.5,1,2.51,1.37,79.22,-1.77,78.83,0,79,79,100,100,0.5477,0.0209,8.9636
374203,MANUAL,IDLE,0,192.0,189.7,1,2.27,1.24,79.27,-1.89,78.62,0,79,79,100,100,0.5477,0.0209,8.9636
375203,MANUAL,IDLE,0,192.0,190.1,1,1.93,1.06,79.31,-2.27,78.10,0,78,78,100,100,0.5477,0.0209,8.9636
376203,MANUAL,IDLE,0,192.0,190.2,1,1.79,0.98,79.35,-1.94,78.39,0,78,78,100,100,0.5477,0.0209,8.9636
377203,MANUAL,IDLE,0,192.0,190.3,1,1.71,0.94,79.39,-1.53,78.79,0,79,79,100,100,0.5477,0.0209,8.9636
378203,MANUAL,IDLE,0,192.0,190.5,1,1.51,0.83,79.42,-1.62,78.62,0,79,79,100,100,0.5477,0.0209,8.9636
379203,MANUAL,IDLE,0,192.0,190.5,1,1.47,0.81,79.45,-1.19,79.07,0,79,79,100,100,0.5477,0.0209,8.9636
380203,MANUAL,IDLE,0,192.0,190.8,1,1.20,0.66,79.47,-1.60,78.53,0,79,79,100,100,0.5477,0.0209,8.9636
381203,MANUAL,IDLE,0,192.0,191.0,1,1.02,0.56,79.49,-1.61,78.44,0,78,78,100,100,0.5477,0.0209,8.9636
382203,MANUAL,IDLE,0,192.0,191.1,1,0.86,0.47,79.51,-1.57,78.41,0,78,78,100,100,0.5477,0.0209,8.9636
383203,MANUAL,IDLE,0,192.0,191.3,1,0.70,0.38,79.53,-1.51,78.40,0,78,78,100,100,0.5477,0.0209,8.9636
384203,MANUAL,IDLE,0,192.0,191.4,1,0.57,0.31,79.54,-1.41,78.44,0,78,78,100,100,0.5477,0.0209,8.9636
385203,MANUAL,IDLE,0,192.0,191.5,1,0.46,0.25,79.55,-1.26,78.54,0,79,79,100,100,0.5477,0.0209,8.9636
386203,MANUAL,IDLE,0,192.0,191.7,1,0.26,0.14,79.55,-1.44,78.26,0,78,78,100,100,0.5477,0.0209,8.9636
387203,MANUAL,IDLE,0,192.0,191.8,1,0.16,0.09,79.56,-1.25,78.39,0,78,78,100,100,0.5477,0.0209,8.9636
388203,MANUAL,IDLE,0,192.0,192.1,1,-0.08,-0.04,79.55,-1.56,77.95,0,78,78,100,100,0.5477,0.0209,8.9636
389203,MANUAL,IDLE,0,192.0,192.0,1,-0.01,-0.01,79.55,-0.84,78.71,0,79,79,100,100,0.5477,0.0209,8.9636
390203,MANUAL,IDLE,0,192.0,192.3,1,-0.29,-0.16,79.55,-1.38,78.01,0,78,78,100,100,0.5477,0.0209,8.9636
391203,MANUAL,IDLE,0,192.0,192.5,1,-0.49,-0.27,79.54,-1.52,77.75,0,78,78,100,100,0.5477,0.0209,8.9636
392203,MANUAL,IDLE,0,192.0,192.6,1,-0.56,-0.31,79.53,-1.21,78.01,0,78,78,100,100,0.5477,0.0209,8.9636
393203,MANUAL,IDLE,0,192.0,192.5,1,-0.53,-0.29,79.52,-0.73,78.49,0,78,78,100,100,0.5477,0.0209,8.9636
394203,MANUAL,IDLE,0,192.0,192.8,1,-0.75,-0.41,79.50,-1.15,77.94,0,78,78,100,100,0.5477,0.0209,8.9636
395203,MANUAL,IDLE,0,192.0,192.9,1,-0.91,-0.50,79.48,-1.23,77.76,0,78,78,100,100,0.5477,0.0209,8.9636
396203,MANUAL,IDLE,0,192.0,193.2,1,-1.17,-0.64,79.46,-1.59,77.22,0,77,77,100,100,0.5477,0.0209,8.9636
397203,MANUAL,IDLE,0,192.0,193.3,1,-1.27,-0.69,79.43,-1.36,77.38,0,77,77,100,100,0.5477,0.0209,8.9636
398203,MANUAL,IDLE,0,192.0,193.3,1,-1.27,-0.70,79.40,-0.93,77.77,0,78,78,100,100,0.5477,0.0209,8.9636
399203,MANUAL,IDLE,0,192.0,193.4,1,-1.44,-0.79,79.37,-1.10,77.48,0,77,77,100,100,0.5477,0.0209,8.9636
400203,MANUAL,IDLE,0,192.0,193.5,1,-1.51,-0.83,79.34,-0.96,77.56,0,78,78,100,100,0.5477,0.0209,8.9636
401203,MANUAL,IDLE,0,192.0,193.7,1,-1.69,-0.93,79.31,-1.19,77.19,0,77,77,100,100,0.5477,0.0209,8.9636
402203,MANUAL,IDLE,0,192.0,193.7,1,-1.73,-0.95,79.27,-0.91,77.41,0,77,77,100,100,0.5477,0.0209,8.9636
403203,MANUAL,IDLE,0,192.0,193.8,1,-1.79,-0.98,79.23,-0.77,77.49,0,77,77,100,100,0.5477,0.0209,8.9636
404203,MANUAL,IDLE,0,192.0,194.0,1,-2.04,-1.12,79.19,-1.26,76.82,0,77,77,100,100,0.5477,0.0209,8.9636
405203,MANUAL,IDLE,0,192.0,193.9,1,-1.91,-1.05,79.15,-0.46,77.64,0,78,78,100,100,0.5477,0.0209,8.9636
406203,MANUAL,IDLE,0,192.0,194.1,1,-2.06,-1.13,79.11,-0.75,77.23,0,77,77,100,100,0.5477,0.0209,8.9636
407203,MANUAL,IDLE,0,192.0,194.1,1,-2.08,-1.14,79.06,-0.56,77.36,0,77,77,100,100,0.5477,0.0209,8.9636
408203,MANUAL,IDLE,0,192.0,194.1,1,-2.14,-1.17,79.02,-0.55,77.30,0,77,77,100,100,0.5477,0.0209,8.9636
409203,MANUAL,IDLE,0,192.0,194.3,1,-2.25,-1.23,78.97,-0.70,77.04,0,77,77,100,100,0.5477,0.0209,8.9636
410203,MANUAL,IDLE,0,192.0,194.4,1,-2.41,-1.32,78.92,-0.93,76.67,0,77,77,100,100,0.5477,0.0209,8.9636
411203,MANUAL,IDLE,0,192.0,194.5,1,-2.49,-1.37,78.87,-0.88,76.62,0,77,77,100,100,0.5477,0.0209,8.9636
412203,MANUAL,IDLE,0,192.0,194.6,1,-2.61,-1.43,78.81,-0.92,76.46,0,76,76,100,100,0.5477,0.0209,8.9636
413203,MANUAL,IDLE,0,192.0,194.5,1,-2.48,-1.36,78.76,-0.24,77.16,0,77,77,100,100,0.5477,0.0209,8.9636
414203,MANUAL,IDLE,0,192.0,194.6,1,-2.55,-1.40,78.71,-0.37,76.94,0,77,77,100,100,0.5477,0.0209,8.9636
415203,MANUAL,IDLE,0,192.0,194.7,1,-2.70,-1.48,78.65,-0.69,76.48,0,76,76,100,100,0.5477,0.0209,8.9636
416203,MANUAL,IDLE,0,192.0,194.7,1,-2.74,-1.50,78.60,-0.57,76.52,0,77,77,100,100,0.5477,0.0209,8.9636
417203,MANUAL,IDLE,0,192.0,194.9,1,-2.90,-1.59,78.54,-0.86,76.08,0,76,76,100,100,0.5477,0.0209,8.9636
418203,MANUAL,IDLE,0,192.0,194.9,1,-2.94,-1.61,78.47,-0.71,76.15,0,76,76,100,100,0.5477,0.0209,8.9636
419203,MANUAL,IDLE,0,192.0,195.0,1,-2.95,-1.62,78.41,-0.50,76.30,0,76,76,100,100,0.5477,0.0209,8.9636
420203,MANUAL,IDLE,0,192.0,194.9,1,-2.90,-1.59,78.35,-0.16,76.60,0,77,77,100,100,0.5477,0.0209,8.9636
421203,MANUAL,IDLE,0,192.0,195.1,1,-3.05,-1.67,78.29,-0.57,76.05,0,76,76,100,100,0.5477,0.0209,8.9636
422203,MANUAL,IDLE,0,192.0,195.0,1,-3.03,-1.66,78.22,-0.31,76.25,0,76,76,100,100,0.5477,0.0209,8.9636
423203,MANUAL,IDLE,0,192.0,195.1,1,-3.13,-1.71,78.16,-0.50,75.95,0,76,76,100,100,0.5477,0.0209,8.9636
424203,MANUAL,IDLE,0,192.0,195.0,1,-2.96,-1.62,78.10,0.16,76.63,0,77,77,100,100,0.5477,0.0209,8.9636
425203,MANUAL,IDLE,0,192.0,194.9,1,-2.92,-1.60,78.04,0.24,76.68,0,77,77,100,100,0.5477,0.0209,8.9636
426203,MANUAL,IDLE,0,192.0,195.0,1,-3.00,-1.64,77.97,-0.09,76.24,0,76,76,100,100,0.5477,0.0209,8.9636
427203,MANUAL,IDLE,0,192.0,195.0,1,-2.98,-1.63,77.91,-0.01,76.26,0,76,76,100,100,0.5477,0.0209,8.9636
428203,MANUAL,IDLE,0,192.0,194.9,1,-2.93,-1.60,77.85,0.16,76.40,0,76,76,100,100,0.5477,0.0209,8.9636
429203,MANUAL,IDLE,0,192.0,194.9,1,-2.85,-1.56,77.79,0.34,76.57,0,77,77,100,100,0.5477,0.0209,8.9636
430203,MANUAL,IDLE,0,192.0,194.8,1,-2.79,-1.53,77.73,0.40,76.61,0,77,77,100,100,0.5477,0.0209,8.9636
431203,MANUAL,IDLE,0,192.0,194.8,1,-2.84,-1.55,77.67,0.14,76.25,0,76,76,100,100,0.5477,0.0209,8.9636
432203,MANUAL,IDLE,0,192.0,194.9,1,-2.86,-1.57,77.61,0.02,76.06,0,76,76,100,100,0.5477,0.0209,8.9636
433203,MANUAL,IDLE,0,192.0,195.0,1,-2.98,-1.63,77.55,-0.36,75.56,0,76,76,100,100,0.5477,0.0209,8.9636
434203,MANUAL,IDLE,0,192.0,194.8,1,-2.82,-1.54,77.49,0.25,76.20,0,76,76,100,100,0.5477,0.0209,8.9636
435203,MANUAL,IDLE,0,192.0,194.7,1,-2.70,-1.48,77.43,0.54,76.50,0,76,76,100,100,0.5477,0.0209,8.9636
436203,MANUAL,IDLE,0,192.0,194.8,1,-2.75,-1.51,77.38,0.19,76.07,0,76,76,100,100,0.5477,0.0209,8.9636
437203,MANUAL,IDLE,0,192.0,194.8,1,-2.81,-1.54,77.32,-0.06,75.72,0,76,76,100,100,0.5477,0.0209,8.9636
438203,MANUAL,IDLE,0,192.0,194.9,1,-2.89,-1.59,77.26,-0.28,75.39,0,75,75,100,100,0.5477,0.0209,8.9636
439203,MANUAL,IDLE,0,192.0,194.8,1,-2.83,-1.55,77.20,0.00,75.65,0,76,76,100,100,0.5477,0.0209,8.9636
440203,MANUAL,IDLE,0,192.0,194.6,1,-2.61,-1.43,77.14,0.67,76.38,0,76,76,100,100,0.5477,0.0209,8.9636
441203,MANUAL,IDLE,0,192.0,194.6,1,-2.61,-1.43,77.09,0.45,76.11,0,76,76,100,100,0.5477,0.0209,8.9636
442203,MANUAL,IDLE,0,192.0,194.7,1,-2.72,-1.49,77.03,-0.03,75.52,0,76,76,100,100,0.5477,0.0209,8.9636
443203,MANUAL,IDLE,0,192.0,194.5,1,-2.51,-1.38,76.98,0.59,76.20,0,76,76,100,100,0.5477,0.0209,8.9636
444203,MANUAL,IDLE,0,192.0,194.6,1,-2.62,-1.43,76.93,0.08,75.58,0,76,76,100,100,0.5477,0.0209,8.9636
445203,MANUAL,IDLE,0,192.0,194.7,1,-2.67,-1.46,76.87,-0.12,75.29,0,75,75,100,100,0.5477,0.0209,8.9636
446203,MANUAL,IDLE,0,192.0,194.7,1,-2.71,-1.48,76.81,-0.18,75.15,0,75,75,100,100,0.5477,0.0209,8.9636
447203,MANUAL,IDLE,0,192.0,194.6,1,-2.57,-1.41,76.76,0.29,75.65,0,76,76,100,100,0.5477,0.0209,8.9636
448203,MANUAL,IDLE,0,192.0,194.4,1,-2.38,-1.31,76.71,0.75,76.16,0,76,76,100,100,0.5477,0.0209,8.9636
449203,MANUAL,IDLE,0,192.0,194.3,1,-2.34,-1.28,76.66,0.63,76.01,0,76,76,100,100,0.5477,0.0209,8.9636
450203,MANUAL,IDLE,0,192.0,194.1,1,-2.13,-1.17,76.62,1.05,76.50,0,77,77,100,100,0.5477,0.0209,8.9636
451203,MANUAL,IDLE,0,192.0,194.3,1,-2.29,-1.25,76.57,0.22,75.53,0,76,76,100,100,0.5477,0.0209,8.9636
452203,MANUAL,IDLE,0,192.0,194.3,1,-2.26,-1.24,76.52,0.24,75.53,0,76,76,100,100,0.5477,0.0209,8.9636
453203,MANUAL,IDLE,0,192.0,194.4,1,-2.36,-1.29,76.47,-0.15,75.02,0,75,75,100,100,0.5477,0.0209,8.9636
454203,MANUAL,IDLE,0,192.0,194.5,1,-2.47,-1.35,76.42,-0.42,74.65,0,75,75,100,100,0.5477,0.0209,8.9636
455203,MANUAL,IDLE,0,192.0,194.5,1,-2.48,-1.36,76.37,-0.32,74.69,0,75,75,100,100,0.5477,0.0209,8.9636
50199,PROFILE,PREHEAT,0,165.0,27.0,1,1.00,0.55,0.02,-0.00,0.57,0,1,0,100,0,0.5477,0.0209,8.9636
51199,PROFILE,PREHEAT,0,165.0,27.0,1,1.99,1.09,0.06,-0.03,1.12,0,1,0,100,49,0.5477,0.0209,8.9636
52203,PROFILE,PREHEAT,0,165.0,27.0,1,2.98,1.63,0.12,-0.04,1.72,0,2,1,100,100,0.5477,0.0209,8.9636
53205,PROFILE,PREHEAT,0,165.0,26.9,1,4.04,2.21,0.21,0.15,2.57,0,3,2,100,100,0.5477,0.0209,8.9636
54300,PROFILE,PREHEAT,0,165.0,27.1,1,4.90,2.69,0.31,-0.32,2.68,0,3,3,100,100,0.5477,0.0209,8.9636
55235,PROFILE,PREHEAT,0,165.0,27.0,1,6.00,3.28,0.44,0.07,3.79,0,4,3,100,100,0.5477,0.0209,8.9636
56235,PROFILE,PREHEAT,0,165.0,27.1,1,6.88,3.77,0.58,-0.31,4.04,0,4,4,100,100,0.5477,0.0209,8.9636
57238,PROFILE,PREHEAT,0,165.0,26.9,1,8.03,4.40,0.75,0.25,5.39,0,5,4,100,100,0.5477,0.0209,8.9636
58233,PROFILE,PREHEAT,0,165.0,26.9,1,9.05,4.96,0.94,0.23,6.13,0,6,5,100,100,0.5477,0.0209,8.9636
59244,PROFILE,PREHEAT,0,165.0,26.9,1,10.07,5.51,1.15,0.19,6.86,0,7,6,100,100,0.5477,0.0209,8.9636
60240,PROFILE,PREHEAT,0,165.0,26.9,1,11.09,6.07,1.38,0.20,7.65,0,8,7,100,100,0.5477,0.0209,8.9636
61246,PROFILE,PREHEAT,0,165.0,27.0,1,12.02,6.58,1.63,-0.06,8.15,0,8,8,100,100,0.5477,0.0209,8.9636
62247,PROFILE,PREHEAT,0,165.0,27.0,1,12.94,7.09,1.90,-0.29,8.70,0,9,8,100,100,0.5477,0.0209,8.9636
63248,PROFILE,PREHEAT,0,165.0,27.1,1,13.91,7.62,2.19,-0.29,9.52,0,10,9,100,100,0.5477,0.0209,8.9636
64253,PROFILE,PREHEAT,0,165.0,26.9,1,15.03,8.23,2.51,0.18,10.91,0,11,10,100,100,0.5477,0.0209,8.9636
65248,PROFILE,PREHEAT,0,165.0,27.0,1,16.01,8.77,2.84,0.04,11.65,0,12,11,100,100,0.5477,0.0209,8.9636
66247,PROFILE,PREHEAT,0,165.0,27.0,1,16.95,9.28,3.20,-0.15,12.32,0,12,12,100,100,0.5477,0.0209,8.9636
67238,PROFILE,PREHEAT,0,165.0,27.0,1,17.96,9.83,3.57,-0.06,13.34,0,13,12,100,100,0.5477,0.0209,8.9636
68241,PROFILE,PREHEAT,0,165.0,27.0,1,18.97,10.39,3.97,-0.02,14.33,0,14,13,100,100,0.5477,0.0209,8.9636
69256,PROFILE,PREHEAT,0,165.0,26.9,1,20.08,11.00,4.39,0.32,15.71,0,16,14,100,100,0.5477,0.0209,8.9636
70258,PROFILE,PREHEAT,0,165.0,26.9,1,21.10,11.55,4.83,0.27,16.65,0,17,16,100,100,0.5477,0.0209,8.9636
71253,PROFILE,PREHEAT,0,165.0,26.9,1,22.04,12.07,5.29,0.02,17.38,0,17,17,100,100,0.5477,0.0209,8.9636
72252,PROFILE,PREHEAT,0,165.0,27.0,1,22.95,12.57,5.77,-0.26,18.08,0,18,17,100,100,0.5477,0.0209,8.9636
73257,PROFILE,PREHEAT,0,165.0,27.0,1,23.96,13.12,6.27,-0.14,19.25,0,19,18,100,100,0.5477,0.0209,8.9636
74260,PROFILE,PREHEAT,0,165.0,27.0,1,24.98,13.68,6.79,-0.03,20.45,0,20,19,100,100,0.5477,0.0209,8.9636
75261,PROFILE,PREHEAT,0,165.0,27.0,1,25.98,14.23,7.34,-0.03,21.53,0,22,20,100,100,0.5477,0.0209,8.9636
76265,PROFILE,PREHEAT,0,165.0,27.0,1,26.99,14.78,7.90,0.02,22.71,0,23,22,100,100,0.5477,0.0209,8.9636
77254,PROFILE,PREHEAT,0,165.0,26.9,1,28.03,15.35,8.49,0.13,23.97,0,24,23,100,100,0.5477,0.0209,8.9636
78266,PROFILE,PREHEAT,0,165.0,27.0,1,28.94,15.85,9.09,-0.17,24.77,0,25,24,100,100,0.5477,0.0209,8.9636
79268,PROFILE,PREHEAT,0,165.0,26.9,1,30.05,16.46,9.72,0.20,26.38,0,26,25,100,100,0.5477,0.0209,8.9636
80269,PROFILE,PREHEAT,0,165.0,26.7,1,31.25,17.12,10.38,0.74,28.23,0,28,26,100,100,0.5477,0.0209,8.9636
81269,PROFILE,PREHEAT,0,165.0,26.7,1,32.29,17.68,11.05,0.59,29.33,0,29,28,100,100,0.5477,0.0209,8.9636
82240,PROFILE,PREHEAT,0,165.0,26.7,1,33.26,18.21,11.75,0.31,30.28,0,30,29,100,100,0.5477,0.0209,8.9636
83236,PROFILE,PREHEAT,0,165.0,26.9,1,34.07,18.66,12.46,-0.35,30.77,0,31,30,100,100,0.5477,0.0209,8.9636
84235,PROFILE,PREHEAT,0,165.0,27.0,1,34.97,19.15,13.19,-0.55,31.79,0,32,31,100,100,0.5477,0.0209,8.9636
85235,PROFILE,PREHEAT,0,165.0,27.0,1,36.02,19.73,13.94,-0.22,33.45,0,33,32,100,100,0.5477,0.0209,8.9636
86237,PROFILE,PREHEAT,0,165.0,27.0,1,36.98,20.25,14.72,-0.25,34.73,0,35,33,100,100,0.5477,0.0209,8.9636
87246,PROFILE,PREHEAT,0,165.0,26.7,1,38.24,20.95,15.52,0.62,37.08,0,37,35,100,100,0.5477,0.0209,8.9636
88244,PROFILE,PREHEAT,0,165.0,27.0,1,39.02,21.37,16.33,-0.27,37.43,0,37,37,100,100,0.5477,0.0209,8.9636
89243,PROFILE,PREHEAT,0,165.0,27.0,1,39.98,21.90,17.17,-0.28,38.79,0,39,37,100,100,0.5477,0.0209,8.9636
90237,PROFILE,PREHEAT,0,165.0,27.1,1,40.87,22.38,18.02,-0.53,39.88,0,40,39,100,100,0.5477,0.0209,8.9636
91248,PROFILE,PREHEAT,0,165.0,27.2,1,41.81,22.90,18.90,-0.54,41.25,0,41,40,100,100,0.5477,0.0209,8.9636
92250,PROFILE,PREHEAT,0,165.0,27.1,1,42.83,23.46,19.79,-0.28,42.97,0,43,41,100,100,0.5477,0.0209,8.9636
93253,PROFILE,PREHEAT,0,165.0,27.0,1,43.96,24.07,20.71,0.18,44.97,0,45,43,100,100,0.5477,0.0209,8.9636
94253,PROFILE,PREHEAT,0,165.0,27.0,1,44.95,24.62,21.65,0.10,46.37,0,46,45,100,100,0.5477,0.0209,8.9636
95244,PROFILE,PREHEAT,0,165.0,26.9,1,46.07,25.23,22.62,0.43,48.27,0,48,46,100,100,0.5477,0.0209,8.9636
96258,PROFILE,PREHEAT,0,165.0,26.9,1,47.08,25.78,23.60,0.30,49.68,0,50,48,100,100,0.5477,0.0209,8.9636
97260,PROFILE,PREHEAT,0,165.0,26.9,1,48.09,26.34,24.61,0.26,51.20,0,51,50,100,100,0.5477,0.0209,8.9636
98251,PROFILE,PREHEAT,0,165.0,26.7,1,49.26,26.98,25.64,0.67,53.28,0,53,51,100,100,0.5477,0.0209,8.9636
99247,PROFILE,PREHEAT,0,165.0,26.9,1,50.03,27.40,26.68,-0.25,53.83,0,54,53,100,100,0.5477,0.0209,8.9636
100248,PROFILE,PREHEAT,0,165.0,27.0,1,51.02,27.94,27.75,-0.19,55.50,0,56,54,100,100,0.5477,0.0209,8.9636
101256,PROFILE,PREHEAT,0,165.0,26.9,1,52.11,28.54,28.84,0.14,57.52,0,58,56,100,100,0.5477,0.0209,8.9636
102255,PROFILE,PREHEAT,0,165.0,26.9,1,53.05,29.05,29.95,-0.08,58.92,0,59,58,100,100,0.5477,0.0209,8.9636
103256,PROFILE,PREHEAT,0,165.0,27.0,1,53.97,29.56,31.08,-0.29,60.34,0,60,59,100,100,0.5477,0.0209,8.9636
104247,PROFILE,PREHEAT,0,165.0,27.0,1,54.99,30.11,32.23,-0.14,62.20,0,62,60,100,100,0.5477,0.0209,8.9636
105256,PROFILE,PREHEAT,0,165.0,27.1,1,55.92,30.62,33.40,-0.30,63.72,0,64,62,100,100,0.5477,0.0209,8.9636
106261,PROFILE,PREHEAT,0,165.0,27.1,1,56.83,31.13,34.59,-0.45,65.26,0,65,64,100,100,0.5477,0.0209,8.9636
107255,PROFILE,PREHEAT,0,165.0,27.0,1,57.96,31.74,35.80,0.07,67.61,0,68,65,100,100,0.5477,0.0209,8.9636
108254,PROFILE,PREHEAT,0,165.0,27.1,1,58.86,32.23,37.03,-0.26,69.00,0,69,68,100,100,0.5477,0.0209,8.9636
109249,PROFILE,PREHEAT,0,165.0,27.2,1,59.80,32.75,38.28,-0.35,70.68,0,71,69,100,100,0.5477,0.0209,8.9636
110262,PROFILE,PREHEAT,0,165.0,27.3,1,60.70,33.24,39.55,-0.51,72.28,0,72,71,100,100,0.5477,0.0209,8.9636
111262,PROFILE,PREHEAT,0,165.0,27.2,1,61.76,33.82,40.84,-0.17,74.49,0,74,72,100,100,0.5477,0.0209,8.9636
112263,PROFILE,PREHEAT,0,165.0,27.1,1,62.85,34.42,42.16,0.16,76.74,0,77,74,100,100,0.5477,0.0209,8.9636
113253,PROFILE,PREHEAT,0,165.0,27.1,1,63.86,34.97,43.49,0.13,78.59,0,79,77,100,100,0.5477,0.0209,8.9636
114233,PROFILE,PREHEAT,0,165.0,27.1,1,64.86,35.52,44.85,0.10,80.47,0,80,79,100,100,0.5477,0.0209,8.9636
115232,PROFILE,PREHEAT,0,165.0,27.1,1,65.85,36.06,46.22,0.02,82.31,0,82,80,100,100,0.5477,0.0209,8.9636
116232,PROFILE,PREHEAT,0,165.0,27.1,1,66.89,36.63,47.62,0.13,84.39,0,84,82,100,100,0.5477,0.0209,8.9636
117234,PROFILE,PREHEAT,0,165.0,27.0,1,67.93,37.20,49.04,0.20,86.44,0,86,84,100,100,0.5477,0.0209,8.9636
118235,PROFILE,PREHEAT,0,165.0,27.0,1,68.95,37.76,50.49,0.20,88.44,0,88,86,100,100,0.5477,0.0209,8.9636
119236,PROFILE,PREHEAT,0,165.0,26.9,1,70.05,38.37,51.95,0.45,90.76,0,91,88,100,100,0.5477,0.0209,8.9636
120243,PROFILE,PREHEAT,0,165.0,26.9,1,71.07,38.92,53.44,0.34,92.69,0,93,91,100,100,0.5477,0.0209,8.9636
121244,PROFILE,PREHEAT,0,165.0,26.9,1,72.07,39.47,54.94,0.24,94.66,0,95,93,100,100,0.5477,0.0209,8.9636
122235,PROFILE,PREHEAT,0,165.0,26.9,1,73.03,40.00,56.47,0.04,96.50,0,97,95,100,100,0.5477,0.0209,8.9636
123250,PROFILE,PREHEAT,0,165.0,27.0,1,73.94,40.50,58.02,-0.24,98.28,0,98,97,100,100,0.5477,0.0209,8.9636
124244,PROFILE,PREHEAT,0,165.0,27.1,1,74.85,40.99,59.58,-0.44,100.13,0,100,98,100,100,0.5477,0.0209,8.9636
125244,PROFILE,PREHEAT,0,165.0,27.2,1,75.79,41.51,61.17,-0.46,102.22,0,100,100,100,100,0.5477,0.0209,8.9636
126251,PROFILE,PREHEAT,0,165.0,27.2,1,76.76,42.04,62.77,-0.39,104.42,0,100,100,100,100,0.5477,0.0209,8.9636
127242,PROFILE,PREHEAT,0,165.0,27.1,1,77.86,42.64,64.40,0.01,107.05,0,100,100,100,100,0.5477,0.0209,8.9636
128261,PROFILE,PREHEAT,0,165.0,27.2,1,78.80,43.15,66.05,-0.16,109.04,0,100,100,100,100,0.5477,0.0209,8.9636
129246,PROFILE,PREHEAT,0,165.0,27.2,1,79.81,43.71,67.72,-0.07,111.36,0,100,100,100,100,0.5477,0.0209,8.9636
130296,PROFILE,ROASTING,0,165.0,27.2,1,80.82,44.26,69.41,-0.02,113.65,0,100,100,100,100,0.5477,0.0209,8.9636
131253,PROFILE,ROASTING,1,165.0,27.1,1,81.83,44.81,71.12,0.00,115.93,0,100,100,100,100,0.5477,0.0209,8.9636
132250,PROFILE,ROASTING,2,165.0,27.2,1,82.78,45.34,72.85,-0.13,118.06,0,100,100,100,100,0.5477,0.0209,8.9636
133253,PROFILE,ROASTING,3,165.0,27.2,1,83.76,45.87,74.60,-0.16,120.31,0,100,100,100,100,0.5477,0.0209,8.9636
134255,PROFILE,ROASTING,4,165.0,27.2,1,84.81,46.44,76.38,0.04,122.86,0,100,100,100,100,0.5477,0.0209,8.9636
135248,PROFILE,ROASTING,5,165.0,27.2,1,85.77,46.97,78.17,-0.08,125.06,0,100,100,100,100,0.5477,0.0209,8.9636
136260,PROFILE,ROASTING,6,165.0,27.1,1,86.84,47.56,79.99,0.17,127.71,0,100,100,100,100,0.5477,0.0209,8.9636
137254,PROFILE,ROASTING,7,165.0,27.1,1,87.90,48.14,81.82,0.28,130.25,0,100,100,100,100,0.5477,0.0209,8.9636
138259,PROFILE,ROASTING,8,165.0,27.1,1,88.87,48.67,83.68,0.10,132.45,0,100,100,100,100,0.5477,0.0209,8.9636
139256,PROFILE,ROASTING,9,165.0,27.1,1,89.85,49.21,85.56,0.01,134.79,0,100,100,100,100,0.5477,0.0209,8.9636
140260,PROFILE,ROASTING,10,165.0,27.2,1,90.80,49.73,87.46,-0.16,137.03,0,100,100,100,100,0.5477,0.0209,8.9636
141269,PROFILE,ROASTING,11,165.0,27.1,1,91.92,50.34,89.38,0.27,139.99,0,100,100,100,100,0.5477,0.0209,8.9636
142267,PROFILE,ROASTING,12,165.0,27.1,1,92.88,50.87,91.33,0.06,142.25,0,100,100,100,100,0.5477,0.0209,8.9636
143268,PROFILE,ROASTING,13,165.0,27.1,1,93.92,51.44,93.29,0.16,144.89,0,100,100,100,100,0.5477,0.0209,8.9636
144261,PROFILE,ROASTING,14,165.0,27.0,1,94.95,52.00,95.28,0.17,147.45,0,100,100,100,100,0.5477,0.0209,8.9636
145308,PROFILE,ROASTING,15,165.0,27.1,1,95.90,52.52,97.28,-0.03,149.77,0,100,100,100,100,0.5477,0.0209,8.9636
146238,PROFILE,ROASTING,16,165.0,26.9,1,97.10,53.18,99.31,0.60,153.09,0,100,100,100,100,0.5477,0.0209,8.9636
147246,PROFILE,ROASTING,17,165.0,27.0,1,98.00,53.67,100.00,0.09,153.76,0,100,100,100,100,0.5477,0.0209,8.9636
148235,PROFILE,ROASTING,18,165.0,27.0,1,98.94,54.19,100.00,-0.11,154.07,0,100,100,100,100,0.5477,0.0209,8.9636
149238,PROFILE,ROASTING,19,165.0,27.0,1,99.94,54.73,100.00,-0.08,154.65,0,100,100,100,100,0.5477,0.0209,8.9636
150239,PROFILE,ROASTING,20,165.0,27.0,1,100.96,55.29,100.00,-0.01,155.28,0,100,100,100,100,0.5477,0.0209,8.9636
151244,PROFILE,ROASTING,21,165.0,26.9,1,102.04,55.88,100.00,0.25,156.14,0,100,100,100,100,0.5477,0.0209,8.9636
152249,PROFILE,ROASTING,22,165.0,27.0,1,103.01,56.42,100.00,0.08,156.50,0,100,100,100,100,0.5477,0.0209,8.9636
153242,PROFILE,ROASTING,23,165.0,27.0,1,103.96,56.94,100.00,-0.09,156.85,0,100,100,100,100,0.5477,0.0209,8.9636
154246,PROFILE,ROASTING,24,165.0,27.1,1,104.86,57.43,100.00,-0.37,157.05,0,100,100,100,100,0.5477,0.0209,8.9636
155247,PROFILE,ROASTING,25,165.0,27.2,1,105.80,57.94,100.00,-0.43,157.52,0,100,100,100,100,0.5477,0.0209,8.9636
156255,PROFILE,ROASTING,26,165.0,27.1,1,106.89,58.54,100.00,-0.01,158.53,0,100,100,100,100,0.5477,0.0209,8.9636
157247,PROFILE,ROASTING,27,165.0,27.2,1,107.82,59.05,100.00,-0.23,158.82,0,100,100,100,100,0.5477,0.0209,8.9636
158247,PROFILE,ROASTING,28,165.0,27.1,1,108.84,59.61,100.00,-0.09,159.52,0,100,100,100,100,0.5477,0.0209,8.9636
159255,PROFILE,ROASTING,29,165.0,27.1,1,109.84,60.15,100.00,-0.07,160.08,0,100,100,100,100,0.5477,0.0209,8.9636
160256,PROFILE,ROASTING,30,165.0,27.1,1,110.85,60.71,100.00,-0.01,160.70,0,100,100,100,100,0.5477,0.0209,8.9636
161258,PROFILE,ROASTING,31,165.0,27.1,1,111.86,61.26,100.00,0.02,161.28,0,100,100,100,100,0.5477,0.0209,8.9636
162241,PROFILE,ROASTING,32,165.0,27.1,1,112.86,61.81,100.00,0.03,161.84,0,100,100,100,100,0.5477,0.0209,8.9636
163253,PROFILE,ROASTING,33,165.0,27.1,1,113.91,62.38,100.00,0.16,162.55,0,100,100,100,100,0.5477,0.0209,8.9636
164255,PROFILE,ROASTING,34,165.0,27.1,1,114.89,62.92,100.00,0.05,162.97,0,100,100,100,100,0.5477,0.0209,8.9636
165255,PROFILE,ROASTING,35,165.0,27.0,1,115.99,63.52,100.00,0.33,163.85,0,100,100,100,100,0.5477,0.0209,8.9636
166262,PROFILE,ROASTING,36,165.0,27.1,1,116.92,64.03,100.00,0.01,164.04,0,100,100,100,100,0.5477,0.0209,8.9636
167260,PROFILE,ROASTING,37,165.0,27.1,1,117.88,64.56,100.00,-0.11,164.45,0,100,100,100,100,0.5477,0.0209,8.9636
168257,PROFILE,ROASTING,38,165.0,27.1,1,118.92,65.13,100.00,0.05,165.18,0,100,100,100,100,0.5477,0.0209,8.9636
169258,PROFILE,ROASTING,39,165.0,27.0,1,119.95,65.69,100.00,0.10,165.79,0,100,100,100,100,0.5477,0.0209,8.9636
170321,PROFILE,ROASTING,40,165.0,27.1,1,120.85,66.18,100.00,-0.22,165.96,0,100,100,100,100,0.5477,0.0209,8.9636
171256,PROFILE,ROASTING,41,165.0,27.1,1,121.84,66.73,100.00,-0.17,166.56,0,100,100,100,100,0.5477,0.0209,8.9636
172260,PROFILE,ROASTING,42,165.0,27.1,1,122.85,67.28,100.00,-0.08,167.20,0,100,100,100,100,0.5477,0.0209,8.9636
173267,PROFILE,ROASTING,43,165.0,27.1,1,123.91,67.86,100.00,0.11,167.96,0,100,100,100,100,0.5477,0.0209,8.9636
174268,PROFILE,ROASTING,44,165.0,27.0,1,124.94,68.42,100.00,0.16,168.58,0,100,100,100,100,0.5477,0.0209,8.9636
175272,PROFILE,ROASTING,45,165.0,27.1,1,125.91,68.95,100.00,0.02,168.97,0,100,100,100,100,0.5477,0.0209,8.9636
176295,PROFILE,ROASTING,46,165.0,27.1,1,126.89,69.49,100.00,-0.04,169.45,0,100,100,100,100,0.5477,0.0209,8.9636
177242,PROFILE,ROASTING,47,165.0,27.2,1,127.80,69.99,100.00,-0.29,169.70,0,100,100,100,100,0.5477,0.0209,8.9636
178240,PROFILE,ROASTING,48,165.0,27.3,1,128.72,70.50,100.00,-0.43,170.06,0,100,100,100,100,0.5477,0.0209,8.9636
179230,PROFILE,ROASTING,49,165.0,27.2,1,129.79,71.08,100.00,-0.10,170.98,0,100,100,100,100,0.5477,0.0209,8.9636
180233,PROFILE,ROASTING,50,165.0,27.2,1,130.81,71.64,100.00,-0.00,171.63,0,100,100,100,100,0.5477,0.0209,8.9636
181247,PROFILE,ROASTING,51,165.0,27.2,1,131.77,72.17,100.00,-0.11,172.06,0,100,100,100,100,0.5477,0.0209,8.9636
182241,PROFILE,ROASTING,52,165.0,27.2,1,132.81,72.74,100.00,0.06,172.79,0,100,100,100,100,0.5477,0.0209,8.9636
183247,PROFILE,ROASTING,53,165.0,27.0,1,133.93,73.35,100.00,0.39,173.74,0,100,100,100,100,0.5477,0.0209,8.9636
184389,PROFILE,ROASTING,54,165.0,27.0,1,135.00,73.93,100.00,0.46,174.39,0,100,100,100,100,0.5477,0.0209,8.9636
185245,PROFILE,ROASTING,55,165.0,27.0,1,135.99,74.47,100.00,0.28,174.75,0,100,100,100,100,0.5477,0.0209,8.9636
186247,PROFILE,ROASTING,56,165.0,27.0,1,136.97,75.01,100.00,0.12,175.13,0,100,100,100,100,0.5477,0.0209,8.9636
187253,PROFILE,ROASTING,57,165.0,27.0,1,137.97,75.56,100.00,0.09,175.65,0,100,100,100,100,0.5477,0.0209,8.9636
188253,PROFILE,ROASTING,58,165.0,27.0,1,138.00,75.58,100.00,0.07,175.64,0,100,100,100,100,0.5477,0.0209,8.9636
189250,PROFILE,ROASTING,59,165.0,27.0,1,138.05,75.60,100.00,0.19,175.79,0,100,100,100,100,0.5477,0.0209,8.9636
190413,PROFILE,ROASTING,60,185.0,26.9,1,139.09,76.17,100.00,0.25,176.43,0,100,100,90,100,0.5477,0.0209,8.9636
191258,PROFILE,ROASTING,61,185.0,27.0,1,140.05,76.70,100.00,0.05,176.75,0,100,100,90,90,0.5477,0.0209,8.9636
192264,PROFILE,ROASTING,62,185.0,27.2,1,140.81,77.12,100.00,-0.68,176.43,0,100,100,90,90,0.5477,0.0209,8.9636
193256,PROFILE,ROASTING,63,185.0,27.1,1,141.89,77.71,100.00,-0.21,177.50,0,100,100,90,90,0.5477,0.0209,8.9636
194250,PROFILE,ROASTING,64,185.0,27.1,1,142.89,78.26,100.00,-0.14,178.12,0,100,100,90,90,0.5477,0.0209,8.9636
195258,PROFILE,ROASTING,65,185.0,27.1,1,143.94,78.83,100.00,0.05,178.88,0,100,100,90,90,0.5477,0.0209,8.9636
196415,PROFILE,ROASTING,66,185.0,27.1,1,144.86,79.33,100.00,-0.22,179.12,0,100,100,90,90,0.5477,0.0209,8.9636
197250,PROFILE,ROASTING,67,185.0,27.1,1,145.92,79.91,100.00,0.04,179.96,0,100,100,90,90,0.5477,0.0209,8.9636
198251,PROFILE,ROASTING,68,185.0,27.0,1,147.02,80.52,100.00,0.32,180.84,0,100,100,90,90,0.5477,0.0209,8.9636
199254,PROFILE,ROASTING,69,185.0,26.9,1,148.10,81.11,100.00,0.47,181.58,0,100,100,90,90,0.5477,0.0209,8.9636
200262,PROFILE,ROASTING,70,185.0,26.9,1,149.12,81.67,100.00,0.37,182.03,0,100,100,90,90,0.5477,0.0209,8.9636
201266,PROFILE,ROASTING,71,185.0,27.0,1,149.96,82.13,100.00,-0.24,181.89,0,100,100,90,90,0.5477,0.0209,8.9636
202411,PROFILE,ROASTING,72,185.0,27.0,1,150.98,82.68,100.00,-0.11,182.58,0,100,100,90,90,0.5477,0.0209,8.9636
203257,PROFILE,ROASTING,73,185.0,27.0,1,151.99,83.24,100.00,-0.04,183.20,0,100,100,90,90,0.5477,0.0209,8.9636
204264,PROFILE,ROASTING,74,185.0,27.0,1,152.99,83.79,100.00,-0.01,183.78,0,100,100,90,90,0.5477,0.0209,8.9636
205270,PROFILE,ROASTING,75,185.0,27.0,1,154.00,84.34,100.00,0.00,184.34,0,100,100,90,90,0.5477,0.0209,8.9636
206269,PROFILE,ROASTING,76,185.0,27.0,1,155.00,84.89,100.00,0.01,184.89,0,100,100,90,90,0.5477,0.0209,8.9636
207272,PROFILE,ROASTING,77,185.0,27.0,1,156.00,85.43,100.00,0.01,185.44,0,100,100,90,90,0.5477,0.0209,8.9636
208391,PROFILE,ROASTING,78,185.0,27.0,1,157.00,85.98,100.00,0.01,185.99,0,100,100,90,90,0.5477,0.0209,8.9636
209248,PROFILE,ROASTING,79,185.0,27.0,1,157.98,86.52,100.00,-0.04,186.48,0,100,100,90,90,0.5477,0.0209,8.9636
210237,PROFILE,ROASTING,80,185.0,27.0,1,157.99,86.53,100.00,-0.01,186.52,0,100,100,90,90,0.5477,0.0209,8.9636
211231,PROFILE,ROASTING,81,185.0,27.0,1,157.99,86.53,100.00,0.01,186.53,0,100,100,90,90,0.5477,0.0209,8.9636
212233,PROFILE,ROASTING,82,185.0,27.1,1,157.93,86.49,100.00,-0.18,186.32,0,100,100,90,90,0.5477,0.0209,8.9636
213245,PROFILE,ROASTING,83,185.0,27.1,1,157.90,86.48,100.00,-0.22,186.26,0,100,100,90,90,0.5477,0.0209,8.9636
214402,PROFILE,ROASTING,84,185.0,26.9,1,158.07,86.57,100.00,0.36,186.93,0,100,100,90,90,0.5477,0.0209,8.9636
215245,PROFILE,ROASTING,85,185.0,26.9,1,158.09,86.58,100.00,0.29,186.87,0,100,100,90,90,0.5477,0.0209,8.9636
216241,PROFILE,ROASTING,86,185.0,27.0,1,158.05,86.56,100.00,0.08,186.64,0,100,100,90,90,0.5477,0.0209,8.9636
217254,PROFILE,ROASTING,87,185.0,27.0,1,157.98,86.52,100.00,-0.15,186.37,0,100,100,90,90,0.5477,0.0209,8.9636
218247,PROFILE,ROASTING,88,185.0,27.1,1,157.93,86.49,100.00,-0.26,186.23,0,100,100,90,90,0.5477,0.0209,8.9636
219254,PROFILE,ROASTING,89,185.0,27.1,1,157.90,86.47,100.00,-0.26,186.21,0,100,100,90,90,0.5477,0.0209,8.9636
220408,PROFILE,ROASTING,90,185.0,27.1,1,157.94,86.50,100.00,-0.04,186.46,0,100,100,90,90,0.5477,0.0209,8.9636
221246,PROFILE,ROASTING,91,185.0,27.0,1,158.01,86.54,100.00,0.19,186.73,0,100,100,90,90,0.5477,0.0209,8.9636
222256,PROFILE,ROASTING,92,185.0,27.0,1,158.01,86.53,100.00,0.11,186.64,0,100,100,90,90,0.5477,0.0209,8.9636
223256,PROFILE,ROASTING,93,185.0,26.9,1,158.11,86.59,100.00,0.39,186.98,0,100,100,90,90,0.5477,0.0209,8.9636
224261,PROFILE,ROASTING,94,185.0,27.0,1,158.02,86.54,100.00,-0.03,186.51,0,100,100,90,90,0.5477,0.0209,8.9636
225262,PROFILE,ROASTING,95,185.0,27.0,1,158.01,86.54,100.00,-0.04,186.49,0,100,100,90,90,0.5477,0.0209,8.9636
226409,PROFILE,ROASTING,96,185.0,27.0,1,158.04,86.55,100.00,0.05,186.60,0,100,100,90,90,0.5477,0.0209,8.9636
227253,PROFILE,ROASTING,97,185.0,27.1,1,157.90,86.47,100.00,-0.39,186.09,0,100,100,90,90,0.5477,0.0209,8.9636
228259,PROFILE,ROASTING,98,185.0,27.1,1,157.89,86.47,100.00,-0.26,186.21,0,100,100,90,90,0.5477,0.0209,8.9636
229263,PROFILE,ROASTING,99,185.0,27.1,1,157.88,86.46,100.00,-0.22,186.24,0,100,100,90,90,0.5477,0.0209,8.9636
230252,PROFILE,ROASTING,100,185.0,26.9,1,158.10,86.59,100.00,0.52,187.11,0,100,100,90,90,0.5477,0.0209,8.9636
231258,PROFILE,ROASTING,101,185.0,26.9,1,158.12,86.60,100.00,0.40,187.00,0,100,100,90,90,0.5477,0.0209,8.9636
232420,PROFILE,ROASTING,102,185.0,26.9,1,158.07,86.57,100.00,0.11,186.68,0,100,100,90,90,0.5477,0.0209,8.9636
233259,PROFILE,ROASTING,103,185.0,27.0,1,158.02,86.54,100.00,-0.06,186.48,0,100,100,90,90,0.5477,0.0209,8.9636
234256,PROFILE,ROASTING,104,185.0,27.0,1,158.01,86.54,100.00,-0.07,186.47,0,100,100,90,90,0.5477,0.0209,8.9636
235262,PROFILE,ROASTING,105,185.0,27.0,1,157.96,86.51,100.00,-0.20,186.30,0,100,100,90,90,0.5477,0.0209,8.9636
236268,PROFILE,ROASTING,106,185.0,27.0,1,157.98,86.52,100.00,-0.08,186.43,0,100,100,90,90,0.5477,0.0209,8.9636
237272,PROFILE,ROASTING,107,185.0,27.0,1,157.99,86.52,100.00,-0.03,186.50,0,100,100,90,90,0.5477,0.0209,8.9636
238418,PROFILE,ROASTING,108,185.0,27.0,1,157.99,86.53,100.00,-0.00,186.52,0,100,100,90,90,0.5477,0.0209,8.9636
239287,PROFILE,ROASTING,109,185.0,27.0,1,158.00,86.53,100.00,0.01,186.54,0,100,100,90,90,0.5477,0.0209,8.9636
240245,PROFILE,ROASTING,110,185.0,27.0,1,157.95,86.50,100.00,-0.13,186.37,0,100,100,90,90,0.5477,0.0209,8.9636
241250,PROFILE,ROASTING,111,185.0,27.0,1,158.02,86.54,100.00,0.12,186.66,0,100,100,90,90,0.5477,0.0209,8.9636
242238,PROFILE,ROASTING,112,185.0,27.1,1,157.95,86.50,100.00,-0.13,186.37,0,100,100,90,90,0.5477,0.0209,8.9636
243234,PROFILE,ROASTING,113,185.0,26.9,1,158.14,86.61,100.00,0.49,187.10,0,100,100,90,90,0.5477,0.0209,8.9636
244441,PROFILE,ROASTING,114,185.0,27.0,1,158.02,86.54,100.00,-0.05,186.49,0,100,100,90,90,0.5477,0.0209,8.9636
245241,PROFILE,ROASTING,115,185.0,27.0,1,157.96,86.51,100.00,-0.19,186.32,0,100,100,90,90,0.5477,0.0209,8.9636
246243,PROFILE,ROASTING,116,185.0,27.1,1,157.92,86.48,100.00,-0.27,186.22,0,100,100,90,90,0.5477,0.0209,8.9636
247248,PROFILE,ROASTING,117,185.0,27.2,1,157.84,86.44,100.00,-0.40,186.05,0,100,100,90,90,0.5477,0.0209,8.9636
248242,PROFILE,ROASTING,118,185.0,27.2,1,157.85,86.45,100.00,-0.25,186.20,0,100,100,90,90,0.5477,0.0209,8.9636
249253,PROFILE,ROASTING,119,185.0,27.1,1,157.93,86.49,100.00,0.08,186.57,0,100,100,90,90,0.5477,0.0209,8.9636
250413,PROFILE,ROASTING,120,185.0,27.1,1,157.91,86.48,100.00,0.00,186.49,0,100,100,90,90,0.5477,0.0209,8.9636
251249,PROFILE,ROASTING,121,185.0,27.0,1,157.95,86.50,100.00,0.11,186.62,0,100,100,90,90,0.5477,0.0209,8.9636
252249,PROFILE,ROASTING,122,185.0,27.0,1,157.99,86.52,100.00,0.19,186.71,0,100,100,90,90,0.5477,0.0209,8.9636
253249,PROFILE,ROASTING,123,185.0,26.9,1,158.06,86.56,100.00,0.33,186.89,0,100,100,90,90,0.5477,0.0209,8.9636
254257,PROFILE,ROASTING,124,185.0,26.8,1,158.20,86.64,100.00,0.66,187.30,0,100,100,90,90,0.5477,0.0209,8.9636
255265,PROFILE,ROASTING,125,185.0,26.9,1,158.05,86.56,100.00,-0.01,186.54,0,100,100,90,90,0.5477,0.0209,8.9636
256410,PROFILE,ROASTING,126,185.0,27.1,1,157.92,86.49,100.00,-0.40,186.08,0,100,100,90,90,0.5477,0.0209,8.9636
257249,PROFILE,ROASTING,127,185.0,27.0,1,158.00,86.53,100.00,-0.02,186.51,0,100,100,90,90,0.5477,0.0209,8.9636
258253,PROFILE,ROASTING,128,185.0,26.9,1,158.06,86.56,100.00,0.17,186.73,0,100,100,90,90,0.5477,0.0209,8.9636
259257,PROFILE,ROASTING,129,185.0,27.0,1,158.04,86.55,100.00,0.03,186.58,0,100,100,90,90,0.5477,0.0209,8.9636
260257,PROFILE,ROASTING,130,185.0,27.0,1,157.99,86.52,100.00,-0.12,186.40,0,100,100,90,90,0.5477,0.0209,8.9636
261259,PROFILE,ROASTING,131,185.0,27.1,1,157.95,86.50,100.00,-0.21,186.29,0,100,100,90,90,0.5477,0.0209,8.9636
262399,PROFILE,ROASTING,132,185.0,27.0,1,157.97,86.51,100.00,-0.07,186.45,0,100,100,90,90,0.5477,0.0209,8.9636
263256,PROFILE,ROASTING,133,185.0,26.9,1,158.06,86.56,100.00,0.23,186.79,0,100,100,90,90,0.5477,0.0209,8.9636
264260,PROFILE,ROASTING,134,185.0,26.8,1,158.16,86.62,100.00,0.44,187.06,0,100,100,90,90,0.5477,0.0209,8.9636
265259,PROFILE,ROASTING,135,185.0,26.8,1,158.20,86.64,100.00,0.41,187.05,0,100,100,90,90,0.5477,0.0209,8.9636
266261,PROFILE,ROASTING,136,185.0,27.0,1,158.05,86.56,100.00,-0.17,186.39,0,100,100,90,90,0.5477,0.0209,8.9636
267264,PROFILE,ROASTING,137,185.0,27.0,1,158.03,86.55,100.00,-0.18,186.37,0,100,100,90,90,0.5477,0.0209,8.9636
268428,PROFILE,ROASTING,138,185.0,27.0,1,158.02,86.54,100.00,-0.16,186.38,0,100,100,90,90,0.5477,0.0209,8.9636
269267,PROFILE,ROASTING,139,185.0,27.1,1,157.90,86.47,100.00,-0.45,186.02,0,100,100,90,90,0.5477,0.0209,8.9636
270306,PROFILE,ROASTING,140,185.0,27.1,1,157.90,86.47,100.00,-0.31,186.16,0,100,100,90,90,0.5477,0.0209,8.9636
271238,PROFILE,ROASTING,141,185.0,26.9,1,158.05,86.56,100.00,0.26,186.81,0,100,100,90,90,0.5477,0.0209,8.9636
272246,PROFILE,ROASTING,142,185.0,27.0,1,157.97,86.51,100.00,-0.08,186.43,0,100,100,90,90,0.5477,0.0209,8.9636
273250,PROFILE,ROASTING,143,185.0,27.1,1,157.87,86.46,100.00,-0.34,186.12,0,100,100,90,90,0.5477,0.0209,8.9636
274399,PROFILE,ROASTING,144,185.0,27.2,1,157.82,86.43,100.00,-0.38,186.05,0,100,100,90,90,0.5477,0.0209,8.9636
275233,PROFILE,ROASTING,145,185.0,27.1,1,157.90,86.47,100.00,-0.02,186.46,0,100,100,90,90,0.5477,0.0209,8.9636
276244,PROFILE,ROASTING,146,185.0,27.1,1,157.90,86.47,100.00,-0.02,186.45,0,100,100,90,90,0.5477,0.0209,8.9636
277249,PROFILE,ROASTING,147,185.0,27.0,1,157.96,86.51,100.00,0.17,186.68,0,100,100,90,90,0.5477,0.0209,8.9636
278242,PROFILE,ROASTING,148,185.0,27.0,1,157.98,86.52,100.00,0.17,186.69,0,100,100,90,90,0.5477,0.0209,8.9636
279247,PROFILE,ROASTING,149,185.0,27.0,1,158.05,86.56,100.00,0.33,186.89,0,100,100,90,90,0.5477,0.0209,8.9636
280438,PROFILE,ROASTING,150,185.0,27.0,1,157.98,86.52,100.00,0.02,186.54,0,100,100,90,90,0.5477,0.0209,8.9636
281251,PROFILE,ROASTING,151,185.0,27.1,1,157.93,86.49,100.00,-0.15,186.34,0,100,100,90,90,0.5477,0.0209,8.9636
282245,PROFILE,ROASTING,152,185.0,27.1,1,157.91,86.48,100.00,-0.14,186.34,0,100,100,90,90,0.5477,0.0209,8.9636
283254,PROFILE,ROASTING,153,185.0,27.0,1,158.00,86.53,100.00,0.16,186.69,0,100,100,90,90,0.5477,0.0209,8.9636
284257,PROFILE,ROASTING,154,185.0,27.0,1,158.00,86.53,100.00,0.11,186.64,0,100,100,90,90,0.5477,0.0209,8.9636
285252,PROFILE,ROASTING,155,185.0,27.0,1,158.00,86.53,100.00,0.08,186.60,0,100,100,90,90,0.5477,0.0209,8.9636
286421,PROFILE,ROASTING,156,185.0,27.1,1,157.89,86.47,100.00,-0.28,186.19,0,100,100,90,90,0.5477,0.0209,8.9636
287255,PROFILE,ROASTING,157,185.0,27.1,1,157.94,86.50,100.00,-0.04,186.46,0,100,100,90,90,0.5477,0.0209,8.9636
288256,PROFILE,ROASTING,158,185.0,27.0,1,158.01,86.54,100.00,0.19,186.73,0,100,100,90,90,0.5477,0.0209,8.9636
289255,PROFILE,ROASTING,159,185.0,27.0,1,158.01,86.53,100.00,0.11,186.65,0,100,100,90,90,0.5477,0.0209,8.9636
290255,PROFILE,ROASTING,160,185.0,27.1,1,157.94,86.50,100.00,-0.12,186.38,0,100,100,90,90,0.5477,0.0209,8.9636
291263,PROFILE,ROASTING,161,185.0,27.0,1,158.01,86.54,100.00,0.14,186.67,0,100,100,90,90,0.5477,0.0209,8.9636
292413,PROFILE,ROASTING,162,185.0,27.0,1,157.99,86.53,100.00,0.03,186.55,0,100,100,90,90,0.5477,0.0209,8.9636
293248,PROFILE,ROASTING,163,185.0,27.1,1,157.93,86.49,100.00,-0.16,186.33,0,100,100,90,90,0.5477,0.0209,8.9636
294254,PROFILE,ROASTING,164,185.0,27.0,1,157.96,86.51,100.00,-0.02,186.49,0,100,100,90,90,0.5477,0.0209,8.9636
295261,PROFILE,ROASTING,165,185.0,27.0,1,157.98,86.52,100.00,0.04,186.56,0,100,100,90,90,0.5477,0.0209,8.9636
296260,PROFILE,ROASTING,166,185.0,27.0,1,157.99,86.52,100.00,0.05,186.58,0,100,100,90,90,0.5477,0.0209,8.9636
297265,PROFILE,ROASTING,167,185.0,26.9,1,158.06,86.56,100.00,0.24,186.80,0,100,100,90,90,0.5477,0.0209,8.9636
298405,PROFILE,ROASTING,168,185.0,27.0,1,157.97,86.51,100.00,-0.10,186.41,0,100,100,90,90,0.5477,0.0209,8.9636
299268,PROFILE,ROASTING,169,185.0,27.0,1,157.98,86.52,100.00,-0.03,186.49,0,100,100,90,90,0.5477,0.0209,8.9636
300271,PROFILE,ROASTING,170,185.0,26.9,1,158.05,86.56,100.00,0.19,186.75,0,100,100,90,90,0.5477,0.0209,8.9636
301274,PROFILE,ROASTING,171,185.0,27.0,1,158.05,86.55,100.00,0.11,186.66,0,100,100,90,90,0.5477,0.0209,8.9636
302247,PROFILE,ROASTING,172,185.0,27.0,1,158.03,86.54,100.00,0.01,186.56,0,100,100,90,90,0.5477,0.0209,8.9636
303241,PROFILE,ROASTING,173,185.0,27.0,1,158.03,86.55,100.00,0.02,186.57,0,100,100,90,90,0.5477,0.0209,8.9636
304409,PROFILE,ROASTING,174,185.0,27.0,1,158.02,86.54,100.00,-0.03,186.51,0,100,100,90,90,0.5477,0.0209,8.9636
305243,PROFILE,ROASTING,175,185.0,27.0,1,158.01,86.54,100.00,-0.04,186.50,0,100,100,90,90,0.5477,0.0209,8.9636
306240,PROFILE,ROASTING,176,185.0,27.1,1,157.94,86.50,100.00,-0.23,186.27,0,100,100,90,90,0.5477,0.0209,8.9636
307234,PROFILE,ROASTING,177,185.0,27.0,1,157.97,86.51,100.00,-0.08,186.44,0,100,100,90,90,0.5477,0.0209,8.9636
308244,PROFILE,ROASTING,178,185.0,27.0,1,157.98,86.52,100.00,-0.01,186.51,0,100,100,90,90,0.5477,0.0209,8.9636
309247,PROFILE,ROASTING,179,185.0,27.0,1,157.99,86.52,100.00,0.02,186.54,0,100,100,90,90,0.5477,0.0209,8.9636
310403,PROFILE,ROASTING,180,200.0,27.1,1,158.95,87.05,100.00,-0.11,186.93,0,100,100,90,90,0.5477,0.0209,8.9636
311243,PROFILE,ROASTING,181,200.0,27.0,1,159.97,87.61,100.00,-0.01,187.60,0,100,100,90,90,0.5477,0.0209,8.9636
312239,PROFILE,ROASTING,182,200.0,27.1,1,160.94,88.14,100.00,-0.11,188.03,0,100,100,90,90,0.5477,0.0209,8.9636
313256,PROFILE,ROASTING,183,200.0,27.0,1,161.96,88.70,100.00,0.01,188.71,0,100,100,90,90,0.5477,0.0209,8.9636
314251,PROFILE,ROASTING,184,200.0,27.0,1,163.00,89.27,100.00,0.10,189.37,0,100,100,90,90,0.5477,0.0209,8.9636
315254,PROFILE,ROASTING,185,200.0,26.9,1,164.06,89.85,100.00,0.26,190.11,0,100,100,90,90,0.5477,0.0209,8.9636
316399,PROFILE,ROASTING,186,200.0,27.0,1,165.02,90.37,100.00,0.05,190.42,0,100,100,90,90,0.5477,0.0209,8.9636
317256,PROFILE,ROASTING,187,200.0,27.0,1,166.03,90.93,100.00,0.06,190.98,0,100,100,90,90,0.5477,0.0209,8.9636
318261,PROFILE,ROASTING,188,200.0,27.0,1,167.01,91.47,100.00,0.00,191.47,0,100,100,90,90,0.5477,0.0209,8.9636
319258,PROFILE,ROASTING,189,200.0,27.0,1,168.01,92.01,100.00,-0.02,191.99,0,100,100,90,90,0.5477,0.0209,8.9636
320265,PROFILE,ROASTING,190,200.0,27.1,1,168.90,92.50,100.00,-0.35,192.15,0,100,100,90,90,0.5477,0.0209,8.9636
321257,PROFILE,ROASTING,191,200.0,27.2,1,169.83,93.01,100.00,-0.42,192.59,0,100,100,90,90,0.5477,0.0209,8.9636
322420,PROFILE,ROASTING,192,200.0,27.1,1,170.86,93.57,100.00,-0.20,193.37,0,100,100,90,90,0.5477,0.0209,8.9636
323254,PROFILE,ROASTING,193,200.0,27.1,1,171.92,94.15,100.00,0.05,194.20,0,100,100,90,90,0.5477,0.0209,8.9636
324255,PROFILE,ROASTING,194,200.0,27.1,1,172.91,94.69,100.00,-0.00,194.69,0,100,100,90,90,0.5477,0.0209,8.9636
325252,PROFILE,ROASTING,195,200.0,27.0,1,173.04,94.77,100.00,0.40,195.17,0,100,100,90,90,0.5477,0.0209,8.9636
326255,PROFILE,ROASTING,196,200.0,27.0,1,173.01,94.75,100.00,0.16,194.91,0,100,100,90,90,0.5477,0.0209,8.9636
327269,PROFILE,ROASTING,197,200.0,26.9,1,173.11,94.81,100.00,0.43,195.23,0,100,100,90,90,0.5477,0.0209,8.9636
328416,PROFILE,ROASTING,198,200.0,26.9,1,173.11,94.81,100.00,0.27,195.08,0,100,100,90,90,0.5477,0.0209,8.9636
329267,PROFILE,ROASTING,199,200.0,26.9,1,173.09,94.80,100.00,0.13,194.93,0,100,100,90,90,0.5477,0.0209,8.9636
330258,PROFILE,ROASTING,200,200.0,26.9,1,173.12,94.81,100.00,0.15,194.96,0,100,100,90,90,0.5477,0.0209,8.9636
331269,PROFILE,ROASTING,201,200.0,26.9,1,173.06,94.78,100.00,-0.05,194.73,0,100,100,90,90,0.5477,0.0209,8.9636
332269,PROFILE,ROASTING,202,200.0,27.0,1,173.04,94.76,100.00,-0.12,194.65,0,100,100,90,90,0.5477,0.0209,8.9636
333246,PROFILE,ROASTING,203,200.0,27.0,1,173.02,94.76,100.00,-0.13,194.63,0,100,100,90,90,0.5477,0.0209,8.9636
334402,PROFILE,ROASTING,204,200.0,27.2,1,172.84,94.66,100.00,-0.62,194.03,0,100,100,90,90,0.5477,0.0209,8.9636
335246,PROFILE,ROASTING,205,200.0,27.1,1,172.91,94.70,100.00,-0.21,194.49,0,100,100,90,90,0.5477,0.0209,8.9636
336243,PROFILE,ROASTING,206,200.0,27.1,1,172.95,94.72,100.00,-0.02,194.70,0,100,100,90,90,0.5477,0.0209,8.9636
337248,PROFILE,ROASTING,207,200.0,27.0,1,172.97,94.73,100.00,0.05,194.78,0,100,100,90,90,0.5477,0.0209,8.9636
338243,PROFILE,ROASTING,208,200.0,27.0,1,172.98,94.74,100.00,0.07,194.81,0,100,100,90,90,0.5477,0.0209,8.9636
339237,PROFILE,ROASTING,209,200.0,27.0,1,172.99,94.74,100.00,0.07,194.81,0,100,100,90,90,0.5477,0.0209,8.9636
340405,PROFILE,ROASTING,210,200.0,27.0,1,172.99,94.74,100.00,0.06,194.80,0,100,100,90,90,0.5477,0.0209,8.9636
341243,PROFILE,ROASTING,211,200.0,27.0,1,173.00,94.74,100.00,0.05,194.79,0,100,100,90,90,0.5477,0.0209,8.9636
342246,PROFILE,ROASTING,212,200.0,27.0,1,173.00,94.74,100.00,0.03,194.78,0,100,100,90,90,0.5477,0.0209,8.9636
343243,PROFILE,ROASTING,213,200.0,27.0,1,173.00,94.74,100.00,0.02,194.77,0,100,100,90,90,0.5477,0.0209,8.9636
344245,PROFILE,ROASTING,214,200.0,27.0,1,173.02,94.75,100.00,0.06,194.82,0,100,100,90,90,0.5477,0.0209,8.9636
345259,PROFILE,ROASTING,215,200.0,27.0,1,173.01,94.75,100.00,0.02,194.77,0,100,100,90,90,0.5477,0.0209,8.9636
346405,PROFILE,ROASTING,216,200.0,27.2,1,172.85,94.66,100.00,-0.46,194.20,0,100,100,90,90,0.5477,0.0209,8.9636
347255,PROFILE,ROASTING,217,200.0,26.9,1,173.06,94.78,100.00,0.31,195.09,0,100,100,90,90,0.5477,0.0209,8.9636
348249,PROFILE,ROASTING,218,200.0,27.0,1,173.03,94.76,100.00,0.13,194.90,0,100,100,90,90,0.5477,0.0209,8.9636
349260,PROFILE,ROASTING,219,200.0,27.0,1,172.97,94.73,100.00,-0.09,194.64,0,100,100,90,90,0.5477,0.0209,8.9636
350318,PROFILE,ROASTING,220,200.0,27.0,1,173.03,94.76,100.00,0.12,194.88,0,100,100,90,90,0.5477,0.0209,8.9636
351260,PROFILE,ROASTING,221,200.0,26.8,1,173.17,94.84,100.00,0.51,195.35,0,100,100,90,90,0.5477,0.0209,8.9636
352425,PROFILE,ROASTING,222,200.0,26.9,1,173.14,94.82,100.00,0.25,195.07,0,100,100,90,90,0.5477,0.0209,8.9636
353257,PROFILE,ROASTING,223,200.0,26.9,1,173.08,94.79,100.00,-0.02,194.77,0,100,100,90,90,0.5477,0.0209,8.9636
354255,PROFILE,ROASTING,224,200.0,27.0,1,173.05,94.77,100.00,-0.12,194.65,0,100,100,90,90,0.5477,0.0209,8.9636
355257,PROFILE,ROASTING,225,200.0,27.0,1,173.03,94.76,100.00,-0.14,194.62,0,100,100,90,90,0.5477,0.0209,8.9636
356260,PROFILE,ROASTING,226,200.0,27.0,1,173.01,94.75,100.00,-0.13,194.63,0,100,100,90,90,0.5477,0.0209,8.9636
357253,PROFILE,ROASTING,227,200.0,27.0,1,173.01,94.75,100.00,-0.10,194.65,0,100,100,90,90,0.5477,0.0209,8.9636
358419,PROFILE,ROASTING,228,200.0,27.2,1,172.83,94.65,100.00,-0.59,194.06,0,100,100,90,90,0.5477,0.0209,8.9636
359259,PROFILE,ROASTING,229,200.0,27.2,1,172.80,94.63,100.00,-0.50,194.13,0,100,100,90,90,0.5477,0.0209,8.9636
360263,PROFILE,ROASTING,230,200.0,27.2,1,172.76,94.61,100.00,-0.44,194.17,0,100,100,90,90,0.5477,0.0209,8.9636
361273,PROFILE,ROASTING,231,200.0,27.2,1,172.80,94.64,100.00,-0.17,194.47,0,100,100,90,90,0.5477,0.0209,8.9636
362263,PROFILE,ROASTING,232,200.0,27.1,1,172.92,94.70,100.00,0.24,194.94,0,100,100,90,90,0.5477,0.0209,8.9636
363274,PROFILE,ROASTING,233,200.0,26.9,1,173.11,94.81,100.00,0.73,195.54,0,100,100,90,90,0.5477,0.0209,8.9636
364452,PROFILE,ROASTING,234,200.0,27.0,1,172.95,94.72,100.00,0.01,194.73,0,100,100,90,90,0.5477,0.0209,8.9636
365244,PROFILE,ROASTING,235,200.0,27.1,1,172.91,94.70,100.00,-0.12,194.58,0,100,100,90,90,0.5477,0.0209,8.9636
366238,PROFILE,ROASTING,236,200.0,27.0,1,172.95,94.72,100.00,0.04,194.76,0,100,100,90,90,0.5477,0.0209,8.9636
367238,PROFILE,ROASTING,237,200.0,27.0,1,173.03,94.76,100.00,0.28,195.04,0,100,100,90,90,0.5477,0.0209,8.9636
368253,PROFILE,ROASTING,238,200.0,26.9,1,173.08,94.79,100.00,0.33,195.12,0,100,100,90,90,0.5477,0.0209,8.9636
369253,PROFILE,ROASTING,239,200.0,26.9,1,173.09,94.80,100.00,0.25,195.05,0,100,100,90,90,0.5477,0.0209,8.9636
370454,PROFILE,ROASTING,240,200.0,26.9,1,173.10,94.80,100.00,0.19,194.99,0,100,100,90,90,0.5477,0.0209,8.9636
371246,PROFILE,ROASTING,241,200.0,27.0,1,173.01,94.75,100.00,-0.15,194.60,0,100,100,90,90,0.5477,0.0209,8.9636
372236,PROFILE,ROASTING,242,200.0,27.1,1,172.94,94.71,100.00,-0.30,194.42,0,100,100,90,90,0.5477,0.0209,8.9636
373249,PROFILE,ROASTING,243,200.0,27.0,1,173.01,94.75,100.00,0.02,194.77,0,100,100,90,90,0.5477,0.0209,8.9636
374245,PROFILE,ROASTING,244,200.0,26.9,1,173.07,94.78,100.00,0.18,194.96,0,100,100,90,90,0.5477,0.0209,8.9636
375251,PROFILE,ROASTING,245,200.0,27.1,1,172.93,94.71,100.00,-0.30,194.41,0,100,100,90,90,0.5477,0.0209,8.9636
376392,PROFILE,ROASTING,246,200.0,27.1,1,172.90,94.69,100.00,-0.30,194.39,0,100,100,90,90,0.5477,0.0209,8.9636
377251,PROFILE,ROASTING,247,200.0,27.0,1,173.01,94.75,100.00,0.12,194.87,0,100,100,90,90,0.5477,0.0209,8.9636
378254,PROFILE,ROASTING,248,200.0,27.0,1,173.00,94.75,100.00,0.07,194.82,0,100,100,90,90,0.5477,0.0209,8.9636
379253,PROFILE,ROASTING,249,200.0,27.0,1,172.95,94.72,100.00,-0.09,194.63,0,100,100,90,90,0.5477,0.0209,8.9636
380257,PROFILE,ROASTING,250,200.0,27.0,1,173.02,94.76,100.00,0.14,194.89,0,100,100,90,90,0.5477,0.0209,8.9636
381253,PROFILE,ROASTING,251,200.0,27.1,1,172.95,94.72,100.00,-0.12,194.59,0,100,100,90,90,0.5477,0.0209,8.9636
382415,PROFILE,ROASTING,252,200.0,27.0,1,172.97,94.73,100.00,-0.02,194.71,0,100,100,90,90,0.5477,0.0209,8.9636
383257,PROFILE,ROASTING,253,200.0,27.0,1,172.98,94.74,100.00,0.03,194.76,0,100,100,90,90,0.5477,0.0209,8.9636
384320,PROFILE,ROASTING,254,200.0,27.1,1,172.94,94.71,100.00,-0.10,194.61,0,100,100,90,90,0.5477,0.0209,8.9636
385263,PROFILE,ROASTING,255,200.0,27.0,1,172.97,94.73,100.00,0.01,194.73,0,100,100,90,90,0.5477,0.0209,8.9636
386248,PROFILE,ROASTING,256,200.0,27.0,1,172.98,94.74,100.00,0.04,194.78,0,100,100,90,90,0.5477,0.0209,8.9636
387264,PROFILE,ROASTING,257,200.0,27.0,1,172.99,94.74,100.00,0.05,194.79,0,100,100,90,90,0.5477,0.0209,8.9636
388416,PROFILE,ROASTING,258,200.0,27.0,1,172.99,94.74,100.00,0.05,194.79,0,100,100,90,90,0.5477,0.0209,8.9636
389259,PROFILE,ROASTING,259,200.0,27.0,1,173.00,94.74,100.00,0.04,194.78,0,100,100,90,90,0.5477,0.0209,8.9636
390253,PROFILE,ROASTING,260,200.0,27.1,1,172.94,94.71,100.00,-0.16,194.55,0,100,100,90,90,0.5477,0.0209,8.9636
391266,PROFILE,ROASTING,261,200.0,27.1,1,172.85,94.67,100.00,-0.35,194.32,0,100,100,90,90,0.5477,0.0209,8.9636
392264,PROFILE,ROASTING,262,200.0,27.1,1,172.92,94.70,100.00,-0.04,194.66,0,100,100,90,90,0.5477,0.0209,8.9636
393268,PROFILE,ROASTING,263,200.0,27.1,1,172.89,94.69,100.00,-0.11,194.58,0,100,100,90,90,0.5477,0.0209,8.9636
394430,PROFILE,ROASTING,264,200.0,27.1,1,172.94,94.71,100.00,0.07,194.78,0,100,100,90,90,0.5477,0.0209,8.9636
395290,PROFILE,ROASTING,265,200.0,27.1,1,172.90,94.69,100.00,-0.06,194.63,0,100,100,90,90,0.5477,0.0209,8.9636
396247,PROFILE,ROASTING,266,200.0,27.1,1,172.88,94.68,100.00,-0.10,194.58,0,100,100,90,90,0.5477,0.0209,8.9636
397243,PROFILE,ROASTING,267,200.0,27.0,1,173.00,94.74,100.00,0.27,195.02,0,100,100,90,90,0.5477,0.0209,8.9636
398250,PROFILE,ROASTING,268,200.0,27.1,1,172.94,94.71,100.00,-0.00,194.71,0,100,100,90,90,0.5477,0.0209,8.9636
399251,PROFILE,ROASTING,269,200.0,27.1,1,172.92,94.70,100.00,-0.06,194.64,0,100,100,90,90,0.5477,0.0209,8.9636
400394,PROFILE,ROASTING,270,200.0,27.1,1,172.91,94.69,100.00,-0.07,194.62,0,100,100,90,90,0.5477,0.0209,8.9636
401249,PROFILE,ROASTING,271,200.0,27.1,1,172.90,94.69,100.00,-0.06,194.63,0,100,100,90,90,0.5477,0.0209,8.9636
402241,PROFILE,ROASTING,272,200.0,27.1,1,172.90,94.69,100.00,-0.05,194.64,0,100,100,90,90,0.5477,0.0209,8.9636
403246,PROFILE,ROASTING,273,200.0,27.1,1,172.90,94.69,100.00,-0.04,194.65,0,100,100,90,90,0.5477,0.0209,8.9636
404238,PROFILE,ROASTING,274,200.0,27.1,1,172.88,94.68,100.00,-0.08,194.60,0,100,100,90,90,0.5477,0.0209,8.9636
405246,PROFILE,ROASTING,275,200.0,27.1,1,172.88,94.68,100.00,-0.03,194.65,0,100,100,90,90,0.5477,0.0209,8.9636
406404,PROFILE,ROASTING,276,200.0,27.0,1,173.00,94.74,100.00,0.32,195.06,0,100,100,90,90,0.5477,0.0209,8.9636
407248,PROFILE,ROASTING,277,200.0,27.0,1,173.00,94.74,100.00,0.21,194.96,0,100,100,90,90,0.5477,0.0209,8.9636
408243,PROFILE,ROASTING,278,200.0,27.0,1,173.00,94.74,100.00,0.14,194.89,0,100,100,90,90,0.5477,0.0209,8.9636
409252,PROFILE,ROASTING,279,200.0,26.9,1,173.06,94.78,100.00,0.28,195.06,0,100,100,90,90,0.5477,0.0209,8.9636
410255,PROFILE,ROASTING,280,200.0,27.0,1,173.02,94.76,100.00,0.06,194.82,0,100,100,90,90,0.5477,0.0209,8.9636
411257,PROFILE,ROASTING,281,200.0,26.9,1,173.06,94.78,100.00,0.16,194.93,0,100,100,90,90,0.5477,0.0209,8.9636
412425,PROFILE,ROASTING,282,200.0,27.1,1,172.92,94.70,100.00,-0.30,194.40,0,100,100,90,90,0.5477,0.0209,8.9636
413252,PROFILE,ROASTING,283,200.0,27.1,1,172.89,94.69,100.00,-0.29,194.40,0,100,100,90,90,0.5477,0.0209,8.9636
414258,PROFILE,ROASTING,284,200.0,26.9,1,173.11,94.81,100.00,0.46,195.27,0,100,100,90,90,0.5477,0.0209,8.9636
415264,PROFILE,ROASTING,285,200.0,27.0,1,173.02,94.75,100.00,0.02,194.77,0,100,100,90,90,0.5477,0.0209,8.9636
416267,PROFILE,ROASTING,286,200.0,27.1,1,172.90,94.69,100.00,-0.33,194.36,0,100,100,90,90,0.5477,0.0209,8.9636
417265,PROFILE,ROASTING,287,200.0,27.1,1,172.94,94.71,100.00,-0.09,194.62,0,100,100,90,90,0.5477,0.0209,8.9636
418406,PROFILE,ROASTING,288,200.0,27.0,1,173.03,94.76,100.00,0.20,194.96,0,100,100,90,90,0.5477,0.0209,8.9636
419261,PROFILE,ROASTING,289,200.0,27.0,1,173.00,94.75,100.00,0.05,194.79,0,100,100,90,90,0.5477,0.0209,8.9636
420264,PROFILE,ROASTING,290,200.0,27.0,1,172.95,94.72,100.00,-0.11,194.61,0,100,100,90,90,0.5477,0.0209,8.9636
421261,PROFILE,ROASTING,291,200.0,27.0,1,172.97,94.73,100.00,-0.01,194.72,0,100,100,90,90,0.5477,0.0209,8.9636
422256,PROFILE,ROASTING,292,200.0,27.1,1,172.88,94.68,100.00,-0.30,194.37,0,100,100,90,90,0.5477,0.0209,8.9636
423266,PROFILE,ROASTING,293,200.0,27.1,1,172.91,94.70,100.00,-0.09,194.61,0,100,100,90,90,0.5477,0.0209,8.9636
424423,PROFILE,ROASTING,294,200.0,27.0,1,173.00,94.74,100.00,0.19,194.94,0,100,100,90,90,0.5477,0.0209,8.9636
425266,PROFILE,ROASTING,295,200.0,27.0,1,173.00,94.74,100.00,0.13,194.88,0,100,100,90,90,0.5477,0.0209,8.9636
426269,PROFILE,ROASTING,296,200.0,27.0,1,173.02,94.75,100.00,0.13,194.89,0,100,100,90,90,0.5477,0.0209,8.9636
427239,PROFILE,ROASTING,297,200.0,27.1,1,172.95,94.72,100.00,-0.12,194.60,0,100,100,90,90,0.5477,0.0209,8.9636
428245,PROFILE,ROASTING,298,200.0,27.0,1,173.02,94.75,100.00,0.13,194.89,0,100,100,90,90,0.5477,0.0209,8.9636
429247,PROFILE,ROASTING,299,200.0,27.0,1,173.02,94.76,100.00,0.11,194.87,0,100,100,90,90,0.5477,0.0209,8.9636
430405,PROFILE,ROASTING,300,200.0,27.0,1,172.95,94.72,100.00,-0.14,194.57,0,100,100,90,90,0.5477,0.0209,8.9636
431237,PROFILE,ROASTING,301,200.0,27.1,1,172.91,94.70,100.00,-0.22,194.48,0,100,100,90,90,0.5477,0.0209,8.9636
432242,PROFILE,ROASTING,302,200.0,26.9,1,173.07,94.79,100.00,0.34,195.13,0,100,100,90,90,0.5477,0.0209,8.9636
433252,PROFILE,ROASTING,303,200.0,27.0,1,173.04,94.77,100.00,0.13,194.90,0,100,100,90,90,0.5477,0.0209,8.9636
434241,PROFILE,ROASTING,304,200.0,27.0,1,172.96,94.72,100.00,-0.15,194.57,0,100,100,90,90,0.5477,0.0209,8.9636
435249,PROFILE,ROASTING,305,200.0,27.1,1,172.92,94.70,100.00,-0.24,194.46,0,100,100,90,90,0.5477,0.0209,8.9636
436388,PROFILE,ROASTING,306,200.0,27.0,1,173.02,94.75,100.00,0.14,194.89,0,100,100,90,90,0.5477,0.0209,8.9636
437258,PROFILE,ROASTING,307,200.0,26.9,1,173.07,94.78,100.00,0.26,195.04,0,100,100,90,90,0.5477,0.0209,8.9636
438249,PROFILE,ROASTING,308,200.0,27.0,1,172.98,94.73,100.00,-0.11,194.63,0,100,100,90,90,0.5477,0.0209,8.9636
439251,PROFILE,ROASTING,309,200.0,27.0,1,173.03,94.76,100.00,0.10,194.86,0,100,100,90,90,0.5477,0.0209,8.9636
440254,PROFILE,ROASTING,310,200.0,27.0,1,173.02,94.76,100.00,0.02,194.78,0,100,100,90,90,0.5477,0.0209,8.9636
441246,PROFILE,ROASTING,311,200.0,27.1,1,172.90,94.69,100.00,-0.34,194.35,0,100,100,90,90,0.5477,0.0209,8.9636
442419,PROFILE,ROASTING,312,200.0,27.0,1,172.96,94.72,100.00,-0.05,194.67,0,100,100,90,90,0.5477,0.0209,8.9636
443254,PROFILE,ROASTING,313,200.0,27.1,1,172.92,94.70,100.00,-0.17,194.53,0,100,100,90,90,0.5477,0.0209,8.9636
444258,PROFILE,ROASTING,314,200.0,27.0,1,173.00,94.74,100.00,0.14,194.88,0,100,100,90,90,0.5477,0.0209,8.9636
445253,PROFILE,ROASTING,315,200.0,26.9,1,173.09,94.80,100.00,0.37,195.17,0,100,100,90,90,0.5477,0.0209,8.9636
446262,PROFILE,ROASTING,316,200.0,27.0,1,172.99,94.74,100.00,-0.06,194.68,0,100,100,90,90,0.5477,0.0209,8.9636
447263,PROFILE,ROASTING,317,200.0,27.0,1,172.96,94.72,100.00,-0.12,194.60,0,100,100,90,90,0.5477,0.0209,8.9636
448422,PROFILE,ROASTING,318,200.0,27.1,1,172.87,94.67,100.00,-0.36,194.32,0,100,100,90,90,0.5477,0.0209,8.9636
449267,PROFILE,ROASTING,319,200.0,27.2,1,172.83,94.65,100.00,-0.35,194.30,0,100,100,90,90,0.5477,0.0209,8.9636
450254,PROFILE,ROASTING,320,200.0,27.0,1,173.02,94.75,100.00,0.31,195.07,0,100,100,90,90,0.5477,0.0209,8.9636
451260,PROFILE,ROASTING,321,200.0,27.1,1,172.90,94.69,100.00,-0.14,194.55,0,100,100,90,90,0.5477,0.0209,8.9636
452264,PROFILE,ROASTING,322,200.0,27.0,1,173.01,94.75,100.00,0.23,194.97,0,100,100,90,90,0.5477,0.0209,8.9636
453264,PROFILE,ROASTING,323,200.0,27.0,1,173.00,94.75,100.00,0.14,194.89,0,100,100,90,90,0.5477,0.0209,8.9636
454403,PROFILE,ROASTING,324,200.0,26.9,1,173.06,94.78,100.00,0.28,195.06,0,100,100,90,90,0.5477,0.0209,8.9636
455264,PROFILE,ROASTING,325,200.0,27.0,1,173.04,94.76,100.00,0.10,194.87,0,100,100,90,90,0.5477,0.0209,8.9636
456268,PROFILE,ROASTING,326,200.0,26.9,1,173.10,94.80,100.00,0.25,195.05,0,100,100,90,90,0.5477,0.0209,8.9636
457267,PROFILE,ROASTING,327,200.0,27.1,1,172.95,94.72,100.00,-0.29,194.43,0,100,100,90,90,0.5477,0.0209,8.9636
458240,PROFILE,ROASTING,328,200.0,27.0,1,172.97,94.73,100.00,-0.12,194.61,0,100,100,90,90,0.5477,0.0209,8.9636
459236,PROFILE,ROASTING,329,200.0,27.1,1,172.87,94.68,100.00,-0.37,194.31,0,100,100,90,90,0.5477,0.0209,8.9636
460406,PROFILE,ROASTING,330,200.0,27.1,1,172.88,94.68,100.00,-0.22,194.46,0,100,100,90,90,0.5477,0.0209,8.9636
461245,PROFILE,ROASTING,331,200.0,27.1,1,172.93,94.71,100.00,0.01,194.72,0,100,100,90,90,0.5477,0.0209,8.9636
462250,PROFILE,ROASTING,332,200.0,27.1,1,172.90,94.69,100.00,-0.09,194.60,0,100,100,90,90,0.5477,0.0209,8.9636
463244,PROFILE,ROASTING,333,200.0,27.0,1,172.96,94.72,100.00,0.11,194.84,0,100,100,90,90,0.5477,0.0209,8.9636
464245,PROFILE,ROASTING,334,200.0,27.0,1,173.02,94.76,100.00,0.27,195.03,0,100,100,90,90,0.5477,0.0209,8.9636
465258,PROFILE,ROASTING,335,200.0,27.1,1,172.90,94.69,100.00,-0.18,194.51,0,100,100,90,90,0.5477,0.0209,8.9636
466403,PROFILE,ROASTING,336,200.0,26.9,1,173.06,94.78,100.00,0.33,195.11,0,100,100,90,90,0.5477,0.0209,8.9636
467234,PROFILE,ROASTING,337,200.0,27.0,1,173.03,94.76,100.00,0.15,194.91,0,100,100,90,90,0.5477,0.0209,8.9636
468238,PROFILE,ROASTING,338,200.0,26.9,1,173.06,94.78,100.00,0.20,194.98,0,100,100,90,90,0.5477,0.0209,8.9636
469249,PROFILE,ROASTING,339,200.0,27.0,1,172.99,94.74,100.00,-0.09,194.65,0,100,100,90,90,0.5477,0.0209,8.9636
470252,PROFILE,ROASTING,340,200.0,26.9,1,173.10,94.80,100.00,0.28,195.08,0,100,100,90,90,0.5477,0.0209,8.9636
471255,PROFILE,ROASTING,341,200.0,27.1,1,172.95,94.72,100.00,-0.28,194.44,0,100,100,90,90,0.5477,0.0209,8.9636
472398,PROFILE,ROASTING,342,200.0,27.1,1,172.92,94.70,100.00,-0.26,194.45,0,100,100,90,90,0.5477,0.0209,8.9636
473252,PROFILE,ROASTING,343,200.0,27.1,1,172.89,94.69,100.00,-0.26,194.43,0,100,100,90,90,0.5477,0.0209,8.9636
474255,PROFILE,ROASTING,344,200.0,27.0,1,172.99,94.74,100.00,0.10,194.84,0,100,100,90,90,0.5477,0.0209,8.9636
475255,PROFILE,ROASTING,345,200.0,27.0,1,173.04,94.77,100.00,0.23,194.99,0,100,100,90,90,0.5477,0.0209,8.9636
476259,PROFILE,ROASTING,346,200.0,27.0,1,173.02,94.76,100.00,0.10,194.86,0,100,100,90,90,0.5477,0.0209,8.9636
477255,PROFILE,ROASTING,347,200.0,27.0,1,172.97,94.73,100.00,-0.10,194.62,0,100,100,90,90,0.5477,0.0209,8.9636
478408,PROFILE,ROASTING,348,200.0,27.0,1,173.00,94.74,100.00,0.02,194.77,0,100,100,90,90,0.5477,0.0209,8.9636
479271,PROFILE,ROASTING,349,200.0,27.1,1,172.94,94.71,100.00,-0.17,194.54,0,100,100,90,90,0.5477,0.0209,8.9636
480264,PROFILE,ROASTING,350,200.0,27.1,1,172.95,94.72,100.00,-0.07,194.64,0,100,100,90,90,0.5477,0.0209,8.9636
481268,PROFILE,ROASTING,351,200.0,27.1,1,172.86,94.67,100.00,-0.31,194.36,0,100,100,90,90,0.5477,0.0209,8.9636
482252,PROFILE,ROASTING,352,200.0,27.1,1,172.92,94.70,100.00,-0.02,194.68,0,100,100,90,90,0.5477,0.0209,8.9636
483259,PROFILE,ROASTING,353,200.0,27.1,1,172.89,94.69,100.00,-0.10,194.59,0,100,100,90,90,0.5477,0.0209,8.9636
484427,PROFILE,ROASTING,354,200.0,27.1,1,172.88,94.68,100.00,-0.12,194.56,0,100,100,90,90,0.5477,0.0209,8.9636
485261,PROFILE,ROASTING,355,200.0,27.1,1,172.93,94.71,100.00,0.08,194.79,0,100,100,90,90,0.5477,0.0209,8.9636
486253,PROFILE,ROASTING,356,200.0,26.9,1,173.15,94.83,100.00,0.71,195.53,0,100,100,90,90,0.5477,0.0209,8.9636
487264,PROFILE,ROASTING,357,200.0,27.0,1,173.04,94.77,100.00,0.14,194.90,0,100,100,90,90,0.5477,0.0209,8.9636
488270,PROFILE,ROASTING,358,200.0,27.0,1,172.96,94.72,100.00,-0.14,194.58,0,100,100,90,90,0.5477,0.0209,8.9636
489242,PROFILE,ROASTING,359,200.0,27.2,1,172.80,94.64,100.00,-0.56,194.08,0,100,100,90,90,0.5477,0.0209,8.9636
490387,PROFILE,ROASTING,360,200.0,27.1,1,172.89,94.68,100.00,-0.11,194.57,0,100,100,90,90,0.5477,0.0209,8.9636
491244,PROFILE,ROASTING,361,200.0,27.0,1,173.00,94.75,100.00,0.25,195.00,0,100,100,90,90,0.5477,0.0209,8.9636
492245,PROFILE,ROASTING,362,200.0,26.9,1,173.06,94.78,100.00,0.36,195.13,0,100,100,90,90,0.5477,0.0209,8.9636
493246,PROFILE,ROASTING,363,200.0,27.0,1,173.02,94.76,100.00,0.11,194.86,0,100,100,90,90,0.5477,0.0209,8.9636
494250,PROFILE,ROASTING,364,200.0,27.1,1,172.95,94.72,100.00,-0.14,194.58,0,100,100,90,90,0.5477,0.0209,8.9636
495243,PROFILE,ROASTING,365,200.0,27.1,1,172.92,94.70,100.00,-0.17,194.54,0,100,100,90,90,0.5477,0.0209,8.9636
496399,PROFILE,ROASTING,366,200.0,27.0,1,172.96,94.72,100.00,-0.01,194.71,0,100,100,90,90,0.5477,0.0209,8.9636
497252,PROFILE,ROASTING,367,200.0,27.0,1,172.98,94.73,100.00,0.05,194.78,0,100,100,90,90,0.5477,0.0209,8.9636
498243,PROFILE,ROASTING,368,200.0,27.0,1,172.99,94.74,100.00,0.06,194.80,0,100,100,90,90,0.5477,0.0209,8.9636
499237,PROFILE,ROASTING,369,200.0,27.0,1,172.99,94.74,100.00,0.06,194.80,0,100,100,90,90,0.5477,0.0209,8.9636
500244,PROFILE,ROASTING,370,200.0,27.1,1,172.89,94.68,100.00,-0.28,194.41,0,100,100,90,90,0.5477,0.0209,8.9636
501257,PROFILE,ROASTING,371,200.0,27.0,1,173.05,94.77,100.00,0.29,195.06,0,100,100,90,90,0.5477,0.0209,8.9636
502411,PROFILE,ROASTING,372,200.0,27.0,1,172.98,94.73,100.00,-0.01,194.73,0,100,100,90,90,0.5477,0.0209,8.9636
503252,PROFILE,ROASTING,373,200.0,26.9,1,173.05,94.77,100.00,0.21,194.98,0,100,100,90,90,0.5477,0.0209,8.9636
504243,PROFILE,ROASTING,374,200.0,26.9,1,173.09,94.79,100.00,0.26,195.06,0,100,100,90,90,0.5477,0.0209,8.9636
505251,PROFILE,ROASTING,375,200.0,26.9,1,173.05,94.77,100.00,0.06,194.83,0,100,100,90,90,0.5477,0.0209,8.9636
506260,PROFILE,ROASTING,376,200.0,27.0,1,173.03,94.76,100.00,-0.03,194.73,0,100,100,90,90,0.5477,0.0209,8.9636
507262,PROFILE,ROASTING,377,200.0,26.9,1,173.11,94.81,100.00,0.22,195.03,0,100,100,90,90,0.5477,0.0209,8.9636
508419,PROFILE,ROASTING,378,200.0,27.0,1,173.00,94.74,100.00,-0.18,194.56,0,100,100,90,90,0.5477,0.0209,8.9636
509252,PROFILE,ROASTING,379,200.0,27.0,1,173.02,94.75,100.00,-0.07,194.68,0,100,100,90,90,0.5477,0.0209,8.9636
510260,PROFILE,ROASTING,380,200.0,27.0,1,173.02,94.76,100.00,-0.02,194.74,0,100,100,90,90,0.5477,0.0209,8.9636
511262,PROFILE,ROASTING,381,200.0,27.0,1,172.97,94.73,100.00,-0.19,194.54,0,100,100,90,90,0.5477,0.0209,8.9636
512267,PROFILE,ROASTING,382,200.0,27.0,1,172.98,94.73,100.00,-0.08,194.65,0,100,100,90,90,0.5477,0.0209,8.9636
513270,PROFILE,ROASTING,383,200.0,27.1,1,172.88,94.68,100.00,-0.36,194.32,0,100,100,90,90,0.5477,0.0209,8.9636
514460,PROFILE,ROASTING,384,200.0,27.1,1,172.95,94.72,100.00,-0.03,194.68,0,100,100,90,90,0.5477,0.0209,8.9636
515259,PROFILE,ROASTING,385,200.0,27.1,1,172.86,94.67,100.00,-0.28,194.39,0,100,100,90,90,0.5477,0.0209,8.9636
516263,PROFILE,ROASTING,386,200.0,27.2,1,172.81,94.64,100.00,-0.33,194.31,0,100,100,90,90,0.5477,0.0209,8.9636
517267,PROFILE,ROASTING,387,200.0,27.2,1,172.80,94.64,100.00,-0.26,194.38,0,100,100,90,90,0.5477,0.0209,8.9636
518259,PROFILE,ROASTING,388,200.0,27.1,1,172.89,94.68,100.00,0.09,194.77,0,100,100,90,90,0.5477,0.0209,8.9636
519266,PROFILE,ROASTING,389,200.0,27.1,1,172.87,94.68,100.00,0.02,194.69,0,100,100,90,90,0.5477,0.0209,8.9636
520460,PROFILE,ROASTING,390,200.0,27.1,1,172.88,94.68,100.00,0.04,194.72,0,100,100,90,90,0.5477,0.0209,8.9636
521243,PROFILE,ROASTING,391,200.0,27.2,1,172.82,94.65,100.00,-0.15,194.50,0,100,100,90,90,0.5477,0.0209,8.9636
522239,PROFILE,ROASTING,392,200.0,27.1,1,172.93,94.71,100.00,0.22,194.93,0,100,100,90,90,0.5477,0.0209,8.9636
523245,PROFILE,ROASTING,393,200.0,27.1,1,172.90,94.69,100.00,0.05,194.74,0,100,100,90,90,0.5477,0.0209,8.9636
524244,PROFILE,ROASTING,394,200.0,27.0,1,173.01,94.75,100.00,0.35,195.10,0,100,100,90,90,0.5477,0.0209,8.9636
525251,PROFILE,ROASTING,395,200.0,26.9,1,173.05,94.77,100.00,0.37,195.14,0,100,100,90,90,0.5477,0.0209,8.9636
526411,PROFILE,ROASTING,396,200.0,27.0,1,173.03,94.76,100.00,0.18,194.94,0,100,100,90,90,0.5477,0.0209,8.9636
527242,PROFILE,ROASTING,397,200.0,27.0,1,173.02,94.75,100.00,0.08,194.84,0,100,100,90,90,0.5477,0.0209,8.9636
528249,PROFILE,ROASTING,398,200.0,27.0,1,173.01,94.75,100.00,0.03,194.78,0,100,100,90,90,0.5477,0.0209,8.9636
529251,PROFILE,ROASTING,399,200.0,26.9,1,173.05,94.77,100.00,0.15,194.92,0,100,100,90,90,0.5477,0.0209,8.9636
530248,PROFILE,ROASTING,400,200.0,27.0,1,173.03,94.76,100.00,0.03,194.79,0,100,100,90,90,0.5477,0.0209,8.9636
531246,PROFILE,ROASTING,401,200.0,26.9,1,173.14,94.82,100.00,0.36,195.18,0,100,100,90,90,0.5477,0.0209,8.9636
532400,PROFILE,ROASTING,402,200.0,27.0,1,172.97,94.73,100.00,-0.27,194.46,0,100,100,90,90,0.5477,0.0209,8.9636
533248,PROFILE,ROASTING,403,200.0,27.0,1,173.05,94.77,100.00,0.04,194.81,0,100,100,90,90,0.5477,0.0209,8.9636
534253,PROFILE,ROASTING,404,200.0,27.0,1,173.03,94.76,100.00,-0.03,194.73,0,100,100,90,90,0.5477,0.0209,8.9636
535256,PROFILE,ROASTING,405,200.0,27.1,1,172.91,94.69,100.00,-0.38,194.31,0,100,100,90,90,0.5477,0.0209,8.9636
536244,PROFILE,ROASTING,406,200.0,27.1,1,172.90,94.69,100.00,-0.27,194.42,0,100,100,90,90,0.5477,0.0209,8.9636
537255,PROFILE,ROASTING,407,200.0,27.0,1,172.96,94.72,100.00,-0.00,194.72,0,100,100,90,90,0.5477,0.0209,8.9636
538417,PROFILE,ROASTING,408,200.0,27.0,1,172.98,94.73,100.00,0.05,194.78,0,100,100,90,90,0.5477,0.0209,8.9636
539257,PROFILE,ROASTING,409,200.0,27.1,1,172.92,94.70,100.00,-0.12,194.58,0,100,100,90,90,0.5477,0.0209,8.9636
540260,PROFILE,ROASTING,410,200.0,27.0,1,172.96,94.72,100.00,0.02,194.74,0,100,100,90,90,0.5477,0.0209,8.9636
541257,PROFILE,ROASTING,411,200.0,27.0,1,173.02,94.76,100.00,0.21,194.96,0,100,100,90,90,0.5477,0.0209,8.9636
542263,PROFILE,ROASTING,412,200.0,26.9,1,173.08,94.79,100.00,0.29,195.08,0,100,100,90,90,0.5477,0.0209,8.9636
543267,PROFILE,ROASTING,413,200.0,27.0,1,172.98,94.73,100.00,-0.09,194.64,0,100,100,90,90,0.5477,0.0209,8.9636
544430,PROFILE,ROASTING,414,200.0,27.0,1,173.04,94.76,100.00,0.11,194.87,0,100,100,90,90,0.5477,0.0209,8.9636
545316,PROFILE,ROASTING,415,200.0,27.0,1,173.04,94.76,100.00,0.07,194.84,0,100,100,90,90,0.5477,0.0209,8.9636
546254,PROFILE,ROASTING,416,200.0,27.1,1,172.91,94.70,100.00,-0.33,194.37,0,100,100,90,90,0.5477,0.0209,8.9636
547260,PROFILE,ROASTING,417,200.0,27.1,1,172.89,94.68,100.00,-0.29,194.40,0,100,100,90,90,0.5477,0.0209,8.9636
548268,PROFILE,ROASTING,418,200.0,27.1,1,172.94,94.71,100.00,-0.04,194.67,0,100,100,90,90,0.5477,0.0209,8.9636
549269,PROFILE,ROASTING,419,200.0,27.0,1,172.96,94.73,100.00,0.05,194.78,0,100,100,90,90,0.5477,0.0209,8.9636
550404,PROFILE,ROASTING,420,200.0,27.1,1,172.87,94.67,100.00,-0.24,194.43,0,100,100,90,90,0.5477,0.0209,8.9636
551306,PROFILE,ROASTING,421,200.0,27.2,1,172.82,94.65,100.00,-0.32,194.32,0,100,100,90,90,0.5477,0.0209,8.9636
552242,PROFILE,ROASTING,422,200.0,27.0,1,172.96,94.72,100.00,0.21,194.93,0,100,100,90,90,0.5477,0.0209,8.9636
553246,PROFILE,ROASTING,423,200.0,27.2,1,172.82,94.65,100.00,-0.27,194.37,0,100,100,90,90,0.5477,0.0209,8.9636
554237,PROFILE,ROASTING,424,200.0,27.1,1,172.90,94.69,100.00,0.05,194.74,0,100,100,90,90,0.5477,0.0209,8.9636
555240,PROFILE,ROASTING,425,200.0,27.1,1,172.88,94.68,100.00,-0.02,194.66,0,100,100,90,90,0.5477,0.0209,8.9636
556410,PROFILE,ROASTING,426,200.0,27.1,1,172.87,94.67,100.00,-0.05,194.63,0,100,100,90,90,0.5477,0.0209,8.9636
557249,PROFILE,ROASTING,427,200.0,27.2,1,172.82,94.65,100.00,-0.19,194.46,0,100,100,90,90,0.5477,0.0209,8.9636
558252,PROFILE,ROASTING,428,200.0,27.2,1,172.79,94.63,100.00,-0.21,194.42,0,100,100,90,90,0.5477,0.0209,8.9636
559244,PROFILE,ROASTING,429,200.0,27.1,1,172.88,94.68,100.00,0.13,194.81,0,100,100,90,90,0.5477,0.0209,8.9636
560249,PROFILE,ROASTING,430,200.0,27.1,1,172.95,94.72,100.00,0.29,195.01,0,100,100,90,90,0.5477,0.0209,8.9636
561256,PROFILE,ROASTING,431,200.0,27.0,1,172.97,94.73,100.00,0.26,194.99,0,100,100,90,90,0.5477,0.0209,8.9636
562408,PROFILE,ROASTING,432,200.0,27.0,1,172.98,94.74,100.00,0.21,194.95,0,100,100,90,90,0.5477,0.0209,8.9636
563239,PROFILE,ROASTING,433,200.0,27.0,1,172.99,94.74,100.00,0.16,194.90,0,100,100,90,90,0.5477,0.0209,8.9636
564246,PROFILE,ROASTING,434,200.0,27.0,1,172.99,94.74,100.00,0.12,194.86,0,100,100,90,90,0.5477,0.0209,8.9636
565253,PROFILE,ROASTING,435,200.0,27.1,1,172.93,94.71,100.00,-0.10,194.61,0,100,100,90,90,0.5477,0.0209,8.9636
566254,PROFILE,ROASTING,436,200.0,27.0,1,173.03,94.76,100.00,0.21,194.96,0,100,100,90,90,0.5477,0.0209,8.9636
567262,PROFILE,ROASTING,437,200.0,27.1,1,172.91,94.69,100.00,-0.22,194.47,0,100,100,90,90,0.5477,0.0209,8.9636
568391,PROFILE,ROASTING,438,200.0,27.1,1,172.95,94.72,100.00,-0.02,194.69,0,100,100,90,90,0.5477,0.0209,8.9636
569257,PROFILE,ROASTING,439,200.0,27.2,1,172.80,94.63,100.00,-0.46,194.17,0,100,100,90,90,0.5477,0.0209,8.9636
570256,PROFILE,ROASTING,440,200.0,27.2,1,172.82,94.65,100.00,-0.23,194.42,0,100,100,90,90,0.5477,0.0209,8.9636
571257,PROFILE,ROASTING,441,200.0,27.2,1,172.84,94.66,100.00,-0.11,194.55,0,100,100,90,90,0.5477,0.0209,8.9636
572270,PROFILE,ROASTING,442,200.0,27.1,1,172.86,94.67,100.00,-0.00,194.67,0,100,100,90,90,0.5477,0.0209,8.9636
573256,PROFILE,ROASTING,443,200.0,27.1,1,172.86,94.67,100.00,-0.01,194.66,0,100,100,90,90,0.5477,0.0209,8.9636
574424,PROFILE,ROASTING,444,200.0,27.2,1,172.84,94.66,100.00,-0.06,194.60,0,100,100,90,90,0.5477,0.0209,8.9636
575266,PROFILE,ROASTING,445,200.0,27.1,1,172.90,94.69,100.00,0.12,194.81,0,100,100,90,90,0.5477,0.0209,8.9636
576270,PROFILE,ROASTING,446,200.0,27.1,1,172.89,94.69,100.00,0.08,194.76,0,100,100,90,90,0.5477,0.0209,8.9636
577261,PROFILE,ROASTING,447,200.0,27.0,1,173.02,94.76,100.00,0.42,195.18,0,100,100,90,90,0.5477,0.0209,8.9636
578260,PROFILE,ROASTING,448,200.0,27.0,1,173.01,94.75,100.00,0.26,195.01,0,100,100,90,90,0.5477,0.0209,8.9636
579261,PROFILE,ROASTING,449,200.0,26.9,1,173.05,94.77,100.00,0.30,195.07,0,100,100,90,90,0.5477,0.0209,8.9636
580422,PROFILE,ROASTING,450,200.0,27.0,1,172.98,94.74,100.00,-0.01,194.72,0,100,100,90,90,0.5477,0.0209,8.9636
581259,PROFILE,ROASTING,451,200.0,27.0,1,173.04,94.77,100.00,0.16,194.92,0,100,100,90,90,0.5477,0.0209,8.9636
582292,PROFILE,ROASTING,452,200.0,27.1,1,172.90,94.69,100.00,-0.32,194.37,0,100,100,90,90,0.5477,0.0209,8.9636
583241,PROFILE,ROASTING,453,200.0,27.0,1,172.99,94.74,100.00,0.06,194.80,0,100,100,90,90,0.5477,0.0209,8.9636
584244,PROFILE,ROASTING,454,200.0,27.0,1,172.99,94.74,100.00,0.06,194.80,0,100,100,90,90,0.5477,0.0209,8.9636
585246,PROFILE,ROASTING,455,200.0,26.9,1,173.12,94.81,100.00,0.42,195.23,0,100,100,90,90,0.5477,0.0209,8.9636
586382,PROFILE,ROASTING,456,200.0,26.9,1,173.08,94.79,100.00,0.17,194.96,0,100,100,90,90,0.5477,0.0209,8.9636
587243,PROFILE,ROASTING,457,200.0,27.0,1,173.03,94.76,100.00,-0.04,194.72,0,100,100,90,90,0.5477,0.0209,8.9636
588246,PROFILE,ROASTING,458,200.0,27.0,1,173.00,94.75,100.00,-0.12,194.63,0,100,100,90,90,0.5477,0.0209,8.9636
589247,PROFILE,ROASTING,459,200.0,27.0,1,172.97,94.73,100.00,-0.17,194.55,0,100,100,90,90,0.5477,0.0209,8.9636
590255,PROFILE,ROASTING,460,200.0,27.0,1,173.00,94.74,100.00,-0.03,194.71,0,100,100,90,90,0.5477,0.0209,8.9636
591253,PROFILE,ROASTING,461,200.0,27.1,1,172.94,94.71,100.00,-0.21,194.51,0,100,100,90,90,0.5477,0.0209,8.9636
592410,PROFILE,ROASTING,462,200.0,27.1,1,172.90,94.69,100.00,-0.24,194.45,0,100,100,90,90,0.5477,0.0209,8.9636
593251,PROFILE,ROASTING,463,200.0,27.1,1,172.94,94.71,100.00,-0.03,194.68,0,100,100,90,90,0.5477,0.0209,8.9636
594249,PROFILE,ROASTING,464,200.0,27.0,1,173.03,94.76,100.00,0.24,195.00,0,100,100,90,90,0.5477,0.0209,8.9636
595240,PROFILE,ROASTING,465,200.0,27.0,1,173.02,94.75,100.00,0.12,194.87,0,100,100,90,90,0.5477,0.0209,8.9636
596250,PROFILE,ROASTING,466,200.0,27.1,1,172.95,94.72,100.00,-0.13,194.58,0,100,100,90,90,0.5477,0.0209,8.9636
597253,PROFILE,ROASTING,467,200.0,27.1,1,172.89,94.69,100.00,-0.25,194.43,0,100,100,90,90,0.5477,0.0209,8.9636
598412,PROFILE,ROASTING,468,200.0,27.0,1,173.00,94.75,100.00,0.16,194.91,0,100,100,90,90,0.5477,0.0209,8.9636
599245,PROFILE,ROASTING,469,200.0,27.0,1,172.95,94.72,100.00,-0.04,194.68,0,100,100,90,90,0.5477,0.0209,8.9636
600304,PROFILE,ROASTING,470,200.0,27.1,1,172.86,94.67,100.00,-0.29,194.38,0,100,100,90,90,0.5477,0.0209,8.9636
601254,PROFILE,ROASTING,471,200.0,27.1,1,172.88,94.68,100.00,-0.16,194.52,0,100,100,90,90,0.5477,0.0209,8.9636
602264,PROFILE,ROASTING,472,200.0,27.2,1,172.82,94.65,100.00,-0.27,194.38,0,100,100,90,90,0.5477,0.0209,8.9636
603263,PROFILE,ROASTING,473,200.0,27.0,1,172.99,94.74,100.00,0.33,195.07,0,100,100,90,90,0.5477,0.0209,8.9636
604426,PROFILE,ROASTING,474,200.0,27.1,1,172.89,94.68,100.00,-0.10,194.59,0,100,100,90,90,0.5477,0.0209,8.9636
605311,PROFILE,ROASTING,475,200.0,27.1,1,172.87,94.68,100.00,-0.10,194.57,0,100,100,90,90,0.5477,0.0209,8.9636
606262,PROFILE,ROASTING,476,200.0,27.2,1,172.82,94.65,100.00,-0.23,194.42,0,100,100,90,90,0.5477,0.0209,8.9636
607265,PROFILE,ROASTING,477,200.0,27.3,1,172.73,94.60,100.00,-0.43,194.16,0,100,100,90,90,0.5477,0.0209,8.9636
608271,PROFILE,ROASTING,478,200.0,27.0,1,173.03,94.76,100.00,0.63,195.39,0,100,100,90,90,0.5477,0.0209,8.9636
609272,PROFILE,ROASTING,479,200.0,26.8,1,173.18,94.84,100.00,0.84,195.68,0,100,100,90,90,0.5477,0.0209,8.9636
610406,PROFILE,ROASTING,480,200.0,26.9,1,173.08,94.79,100.00,0.29,195.08,0,100,100,90,90,0.5477,0.0209,8.9636
611262,PROFILE,ROASTING,481,200.0,27.1,1,172.94,94.71,100.00,-0.24,194.47,0,100,100,90,90,0.5477,0.0209,8.9636
612260,PROFILE,ROASTING,482,200.0,27.0,1,172.96,94.73,100.00,-0.08,194.64,0,100,100,90,90,0.5477,0.0209,8.9636
613267,PROFILE,ROASTING,483,200.0,27.0,1,172.98,94.73,100.00,-0.01,194.73,0,100,100,90,90,0.5477,0.0209,8.9636
614231,PROFILE,ROASTING,484,200.0,27.0,1,173.04,94.76,100.00,0.16,194.93,0,100,100,90,90,0.5477,0.0209,8.9636
615241,PROFILE,ROASTING,485,200.0,27.0,1,173.02,94.76,100.00,0.06,194.82,0,100,100,90,90,0.5477,0.0209,8.9636
616405,PROFILE,ROASTING,486,200.0,26.9,1,173.07,94.79,100.00,0.20,194.99,0,100,100,90,90,0.5477,0.0209,8.9636
617244,PROFILE,ROASTING,487,200.0,27.0,1,172.98,94.73,100.00,-0.15,194.58,0,100,100,90,90,0.5477,0.0209,8.9636
618249,PROFILE,ROASTING,488,200.0,26.9,1,173.05,94.77,100.00,0.11,194.89,0,100,100,90,90,0.5477,0.0209,8.9636
619239,PROFILE,ROASTING,489,200.0,26.9,1,173.08,94.79,100.00,0.15,194.94,0,100,100,90,90,0.5477,0.0209,8.9636
620248,PROFILE,ROASTING,490,200.0,26.9,1,173.10,94.80,100.00,0.19,194.99,0,100,100,90,90,0.5477,0.0209,8.9636
621252,PROFILE,ROASTING,491,200.0,26.8,1,173.17,94.84,100.00,0.32,195.15,0,100,100,90,90,0.5477,0.0209,8.9636
622412,PROFILE,ROASTING,492,200.0,27.0,1,173.03,94.76,100.00,-0.20,194.57,0,100,100,90,90,0.5477,0.0209,8.9636
623244,PROFILE,ROASTING,493,200.0,26.9,1,173.13,94.81,100.00,0.15,194.97,0,100,100,90,90,0.5477,0.0209,8.9636
624246,PROFILE,ROASTING,494,200.0,27.0,1,173.02,94.76,100.00,-0.20,194.55,0,100,100,90,90,0.5477,0.0209,8.9636
625256,PROFILE,ROASTING,495,200.0,27.0,1,172.95,94.72,100.00,-0.36,194.36,0,100,100,90,90,0.5477,0.0209,8.9636
626249,PROFILE,ROASTING,496,200.0,27.0,1,172.97,94.73,100.00,-0.17,194.56,0,100,100,90,90,0.5477,0.0209,8.9636
627255,PROFILE,ROASTING,497,200.0,27.0,1,172.98,94.74,100.00,-0.08,194.66,0,100,100,90,90,0.5477,0.0209,8.9636
628393,PROFILE,ROASTING,498,200.0,27.0,1,173.02,94.76,100.00,0.06,194.82,0,100,100,90,90,0.5477,0.0209,8.9636
629253,PROFILE,ROASTING,499,200.0,27.1,1,172.90,94.69,100.00,-0.32,194.38,0,100,100,90,90,0.5477,0.0209,8.9636
32314,PROFILE,PREHEAT,0,165.0,26.7,1,1.00,0.55,0.02,-0.00,0.57,0,1,0,100,0,0.5477,0.0209,8.9636
33206,PROFILE,PREHEAT,0,165.0,26.7,1,1.98,1.09,0.06,-0.06,1.09,0,1,0,100,44,0.5477,0.0209,8.9636
34432,PROFILE,PREHEAT,0,165.0,26.7,1,2.97,1.63,0.12,-0.07,1.68,0,2,1,100,100,0.5477,0.0209,8.9636
35281,PROFILE,PREHEAT,0,165.0,26.6,1,4.14,2.27,0.21,0.45,2.93,0,3,2,100,100,0.5477,0.0209,8.9636
36239,PROFILE,PREHEAT,0,165.0,26.6,1,5.06,2.77,0.32,0.07,3.15,0,3,3,100,100,0.5477,0.0209,8.9636
37245,PROFILE,PREHEAT,0,165.0,26.7,1,6.01,3.29,0.44,-0.09,3.65,0,4,3,100,100,0.5477,0.0209,8.9636
38248,PROFILE,PREHEAT,0,165.0,26.7,1,6.97,3.82,0.59,-0.18,4.23,0,4,4,100,100,0.5477,0.0209,8.9636
39318,PROFILE,PREHEAT,0,165.0,26.7,1,7.98,4.37,0.76,-0.09,5.03,0,5,4,100,100,0.5477,0.0209,8.9636
40258,PROFILE,PREHEAT,0,165.0,26.6,1,9.10,4.98,0.95,0.28,6.21,0,6,5,100,100,0.5477,0.0209,8.9636
41243,PROFILE,PREHEAT,0,165.0,26.5,1,10.21,5.59,1.16,0.52,7.27,0,7,6,100,100,0.5477,0.0209,8.9636
42252,PROFILE,PREHEAT,0,165.0,26.6,1,11.11,6.09,1.39,0.06,7.54,0,8,7,100,100,0.5477,0.0209,8.9636
43257,PROFILE,PREHEAT,0,165.0,26.8,1,11.92,6.53,1.64,-0.53,7.63,0,8,8,100,100,0.5477,0.0209,8.9636
44248,PROFILE,PREHEAT,0,165.0,26.8,1,12.87,7.05,1.91,-0.49,8.47,0,8,8,100,100,0.5477,0.0209,8.9636
45385,PROFILE,PREHEAT,0,165.0,27.0,1,13.69,7.50,2.20,-0.87,8.82,0,9,8,100,100,0.5477,0.0209,8.9636
46245,PROFILE,PREHEAT,0,165.0,27.2,1,14.48,7.93,2.50,-1.22,9.21,0,9,9,100,100,0.5477,0.0209,8.9636
47249,PROFILE,PREHEAT,0,165.0,27.4,1,15.30,8.38,2.82,-1.35,9.84,0,10,9,100,100,0.5477,0.0209,8.9636
48243,PROFILE,PREHEAT,0,165.0,27.7,1,16.04,8.78,3.15,-1.67,10.26,0,10,10,100,100,0.5477,0.0209,8.9636
49253,PROFILE,PREHEAT,0,165.0,27.8,1,16.96,9.29,3.51,-1.36,11.43,0,11,10,100,100,0.5477,0.0209,8.9636
50257,PROFILE,PREHEAT,0,165.0,28.2,1,17.54,9.60,3.88,-2.17,11.31,0,11,11,100,100,0.5477,0.0209,8.9636
51389,PROFILE,PREHEAT,0,165.0,28.4,1,18.27,10.00,4.26,-2.25,12.01,0,12,11,100,100,0.5477,0.0209,8.9636
52245,PROFILE,PREHEAT,0,165.0,28.9,1,18.85,10.32,4.65,-2.74,12.23,0,12,12,100,100,0.5477,0.0209,8.9636
53249,PROFILE,PREHEAT,0,165.0,29.3,1,19.40,10.62,5.06,-3.18,12.50,0,12,12,100,100,0.5477,0.0209,8.9636
54262,PROFILE,PREHEAT,0,165.0,29.6,1,20.10,11.01,5.48,-3.02,13.46,0,13,12,100,100,0.5477,0.0209,8.9636
55258,PROFILE,PREHEAT,0,165.0,30.1,1,20.58,11.27,5.91,-3.55,13.63,0,14,13,100,100,0.5477,0.0209,8.9636
56258,PROFILE,PREHEAT,0,165.0,30.6,1,21.14,11.58,6.35,-3.70,14.23,0,14,14,100,100,0.5477,0.0209,8.9636
57391,PROFILE,PREHEAT,0,165.0,31.1,1,21.56,11.81,6.80,-4.19,14.42,0,14,14,100,100,0.5477,0.0209,8.9636
58263,PROFILE,PREHEAT,0,165.0,31.6,1,22.11,12.11,7.26,-4.14,15.23,0,15,14,100,100,0.5477,0.0209,8.9636
59265,PROFILE,PREHEAT,0,165.0,32.0,1,22.70,12.43,7.74,-3.98,16.18,0,16,15,100,100,0.5477,0.0209,8.9636
60304,PROFILE,PREHEAT,0,165.0,32.4,1,23.34,12.78,8.23,-3.72,17.29,0,17,16,100,100,0.5477,0.0209,8.9636
61261,PROFILE,PREHEAT,0,165.0,32.9,1,23.78,13.03,8.72,-4.15,17.60,0,18,17,100,100,0.5477,0.0209,8.9636
62254,PROFILE,PREHEAT,0,165.0,33.6,1,24.13,13.21,9.23,-4.73,17.71,0,18,18,100,100,0.5477,0.0209,8.9636
63404,PROFILE,PREHEAT,0,165.0,34.3,1,24.38,13.35,9.74,-5.38,17.71,0,18,18,100,100,0.5477,0.0209,8.9636
64235,PROFILE,PREHEAT,0,165.0,34.9,1,24.80,13.58,10.26,-5.31,18.53,0,19,18,100,100,0.5477,0.0209,8.9636
65241,PROFILE,PREHEAT,0,165.0,35.6,1,25.09,13.74,10.78,-5.67,18.85,0,19,19,100,100,0.5477,0.0209,8.9636
66233,PROFILE,PREHEAT,0,165.0,36.2,1,25.49,13.96,11.31,-5.59,19.68,0,20,19,100,100,0.5477,0.0209,8.9636
67244,PROFILE,PREHEAT,0,165.0,37.0,1,25.75,14.10,11.85,-5.91,20.05,0,20,20,100,100,0.5477,0.0209,8.9636
68247,PROFILE,PREHEAT,0,165.0,37.6,1,26.12,14.31,12.40,-5.82,20.88,0,21,20,100,100,0.5477,0.0209,8.9636
69385,PROFILE,PREHEAT,0,165.0,38.3,1,26.40,14.46,12.95,-6.06,21.35,0,21,21,100,100,0.5477,0.0209,8.9636
70246,PROFILE,PREHEAT,0,165.0,39.0,1,26.69,14.62,13.51,-6.15,21.97,0,22,21,100,100,0.5477,0.0209,8.9636
71236,PROFILE,PREHEAT,0,165.0,39.7,1,26.96,14.77,14.07,-6.27,22.57,0,23,22,100,100,0.5477,0.0209,8.9636
72250,PROFILE,PREHEAT,0,165.0,40.5,1,27.23,14.91,14.64,-6.38,23.17,0,23,23,100,100,0.5477,0.0209,8.9636
73250,PROFILE,PREHEAT,0,165.0,41.3,1,27.45,15.03,15.22,-6.57,23.69,0,24,23,100,100,0.5477,0.0209,8.9636
74256,PROFILE,PREHEAT,0,165.0,42.1,1,27.64,15.14,15.80,-6.80,24.14,0,24,24,100,100,0.5477,0.0209,8.9636
75375,PROFILE,PREHEAT,0,165.0,42.6,1,28.06,15.37,16.38,-6.27,25.48,0,25,24,100,100,0.5477,0.0209,8.9636
76247,PROFILE,PREHEAT,0,165.0,43.6,1,28.13,15.40,16.97,-6.97,25.40,0,25,25,100,100,0.5477,0.0209,8.9636
77248,PROFILE,PREHEAT,0,165.0,44.3,1,28.36,15.53,17.56,-6.92,26.17,0,26,25,100,100,0.5477,0.0209,8.9636
78248,PROFILE,PREHEAT,0,165.0,45.1,1,28.58,15.65,18.16,-6.97,26.84,0,27,26,100,100,0.5477,0.0209,8.9636
79254,PROFILE,PREHEAT,0,165.0,46.0,1,28.74,15.74,18.76,-7.14,27.37,0,27,27,100,100,0.5477,0.0209,8.9636
80244,PROFILE,PREHEAT,0,165.0,46.7,1,29.02,15.90,19.37,-6.91,28.36,0,28,27,100,100,0.5477,0.0209,8.9636
81396,PROFILE,PREHEAT,0,165.0,47.6,1,29.15,15.97,19.98,-7.21,28.73,0,29,28,100,100,0.5477,0.0209,8.9636
82249,PROFILE,PREHEAT,0,165.0,48.4,1,29.27,16.03,20.59,-7.44,29.18,0,29,29,100,100,0.5477,0.0209,8.9636
83254,PROFILE,PREHEAT,0,165.0,49.1,1,29.63,16.23,21.21,-6.86,30.58,0,31,29,100,100,0.5477,0.0209,8.9636
84255,PROFILE,PREHEAT,0,165.0,50.1,1,29.62,16.22,21.83,-7.61,30.44,0,30,31,100,100,0.5477,0.0209,8.9636
85250,PROFILE,PREHEAT,0,165.0,50.9,1,29.77,16.30,22.45,-7.62,31.14,0,31,30,100,100,0.5477,0.0209,8.9636
86264,PROFILE,PREHEAT,0,165.0,51.9,1,29.85,16.35,23.08,-7.82,31.61,0,32,31,100,100,0.5477,0.0209,8.9636
87394,PROFILE,PREHEAT,0,165.0,52.8,1,29.94,16.40,23.70,-7.92,32.18,0,32,32,100,100,0.5477,0.0209,8.9636
88260,PROFILE,PREHEAT,0,165.0,53.6,1,30.07,16.47,24.33,-7.88,32.93,0,33,32,100,100,0.5477,0.0209,8.9636
89254,PROFILE,PREHEAT,0,165.0,54.4,1,30.29,16.59,24.97,-7.60,33.96,0,34,33,100,100,0.5477,0.0209,8.9636
90264,PROFILE,PREHEAT,0,165.0,55.3,1,30.46,16.68,25.60,-7.55,34.73,0,35,34,100,100,0.5477,0.0209,8.9636
91264,PROFILE,PREHEAT,0,165.0,56.2,1,30.52,16.71,26.24,-7.84,35.12,0,35,35,100,100,0.5477,0.0209,8.9636
92259,PROFILE,PREHEAT,0,165.0,57.2,1,30.49,16.70,26.88,-8.29,35.29,0,35,35,100,100,0.5477,0.0209,8.9636
93387,PROFILE,PREHEAT,0,165.0,58.2,1,30.54,16.73,27.52,-8.38,35.87,0,36,35,100,100,0.5477,0.0209,8.9636
94264,PROFILE,PREHEAT,0,165.0,59.0,1,30.66,16.79,28.16,-8.21,36.74,0,37,36,100,100,0.5477,0.0209,8.9636
95303,PROFILE,PREHEAT,0,165.0,60.0,1,30.68,16.80,28.80,-8.40,37.20,0,37,37,100,100,0.5477,0.0209,8.9636
96241,PROFILE,PREHEAT,0,165.0,61.0,1,30.69,16.81,29.44,-8.55,37.70,0,38,37,100,100,0.5477,0.0209,8.9636
97240,PROFILE,PREHEAT,0,165.0,62.0,1,30.73,16.83,30.08,-8.58,38.34,0,38,38,100,100,0.5477,0.0209,8.9636
98236,PROFILE,PREHEAT,0,165.0,63.0,1,30.72,16.82,30.73,-8.74,38.82,0,39,38,100,100,0.5477,0.0209,8.9636
99384,PROFILE,PREHEAT,0,165.0,64.2,1,30.54,16.73,31.37,-9.34,38.75,0,39,39,100,100,0.5477,0.0209,8.9636
100247,PROFILE,PREHEAT,0,165.0,65.1,1,30.61,16.77,32.01,-9.00,39.77,0,40,39,100,100,0.5477,0.0209,8.9636
101245,PROFILE,PREHEAT,0,165.0,66.2,1,30.50,16.70,32.64,-9.33,40.01,0,40,40,100,100,0.5477,0.0209,8.9636
102247,PROFILE,PREHEAT,0,165.0,67.4,1,30.26,16.57,33.28,-9.92,39.93,0,40,40,100,100,0.5477,0.0209,8.9636
103238,PROFILE,PREHEAT,0,165.0,68.8,1,29.96,16.41,33.90,-10.51,39.80,0,40,40,100,100,0.5477,0.0209,8.9636
104249,PROFILE,PREHEAT,0,165.0,69.9,1,29.80,16.32,34.53,-10.46,40.38,0,40,40,100,100,0.5477,0.0209,8.9636
105392,PROFILE,PREHEAT,0,165.0,71.2,1,29.49,16.15,35.14,-10.88,40.42,0,40,40,100,100,0.5477,0.0209,8.9636
106249,PROFILE,PREHEAT,0,165.0,72.4,1,29.26,16.02,35.75,-10.94,40.84,0,41,40,100,100,0.5477,0.0209,8.9636
107244,PROFILE,PREHEAT,0,165.0,74.1,1,28.63,15.68,36.35,-12.17,39.86,0,40,41,100,100,0.5477,0.0209,8.9636
108243,PROFILE,PREHEAT,0,165.0,75.7,1,28.05,15.36,36.94,-12.82,39.49,0,39,40,100,100,0.5477,0.0209,8.9636
109298,PROFILE,PREHEAT,0,165.0,77.1,1,27.56,15.09,37.52,-13.01,39.60,0,40,39,100,100,0.5477,0.0209,8.9636
110253,PROFILE,PREHEAT,0,165.0,78.6,1,27.11,14.85,38.08,-13.01,39.92,0,40,40,100,100,0.5477,0.0209,8.9636
111381,PROFILE,PREHEAT,0,165.0,80.1,1,26.56,14.54,38.64,-13.30,39.88,0,40,40,100,100,0.5477,0.0209,8.9636
112246,PROFILE,PREHEAT,0,165.0,81.6,1,26.12,14.31,39.19,-13.16,40.34,0,40,40,100,100,0.5477,0.0209,8.9636
113254,PROFILE,PREHEAT,0,165.0,83.1,1,25.60,14.02,39.72,-13.33,40.41,0,40,40,100,100,0.5477,0.0209,8.9636
114253,PROFILE,PREHEAT,0,165.0,84.7,1,24.97,13.68,40.24,-13.74,40.18,0,40,40,100,100,0.5477,0.0209,8.9636
115255,PROFILE,PREHEAT,0,165.0,86.2,1,24.48,13.41,40.75,-13.61,40.55,0,41,40,100,100,0.5477,0.0209,8.9636
116249,PROFILE,PREHEAT,0,165.0,87.7,1,23.99,13.14,41.26,-13.54,40.85,0,41,41,100,100,0.5477,0.0209,8.9636
117388,PROFILE,PREHEAT,0,165.0,89.2,1,23.47,12.86,41.75,-13.55,41.05,0,41,41,100,100,0.5477,0.0209,8.9636
118263,PROFILE,PREHEAT,0,165.0,90.7,1,22.97,12.58,42.23,-13.54,41.27,0,41,41,100,100,0.5477,0.0209,8.9636
119262,PROFILE,PREHEAT,0,165.0,92.2,1,22.53,12.34,42.70,-13.33,41.70,0,42,41,100,100,0.5477,0.0209,8.9636
120303,PROFILE,PREHEAT,0,165.0,93.6,1,22.10,12.11,43.16,-13.13,42.14,0,42,42,100,100,0.5477,0.0209,8.9636
121263,PROFILE,PREHEAT,0,165.0,94.8,1,21.87,11.98,43.62,-12.45,43.15,0,43,42,100,100,0.5477,0.0209,8.9636
122258,PROFILE,PREHEAT,0,165.0,96.2,1,21.53,11.79,44.07,-12.29,43.57,0,44,43,100,100,0.5477,0.0209,8.9636
123407,PROFILE,PREHEAT,0,165.0,97.6,1,21.16,11.59,44.51,-12.31,43.79,0,44,44,100,100,0.5477,0.0209,8.9636
124259,PROFILE,PREHEAT,0,165.0,98.9,1,20.83,11.41,44.95,-12.15,44.20,0,44,44,100,100,0.5477,0.0209,8.9636
125261,PROFILE,PREHEAT,0,165.0,100.1,1,20.62,11.29,45.38,-11.72,44.95,0,45,44,100,100,0.5477,0.0209,8.9636
126253,PROFILE,PREHEAT,0,165.0,101.3,1,20.38,11.16,45.80,-11.53,45.43,0,45,45,100,100,0.5477,0.0209,8.9636
127245,PROFILE,PREHEAT,0,165.0,102.6,1,20.13,11.03,46.23,-11.41,45.84,0,46,45,100,100,0.5477,0.0209,8.9636
128244,PROFILE,PREHEAT,0,165.0,103.8,1,19.93,10.92,46.64,-11.20,46.36,0,46,46,100,100,0.5477,0.0209,8.9636
129381,PROFILE,PREHEAT,0,165.0,104.8,1,19.93,10.91,47.06,-10.46,47.51,0,48,46,100,100,0.5477,0.0209,8.9636
130230,PROFILE,PREHEAT,0,165.0,105.7,1,20.00,10.95,47.48,-9.74,48.69,0,49,48,100,100,0.5477,0.0209,8.9636
131246,PROFILE,PREHEAT,0,165.0,106.9,1,19.76,10.82,47.89,-10.19,48.52,0,49,49,100,100,0.5477,0.0209,8.9636
132247,PROFILE,PREHEAT,0,165.0,107.9,1,19.83,10.86,48.31,-9.58,49.59,0,50,49,100,100,0.5477,0.0209,8.9636
133247,PROFILE,PREHEAT,0,165.0,108.9,1,19.79,10.84,48.72,-9.49,50.07,0,50,50,100,100,0.5477,0.0209,8.9636
134247,PROFILE,PREHEAT,0,165.0,110.0,1,19.76,10.82,49.13,-9.43,50.52,0,51,50,100,100,0.5477,0.0209,8.9636
135365,PROFILE,PREHEAT,0,165.0,110.8,1,19.86,10.88,49.55,-8.96,51.46,0,51,51,100,100,0.5477,0.0209,8.9636
136246,PROFILE,PREHEAT,0,165.0,111.8,1,19.89,10.89,49.96,-8.88,51.97,0,52,51,100,100,0.5477,0.0209,8.9636
137253,PROFILE,PREHEAT,0,165.0,112.7,1,20.00,10.95,50.38,-8.58,52.75,0,53,52,100,100,0.5477,0.0209,8.9636
138260,PROFILE,PREHEAT,0,165.0,113.6,1,20.09,11.00,50.80,-8.43,53.37,0,53,53,100,100,0.5477,0.0209,8.9636
139252,PROFILE,PREHEAT,0,165.0,114.5,1,20.20,11.06,51.22,-8.27,54.02,0,54,53,100,100,0.5477,0.0209,8.9636
140240,PROFILE,PREHEAT,0,165.0,115.3,1,20.36,11.15,51.65,-8.03,54.77,0,55,54,100,100,0.5477,0.0209,8.9636
141393,PROFILE,PREHEAT,0,165.0,116.1,1,20.65,11.31,52.08,-7.47,55.93,0,56,55,100,100,0.5477,0.0209,8.9636
142247,PROFILE,PREHEAT,0,165.0,116.9,1,20.80,11.39,52.52,-7.52,56.39,0,56,56,100,100,0.5477,0.0209,8.9636
143249,PROFILE,PREHEAT,0,165.0,117.6,1,21.09,11.55,52.96,-7.15,57.36,0,57,56,100,100,0.5477,0.0209,8.9636
144245,PROFILE,PREHEAT,0,165.0,118.3,1,21.41,11.72,53.41,-6.80,58.33,0,58,57,100,100,0.5477,0.0209,8.9636
145254,PROFILE,PREHEAT,0,165.0,119.1,1,21.62,11.84,53.86,-6.90,58.80,0,59,58,100,100,0.5477,0.0209,8.9636
146258,PROFILE,PREHEAT,0,165.0,119.8,1,21.89,11.99,54.32,-6.77,59.54,0,60,59,100,100,0.5477,0.0209,8.9636
147394,PROFILE,PREHEAT,0,165.0,120.5,1,22.19,12.15,54.78,-6.62,60.31,0,60,60,100,100,0.5477,0.0209,8.9636
148258,PROFILE,PREHEAT,0,165.0,121.4,1,22.30,12.22,55.25,-7.04,60.42,0,60,60,100,100,0.5477,0.0209,8.9636
149250,PROFILE,PREHEAT,0,165.0,122.1,1,22.64,12.40,55.72,-6.69,61.43,0,61,60,100,100,0.5477,0.0209,8.9636
150255,PROFILE,PREHEAT,0,165.0,122.6,1,23.06,12.63,56.20,-6.19,62.64,0,63,61,100,100,0.5477,0.0209,8.9636
151262,PROFILE,PREHEAT,0,165.0,123.4,1,23.30,12.76,56.69,-6.41,63.04,0,63,63,100,100,0.5477,0.0209,8.9636
152265,PROFILE,PREHEAT,0,165.0,124.0,1,23.66,12.96,57.18,-6.16,63.98,0,64,63,100,100,0.5477,0.0209,8.9636
153389,PROFILE,PREHEAT,0,165.0,124.9,1,23.85,13.06,57.68,-6.52,64.22,0,64,64,100,100,0.5477,0.0209,8.9636
154266,PROFILE,PREHEAT,0,165.0,125.6,1,24.12,13.21,58.19,-6.55,64.85,0,65,64,100,100,0.5477,0.0209,8.9636
155263,PROFILE,PREHEAT,0,165.0,126.3,1,24.38,13.35,58.70,-6.58,65.46,0,65,65,100,100,0.5477,0.0209,8.9636
156309,PROFILE,PREHEAT,0,165.0,127.0,1,24.69,13.52,59.21,-6.43,66.31,0,66,65,100,100,0.5477,0.0209,8.9636
157289,PROFILE,PREHEAT,0,165.0,127.8,1,24.87,13.62,59.73,-6.74,66.61,0,67,66,100,100,0.5477,0.0209,8.9636
158231,PROFILE,PREHEAT,0,165.0,128.5,1,25.19,13.80,60.26,-6.53,67.53,0,68,67,100,100,0.5477,0.0209,8.9636
159383,PROFILE,PREHEAT,0,165.0,129.1,1,25.64,14.04,60.80,-6.01,68.82,0,69,68,100,100,0.5477,0.0209,8.9636
160239,PROFILE,PREHEAT,0,165.0,129.9,1,25.82,14.14,61.34,-6.43,69.04,0,69,69,100,100,0.5477,0.0209,8.9636
161251,PROFILE,PREHEAT,0,165.0,130.7,1,25.99,14.23,61.88,-6.77,69.34,0,69,69,100,100,0.5477,0.0209,8.9636
162234,PROFILE,PREHEAT,0,165.0,131.5,1,26.24,14.37,62.43,-6.75,70.05,0,70,69,100,100,0.5477,0.0209,8.9636
163250,PROFILE,PREHEAT,0,165.0,132.3,1,26.40,14.46,62.98,-7.02,70.42,0,70,70,100,100,0.5477,0.0209,8.9636
164249,PROFILE,PREHEAT,0,165.0,133.1,1,26.61,14.57,63.54,-7.03,71.08,0,71,70,100,100,0.5477,0.0209,8.9636
165381,PROFILE,PREHEAT,0,165.0,133.9,1,26.76,14.66,64.10,-7.22,71.53,0,72,71,100,100,0.5477,0.0209,8.9636
166249,PROFILE,PREHEAT,0,165.0,134.9,1,26.79,14.67,64.66,-7.74,71.59,0,72,72,100,100,0.5477,0.0209,8.9636
167241,PROFILE,PREHEAT,0,165.0,135.6,1,27.08,14.83,65.22,-7.27,72.79,0,73,72,100,100,0.5477,0.0209,8.9636
168252,PROFILE,PREHEAT,0,165.0,136.7,1,27.03,14.80,65.79,-7.99,72.60,0,73,73,100,100,0.5477,0.0209,8.9636
169254,PROFILE,PREHEAT,0,165.0,137.5,1,27.20,14.90,66.36,-7.80,73.45,0,73,73,100,100,0.5477,0.0209,8.9636
170250,PROFILE,PREHEAT,0,165.0,138.3,1,26.71,14.63,66.92,-7.52,74.02,0,74,73,100,100,0.5477,0.0209,8.9636
171389,PROFILE,PREHEAT,0,165.0,139.2,1,25.84,14.15,67.46,-7.63,73.98,0,74,74,100,100,0.5477,0.0209,8.9636
172244,PROFILE,PREHEAT,0,165.0,140.3,1,24.74,13.55,67.97,-8.38,73.14,0,73,74,100,100,0.5477,0.0209,8.9636
173251,PROFILE,PREHEAT,0,165.0,141.3,1,23.74,13.00,68.47,-8.56,72.92,0,73,73,100,100,0.5477,0.0209,8.9636
174249,PROFILE,PREHEAT,0,165.0,142.3,1,22.75,12.46,68.95,-8.68,72.72,0,73,73,100,100,0.5477,0.0209,8.9636
175254,PROFILE,PREHEAT,0,165.0,143.3,1,21.70,11.88,69.40,-8.91,72.37,0,72,73,100,100,0.5477,0.0209,8.9636
176247,PROFILE,PREHEAT,0,165.0,144.3,1,20.72,11.35,69.83,-8.86,72.32,0,72,72,100,100,0.5477,0.0209,8.9636
177399,PROFILE,PREHEAT,0,165.0,145.1,1,19.86,10.88,70.25,-8.49,72.64,0,73,72,100,100,0.5477,0.0209,8.9636
178251,PROFILE,PREHEAT,0,165.0,146.0,1,18.98,10.40,70.65,-8.28,72.77,0,73,73,100,100,0.5477,0.0209,8.9636
179307,PROFILE,PREHEAT,0,165.0,147.1,1,17.94,9.83,71.02,-8.62,72.22,0,72,73,100,100,0.5477,0.0209,8.9636
180259,PROFILE,PREHEAT,0,165.0,148.0,1,16.97,9.29,71.38,-8.66,72.00,0,72,72,100,100,0.5477,0.0209,8.9636
181252,PROFILE,PREHEAT,0,165.0,149.0,1,16.04,8.79,71.71,-8.54,71.96,0,72,72,100,100,0.5477,0.0209,8.9636
182262,PROFILE,PREHEAT,0,165.0,149.9,1,15.13,8.29,72.03,-8.41,71.91,0,72,72,100,100,0.5477,0.0209,8.9636
183406,PROFILE,PREHEAT,0,165.0,150.7,1,14.29,7.83,72.33,-8.12,72.04,0,72,72,100,100,0.5477,0.0209,8.9636
184270,PROFILE,PREHEAT,0,165.0,151.5,1,13.46,7.37,72.61,-7.90,72.08,0,72,72,100,100,0.5477,0.0209,8.9636
185254,PROFILE,PREHEAT,0,165.0,152.3,1,12.65,6.93,72.87,-7.69,72.11,0,72,72,100,100,0.5477,0.0209,8.9636
186258,PROFILE,PREHEAT,0,165.0,153.2,1,11.82,6.47,73.12,-7.61,71.98,0,72,72,100,100,0.5477,0.0209,8.9636
187270,PROFILE,PREHEAT,0,165.0,154.0,1,10.96,6.00,73.35,-7.64,71.71,0,72,72,100,100,0.5477,0.0209,8.9636
188240,PROFILE,PREHEAT,0,165.0,154.9,1,10.09,5.52,73.56,-7.70,71.38,0,71,72,100,100,0.5477,0.0209,8.9636
189354,PROFILE,PREHEAT,0,165.0,155.7,1,9.31,5.10,73.75,-7.44,71.41,0,71,71,100,100,0.5477,0.0209,8.9636
190240,PROFILE,PREHEAT,0,165.0,156.3,1,8.74,4.79,73.94,-6.68,72.04,0,72,71,100,100,0.5477,0.0209,8.9636
191240,PROFILE,PREHEAT,0,165.0,156.8,1,8.18,4.48,74.11,-6.12,72.47,0,72,72,100,100,0.5477,0.0209,8.9636
192248,PROFILE,PREHEAT,0,165.0,157.7,1,7.32,4.01,74.26,-6.65,71.62,0,72,72,100,100,0.5477,0.0209,8.9636
193244,PROFILE,PREHEAT,0,165.0,158.2,1,6.77,3.71,74.40,-6.07,72.05,0,72,72,100,100,0.5477,0.0209,8.9636
194237,PROFILE,PREHEAT,0,165.0,159.0,1,5.98,3.28,74.53,-6.41,71.39,0,71,72,100,100,0.5477,0.0209,8.9636
195386,PROFILE,PREHEAT,0,165.0,159.6,1,5.40,2.96,74.64,-6.03,71.57,0,72,71,100,100,0.5477,0.0209,8.9636
196247,PROFILE,PREHEAT,0,165.0,160.2,1,4.83,2.65,74.74,-5.70,71.69,0,72,72,100,100,0.5477,0.0209,8.9636
197248,PROFILE,PREHEAT,0,165.0,160.8,1,4.19,2.29,74.83,-5.73,71.39,0,71,72,100,100,0.5477,0.0209,8.9636
198246,PROFILE,PREHEAT,0,165.0,161.4,1,3.62,1.98,74.91,-5.51,71.38,0,71,71,100,100,0.5477,0.0209,8.9636
199244,PROFILE,PREHEAT,0,165.0,161.9,1,3.07,1.68,74.97,-5.33,71.32,0,71,71,100,100,0.5477,0.0209,8.9636
200252,PROFILE,PREHEAT,0,165.0,162.4,1,2.63,1.44,75.02,-4.85,71.61,0,72,71,100,100,0.5477,0.0209,8.9636
201395,PROFILE,PREHEAT,0,165.0,163.0,1,2.01,1.10,75.07,-5.09,71.08,0,71,72,100,100,0.5477,0.0209,8.9636
202250,PROFILE,PREHEAT,0,165.0,163.6,1,1.38,0.76,75.10,-5.28,70.58,0,71,71,100,100,0.5477,0.0209,8.9636
203248,PROFILE,PREHEAT,0,165.0,164.1,1,0.93,0.51,75.12,-4.86,70.77,0,71,71,100,100,0.5477,0.0209,8.9636
204246,PROFILE,PREHEAT,0,165.0,164.6,1,0.35,0.19,75.12,-4.97,70.35,0,70,71,100,100,0.5477,0.0209,8.9636
205252,PROFILE,PREHEAT,0,165.0,165.0,1,-0.02,-0.01,75.12,-4.43,70.68,0,71,70,100,100,0.5477,0.0209,8.9636
206254,PROFILE,PREHEAT,0,165.0,165.5,1,-0.50,-0.27,75.11,-4.37,70.47,0,70,71,100,100,0.5477,0.0209,8.9636
207391,PROFILE,PREHEAT,0,165.0,166.0,1,-1.00,-0.55,75.09,-4.42,70.13,0,70,70,100,100,0.5477,0.0209,8.9636
208244,PROFILE,PREHEAT,0,165.0,166.4,1,-1.44,-0.79,75.06,-4.25,70.02,0,70,70,100,100,0.5477,0.0209,8.9636
209257,PROFILE,PREHEAT,0,165.0,166.8,1,-1.79,-0.98,75.02,-3.90,70.14,0,70,70,100,100,0.5477,0.0209,8.9636
210257,PROFILE,PREHEAT,0,165.0,167.1,1,-2.15,-1.18,74.98,-3.67,70.14,0,70,70,100,100,0.5477,0.0209,8.9636
211261,PROFILE,PREHEAT,0,165.0,167.6,1,-2.58,-1.41,74.92,-3.74,69.77,0,70,70,100,100,0.5477,0.0209,8.9636
212259,PROFILE,PREHEAT,0,165.0,167.9,1,-2.88,-1.57,74.86,-3.37,69.92,0,70,70,100,100,0.5477,0.0209,8.9636
213386,PROFILE,PREHEAT,0,165.0,168.1,1,-3.15,-1.72,74.80,-3.06,70.01,0,70,70,100,100,0.5477,0.0209,8.9636
214261,PROFILE,PREHEAT,0,165.0,168.5,1,-3.52,-1.93,74.73,-3.15,69.64,0,70,70,100,100,0.5477,0.0209,8.9636
215268,PROFILE,PREHEAT,0,165.0,162.6,1,2.43,1.33,74.78,15.67,91.77,0,92,70,100,100,0.5477,0.0209,8.9636
216263,PROFILE,PREHEAT,0,165.0,165.4,1,-0.45,-0.25,74.77,1.86,76.38,0,76,92,100,100,0.5477,0.0209,8.9636
217259,PROFILE,PREHEAT,0,165.0,167.0,1,-2.05,-1.12,74.72,-3.54,70.06,0,70,76,100,100,0.5477,0.0209,8.9636
218299,PROFILE,PREHEAT,0,165.0,168.4,1,-3.36,-1.84,74.65,-6.27,66.55,0,67,70,100,100,0.5477,0.0209,8.9636
219381,PROFILE,PREHEAT,0,165.0,169.0,1,-4.03,-2.21,74.57,-6.19,66.18,0,66,67,100,100,0.5477,0.0209,8.9636
220236,PROFILE,PREHEAT,0,165.0,169.7,1,-4.69,-2.57,74.47,-6.10,65.81,0,66,66,100,100,0.5477,0.0209,8.9636
221231,PROFILE,PREHEAT,0,165.0,170.2,1,-5.20,-2.85,74.36,-5.59,65.92,0,66,66,100,100,0.5477,0.0209,8.9636
222243,PROFILE,PREHEAT,0,165.0,170.5,1,-5.50,-3.01,74.25,-4.63,66.60,0,67,66,100,100,0.5477,0.0209,8.9636
223242,PROFILE,PREHEAT,0,165.0,170.8,1,-5.83,-3.19,74.13,-4.07,66.87,0,67,67,100,100,0.5477,0.0209,8.9636
224244,PROFILE,PREHEAT,0,165.0,171.2,1,-6.19,-3.39,74.00,-3.77,66.83,0,67,67,100,100,0.5477,0.0209,8.9636
225388,PROFILE,PREHEAT,0,165.0,171.6,1,-6.56,-3.59,73.86,-3.63,66.64,0,67,67,100,100,0.5477,0.0209,8.9636
226237,PROFILE,PREHEAT,0,165.0,171.9,1,-6.92,-3.79,73.71,-3.51,66.41,0,66,67,100,100,0.5477,0.0209,8.9636
227246,PROFILE,PREHEAT,0,165.0,172.1,1,-7.13,-3.90,73.57,-2.95,66.71,0,67,66,100,100,0.5477,0.0209,8.9636
228257,PROFILE,PREHEAT,0,165.0,172.3,1,-7.34,-4.02,73.41,-2.60,66.80,0,67,67,100,100,0.5477,0.0209,8.9636
229247,PROFILE,PREHEAT,0,165.0,172.8,1,-7.85,-4.30,73.25,-3.25,65.70,0,66,67,100,100,0.5477,0.0209,8.9636
230257,PROFILE,PREHEAT,0,165.0,172.9,1,-7.87,-4.31,73.08,-2.23,66.55,0,67,66,100,100,0.5477,0.0209,8.9636
231379,PROFILE,PREHEAT,0,165.0,172.9,1,-7.86,-4.31,72.92,-1.47,67.14,0,67,67,100,100,0.5477,0.0209,8.9636
232250,PROFILE,PREHEAT,0,165.0,173.0,1,-8.03,0.00,0.00,0.00,0.00,1,0,67,100,100,0.5477,0.0209,8.9636
233253,PROFILE,PREHEAT,0,165.0,173.2,1,-8.19,0.00,0.00,0.00,0.00,1,0,0,100,100,0.5477,0.0209,8.9636
234254,PROFILE,PREHEAT,0,165.0,173.2,1,-8.20,0.00,0.00,0.00,0.00,1,0,0,100,100,0.5477,0.0209,8.9636
235251,PROFILE,PREHEAT,0,165.0,173.2,1,-8.21,0.00,0.00,0.00,0.00,1,0,0,100,100,0.5477,0.0209,8.9636
236250,PROFILE,PREHEAT,0,165.0,173.2,1,-8.16,0.00,0.00,0.00,0.00,1,0,0,100,100,0.5477,0.0209,8.9636
237394,PROFILE,PREHEAT,0,165.0,173.0,1,-8.04,0.00,0.00,0.00,0.00,1,0,0,100,100,0.5477,0.0209,8.9636
238250,PROFILE,PREHEAT,0,165.0,172.8,1,-7.79,-4.27,0.00,0.85,-3.42,0,0,0,100,100,0.5477,0.0209,8.9636
239247,PROFILE,PREHEAT,0,165.0,172.4,1,-7.37,-4.03,0.00,1.83,-2.20,0,0,0,100,100,0.5477,0.0209,8.9636
240246,PROFILE,PREHEAT,0,165.0,171.8,1,-6.75,-3.70,0.00,3.05,-0.64,0,0,0,100,100,0.5477,0.0209,8.9636
241259,PROFILE,PREHEAT,0,165.0,170.8,1,-5.80,-3.18,0.00,4.89,1.71,0,2,0,100,100,0.5477,0.0209,8.9636
242260,PROFILE,PREHEAT,0,165.0,169.5,1,-4.53,-2.48,0.00,7.06,4.58,0,5,2,100,100,0.5477,0.0209,8.9636
243401,PROFILE,PREHEAT,0,165.0,168.0,1,-3.00,-1.64,0.00,9.27,7.63,0,8,5,100,100,0.5477,0.0209,8.9636
244249,PROFILE,PREHEAT,0,165.0,166.3,1,-1.33,-0.73,0.00,11.17,10.45,0,10,8,100,100,0.5477,0.0209,8.9636
245314,PROFILE,PREHEAT,0,165.0,164.6,1,0.42,0.23,0.01,12.69,12.93,0,13,10,100,100,0.5477,0.0209,8.9636
246266,PROFILE,PREHEAT,0,165.0,162.7,1,2.30,1.26,0.06,14.07,15.38,0,15,13,100,100,0.5477,0.0209,8.9636
247265,PROFILE,PREHEAT,0,165.0,160.3,1,4.67,2.56,0.15,16.45,19.16,0,19,15,100,100,0.5477,0.0209,8.9636
4218,PROFILE,PREHEAT,0,165.0,36.9,1,3.00,1.64,0.06,-0.00,1.71,0,2,0,100,0,0.5477,0.0209,8.9636
5337,PROFILE,PREHEAT,0,165.0,36.8,1,6.06,3.32,0.19,0.19,3.70,0,4,0,100,55,0.5477,0.0209,8.9636
6222,PROFILE,PREHEAT,0,165.0,36.7,1,9.14,5.01,0.38,0.37,5.76,0,6,72,100,100,0.5477,0.0209,8.9636
7438,PROFILE,PREHEAT,0,165.0,36.6,1,12.27,6.72,0.64,0.62,7.97,0,8,74,100,100,0.5477,0.0209,8.9636
8219,PROFILE,PREHEAT,0,165.0,36.6,1,15.23,8.34,0.96,0.29,9.59,0,10,75,100,100,0.5477,0.0209,8.9636
9253,PROFILE,PREHEAT,0,165.0,36.8,1,18.07,9.90,1.33,-0.29,10.94,0,11,76,100,100,0.5477,0.0209,8.9636
10250,PROFILE,PREHEAT,0,165.0,36.9,1,20.91,11.45,1.77,-0.65,12.57,0,13,77,100,100,0.5477,0.0209,8.9636
11255,PROFILE,PREHEAT,0,165.0,37.2,1,23.62,12.94,2.26,-1.30,13.90,0,14,78,100,100,0.5477,0.0209,8.9636
12249,PROFILE,PREHEAT,0,165.0,37.8,1,26.07,14.28,2.81,-2.52,14.56,0,15,78,100,100,0.5477,0.0209,8.9636
13258,PROFILE,PREHEAT,0,165.0,38.7,1,28.13,15.41,3.40,-4.48,14.33,0,14,79,100,100,0.5477,0.0209,8.9636
14350,PROFILE,PREHEAT,0,165.0,40.0,1,29.90,16.38,4.02,-6.66,13.74,0,14,78,100,100,0.5477,0.0209,8.9636
15255,PROFILE,PREHEAT,0,165.0,41.4,1,31.49,17.25,4.68,-8.66,13.27,0,13,78,100,100,0.5477,0.0209,8.9636
16260,PROFILE,PREHEAT,0,165.0,43.2,1,32.67,17.89,5.36,-11.22,12.03,0,12,78,100,100,0.5477,0.0209,8.9636
17255,PROFILE,PREHEAT,0,165.0,45.5,1,33.41,18.30,6.06,-14.24,10.12,0,10,77,100,100,0.5477,0.0209,8.9636
18265,PROFILE,PREHEAT,0,165.0,47.8,1,34.10,18.68,6.77,-16.37,9.08,0,9,76,100,100,0.5477,0.0209,8.9636
19266,PROFILE,PREHEAT,0,165.0,50.4,1,34.45,18.87,7.49,-18.85,7.51,0,8,76,100,100,0.5477,0.0209,8.9636
20266,PROFILE,PREHEAT,0,165.0,53.2,1,34.63,18.97,8.22,-20.99,6.19,0,6,75,100,100,0.5477,0.0209,8.9636
21397,PROFILE,PREHEAT,0,165.0,56.2,1,34.63,18.97,8.94,-22.94,4.97,0,5,74,100,100,0.5477,0.0209,8.9636
22258,PROFILE,PREHEAT,0,165.0,59.3,1,34.53,18.91,9.66,-24.57,4.00,0,4,73,100,100,0.5477,0.0209,8.9636
23270,PROFILE,PREHEAT,0,165.0,62.5,1,34.33,18.80,10.38,-25.94,3.24,0,3,72,100,100,0.5477,0.0209,8.9636
24266,PROFILE,PREHEAT,0,165.0,65.7,1,34.12,18.69,11.09,-26.88,2.91,0,3,71,100,100,0.5477,0.0209,8.9636
25268,PROFILE,PREHEAT,0,165.0,69.1,1,33.71,18.46,11.80,-28.11,2.15,0,2,71,100,100,0.5477,0.0209,8.9636
26257,PROFILE,PREHEAT,0,165.0,72.6,1,33.24,18.21,12.49,-29.10,1.60,0,2,70,100,100,0.5477,0.0209,8.9636
27268,PROFILE,PREHEAT,0,165.0,76.0,1,32.86,17.99,13.18,-29.52,1.65,0,2,70,100,100,0.5477,0.0209,8.9636
28405,PROFILE,PREHEAT,0,165.0,79.2,1,32.62,17.87,13.86,-29.34,2.39,0,2,70,100,100,0.5477,0.0209,8.9636
29268,PROFILE,PREHEAT,0,165.0,82.7,1,32.19,17.63,14.53,-29.80,2.36,0,2,70,100,100,0.5477,0.0209,8.9636
30258,PROFILE,PREHEAT,0,165.0,85.9,1,31.92,17.48,15.20,-29.65,3.04,0,3,70,100,100,0.5477,0.0209,8.9636
31260,PROFILE,PREHEAT,0,165.0,89.2,1,31.61,17.31,15.86,-29.65,3.52,0,4,71,100,100,0.5477,0.0209,8.9636
32275,PROFILE,PREHEAT,0,165.0,92.4,1,31.44,17.22,16.52,-29.25,4.49,0,4,72,100,100,0.5477,0.0209,8.9636
33278,PROFILE,PREHEAT,0,165.0,95.4,1,31.42,17.21,17.18,-28.52,5.86,0,6,72,100,100,0.5477,0.0209,8.9636
34277,PROFILE,PREHEAT,0,165.0,98.5,1,31.39,17.19,17.83,-28.06,6.97,0,7,74,100,100,0.5477,0.0209,8.9636
35399,PROFILE,PREHEAT,0,165.0,101.3,1,31.56,17.29,18.49,-27.15,8.62,0,9,74,100,100,0.5477,0.0209,8.9636
36315,PROFILE,PREHEAT,0,165.0,104.2,1,31.65,17.33,19.15,-26.82,9.66,0,10,76,100,100,0.5477,0.0209,8.9636
37257,PROFILE,PREHEAT,0,165.0,106.9,1,31.91,17.48,19.82,-26.06,11.24,0,11,76,100,100,0.5477,0.0209,8.9636
38257,PROFILE,PREHEAT,0,165.0,109.5,1,32.31,17.70,20.49,-25.14,13.05,0,13,77,100,100,0.5477,0.0209,8.9636
39258,PROFILE,PREHEAT,0,165.0,112.0,1,32.81,17.97,21.18,-24.21,14.94,0,15,78,100,100,0.5477,0.0209,8.9636
40247,PROFILE,PREHEAT,0,165.0,114.5,1,33.38,18.28,21.88,-23.42,16.74,0,17,79,100,100,0.5477,0.0209,8.9636
41257,PROFILE,PREHEAT,0,165.0,116.6,1,34.25,18.76,22.59,-21.99,19.36,0,19,79,100,100,0.5477,0.0209,8.9636
42393,PROFILE,PREHEAT,0,165.0,119.0,1,34.84,19.08,23.32,-21.84,20.56,0,21,80,100,100,0.5477,0.0209,8.9636
43257,PROFILE,PREHEAT,0,165.0,121.3,1,35.58,19.49,24.07,-21.31,22.24,0,22,81,100,100,0.5477,0.0209,8.9636
44247,PROFILE,PREHEAT,0,165.0,123.6,1,36.27,19.86,24.82,-21.13,23.56,0,24,81,100,100,0.5477,0.0209,8.9636
45259,PROFILE,PREHEAT,0,165.0,125.6,1,37.27,20.42,25.60,-20.04,25.98,0,26,82,100,100,0.5477,0.0209,8.9636
46260,PROFILE,PREHEAT,0,165.0,127.6,1,37.36,20.46,26.38,-19.50,27.34,0,27,83,100,100,0.5477,0.0209,8.9636
47261,PROFILE,PREHEAT,0,165.0,129.7,1,35.33,19.35,27.12,-19.08,27.40,0,27,83,100,100,0.5477,0.0209,8.9636
48263,PROFILE,PREHEAT,0,165.0,131.6,1,33.40,18.29,27.82,-18.47,27.65,0,28,83,100,100,0.5477,0.0209,8.9636
49377,PROFILE,PREHEAT,0,165.0,133.5,1,31.49,17.25,28.48,-18.02,27.71,0,28,84,100,100,0.5477,0.0209,8.9636
50259,PROFILE,PREHEAT,0,165.0,135.4,1,29.62,16.22,29.10,-17.61,27.72,0,28,84,100,100,0.5477,0.0209,8.9636
51264,PROFILE,PREHEAT,0,165.0,137.2,1,27.79,15.22,29.68,-17.22,27.68,0,28,84,100,100,0.5477,0.0209,8.9636
52264,PROFILE,PREHEAT,0,165.0,139.0,1,25.99,14.23,30.22,-16.85,27.61,0,28,84,100,100,0.5477,0.0209,8.9636
53269,PROFILE,PREHEAT,0,165.0,140.8,1,24.15,13.23,30.73,-16.73,27.23,0,27,84,100,100,0.5477,0.0209,8.9636
54261,PROFILE,PREHEAT,0,165.0,142.5,1,22.46,12.30,31.20,-16.20,27.29,0,27,83,100,100,0.5477,0.0209,8.9636
55274,PROFILE,PREHEAT,0,165.0,144.3,1,20.74,11.36,31.63,-15.93,27.06,0,27,83,100,100,0.5477,0.0209,8.9636
56395,PROFILE,PREHEAT,0,165.0,145.9,1,19.12,10.47,32.03,-15.47,27.03,0,27,83,100,100,0.5477,0.0209,8.9636
57265,PROFILE,PREHEAT,0,165.0,147.5,1,17.46,9.56,32.39,-15.28,26.68,0,27,83,100,100,0.5477,0.0209,8.9636
58259,PROFILE,PREHEAT,0,165.0,149.0,1,15.99,8.76,32.73,-14.57,26.92,0,27,83,100,100,0.5477,0.0209,8.9636
59267,PROFILE,PREHEAT,0,165.0,150.6,1,14.39,7.88,33.03,-14.51,26.40,0,26,83,100,100,0.5477,0.0209,8.9636
60270,PROFILE,PREHEAT,0,165.0,152.1,1,12.87,7.05,33.30,-14.19,26.16,0,26,83,100,100,0.5477,0.0209,8.9636
61271,PROFILE,PREHEAT,0,165.0,153.5,1,11.52,6.31,33.54,-13.50,26.35,0,26,83,100,100,0.5477,0.0209,8.9636
62272,PROFILE,PREHEAT,0,165.0,154.9,1,10.11,5.54,33.75,-13.23,26.05,0,26,83,100,100,0.5477,0.0209,8.9636
63387,PROFILE,PREHEAT,0,165.0,156.4,1,8.62,4.72,33.93,-13.25,25.40,0,25,83,100,100,0.5477,0.0209,8.9636
64277,PROFILE,PREHEAT,0,165.0,157.6,1,7.35,4.03,34.08,-12.64,25.47,0,25,83,100,100,0.5477,0.0209,8.9636
65278,PROFILE,PREHEAT,0,165.0,158.9,1,6.09,3.33,34.21,-12.20,25.35,0,25,83,100,100,0.5477,0.0209,8.9636
66278,PROFILE,PREHEAT,0,165.0,160.1,1,4.89,2.68,34.31,-11.70,25.29,0,25,83,100,100,0.5477,0.0209,8.9636
67301,PROFILE,PREHEAT,0,165.0,161.3,1,3.72,2.04,34.39,-11.30,25.13,0,25,83,100,100,0.5477,0.0209,8.9636
68251,PROFILE,PREHEAT,0,165.0,162.6,1,2.41,1.32,34.44,-11.47,24.29,0,24,83,100,100,0.5477,0.0209,8.9636
69261,PROFILE,PREHEAT,0,165.0,163.9,1,1.10,0.60,34.46,-11.54,23.53,0,24,82,100,100,0.5477,0.0209,8.9636
70398,PROFILE,PREHEAT,0,165.0,164.8,1,0.17,0.09,34.47,-10.49,24.07,0,24,82,100,100,0.5477,0.0209,8.9636
71257,PROFILE,PREHEAT,0,165.0,165.9,1,-0.94,-0.51,34.45,-10.29,23.64,0,24,82,100,100,0.5477,0.0209,8.9636
72244,PROFILE,PREHEAT,0,165.0,167.0,1,-2.01,-1.10,34.41,-10.07,23.23,0,23,82,100,100,0.5477,0.0209,8.9636
73254,PROFILE,PREHEAT,0,165.0,168.0,1,-3.02,-1.66,34.34,-9.73,22.95,0,23,82,100,100,0.5477,0.0209,8.9636
74257,PROFILE,PREHEAT,0,165.0,168.9,1,-3.93,-2.15,34.26,-9.21,22.89,0,23,82,100,100,0.5477,0.0209,8.9636
75257,PROFILE,PREHEAT,0,165.0,170.0,1,-4.98,-2.73,34.16,-9.26,22.17,0,22,82,100,100,0.5477,0.0209,8.9636
76257,PROFILE,PREHEAT,0,165.0,170.7,1,-5.71,-3.13,34.04,-8.35,22.56,0,23,81,100,100,0.5477,0.0209,8.9636
77374,PROFILE,PREHEAT,0,165.0,171.6,1,-6.57,-3.60,33.90,-8.14,22.16,0,22,82,100,100,0.5477,0.0209,8.9636
78256,PROFILE,PREHEAT,0,165.0,172.5,1,-7.52,-4.12,33.74,-8.28,21.34,0,21,81,100,100,0.5477,0.0209,8.9636
79261,PROFILE,PREHEAT,0,165.0,173.3,1,-8.31,0.00,0.00,0.00,0.00,1,0,81,100,100,0.5477,0.0209,8.9636
80262,PROFILE,PREHEAT,0,165.0,174.0,1,-9.00,0.00,0.00,0.00,0.00,1,0,0,100,100,0.5477,0.0209,8.9636
81257,PROFILE,PREHEAT,0,165.0,174.7,1,-9.70,0.00,0.00,0.00,0.00,1,0,0,100,100,0.5477,0.0209,8.9636
82258,PROFILE,PREHEAT,0,165.0,175.6,1,-10.55,0.00,0.00,0.00,0.00,1,0,0,100,100,0.5477,0.0209,8.9636
83271,PROFILE,PREHEAT,0,165.0,176.2,1,-11.19,0.00,0.00,0.00,0.00,1,0,0,100,100,0.5477,0.0209,8.9636
84401,PROFILE,PREHEAT,0,165.0,176.6,1,-11.56,0.00,0.00,0.00,0.00,1,0,0,100,100,0.5477,0.0209,8.9636
85267,PROFILE,PREHEAT,0,165.0,176.9,1,-11.86,0.00,0.00,0.00,0.00,1,0,0,100,100,0.5477,0.0209,8.9636
86262,PROFILE,PREHEAT,0,165.0,176.6,1,-11.58,0.00,0.00,0.00,0.00,1,0,0,100,100,0.5477,0.0209,8.9636
87270,PROFILE,PREHEAT,0,165.0,176.5,1,-11.54,0.00,0.00,0.00,0.00,1,0,0,100,100,0.5477,0.0209,8.9636
88265,PROFILE,PREHEAT,0,165.0,175.9,1,-10.92,0.00,0.00,0.00,0.00,1,0,0,100,100,0.5477,0.0209,8.9636
89267,PROFILE,PREHEAT,0,165.0,175.0,1,-9.95,0.00,0.00,0.00,0.00,1,0,0,100,100,0.5477,0.0209,8.9636
90266,PROFILE,PREHEAT,0,165.0,173.7,1,-8.68,0.00,0.00,0.00,0.00,1,0,0,100,100,0.5477,0.0209,8.9636
91391,PROFILE,PREHEAT,0,165.0,171.9,1,-6.86,-3.76,0.00,9.52,5.76,0,6,0,100,100,0.5477,0.0209,8.9636
92264,PROFILE,PREHEAT,0,165.0,170.2,1,-5.19,-2.84,0.00,11.35,8.51,0,9,74,100,100,0.5477,0.0209,8.9636
93269,PROFILE,PREHEAT,0,165.0,168.3,1,-3.26,-1.79,0.00,13.32,11.54,0,12,76,100,100,0.5477,0.0209,8.9636
94272,PROFILE,PREHEAT,0,165.0,166.0,1,-1.02,-0.56,0.00,15.57,15.01,0,15,77,100,100,0.5477,0.0209,8.9636
95267,PROFILE,PREHEAT,0,165.0,163.5,1,1.55,0.85,0.03,18.07,18.95,0,19,79,100,100,0.5477,0.0209,8.9636
96267,PROFILE,PREHEAT,0,165.0,161.0,1,4.03,2.21,0.12,19.45,21.77,0,22,80,100,100,0.5477,0.0209,8.9636
97284,PROFILE,PREHEAT,0,165.0,158.4,1,6.63,3.63,0.26,20.73,24.61,0,25,81,100,100,0.5477,0.0209,8.9636
98390,PROFILE,PREHEAT,0,165.0,156.0,1,8.96,4.91,0.44,20.80,26.15,0,26,83,100,100,0.5477,0.0209,8.9636
99256,PROFILE,PREHEAT,0,165.0,153.7,1,11.26,6.17,0.68,20.73,27.58,0,28,83,100,100,0.5477,0.0209,8.9636
100246,PROFILE,PREHEAT,0,165.0,151.5,1,13.46,7.37,0.96,20.39,28.72,0,29,84,100,100,0.5477,0.0209,8.9636
101260,PROFILE,PREHEAT,0,165.0,149.9,1,15.12,8.28,1.27,18.55,28.11,0,28,84,100,100,0.5477,0.0209,8.9636
102261,PROFILE,PREHEAT,0,165.0,148.4,1,16.63,9.11,1.62,16.88,27.61,0,28,84,100,100,0.5477,0.0209,8.9636
103257,PROFILE,PREHEAT,0,165.0,147.1,1,17.90,9.80,2.00,15.06,26.86,0,27,84,100,100,0.5477,0.0209,8.9636
104246,PROFILE,PREHEAT,0,165.0,146.0,1,18.99,10.40,2.39,13.30,26.09,0,26,83,100,100,0.5477,0.0209,8.9636
105447,PROFILE,PREHEAT,0,165.0,145.3,1,19.70,10.79,2.81,10.98,24.57,0,25,83,100,100,0.5477,0.0209,8.9636
106258,PROFILE,PREHEAT,0,165.0,144.8,1,20.17,11.05,3.23,8.74,23.02,0,23,83,100,100,0.5477,0.0209,8.9636
107255,PROFILE,PREHEAT,0,165.0,144.9,1,20.14,11.03,3.65,5.74,20.42,0,20,82,100,100,0.5477,0.0209,8.9636
108258,PROFILE,PREHEAT,0,165.0,144.9,1,20.07,10.99,4.07,3.59,18.65,0,19,81,100,100,0.5477,0.0209,8.9636
109253,PROFILE,PREHEAT,0,165.0,145.4,1,19.65,10.76,4.48,1.14,16.38,0,16,80,100,100,0.5477,0.0209,8.9636
110261,PROFILE,PREHEAT,0,165.0,145.7,1,19.27,10.55,4.88,-0.36,15.07,0,15,79,100,100,0.5477,0.0209,8.9636
111267,PROFILE,PREHEAT,0,165.0,146.3,1,18.68,10.23,5.27,-2.00,13.51,0,14,79,100,100,0.5477,0.0209,8.9636
112393,PROFILE,PREHEAT,0,165.0,147.1,1,17.93,9.82,5.65,-3.58,11.89,0,12,78,100,100,0.5477,0.0209,8.9636
113253,PROFILE,PREHEAT,0,165.0,148.0,1,17.02,9.32,6.00,-5.10,10.23,0,10,77,100,100,0.5477,0.0209,8.9636
114257,PROFILE,PREHEAT,0,165.0,149.0,1,16.04,8.79,6.34,-6.32,8.80,0,9,76,100,100,0.5477,0.0209,8.9636
115267,PROFILE,PREHEAT,0,165.0,150.0,1,14.96,8.20,6.65,-7.45,7.40,0,7,76,100,100,0.5477,0.0209,8.9636
116269,PROFILE,PREHEAT,0,165.0,151.2,1,13.76,7.54,6.94,-8.56,5.92,0,6,74,100,100,0.5477,0.0209,8.9636
117271,PROFILE,PREHEAT,0,165.0,152.4,1,12.58,6.89,7.20,-9.22,4.87,0,5,74,100,100,0.5477,0.0209,8.9636
118273,PROFILE,PREHEAT,0,165.0,153.6,1,11.39,6.24,7.44,-9.71,3.97,0,4,73,100,100,0.5477,0.0209,8.9636
119395,PROFILE,PREHEAT,0,165.0,154.6,1,10.38,5.68,7.66,-9.51,3.83,0,4,72,100,100,0.5477,0.0209,8.9636
120267,PROFILE,PREHEAT,0,165.0,155.9,1,9.10,4.99,7.85,-10.14,2.69,0,3,72,100,100,0.5477,0.0209,8.9636
121269,PROFILE,PREHEAT,0,165.0,157.0,1,8.01,4.39,8.01,-10.02,2.38,0,2,71,100,100,0.5477,0.0209,8.9636
122269,PROFILE,PREHEAT,0,165.0,158.1,1,6.90,3.78,8.16,-10.01,1.92,0,2,70,100,100,0.5477,0.0209,8.9636
123263,PROFILE,PREHEAT,0,165.0,159.2,1,5.83,3.19,8.28,-9.85,1.62,0,2,70,100,100,0.5477,0.0209,8.9636
124270,PROFILE,PREHEAT,0,165.0,160.0,1,4.98,2.73,8.38,-9.10,2.01,0,2,70,100,100,0.5477,0.0209,8.9636
125276,PROFILE,PREHEAT,0,165.0,161.0,1,4.04,2.21,8.47,-8.90,1.78,0,2,70,100,100,0.5477,0.0209,8.9636
126406,PROFILE,PREHEAT,0,165.0,161.9,1,3.08,1.69,8.53,-8.78,1.44,0,1,70,100,100,0.5477,0.0209,8.9636
127266,PROFILE,PREHEAT,0,165.0,163.0,1,2.05,1.12,8.57,-8.95,0.74,0,1,69,100,100,0.5477,0.0209,8.9636
128253,PROFILE,PREHEAT,0,165.0,163.8,1,1.20,0.66,8.60,-8.50,0.75,0,1,69,100,100,0.5477,0.0209,8.9636
129251,PROFILE,PREHEAT,0,165.0,164.6,1,0.44,0.24,8.61,-7.94,0.91,0,1,69,100,100,0.5477,0.0209,8.9636
130252,PROFILE,PREHEAT,0,165.0,165.4,1,-0.42,-0.23,8.60,-7.87,0.49,0,0,69,100,100,0.5477,0.0209,8.9636
131256,PROFILE,PREHEAT,0,165.0,166.2,1,-1.18,-0.64,8.58,-7.49,0.44,0,0,0,100,100,0.5477,0.0209,8.9636
132251,PROFILE,PREHEAT,0,165.0,166.9,1,-1.88,-1.03,8.54,-7.10,0.41,0,0,0,100,100,0.5477,0.0209,8.9636
133389,PROFILE,PREHEAT,0,165.0,167.2,1,-2.25,-1.23,8.49,-5.82,1.44,0,1,0,100,100,0.5477,0.0209,8.9636
134260,PROFILE,PREHEAT,0,165.0,167.7,1,-2.73,-1.50,8.43,-5.34,1.60,0,2,69,100,100,0.5477,0.0209,8.9636
135263,PROFILE,PREHEAT,0,165.0,168.1,1,-3.08,-1.69,8.37,-4.61,2.07,0,2,70,100,100,0.5477,0.0209,8.9636
136249,PROFILE,PREHEAT,0,165.0,168.1,1,-3.11,-1.70,8.30,-3.15,3.45,0,3,70,100,100,0.5477,0.0209,8.9636
137249,PROFILE,PREHEAT,0,165.0,168.1,1,-3.09,-1.69,8.24,-2.05,4.49,0,4,71,100,100,0.5477,0.0209,8.9636
138260,PROFILE,PREHEAT,0,165.0,167.8,1,-2.83,-1.55,8.18,-0.59,6.03,0,6,72,100,100,0.5477,0.0209,8.9636
139261,PROFILE,PREHEAT,0,165.0,167.7,1,-2.69,-1.47,8.12,0.04,6.69,0,7,74,100,100,0.5477,0.0209,8.9636
140394,PROFILE,PREHEAT,0,165.0,167.2,1,-2.18,-1.20,8.08,1.53,8.41,0,8,74,100,100,0.5477,0.0209,8.9636
141251,PROFILE,PREHEAT,0,165.0,166.9,1,-1.93,-1.06,8.04,1.78,8.75,0,9,75,100,100,0.5477,0.0209,8.9636
142316,PROFILE,PREHEAT,0,165.0,166.5,1,-1.48,-0.81,8.01,2.54,9.74,0,10,76,100,100,0.5477,0.0209,8.9636
143263,PROFILE,PREHEAT,0,165.0,165.8,1,-0.85,-0.46,7.99,3.58,11.10,0,11,76,100,100,0.5477,0.0209,8.9636
144264,PROFILE,PREHEAT,0,165.0,165.5,1,-0.52,-0.29,7.98,3.35,11.04,0,11,77,100,100,0.5477,0.0209,8.9636
145269,PROFILE,PREHEAT,0,165.0,165.1,1,-0.12,-0.07,7.97,3.43,11.34,0,11,77,100,100,0.5477,0.0209,8.9636
146261,PROFILE,PREHEAT,0,165.0,164.7,1,0.26,0.14,7.98,3.43,11.55,0,12,77,100,100,0.5477,0.0209,8.9636
147405,PROFILE,PREHEAT,0,165.0,164.4,1,0.65,0.35,7.99,3.44,11.79,0,12,77,100,100,0.5477,0.0209,8.9636
148269,PROFILE,ROASTING,0,165.0,163.9,1,1.13,0.62,8.02,3.74,12.37,0,12,77,100,100,0.5477,0.0209,8.9636
149271,PROFILE,ROASTING,1,165.0,163.5,1,1.53,0.84,8.05,3.68,12.56,0,13,77,100,100,0.5477,0.0209,8.9636
150272,PROFILE,ROASTING,2,165.0,162.9,1,2.08,1.14,8.09,4.10,13.33,0,13,78,100,100,0.5477,0.0209,8.9636
151264,PROFILE,ROASTING,3,165.0,162.3,1,2.72,1.49,8.15,4.64,14.28,0,14,78,100,100,0.5477,0.0209,8.9636
152268,PROFILE,ROASTING,4,165.0,161.7,1,3.34,1.83,8.22,4.96,15.01,0,15,78,100,100,0.5477,0.0209,8.9636
153269,PROFILE,ROASTING,5,165.0,160.8,1,4.22,2.31,8.31,5.94,16.56,0,17,79,100,100,0.5477,0.0209,8.9636
154412,PROFILE,ROASTING,6,165.0,160.1,1,4.91,2.69,8.41,6.01,17.10,0,17,79,100,100,0.5477,0.0209,8.9636
155259,PROFILE,ROASTING,7,165.0,159.4,1,5.56,3.04,8.53,5.95,17.52,0,18,79,100,100,0.5477,0.0209,8.9636
156271,PROFILE,ROASTING,8,165.0,158.9,1,6.09,3.34,8.65,5.57,17.56,0,18,80,100,100,0.5477,0.0209,8.9636
157274,PROFILE,ROASTING,9,165.0,158.6,1,6.38,3.49,8.79,4.57,16.85,0,17,80,100,100,0.5477,0.0209,8.9636
158274,PROFILE,ROASTING,10,165.0,158.2,1,6.76,3.70,8.93,4.18,16.81,0,17,79,100,100,0.5477,0.0209,8.9636
159252,PROFILE,ROASTING,11,165.0,158.0,1,6.98,3.82,9.07,3.43,16.32,0,16,79,100,100,0.5477,0.0209,8.9636
160247,PROFILE,ROASTING,12,165.0,157.7,1,7.31,4.01,9.23,3.30,16.53,0,17,79,100,100,0.5477,0.0209,8.9636
161395,PROFILE,ROASTING,13,165.0,157.5,1,7.52,4.12,9.38,2.82,16.32,0,16,79,100,100,0.5477,0.0209,8.9636
162254,PROFILE,ROASTING,14,165.0,157.2,1,7.79,4.27,9.55,2.69,16.50,0,17,79,100,100,0.5477,0.0209,8.9636
163256,PROFILE,ROASTING,15,165.0,157.1,1,7.87,4.31,9.71,2.02,16.04,0,16,79,100,100,0.5477,0.0209,8.9636
164250,PROFILE,ROASTING,16,165.0,157.2,1,7.82,4.28,9.87,1.19,15.35,0,15,79,100,100,0.5477,0.0209,8.9636
165252,PROFILE,ROASTING,17,165.0,157.3,1,7.72,4.23,10.04,0.52,14.79,0,15,79,100,100,0.5477,0.0209,8.9636
166263,PROFILE,ROASTING,18,165.0,157.4,1,7.63,4.18,10.20,0.05,14.43,0,14,79,100,100,0.5477,0.0209,8.9636
167265,PROFILE,ROASTING,19,165.0,157.6,1,7.41,4.06,10.35,-0.60,13.81,0,14,78,100,100,0.5477,0.0209,8.9636
168426,PROFILE,ROASTING,20,165.0,157.8,1,7.22,3.95,10.50,-0.99,13.47,0,13,78,100,100,0.5477,0.0209,8.9636
169253,PROFILE,ROASTING,21,165.0,157.9,1,7.09,3.88,10.65,-1.04,13.50,0,13,78,100,100,0.5477,0.0209,8.9636
170307,PROFILE,ROASTING,22,165.0,158.2,1,6.77,3.71,10.79,-1.65,12.85,0,13,78,100,100,0.5477,0.0209,8.9636
171259,PROFILE,ROASTING,23,165.0,158.6,1,6.37,3.49,10.92,-2.29,12.12,0,12,78,100,100,0.5477,0.0209,8.9636
172268,PROFILE,ROASTING,24,165.0,158.9,1,6.10,3.34,11.05,-2.34,12.05,0,12,77,100,100,0.5477,0.0209,8.9636
173254,PROFILE,ROASTING,25,165.0,159.4,1,5.56,3.04,11.17,-3.18,11.03,0,11,77,100,100,0.5477,0.0209,8.9636
174264,PROFILE,ROASTING,26,165.0,159.7,1,5.33,2.92,11.28,-2.80,11.39,0,11,77,100,100,0.5477,0.0209,8.9636
175262,PROFILE,ROASTING,27,165.0,160.1,1,4.92,2.69,11.38,-3.09,10.98,0,11,77,100,100,0.5477,0.0209,8.9636
176264,PROFILE,ROASTING,28,165.0,160.6,1,4.39,2.41,11.47,-3.64,10.24,0,10,77,100,100,0.5477,0.0209,8.9636
177309,PROFILE,ROASTING,29,165.0,161.1,1,3.92,2.15,11.56,-3.82,9.88,0,10,76,100,100,0.5477,0.0209,8.9636
178259,PROFILE,ROASTING,30,165.0,161.5,1,3.49,1.91,11.63,-3.85,9.69,0,10,76,100,100,0.5477,0.0209,8.9636
179268,PROFILE,ROASTING,31,165.0,161.9,1,3.10,1.70,11.69,-3.72,9.67,0,10,76,100,100,0.5477,0.0209,8.9636
180271,PROFILE,ROASTING,32,165.0,162.4,1,2.62,1.44,11.75,-3.92,9.26,0,9,76,100,100,0.5477,0.0209,8.9636
181275,PROFILE,ROASTING,33,165.0,162.9,1,2.07,1.13,11.79,-4.26,8.66,0,9,76,100,100,0.5477,0.0209,8.9636
182263,PROFILE,ROASTING,34,165.0,163.5,1,1.54,0.84,11.82,-4.43,8.24,0,8,76,100,100,0.5477,0.0209,8.9636
183272,PROFILE,ROASTING,35,165.0,163.8,1,1.19,0.65,11.85,-3.98,8.52,0,9,75,100,100,0.5477,0.0209,8.9636
184266,PROFILE,ROASTING,36,165.0,164.3,1,0.73,0.40,11.86,-4.03,8.24,0,8,76,100,100,0.5477,0.0209,8.9636
185268,PROFILE,ROASTING,37,165.0,164.8,1,0.18,0.10,11.87,-4.34,7.62,0,8,75,100,100,0.5477,0.0209,8.9636
186262,PROFILE,ROASTING,38,165.0,165.4,1,-0.42,-0.23,11.86,-4.67,6.96,0,7,75,100,100,0.5477,0.0209,8.9636
187265,PROFILE,ROASTING,39,165.0,165.9,1,-0.91,-0.50,11.84,-4.58,6.77,0,7,74,100,100,0.5477,0.0209,8.9636
188277,PROFILE,ROASTING,40,165.0,166.4,1,-1.43,-0.78,11.81,-4.62,6.40,0,6,74,100,100,0.5477,0.0209,8.9636
189272,PROFILE,ROASTING,41,165.0,166.9,1,-1.88,-1.03,11.77,-4.43,6.31,0,6,74,100,100,0.5477,0.0209,8.9636
190251,PROFILE,ROASTING,42,165.0,167.4,1,-2.43,-1.33,11.72,-4.60,5.78,0,6,74,100,100,0.5477,0.0209,8.9636
191244,PROFILE,ROASTING,43,165.0,167.9,1,-2.92,-1.60,11.66,-4.51,5.55,0,6,74,100,100,0.5477,0.0209,8.9636
192255,PROFILE,ROASTING,44,165.0,168.5,1,-3.47,-1.90,11.59,-4.66,5.03,0,5,74,100,100,0.5477,0.0209,8.9636
193258,PROFILE,ROASTING,45,165.0,168.9,1,-3.87,-2.12,11.51,-4.31,5.07,0,5,73,100,100,0.5477,0.0209,8.9636
194311,PROFILE,ROASTING,46,165.0,169.5,1,-4.54,-2.49,11.41,-4.86,4.06,0,4,73,100,100,0.5477,0.0209,8.9636
195262,PROFILE,ROASTING,47,165.0,170.1,1,-5.13,-2.81,11.30,-5.01,3.48,0,3,72,100,100,0.5477,0.0209,8.9636
196249,PROFILE,ROASTING,48,165.0,168.6,1,-3.64,-1.99,11.23,1.12,10.36,0,10,71,100,100,0.5477,0.0209,8.9636
197262,PROFILE,ROASTING,49,165.0,170.1,1,-5.06,-2.77,11.12,-3.51,4.84,0,5,76,100,100,0.5477,0.0209,8.9636
198263,PROFILE,ROASTING,50,165.0,170.9,1,-5.86,-3.21,11.00,-4.73,3.05,0,3,73,100,100,0.5477,0.0209,8.9636
199262,PROFILE,ROASTING,51,165.0,171.7,1,-6.70,-3.67,10.86,-5.67,1.52,0,2,71,100,100,0.5477,0.0209,8.9636
200247,PROFILE,ROASTING,52,165.0,172.4,1,-7.38,-4.04,10.70,-5.80,0.86,0,1,70,100,100,0.5477,0.0209,8.9636
201257,PROFILE,ROASTING,53,165.0,172.9,1,-7.92,-4.34,10.54,-5.47,0.73,0,1,69,100,100,0.5477,0.0209,8.9636
202260,PROFILE,ROASTING,54,165.0,173.6,1,-8.61,0.00,0.00,0.00,0.00,1,0,69,100,100,0.5477,0.0209,8.9636
203257,PROFILE,ROASTING,55,165.0,174.1,1,-9.12,0.00,0.00,0.00,0.00,1,0,0,100,100,0.5477,0.0209,8.9636
204261,PROFILE,ROASTING,56,165.0,174.6,1,-9.57,0.00,0.00,0.00,0.00,1,0,0,100,100,0.5477,0.0209,8.9636
205253,PROFILE,ROASTING,57,165.0,174.9,1,-9.95,0.00,0.00,0.00,0.00,1,0,0,100,100,0.5477,0.0209,8.9636
206263,PROFILE,ROASTING,58,165.0,175.5,1,-10.47,0.00,0.00,0.00,0.00,1,0,0,100,100,0.5477,0.0209,8.9636
207266,PROFILE,ROASTING,59,165.0,175.8,1,-10.81,0.00,0.00,0.00,0.00,1,0,0,100,100,0.5477,0.0209,8.9636
208267,PROFILE,ROASTING,60,185.0,176.0,1,-8.00,-4.38,0.00,-3.25,-7.63,0,0,0,90,100,0.5477,0.0209,8.9636
209271,PROFILE,ROASTING,61,185.0,176.1,1,-5.13,-2.81,0.00,-2.54,-5.34,0,0,0,90,90,0.5477,0.0209,8.9636
210257,PROFILE,ROASTING,62,185.0,175.9,1,-1.92,-1.05,0.00,-1.06,-2.11,0,0,0,90,90,0.5477,0.0209,8.9636
211323,PROFILE,ROASTING,63,185.0,175.7,1,1.33,0.73,0.03,0.02,0.78,0,1,0,90,90,0.5477,0.0209,8.9636
212272,PROFILE,ROASTING,64,185.0,175.3,1,4.69,2.57,0.13,1.08,3.77,0,4,69,90,90,0.5477,0.0209,8.9636
213274,PROFILE,ROASTING,65,185.0,174.9,1,8.10,4.44,0.30,1.97,6.71,0,7,72,90,90,0.5477,0.0209,8.9636
214275,PROFILE,ROASTING,66,185.0,174.5,1,10.51,5.76,0.51,2.53,8.80,0,9,74,90,90,0.5477,0.0209,8.9636
215267,PROFILE,ROASTING,67,185.0,173.8,1,11.21,6.14,0.75,3.77,10.66,0,11,76,90,90,0.5477,0.0209,8.9636
216270,PROFILE,ROASTING,68,185.0,172.8,1,12.18,6.67,1.00,5.42,13.09,0,13,77,90,90,0.5477,0.0209,8.9636
217268,PROFILE,ROASTING,69,185.0,171.9,1,13.10,7.18,1.28,6.36,14.82,0,15,78,90,90,0.5477,0.0209,8.9636
218270,PROFILE,ROASTING,70,185.0,170.8,1,14.18,7.77,1.57,7.47,16.81,0,17,79,90,90,0.5477,0.0209,8.9636
219261,PROFILE,ROASTING,71,185.0,169.7,1,15.31,8.38,1.89,8.34,18.61,0,19,79,90,90,0.5477,0.0209,8.9636
220273,PROFILE,ROASTING,72,185.0,168.7,1,16.28,8.92,2.23,8.47,19.62,0,20,80,90,90,0.5477,0.0209,8.9636
221254,PROFILE,ROASTING,73,185.0,167.7,1,17.30,9.47,2.60,8.69,20.76,0,21,81,90,90,0.5477,0.0209,8.9636
222253,PROFILE,ROASTING,74,185.0,167.0,1,18.04,9.88,2.97,8.02,20.87,0,21,81,90,90,0.5477,0.0209,8.9636
223250,PROFILE,ROASTING,75,185.0,166.2,1,18.79,10.29,3.37,7.58,21.23,0,21,81,90,90,0.5477,0.0209,8.9636
224256,PROFILE,ROASTING,76,185.0,165.7,1,19.32,10.58,3.77,6.63,20.98,0,21,81,90,90,0.5477,0.0209,8.9636
225260,PROFILE,ROASTING,77,185.0,165.1,1,19.95,10.92,4.19,6.29,21.40,0,21,81,90,90,0.5477,0.0209,8.9636
226255,PROFILE,ROASTING,78,185.0,164.7,1,20.30,11.12,4.61,5.25,20.97,0,21,81,90,90,0.5477,0.0209,8.9636
227256,PROFILE,ROASTING,79,185.0,164.3,1,20.67,11.32,5.04,4.60,20.96,0,21,81,90,90,0.5477,0.0209,8.9636
228251,PROFILE,ROASTING,80,185.0,164.2,1,20.75,11.36,5.48,3.32,20.16,0,20,81,90,90,0.5477,0.0209,8.9636
229261,PROFILE,ROASTING,81,185.0,164.3,1,20.67,11.32,5.91,1.98,19.21,0,19,81,90,90,0.5477,0.0209,8.9636
230269,PROFILE,ROASTING,82,185.0,164.6,1,20.41,11.18,6.33,0.53,18.05,0,18,80,90,90,0.5477,0.0209,8.9636
231262,PROFILE,ROASTING,83,185.0,165.1,1,19.95,10.93,6.75,-1.02,16.66,0,17,80,90,90,0.5477,0.0209,8.9636
232247,PROFILE,ROASTING,84,185.0,165.3,1,19.67,10.78,7.16,-1.50,16.44,0,16,79,90,90,0.5477,0.0209,8.9636
233255,PROFILE,ROASTING,85,185.0,165.8,1,19.19,10.51,7.56,-2.44,15.63,0,16,79,90,90,0.5477,0.0209,8.9636
234256,PROFILE,ROASTING,86,185.0,166.5,1,18.48,10.12,7.95,-3.75,14.33,0,14,79,90,90,0.5477,0.0209,8.9636
235259,PROFILE,ROASTING,87,185.0,167.2,1,17.77,9.73,8.32,-4.62,13.43,0,13,78,90,90,0.5477,0.0209,8.9636
236262,PROFILE,ROASTING,88,185.0,168.0,1,17.03,9.33,8.68,-5.30,12.70,0,13,78,90,90,0.5477,0.0209,8.9636
237257,PROFILE,ROASTING,89,185.0,168.7,1,16.28,8.92,9.02,-5.77,12.17,0,12,78,90,90,0.5477,0.0209,8.9636
238262,PROFILE,ROASTING,90,185.0,169.6,1,15.44,8.46,9.34,-6.36,11.44,0,11,77,90,90,0.5477,0.0209,8.9636
239272,PROFILE,ROASTING,91,185.0,170.5,1,14.48,7.93,9.64,-7.10,10.47,0,10,77,90,90,0.5477,0.0209,8.9636
240265,PROFILE,ROASTING,92,185.0,171.5,1,13.54,7.41,9.93,-7.56,9.78,0,10,76,90,90,0.5477,0.0209,8.9636
241269,PROFILE,ROASTING,93,185.0,172.6,1,12.41,6.80,10.19,-8.40,8.58,0,9,76,90,90,0.5477,0.0209,8.9636
242259,PROFILE,ROASTING,94,185.0,173.5,1,11.48,6.29,10.43,-8.38,8.33,0,8,76,90,90,0.5477,0.0209,8.9636
243274,PROFILE,ROASTING,95,185.0,174.6,1,10.38,5.69,10.64,-8.88,7.45,0,7,75,90,90,0.5477,0.0209,8.9636
244274,PROFILE,ROASTING,96,185.0,175.7,1,9.26,5.07,10.84,-9.26,6.65,0,7,74,90,90,0.5477,0.0209,8.9636
245271,PROFILE,ROASTING,97,185.0,176.8,1,8.19,4.49,11.01,-9.36,6.13,0,6,74,90,90,0.5477,0.0209,8.9636
246274,PROFILE,ROASTING,98,185.0,177.9,1,7.11,3.89,11.16,-9.48,5.57,0,6,74,90,90,0.5477,0.0209,8.9636
247266,PROFILE,ROASTING,99,185.0,179.0,1,6.00,3.29,11.28,-9.64,4.93,0,5,74,90,90,0.5477,0.0209,8.9636
248269,PROFILE,ROASTING,100,185.0,179.9,1,5.06,2.77,11.39,-9.23,4.93,0,5,73,90,90,0.5477,0.0209,8.9636
249272,PROFILE,ROASTING,101,185.0,180.9,1,4.05,2.22,11.47,-9.17,4.52,0,5,73,90,90,0.5477,0.0209,8.9636
250274,PROFILE,ROASTING,102,185.0,182.0,1,3.03,1.66,11.53,-9.17,4.02,0,4,73,90,90,0.5477,0.0209,8.9636
251264,PROFILE,ROASTING,103,185.0,183.0,1,2.05,1.12,11.58,-9.04,3.65,0,4,72,90,90,0.5477,0.0209,8.9636
252312,PROFILE,ROASTING,104,185.0,184.0,1,0.98,0.54,11.60,-9.22,2.92,0,3,72,90,90,0.5477,0.0209,8.9636
253249,PROFILE,ROASTING,105,185.0,184.9,1,0.05,0.03,11.60,-8.92,2.71,0,3,71,90,90,0.5477,0.0209,8.9636
254252,PROFILE,ROASTING,106,185.0,185.9,1,-0.92,-0.51,11.58,-8.86,2.21,0,2,71,90,90,0.5477,0.0209,8.9636
255263,PROFILE,ROASTING,107,185.0,186.8,1,-1.79,-0.98,11.54,-8.48,2.08,0,2,70,90,90,0.5477,0.0209,8.9636
256250,PROFILE,ROASTING,108,185.0,187.7,1,-2.66,-1.46,11.49,-8.27,1.76,0,2,70,90,90,0.5477,0.0209,8.9636
257258,PROFILE,ROASTING,109,185.0,188.4,1,-3.40,-1.86,11.42,-7.73,1.82,0,2,70,90,90,0.5477,0.0209,8.9636
258260,PROFILE,ROASTING,110,185.0,189.3,1,-4.27,-2.34,11.33,-7.75,1.23,0,1,70,90,90,0.5477,0.0209,8.9636
259256,PROFILE,ROASTING,111,185.0,190.2,1,-5.20,-2.85,11.22,-7.94,0.43,0,0,69,90,90,0.5477,0.0209,8.9636
260255,PROFILE,ROASTING,112,185.0,191.1,1,-6.13,-3.36,11.09,-8.07,-0.33,0,0,0,90,90,0.5477,0.0209,8.9636
261260,PROFILE,ROASTING,113,185.0,192.1,1,-7.07,-3.87,10.94,-8.20,-1.13,0,0,0,90,90,0.5477,0.0209,8.9636
262265,PROFILE,ROASTING,114,185.0,192.7,1,-7.68,-4.21,10.78,-7.28,-0.71,0,0,0,90,90,0.5477,0.0209,8.9636
263263,PROFILE,ROASTING,115,185.0,193.3,1,-8.34,0.00,0.00,0.00,0.00,1,0,0,90,90,0.5477,0.0209,8.9636
264261,PROFILE,ROASTING,116,185.0,194.0,1,-9.03,0.00,0.00,0.00,0.00,1,0,0,90,90,0.5477,0.0209,8.9636
265252,PROFILE,ROASTING,117,185.0,194.5,1,-9.46,0.00,0.00,0.00,0.00,1,0,0,90,90,0.5477,0.0209,8.9636
266257,PROFILE,ROASTING,118,185.0,194.9,1,-9.90,0.00,0.00,0.00,0.00,1,0,0,90,90,0.5477,0.0209,8.9636
267258,PROFILE,ROASTING,119,185.0,195.3,1,-10.27,0.00,0.00,0.00,0.00,1,0,0,90,90,0.5477,0.0209,8.9636
268261,PROFILE,ROASTING,120,185.0,195.4,1,-10.36,0.00,0.00,0.00,0.00,1,0,0,90,90,0.5477,0.0209,8.9636
269255,PROFILE,ROASTING,121,185.0,195.3,1,-10.31,0.00,0.00,0.00,0.00,1,0,0,90,90,0.5477,0.0209,8.9636
270256,PROFILE,ROASTING,122,185.0,195.0,1,-10.02,0.00,0.00,0.00,0.00,1,0,0,90,90,0.5477,0.0209,8.9636
271273,PROFILE,ROASTING,123,185.0,194.5,1,-9.51,0.00,0.00,0.00,0.00,1,0,0,90,90,0.5477,0.0209,8.9636
272274,PROFILE,ROASTING,124,185.0,193.9,1,-8.88,0.00,0.00,0.00,0.00,1,0,0,90,90,0.5477,0.0209,8.9636
273267,PROFILE,ROASTING,125,185.0,192.9,1,-7.92,-4.34,0.00,4.66,0.33,0,0,0,90,90,0.5477,0.0209,8.9636
274259,PROFILE,ROASTING,126,185.0,191.9,1,-6.94,-3.80,0.00,6.03,2.23,0,2,0,90,90,0.5477,0.0209,8.9636
275270,PROFILE,ROASTING,127,185.0,190.6,1,-5.59,-3.06,0.00,8.05,4.99,0,5,70,90,90,0.5477,0.0209,8.9636
276272,PROFILE,ROASTING,128,185.0,189.3,1,-4.27,-2.34,0.00,9.31,6.97,0,7,73,90,90,0.5477,0.0209,8.9636
277272,PROFILE,ROASTING,129,185.0,187.7,1,-2.71,-1.49,0.00,10.86,9.37,0,9,74,90,90,0.5477,0.0209,8.9636
278276,PROFILE,ROASTING,130,185.0,185.9,1,-0.89,-0.49,0.00,12.70,12.21,0,12,76,90,90,0.5477,0.0209,8.9636
279270,PROFILE,ROASTING,131,185.0,184.2,1,0.85,0.46,0.02,13.64,14.12,0,14,77,90,90,0.5477,0.0209,8.9636
280267,PROFILE,ROASTING,132,185.0,182.3,1,2.71,1.48,0.07,14.66,16.22,0,16,78,90,90,0.5477,0.0209,8.9636
281268,PROFILE,ROASTING,133,185.0,180.5,1,4.49,2.46,0.17,15.10,17.73,0,18,79,90,90,0.5477,0.0209,8.9636
282271,PROFILE,ROASTING,134,185.0,178.8,1,6.21,3.40,0.30,15.21,18.92,0,19,80,90,90,0.5477,0.0209,8.9636
283292,PROFILE,ROASTING,135,185.0,177.0,1,8.01,4.39,0.47,15.51,20.36,0,20,80,90,90,0.5477,0.0209,8.9636
284252,PROFILE,ROASTING,136,185.0,175.5,1,9.51,5.21,0.66,14.81,20.68,0,21,81,90,90,0.5477,0.0209,8.9636
285255,PROFILE,ROASTING,137,185.0,174.2,1,10.83,5.93,0.89,13.83,20.65,0,21,81,90,90,0.5477,0.0209,8.9636
286259,PROFILE,ROASTING,138,185.0,173.0,1,11.97,6.55,1.14,12.62,20.31,0,20,81,90,90,0.5477,0.0209,8.9636
287254,PROFILE,ROASTING,139,185.0,172.1,1,12.94,7.08,1.41,11.30,19.80,0,20,81,90,90,0.5477,0.0209,8.9636
288246,PROFILE,ROASTING,140,185.0,171.3,1,13.74,7.53,1.70,9.95,19.18,0,19,81,90,90,0.5477,0.0209,8.9636
289258,PROFILE,ROASTING,141,185.0,170.6,1,14.40,7.89,2.00,8.60,18.49,0,18,80,90,90,0.5477,0.0209,8.9636
290259,PROFILE,ROASTING,142,185.0,170.2,1,14.80,8.11,2.31,6.94,17.35,0,17,80,90,90,0.5477,0.0209,8.9636
291259,PROFILE,ROASTING,143,185.0,169.8,1,15.22,8.34,2.63,5.86,16.82,0,17,79,90,90,0.5477,0.0209,8.9636
292264,PROFILE,ROASTING,144,185.0,169.8,1,15.23,8.34,2.95,3.95,15.24,0,15,79,90,90,0.5477,0.0209,8.9636
293256,PROFILE,ROASTING,145,185.0,169.7,1,15.32,8.39,3.27,2.89,14.54,0,15,79,90,90,0.5477,0.0209,8.9636
294263,PROFILE,ROASTING,146,185.0,169.8,1,15.16,8.30,3.58,1.46,13.35,0,13,79,90,90,0.5477,0.0209,8.9636
295261,PROFILE,ROASTING,147,185.0,170.2,1,14.79,8.10,3.89,-0.13,11.87,0,12,78,90,90,0.5477,0.0209,8.9636
296257,PROFILE,ROASTING,148,185.0,170.6,1,14.40,7.89,4.19,-1.26,10.82,0,11,77,90,90,0.5477,0.0209,8.9636
297251,PROFILE,ROASTING,149,185.0,171.3,1,13.73,7.52,4.48,-2.86,9.14,0,9,77,90,90,0.5477,0.0209,8.9636
298260,PROFILE,ROASTING,150,185.0,171.9,1,13.08,7.16,4.75,-3.83,8.08,0,8,76,90,90,0.5477,0.0209,8.9636
299265,PROFILE,ROASTING,151,185.0,172.6,1,12.39,6.79,5.01,-4.62,7.18,0,7,75,90,90,0.5477,0.0209,8.9636
300267,PROFILE,ROASTING,152,185.0,173.6,1,11.44,6.26,5.25,-5.92,5.59,0,6,74,90,90,0.5477,0.0209,8.9636
301262,PROFILE,ROASTING,153,185.0,174.4,1,10.59,5.80,5.47,-6.48,4.79,0,5,74,90,90,0.5477,0.0209,8.9636
302255,PROFILE,ROASTING,154,185.0,175.3,1,9.72,5.32,5.68,-6.91,4.09,0,4,73,90,90,0.5477,0.0209,8.9636
303269,PROFILE,ROASTING,155,185.0,176.2,1,8.84,4.84,5.86,-7.23,3.47,0,3,72,90,90,0.5477,0.0209,8.9636
304268,PROFILE,ROASTING,156,185.0,177.1,1,7.93,4.34,6.03,-7.56,2.81,0,3,71,90,90,0.5477,0.0209,8.9636
305267,PROFILE,ROASTING,157,185.0,178.1,1,6.90,3.78,6.17,-8.12,1.83,0,2,71,90,90,0.5477,0.0209,8.9636
306272,PROFILE,ROASTING,158,185.0,179.2,1,5.83,3.19,6.29,-8.59,0.89,0,1,70,90,90,0.5477,0.0209,8.9636
307267,PROFILE,ROASTING,159,185.0,180.2,1,4.78,2.62,6.39,-8.87,0.14,0,0,69,90,90,0.5477,0.0209,8.9636
308272,PROFILE,ROASTING,160,185.0,181.2,1,3.83,2.10,6.47,-8.76,-0.19,0,0,0,90,90,0.5477,0.0209,8.9636
309273,PROFILE,ROASTING,161,185.0,182.2,1,2.76,1.51,6.53,-9.02,-0.98,0,0,0,90,90,0.5477,0.0209,8.9636
310276,PROFILE,ROASTING,162,185.0,183.5,1,1.54,0.84,6.56,-9.67,-2.27,0,0,0,90,90,0.5477,0.0209,8.9636
311271,PROFILE,ROASTING,163,185.0,184.5,1,0.52,0.29,6.57,-9.49,-2.63,0,0,0,90,90,0.5477,0.0209,8.9636
312271,PROFILE,ROASTING,164,185.0,185.4,1,-0.38,-0.21,6.56,-9.02,-2.66,0,0,0,90,90,0.5477,0.0209,8.9636
313274,PROFILE,ROASTING,165,185.0,186.3,1,-1.26,-0.69,6.54,-8.64,-2.80,0,0,0,90,90,0.5477,0.0209,8.9636
314250,PROFILE,ROASTING,166,185.0,186.9,1,-1.93,-1.06,6.50,-7.76,-2.31,0,0,0,90,90,0.5477,0.0209,8.9636
315246,PROFILE,ROASTING,167,185.0,187.6,1,-2.63,-1.44,6.44,-7.27,-2.27,0,0,0,90,90,0.5477,0.0209,8.9636
316248,PROFILE,ROASTING,168,185.0,188.1,1,-3.12,-1.71,6.38,-6.31,-1.64,0,0,0,90,90,0.5477,0.0209,8.9636
317254,PROFILE,ROASTING,169,185.0,188.3,1,-3.33,-1.83,6.31,-4.84,-0.36,0,0,0,90,90,0.5477,0.0209,8.9636
318256,PROFILE,ROASTING,170,185.0,188.4,1,-3.41,-1.87,6.24,-3.45,0.92,0,1,0,90,90,0.5477,0.0209,8.9636
319254,PROFILE,ROASTING,171,185.0,188.1,1,-3.09,-1.69,6.17,-1.35,3.13,0,3,69,90,90,0.5477,0.0209,8.9636
320262,PROFILE,ROASTING,172,185.0,187.8,1,-2.77,-1.52,6.11,0.06,4.66,0,5,71,90,90,0.5477,0.0209,8.9636
321252,PROFILE,ROASTING,173,185.0,187.2,1,-2.24,-1.23,6.07,1.60,6.44,0,6,73,90,90,0.5477,0.0209,8.9636
322258,PROFILE,ROASTING,174,185.0,186.3,1,-1.34,-0.73,6.04,3.77,9.07,0,9,74,90,90,0.5477,0.0209,8.9636
323259,PROFILE,ROASTING,175,185.0,185.5,1,-0.50,-0.28,6.03,5.01,10.77,0,11,76,90,90,0.5477,0.0209,8.9636
324259,PROFILE,ROASTING,176,185.0,184.5,1,0.45,0.25,6.04,6.19,12.48,0,12,77,90,90,0.5477,0.0209,8.9636
325253,PROFILE,ROASTING,177,185.0,183.3,1,1.69,0.93,6.07,7.84,14.84,0,15,77,90,90,0.5477,0.0209,8.9636
326257,PROFILE,ROASTING,178,185.0,182.3,1,2.70,1.48,6.13,8.24,15.85,0,16,79,90,90,0.5477,0.0209,8.9636
327265,PROFILE,ROASTING,179,185.0,181.1,1,3.94,2.16,6.21,9.20,17.57,0,18,79,90,90,0.5477,0.0209,8.9636
328259,PROFILE,ROASTING,180,200.0,180.1,1,7.90,4.33,6.38,9.01,19.72,0,20,80,90,90,0.5477,0.0209,8.9636
329247,PROFILE,ROASTING,181,200.0,179.0,1,11.99,6.57,6.63,9.26,22.46,0,22,81,90,90,0.5477,0.0209,8.9636
330251,PROFILE,ROASTING,182,200.0,177.9,1,16.06,8.80,6.96,9.36,25.12,0,25,81,90,90,0.5477,0.0209,8.9636
331268,PROFILE,ROASTING,183,200.0,177.4,1,19.58,10.72,7.37,7.80,25.89,0,26,83,90,90,0.5477,0.0209,8.9636
332268,PROFILE,ROASTING,184,200.0,177.1,1,22.94,12.56,7.85,6.26,26.67,0,27,83,90,90,0.5477,0.0209,8.9636
333269,PROFILE,ROASTING,185,200.0,176.6,1,23.42,12.83,8.34,5.61,26.78,0,27,83,90,90,0.5477,0.0209,8.9636
334269,PROFILE,ROASTING,186,200.0,176.2,1,23.77,13.02,8.84,4.78,26.64,0,27,83,90,90,0.5477,0.0209,8.9636
335262,PROFILE,ROASTING,187,200.0,176.1,1,23.93,13.11,9.34,3.68,26.13,0,26,83,90,90,0.5477,0.0209,8.9636
336267,PROFILE,ROASTING,188,200.0,176.1,1,23.95,13.11,9.84,2.50,25.45,0,25,83,90,90,0.5477,0.0209,8.9636
337266,PROFILE,ROASTING,189,200.0,176.3,1,23.73,13.00,10.34,1.04,24.37,0,24,83,90,90,0.5477,0.0209,8.9636
338272,PROFILE,ROASTING,190,200.0,176.5,1,23.52,12.88,10.83,0.06,23.77,0,24,82,90,90,0.5477,0.0209,8.9636
339262,PROFILE,ROASTING,191,200.0,176.9,1,23.06,12.63,11.31,-1.35,22.59,0,23,82,90,90,0.5477,0.0209,8.9636
340275,PROFILE,ROASTING,192,200.0,177.4,1,22.60,12.38,11.78,-2.28,21.88,0,22,82,90,90,0.5477,0.0209,8.9636
341280,PROFILE,ROASTING,193,200.0,178.0,1,22.04,12.07,12.24,-3.19,21.12,0,21,81,90,90,0.5477,0.0209,8.9636
342281,PROFILE,ROASTING,194,200.0,178.5,1,21.46,11.75,12.69,-3.86,20.59,0,21,81,90,90,0.5477,0.0209,8.9636
343276,PROFILE,ROASTING,195,200.0,179.3,1,20.74,11.36,13.12,-4.71,19.77,0,20,81,90,90,0.5477,0.0209,8.9636
344270,PROFILE,ROASTING,196,200.0,180.0,1,19.96,10.93,13.54,-5.47,19.01,0,19,81,90,90,0.5477,0.0209,8.9636
345252,PROFILE,ROASTING,197,200.0,181.1,1,18.90,10.35,13.94,-6.82,17.47,0,17,80,90,90,0.5477,0.0209,8.9636
346252,PROFILE,ROASTING,198,200.0,182.1,1,17.88,9.79,14.31,-7.59,16.51,0,17,79,90,90,0.5477,0.0209,8.9636
347256,PROFILE,ROASTING,199,200.0,183.2,1,16.82,9.21,14.66,-8.22,15.65,0,16,79,90,90,0.5477,0.0209,8.9636
348246,PROFILE,ROASTING,200,200.0,184.1,1,15.85,8.68,14.99,-8.38,15.30,0,15,79,90,90,0.5477,0.0209,8.9636
349258,PROFILE,ROASTING,201,200.0,185.2,1,14.84,8.13,15.30,-8.62,14.81,0,15,79,90,90,0.5477,0.0209,8.9636
350255,PROFILE,ROASTING,202,200.0,186.1,1,13.86,7.59,15.59,-8.66,14.52,0,15,79,90,90,0.5477,0.0209,8.9636
351254,PROFILE,ROASTING,203,200.0,187.2,1,12.75,6.98,15.86,-9.10,13.74,0,14,79,90,90,0.5477,0.0209,8.9636
352257,PROFILE,ROASTING,204,200.0,188.5,1,11.53,6.32,16.10,-9.71,12.71,0,13,78,90,90,0.5477,0.0209,8.9636
353254,PROFILE,ROASTING,205,200.0,189.5,1,10.47,5.73,16.32,-9.64,12.41,0,12,78,90,90,0.5477,0.0209,8.9636
354260,PROFILE,ROASTING,206,200.0,190.7,1,9.26,5.07,16.51,-10.03,11.56,0,12,77,90,90,0.5477,0.0209,8.9636
355267,PROFILE,ROASTING,207,200.0,192.1,1,7.93,4.34,16.68,-10.68,10.35,0,10,77,90,90,0.5477,0.0209,8.9636
356263,PROFILE,ROASTING,208,200.0,193.1,1,6.95,3.80,16.82,-10.06,10.57,0,11,76,90,90,0.5477,0.0209,8.9636
357250,PROFILE,ROASTING,209,200.0,194.0,1,6.02,3.29,16.95,-9.48,10.76,0,11,77,90,90,0.5477,0.0209,8.9636
358252,PROFILE,ROASTING,210,200.0,195.1,1,4.90,2.68,17.05,-9.66,10.08,0,10,77,90,90,0.5477,0.0209,8.9636
359259,PROFILE,ROASTING,211,200.0,196.3,1,3.72,2.04,17.13,-9.95,9.22,0,9,76,90,90,0.5477,0.0209,8.9636
360259,PROFILE,ROASTING,212,200.0,197.4,1,2.58,1.41,17.18,-10.05,8.54,0,9,76,90,90,0.5477,0.0209,8.9636
361263,PROFILE,ROASTING,213,200.0,198.6,1,1.44,0.79,17.21,-10.12,7.88,0,8,76,90,90,0.5477,0.0209,8.9636
362259,PROFILE,ROASTING,214,200.0,199.6,1,0.35,0.19,17.22,-9.98,7.44,0,7,75,90,90,0.5477,0.0209,8.9636
363318,PROFILE,ROASTING,215,200.0,200.6,1,-0.63,-0.34,17.21,-9.59,7.27,0,7,74,90,90,0.5477,0.0209,8.9636
364265,PROFILE,ROASTING,216,200.0,201.6,1,-1.63,-0.90,17.17,-9.40,6.88,0,7,74,90,90,0.5477,0.0209,8.9636
365266,PROFILE,ROASTING,217,200.0,202.5,1,-2.48,-1.36,17.12,-8.80,6.97,0,7,74,90,90,0.5477,0.0209,8.9636
366269,PROFILE,ROASTING,218,200.0,203.3,1,-3.32,-1.82,17.05,-8.36,6.87,0,7,74,90,90,0.5477,0.0209,8.9636
367259,PROFILE,ROASTING,219,200.0,204.2,1,-4.19,-2.30,16.96,-8.19,6.47,0,6,74,90,90,0.5477,0.0209,8.9636
368269,PROFILE,ROASTING,220,200.0,205.2,1,-5.22,-2.86,16.86,-8.52,5.47,0,5,74,90,90,0.5477,0.0209,8.9636
369275,PROFILE,ROASTING,221,200.0,206.1,1,-6.12,-3.35,16.73,-8.38,4.99,0,5,73,90,90,0.5477,0.0209,8.9636
370274,PROFILE,ROASTING,222,200.0,207.0,1,-7.01,-3.84,16.58,-8.23,4.51,0,5,73,90,90,0.5477,0.0209,8.9636
371265,PROFILE,ROASTING,223,200.0,207.7,1,-7.71,-4.22,16.42,-7.58,4.62,0,5,73,90,90,0.5477,0.0209,8.9636
372276,PROFILE,ROASTING,224,200.0,208.5,1,-8.51,0.00,0.00,0.00,0.00,1,0,73,90,90,0.5477,0.0209,8.9636
373284,PROFILE,ROASTING,225,200.0,209.2,1,-9.18,0.00,0.00,0.00,0.00,1,0,0,90,90,0.5477,0.0209,8.9636
374281,PROFILE,ROASTING,226,200.0,209.9,1,-9.86,0.00,0.00,0.00,0.00,1,0,0,90,90,0.5477,0.0209,8.9636
375270,PROFILE,ROASTING,227,200.0,210.4,1,-10.42,0.00,0.00,0.00,0.00,1,0,0,90,90,0.5477,0.0209,8.9636
376289,PROFILE,ROASTING,228,200.0,211.2,1,-11.19,0.00,0.00,0.00,0.00,1,0,0,90,90,0.5477,0.0209,8.9636
377252,PROFILE,ROASTING,229,200.0,211.8,1,-11.83,0.00,0.00,0.00,0.00,1,0,0,90,90,0.5477,0.0209,8.9636
378250,PROFILE,ROASTING,230,200.0,212.4,1,-12.45,0.00,0.00,0.00,0.00,1,0,0,90,90,0.5477,0.0209,8.9636
379253,PROFILE,ROASTING,231,200.0,212.9,1,-12.91,0.00,0.00,0.00,0.00,1,0,0,90,90,0.5477,0.0209,8.9636
380245,PROFILE,ROASTING,232,200.0,213.1,1,-13.11,0.00,0.00,0.00,0.00,1,0,0,90,90,0.5477,0.0209,8.9636
381255,PROFILE,ROASTING,233,200.0,213.2,1,-13.23,0.00,0.00,0.00,0.00,1,0,0,90,90,0.5477,0.0209,8.9636
382260,PROFILE,ROASTING,234,200.0,213.1,1,-13.08,0.00,0.00,0.00,0.00,1,0,0,90,90,0.5477,0.0209,8.9636
383261,PROFILE,ROASTING,235,200.0,212.7,1,-12.67,0.00,0.00,0.00,0.00,1,0,0,90,90,0.5477,0.0209,8.9636
384262,PROFILE,ROASTING,236,200.0,212.1,1,-12.14,0.00,0.00,0.00,0.00,1,0,0,90,90,0.5477,0.0209,8.9636
385250,PROFILE,ROASTING,237,200.0,211.5,1,-11.46,0.00,0.00,0.00,0.00,1,0,0,90,90,0.5477,0.0209,8.9636
386260,PROFILE,ROASTING,238,200.0,210.4,1,-10.35,0.00,0.00,0.00,0.00,1,0,0,90,90,0.5477,0.0209,8.9636
387262,PROFILE,ROASTING,239,200.0,209.3,1,-9.29,0.00,0.00,0.00,0.00,1,0,0,90,90,0.5477,0.0209,8.9636
388264,PROFILE,ROASTING,240,200.0,208.0,1,-7.98,-4.37,0.00,8.44,4.08,0,4,0,90,90,0.5477,0.0209,8.9636
389267,PROFILE,ROASTING,241,200.0,206.5,1,-6.49,-3.55,0.00,10.08,6.53,0,7,72,90,90,0.5477,0.0209,8.9636
390315,PROFILE,ROASTING,242,200.0,204.7,1,-4.66,-2.55,0.00,12.16,9.61,0,10,74,90,90,0.5477,0.0209,8.9636
391264,PROFILE,ROASTING,243,200.0,202.9,1,-2.92,-1.60,0.00,13.32,11.72,0,12,76,90,90,0.5477,0.0209,8.9636
392258,PROFILE,ROASTING,244,200.0,200.8,1,-0.78,-0.43,0.00,15.27,14.84,0,15,77,90,90,0.5477,0.0209,8.9636
393263,PROFILE,ROASTING,245,200.0,198.8,1,1.18,0.65,0.02,16.06,16.73,0,17,79,90,90,0.5477,0.0209,8.9636
394254,PROFILE,ROASTING,246,200.0,196.7,1,3.31,1.81,0.09,17.05,18.95,0,19,79,90,90,0.5477,0.0209,8.9636
395264,PROFILE,ROASTING,247,200.0,194.7,1,5.34,2.93,0.21,17.45,20.58,0,21,80,90,90,0.5477,0.0209,8.9636
396267,PROFILE,ROASTING,248,200.0,192.6,1,7.43,4.07,0.36,17.86,22.29,0,22,81,90,90,0.5477,0.0209,8.9636
397272,PROFILE,ROASTING,249,200.0,190.7,1,9.29,5.09,0.55,17.46,23.10,0,23,81,90,90,0.5477,0.0209,8.9636
398270,PROFILE,ROASTING,250,200.0,188.9,1,11.05,6.05,0.79,16.91,23.75,0,24,82,90,90,0.5477,0.0209,8.9636
399263,PROFILE,ROASTING,251,200.0,187.4,1,12.58,6.89,1.05,15.83,23.77,0,24,82,90,90,0.5477,0.0209,8.9636
400325,PROFILE,ROASTING,252,200.0,186.0,1,14.00,7.67,1.34,14.80,23.80,0,24,82,90,90,0.5477,0.0209,8.9636
401277,PROFILE,ROASTING,253,200.0,184.7,1,15.31,8.39,1.66,13.79,23.84,0,24,82,90,90,0.5477,0.0209,8.9636
402277,PROFILE,ROASTING,254,200.0,183.6,1,16.39,8.98,2.00,12.43,23.41,0,23,82,90,90,0.5477,0.0209,8.9636
403270,PROFILE,ROASTING,255,200.0,182.8,1,17.22,9.43,2.36,10.76,22.56,0,23,82,90,90,0.5477,0.0209,8.9636
404279,PROFILE,ROASTING,256,200.0,182.3,1,17.67,9.68,2.73,8.52,20.93,0,21,82,90,90,0.5477,0.0209,8.9636
405283,PROFILE,ROASTING,257,200.0,182.0,1,18.03,9.88,3.11,6.76,19.75,0,20,81,90,90,0.5477,0.0209,8.9636
406276,PROFILE,ROASTING,258,200.0,181.7,1,18.33,10.04,3.49,5.40,18.93,0,19,81,90,90,0.5477,0.0209,8.9636
407287,PROFILE,ROASTING,259,200.0,181.5,1,18.51,10.14,3.88,4.15,18.17,0,18,80,90,90,0.5477,0.0209,8.9636
408250,PROFILE,ROASTING,260,200.0,181.4,1,18.62,10.20,4.27,3.07,17.54,0,18,80,90,90,0.5477,0.0209,8.9636
409253,PROFILE,ROASTING,261,200.0,181.7,1,18.35,10.05,4.65,1.24,15.94,0,16,80,90,90,0.5477,0.0209,8.9636
410255,PROFILE,ROASTING,262,200.0,181.9,1,18.09,9.91,5.03,0.05,14.98,0,15,79,90,90,0.5477,0.0209,8.9636
411257,PROFILE,ROASTING,263,200.0,182.2,1,17.78,9.74,5.40,-0.88,14.27,0,14,79,90,90,0.5477,0.0209,8.9636
412248,PROFILE,ROASTING,264,200.0,182.9,1,17.13,9.38,5.76,-2.54,12.60,0,13,78,90,90,0.5477,0.0209,8.9636
413260,PROFILE,ROASTING,265,200.0,183.6,1,16.37,8.97,6.10,-3.96,11.11,0,11,78,90,90,0.5477,0.0209,8.9636
414258,PROFILE,ROASTING,266,200.0,184.4,1,15.60,8.54,6.43,-4.94,10.03,0,10,77,90,90,0.5477,0.0209,8.9636
415257,PROFILE,ROASTING,267,200.0,185.2,1,14.76,8.08,6.74,-5.81,9.01,0,9,76,90,90,0.5477,0.0209,8.9636
416262,PROFILE,ROASTING,268,200.0,186.1,1,13.86,7.59,7.03,-6.54,8.08,0,8,76,90,90,0.5477,0.0209,8.9636
417253,PROFILE,ROASTING,269,200.0,186.9,1,13.08,7.16,7.30,-6.70,7.76,0,8,75,90,90,0.5477,0.0209,8.9636
418267,PROFILE,ROASTING,270,200.0,188.0,1,12.00,6.57,7.55,-7.70,6.42,0,6,75,90,90,0.5477,0.0209,8.9636
419268,PROFILE,ROASTING,271,200.0,189.0,1,10.98,6.02,7.78,-8.17,5.63,0,6,74,90,90,0.5477,0.0209,8.9636
420265,PROFILE,ROASTING,272,200.0,190.0,1,9.97,5.46,7.99,-8.46,5.00,0,5,74,90,90,0.5477,0.0209,8.9636
421260,PROFILE,ROASTING,273,200.0,191.1,1,8.88,4.86,8.17,-8.92,4.12,0,4,73,90,90,0.5477,0.0209,8.9636
422267,PROFILE,ROASTING,274,200.0,192.1,1,7.88,4.32,8.34,-8.91,3.74,0,4,72,90,90,0.5477,0.0209,8.9636
423262,PROFILE,ROASTING,275,200.0,193.2,1,6.76,3.70,8.48,-9.29,2.89,0,3,72,90,90,0.5477,0.0209,8.9636
424264,PROFILE,ROASTING,276,200.0,194.4,1,5.65,3.09,8.60,-9.53,2.17,0,2,71,90,90,0.5477,0.0209,8.9636
425266,PROFILE,ROASTING,277,200.0,195.4,1,4.58,2.51,8.69,-9.53,1.67,0,2,70,90,90,0.5477,0.0209,8.9636
426258,PROFILE,ROASTING,278,200.0,196.5,1,3.55,1.94,8.77,-9.45,1.26,0,1,70,90,90,0.5477,0.0209,8.9636
427263,PROFILE,ROASTING,279,200.0,197.4,1,2.64,1.44,8.82,-9.02,1.24,0,1,69,90,90,0.5477,0.0209,8.9636
428268,PROFILE,ROASTING,280,200.0,198.3,1,1.73,0.95,8.86,-8.71,1.10,0,1,69,90,90,0.5477,0.0209,8.9636
429320,PROFILE,ROASTING,281,200.0,199.2,1,0.85,0.47,8.88,-8.45,0.90,0,1,69,90,90,0.5477,0.0209,8.9636
430262,PROFILE,ROASTING,282,200.0,200.1,1,-0.08,-0.05,8.88,-8.42,0.41,0,0,69,90,90,0.5477,0.0209,8.9636
431261,PROFILE,ROASTING,283,200.0,201.1,1,-1.11,-0.61,8.85,-8.68,-0.43,0,0,0,90,90,0.5477,0.0209,8.9636
432277,PROFILE,ROASTING,284,200.0,202.0,1,-1.95,-1.07,8.81,-8.30,-0.56,0,0,0,90,90,0.5477,0.0209,8.9636
433279,PROFILE,ROASTING,285,200.0,202.8,1,-2.75,-1.51,8.75,-7.93,-0.69,0,0,0,90,90,0.5477,0.0209,8.9636
434275,PROFILE,ROASTING,286,200.0,203.5,1,-3.47,-1.90,8.68,-7.43,-0.65,0,0,0,90,90,0.5477,0.0209,8.9636
435267,PROFILE,ROASTING,287,200.0,204.1,1,-4.11,-2.25,8.60,-6.86,-0.51,0,0,0,90,90,0.5477,0.0209,8.9636
436280,PROFILE,ROASTING,288,200.0,204.8,1,-4.83,-2.64,8.49,-6.72,-0.87,0,0,0,90,90,0.5477,0.0209,8.9636
437290,PROFILE,ROASTING,289,200.0,205.2,1,-5.18,-2.84,8.39,-5.54,0.00,0,0,0,90,90,0.5477,0.0209,8.9636
438258,PROFILE,ROASTING,290,200.0,205.7,1,-5.71,-3.13,8.27,-5.28,-0.14,0,0,0,90,90,0.5477,0.0209,8.9636
439243,PROFILE,ROASTING,291,200.0,206.0,1,-5.96,-3.27,8.14,-4.27,0.61,0,1,0,90,90,0.5477,0.0209,8.9636
440245,PROFILE,ROASTING,292,200.0,206.1,1,-6.09,-3.33,8.02,-3.22,1.46,0,1,69,90,90,0.5477,0.0209,8.9636
441251,PROFILE,ROASTING,293,200.0,205.9,1,-5.92,-3.25,7.89,-1.66,2.99,0,3,69,90,90,0.5477,0.0209,8.9636
442252,PROFILE,ROASTING,294,200.0,205.5,1,-5.50,-3.01,7.78,0.15,4.91,0,5,71,90,90,0.5477,0.0209,8.9636
443257,PROFILE,ROASTING,295,200.0,204.9,1,-4.94,-2.71,7.67,1.79,6.76,0,7,73,90,90,0.5477,0.0209,8.9636
444248,PROFILE,ROASTING,296,200.0,204.2,1,-4.19,-2.29,7.59,3.45,8.74,0,9,74,90,90,0.5477,0.0209,8.9636
445257,PROFILE,ROASTING,297,200.0,203.2,1,-3.20,-1.75,7.52,5.25,11.02,0,11,76,90,90,0.5477,0.0209,8.9636
446263,PROFILE,ROASTING,298,200.0,202.3,1,-2.27,-1.24,7.47,6.28,12.51,0,13,77,90,90,0.5477,0.0209,8.9636
447259,PROFILE,ROASTING,299,200.0,201.4,1,-1.37,-0.75,7.44,6.87,13.56,0,14,78,90,90,0.5477,0.0209,8.9636
448259,PROFILE,ROASTING,300,200.0,200.5,1,-0.47,-0.26,7.43,7.26,14.43,0,14,78,90,90,0.5477,0.0209,8.9636
449253,PROFILE,ROASTING,301,200.0,199.2,1,0.77,0.42,7.45,8.54,16.41,0,16,78,90,90,0.5477,0.0209,8.9636
450262,PROFILE,ROASTING,302,200.0,198.4,1,1.57,0.86,7.48,8.10,16.44,0,16,79,90,90,0.5477,0.0209,8.9636
451267,PROFILE,ROASTING,303,200.0,197.5,1,2.54,1.39,7.53,8.30,17.22,0,17,79,90,90,0.5477,0.0209,8.9636
452265,PROFILE,ROASTING,304,200.0,196.7,1,3.27,1.79,7.60,7.72,17.11,0,17,79,90,90,0.5477,0.0209,8.9636
453266,PROFILE,ROASTING,305,200.0,196.2,1,3.81,2.09,7.68,6.75,16.52,0,17,79,90,90,0.5477,0.0209,8.9636
454262,PROFILE,ROASTING,306,200.0,195.6,1,4.39,2.41,7.77,6.24,16.42,0,16,79,90,90,0.5477,0.0209,8.9636
455261,PROFILE,ROASTING,307,200.0,195.3,1,4.71,2.58,7.87,5.10,15.55,0,16,79,90,90,0.5477,0.0209,8.9636
456264,PROFILE,ROASTING,308,200.0,194.8,1,5.16,2.83,7.98,4.76,15.57,0,16,79,90,90,0.5477,0.0209,8.9636
457264,PROFILE,ROASTING,309,200.0,194.7,1,5.34,2.93,8.09,3.71,14.73,0,15,79,90,90,0.5477,0.0209,8.9636
458259,PROFILE,ROASTING,310,200.0,194.7,1,5.30,2.90,8.20,2.35,13.46,0,13,79,90,90,0.5477,0.0209,8.9636
459269,PROFILE,ROASTING,311,200.0,194.8,1,5.17,2.83,8.31,1.18,12.32,0,12,78,90,90,0.5477,0.0209,8.9636
460272,PROFILE,ROASTING,312,200.0,195.0,1,4.97,2.72,8.42,0.19,11.33,0,11,77,90,90,0.5477,0.0209,8.9636
461272,PROFILE,ROASTING,313,200.0,195.1,1,4.92,2.70,8.52,-0.02,11.19,0,11,77,90,90,0.5477,0.0209,8.9636
462260,PROFILE,ROASTING,314,200.0,195.5,1,4.55,2.49,8.61,-1.13,9.98,0,10,77,90,90,0.5477,0.0209,8.9636
463262,PROFILE,ROASTING,315,200.0,195.9,1,4.07,2.23,8.70,-2.17,8.76,0,9,76,90,90,0.5477,0.0209,8.9636
464275,PROFILE,ROASTING,316,200.0,196.5,1,3.54,1.94,8.77,-3.04,7.68,0,8,76,90,90,0.5477,0.0209,8.9636
465280,PROFILE,ROASTING,317,200.0,197.0,1,3.02,1.66,8.84,-3.57,6.92,0,7,75,90,90,0.5477,0.0209,8.9636
466277,PROFILE,ROASTING,318,200.0,197.4,1,2.58,1.41,8.89,-3.72,6.58,0,7,74,90,90,0.5477,0.0209,8.9636
467282,PROFILE,ROASTING,319,200.0,198.1,1,1.89,1.03,8.93,-4.54,5.42,0,5,74,90,90,0.5477,0.0209,8.9636
468272,PROFILE,ROASTING,320,200.0,198.6,1,1.39,0.76,8.96,-4.51,5.21,0,5,73,90,90,0.5477,0.0209,8.9636
469256,PROFILE,ROASTING,321,200.0,199.5,1,0.55,0.30,8.97,-5.52,3.74,0,4,73,90,90,0.5477,0.0209,8.9636
470254,PROFILE,ROASTING,322,200.0,200.3,1,-0.32,-0.17,8.96,-6.27,2.52,0,3,72,90,90,0.5477,0.0209,8.9636
471240,PROFILE,ROASTING,323,200.0,201.1,1,-1.07,-0.59,8.94,-6.42,1.93,0,2,71,90,90,0.5477,0.0209,8.9636
472244,PROFILE,ROASTING,324,200.0,201.9,1,-1.93,-1.06,8.90,-6.85,0.99,0,1,70,90,90,0.5477,0.0209,8.9636
473264,PROFILE,ROASTING,325,200.0,202.6,1,-2.57,-1.41,8.85,-6.48,0.96,0,1,69,90,90,0.5477,0.0209,8.9636
474258,PROFILE,ROASTING,326,200.0,203.4,1,-3.43,-1.88,8.77,-6.89,0.00,0,0,69,90,90,0.5477,0.0209,8.9636
475256,PROFILE,ROASTING,327,200.0,204.2,1,-4.21,-2.31,8.69,-6.93,-0.55,0,0,0,90,90,0.5477,0.0209,8.9636
476244,PROFILE,ROASTING,328,200.0,205.0,1,-4.98,-2.73,8.58,-6.91,-1.05,0,0,0,90,90,0.5477,0.0209,8.9636
477260,PROFILE,ROASTING,329,200.0,205.8,1,-5.75,-3.15,8.46,-6.92,-1.61,0,0,0,90,90,0.5477,0.0209,8.9636
478258,PROFILE,ROASTING,330,200.0,206.4,1,-6.42,-3.52,8.33,-6.62,-1.81,0,0,0,90,90,0.5477,0.0209,8.9636
479260,PROFILE,ROASTING,331,200.0,207.2,1,-7.18,-3.93,8.18,-6.66,-2.41,0,0,0,90,90,0.5477,0.0209,8.9636
480265,PROFILE,ROASTING,332,200.0,207.9,1,-7.93,-4.34,8.01,-6.68,-3.01,0,0,0,90,90,0.5477,0.0209,8.9636
481255,PROFILE,ROASTING,333,200.0,208.2,1,-8.24,0.00,0.00,0.00,0.00,1,0,0,90,90,0.5477,0.0209,8.9636
482258,PROFILE,ROASTING,334,200.0,208.6,1,-8.64,0.00,0.00,0.00,0.00,1,0,0,90,90,0.5477,0.0209,8.9636
483266,PROFILE,ROASTING,335,200.0,208.8,1,-8.84,0.00,0.00,0.00,0.00,1,0,0,90,90,0.5477,0.0209,8.9636
484265,PROFILE,ROASTING,336,200.0,209.0,1,-8.96,0.00,0.00,0.00,0.00,1,0,0,90,90,0.5477,0.0209,8.9636
485271,PROFILE,ROASTING,337,200.0,208.8,1,-8.76,0.00,0.00,0.00,0.00,1,0,0,90,90,0.5477,0.0209,8.9636
486260,PROFILE,ROASTING,338,200.0,208.4,1,-8.41,0.00,0.00,0.00,0.00,1,0,0,90,90,0.5477,0.0209,8.9636
487268,PROFILE,ROASTING,339,200.0,207.7,1,-7.67,-4.20,0.00,2.32,-1.88,0,0,0,90,90,0.5477,0.0209,8.9636
488271,PROFILE,ROASTING,340,200.0,207.0,1,-6.99,-3.83,0.00,3.59,-0.24,0,0,0,90,90,0.5477,0.0209,8.9636
489320,PROFILE,ROASTING,341,200.0,205.9,1,-5.87,-3.21,0.00,5.73,2.52,0,3,0,90,90,0.5477,0.0209,8.9636
490255,PROFILE,ROASTING,342,200.0,204.7,1,-4.71,-2.58,0.00,7.29,4.71,0,5,71,90,90,0.5477,0.0209,8.9636
491267,PROFILE,ROASTING,343,200.0,203.3,1,-3.29,-1.80,0.00,9.10,7.30,0,7,73,90,90,0.5477,0.0209,8.9636
492268,PROFILE,ROASTING,344,200.0,201.6,1,-1.62,-0.88,0.00,11.06,10.18,0,10,74,90,90,0.5477,0.0209,8.9636
493273,PROFILE,ROASTING,345,200.0,199.9,1,0.14,0.08,0.00,12.61,12.69,0,13,76,90,90,0.5477,0.0209,8.9636
494273,PROFILE,ROASTING,346,200.0,198.2,1,1.80,0.98,0.04,13.36,14.39,0,14,78,90,90,0.5477,0.0209,8.9636
495267,PROFILE,ROASTING,347,200.0,196.4,1,3.62,1.98,0.12,14.36,16.46,0,16,78,90,90,0.5477,0.0209,8.9636
496269,PROFILE,ROASTING,348,200.0,194.6,1,5.40,2.96,0.23,14.88,18.06,0,18,79,90,90,0.5477,0.0209,8.9636
497274,PROFILE,ROASTING,349,200.0,192.9,1,7.11,3.90,0.38,15.05,19.32,0,19,80,90,90,0.5477,0.0209,8.9636
498275,PROFILE,ROASTING,350,200.0,191.0,1,8.95,4.90,0.56,15.53,21.00,0,21,80,90,90,0.5477,0.0209,8.9636
499278,PROFILE,ROASTING,351,200.0,189.5,1,10.52,5.76,0.78,15.04,21.58,0,22,81,90,90,0.5477,0.0209,8.9636
500355,PROFILE,ROASTING,352,200.0,188.2,1,11.79,6.46,1.03,13.83,21.32,0,21,81,90,90,0.5477,0.0209,8.9636
501260,PROFILE,ROASTING,353,200.0,186.9,1,13.12,7.18,1.31,13.18,21.67,0,22,81,90,90,0.5477,0.0209,8.9636
502261,PROFILE,ROASTING,354,200.0,185.8,1,14.16,7.76,1.60,11.90,21.25,0,21,81,90,90,0.5477,0.0209,8.9636
503255,PROFILE,ROASTING,355,200.0,184.8,1,15.15,8.30,1.92,10.90,21.11,0,21,81,90,90,0.5477,0.0209,8.9636
504244,PROFILE,ROASTING,356,200.0,184.1,1,15.91,8.72,2.25,9.54,20.51,0,21,81,90,90,0.5477,0.0209,8.9636
505256,PROFILE,ROASTING,357,200.0,183.7,1,16.26,8.91,2.59,7.41,18.90,0,19,81,90,90,0.5477,0.0209,8.9636
506256,PROFILE,ROASTING,358,200.0,183.3,1,16.68,9.14,2.94,6.18,18.25,0,18,80,90,90,0.5477,0.0209,8.9636
507258,PROFILE,ROASTING,359,200.0,182.9,1,17.13,9.38,3.30,5.47,18.15,0,18,80,90,90,0.5477,0.0209,8.9636
508258,PROFILE,ROASTING,360,200.0,182.8,1,17.17,9.40,3.66,3.75,16.81,0,17,80,90,90,0.5477,0.0209,8.9636
509251,PROFILE,ROASTING,361,200.0,182.9,1,17.14,9.39,4.01,2.42,15.83,0,16,79,90,90,0.5477,0.0209,8.9636
510262,PROFILE,ROASTING,362,200.0,183.2,1,16.80,9.20,4.37,0.59,14.16,0,14,79,90,90,0.5477,0.0209,8.9636
511308,PROFILE,ROASTING,363,200.0,183.5,1,16.54,9.06,4.71,-0.37,13.40,0,13,78,90,90,0.5477,0.0209,8.9636
512261,PROFILE,ROASTING,364,200.0,183.9,1,16.07,8.80,5.05,-1.66,12.19,0,12,78,90,90,0.5477,0.0209,8.9636
513255,PROFILE,ROASTING,365,200.0,184.6,1,15.41,8.44,5.37,-3.06,10.75,0,11,77,90,90,0.5477,0.0209,8.9636
514256,PROFILE,ROASTING,366,200.0,185.3,1,14.73,8.07,5.68,-4.08,9.67,0,10,77,90,90,0.5477,0.0209,8.9636
515274,PROFILE,ROASTING,367,200.0,186.0,1,13.96,7.65,5.97,-5.03,8.58,0,9,76,90,90,0.5477,0.0209,8.9636
516271,PROFILE,ROASTING,368,200.0,186.8,1,13.21,7.24,6.24,-5.59,7.89,0,8,76,90,90,0.5477,0.0209,8.9636
517271,PROFILE,ROASTING,369,200.0,187.5,1,12.46,6.83,6.51,-5.96,7.37,0,7,75,90,90,0.5477,0.0209,8.9636
518259,PROFILE,ROASTING,370,200.0,188.5,1,11.53,6.31,6.75,-6.77,6.28,0,6,74,90,90,0.5477,0.0209,8.9636
519265,PROFILE,ROASTING,371,200.0,189.5,1,10.55,5.78,6.97,-7.44,5.30,0,5,74,90,90,0.5477,0.0209,8.9636
520266,PROFILE,ROASTING,372,200.0,190.5,1,9.48,5.19,7.16,-8.15,4.21,0,4,73,90,90,0.5477,0.0209,8.9636
521266,PROFILE,ROASTING,373,200.0,191.6,1,8.43,4.61,7.34,-8.58,3.37,0,3,72,90,90,0.5477,0.0209,8.9636
522322,PROFILE,ROASTING,374,200.0,192.6,1,7.38,4.04,7.50,-8.84,2.69,0,3,71,90,90,0.5477,0.0209,8.9636
523265,PROFILE,ROASTING,375,200.0,193.7,1,6.32,3.46,7.63,-9.05,2.04,0,2,71,90,90,0.5477,0.0209,8.9636
524271,PROFILE,ROASTING,376,200.0,194.7,1,5.34,2.92,7.74,-8.98,1.68,0,2,70,90,90,0.5477,0.0209,8.9636
525269,PROFILE,ROASTING,377,200.0,195.8,1,4.19,2.29,7.83,-9.42,0.71,0,1,70,90,90,0.5477,0.0209,8.9636
526275,PROFILE,ROASTING,378,200.0,197.0,1,3.00,1.64,7.89,-9.84,-0.31,0,0,69,90,90,0.5477,0.0209,8.9636
527265,PROFILE,ROASTING,379,200.0,198.0,1,2.01,1.10,7.93,-9.50,-0.46,0,0,0,90,90,0.5477,0.0209,8.9636
528267,PROFILE,ROASTING,380,200.0,198.9,1,1.05,0.58,7.95,-9.20,-0.67,0,0,0,90,90,0.5477,0.0209,8.9636
529283,PROFILE,ROASTING,381,200.0,199.9,1,0.14,0.08,7.96,-8.87,-0.83,0,0,0,90,90,0.5477,0.0209,8.9636
530282,PROFILE,ROASTING,382,200.0,200.7,1,-0.75,-0.41,7.94,-8.57,-1.04,0,0,0,90,90,0.5477,0.0209,8.9636
531257,PROFILE,ROASTING,383,200.0,201.6,1,-1.64,-0.90,7.91,-8.37,-1.37,0,0,0,90,90,0.5477,0.0209,8.9636
532246,PROFILE,ROASTING,384,200.0,202.3,1,-2.34,-1.28,7.86,-7.69,-1.11,0,0,0,90,90,0.5477,0.0209,8.9636
533256,PROFILE,ROASTING,385,200.0,202.9,1,-2.90,-1.59,7.80,-6.78,-0.57,0,0,0,90,90,0.5477,0.0209,8.9636
534259,PROFILE,ROASTING,386,200.0,203.5,1,-3.54,-1.94,7.72,-6.43,-0.64,0,0,0,90,90,0.5477,0.0209,8.9636
535250,PROFILE,ROASTING,387,200.0,203.8,1,-3.79,-2.07,7.64,-5.03,0.54,0,1,0,90,90,0.5477,0.0209,8.9636
536246,PROFILE,ROASTING,388,200.0,203.9,1,-3.86,-2.12,7.56,-3.59,1.86,0,2,69,90,90,0.5477,0.0209,8.9636
537255,PROFILE,ROASTING,389,200.0,203.8,1,-3.81,-2.09,7.48,-2.24,3.15,0,3,70,90,90,0.5477,0.0209,8.9636
538258,PROFILE,ROASTING,390,200.0,203.7,1,-3.66,-2.01,7.41,-1.04,4.36,0,4,71,90,90,0.5477,0.0209,8.9636
539254,PROFILE,ROASTING,391,200.0,203.3,1,-3.26,-1.79,7.34,0.50,6.05,0,6,72,90,90,0.5477,0.0209,8.9636
540257,PROFILE,ROASTING,392,200.0,202.7,1,-2.71,-1.48,7.28,1.98,7.78,0,8,74,90,90,0.5477,0.0209,8.9636
541250,PROFILE,ROASTING,393,200.0,201.8,1,-1.82,-1.00,7.24,3.98,10.22,0,10,75,90,90,0.5477,0.0209,8.9636
542259,PROFILE,ROASTING,394,200.0,201.1,1,-1.06,-0.58,7.22,4.94,11.58,0,12,76,90,90,0.5477,0.0209,8.9636
543317,PROFILE,ROASTING,395,200.0,200.3,1,-0.30,-0.16,7.22,5.56,12.61,0,13,77,90,90,0.5477,0.0209,8.9636
544265,PROFILE,ROASTING,396,200.0,199.3,1,0.71,0.39,7.23,6.71,14.33,0,14,78,90,90,0.5477,0.0209,8.9636
545267,PROFILE,ROASTING,397,200.0,198.5,1,1.51,0.83,7.26,6.86,14.95,0,15,78,90,90,0.5477,0.0209,8.9636
546257,PROFILE,ROASTING,398,200.0,197.7,1,2.29,1.25,7.31,6.90,15.46,0,15,79,90,90,0.5477,0.0209,8.9636
547266,PROFILE,ROASTING,399,200.0,196.9,1,3.07,1.68,7.37,6.93,15.99,0,16,79,90,90,0.5477,0.0209,8.9636
548270,PROFILE,ROASTING,400,200.0,196.3,1,3.71,2.03,7.45,6.54,16.03,0,16,79,90,90,0.5477,0.0209,8.9636
549269,PROFILE,ROASTING,401,200.0,195.7,1,4.27,2.34,7.54,6.05,15.93,0,16,79,90,90,0.5477,0.0209,8.9636
550278,PROFILE,ROASTING,402,200.0,195.2,1,4.76,2.61,7.64,5.49,15.74,0,16,79,90,90,0.5477,0.0209,8.9636
551265,PROFILE,ROASTING,403,200.0,194.8,1,5.18,2.84,7.75,4.91,15.49,0,15,79,90,90,0.5477,0.0209,8.9636
552268,PROFILE,ROASTING,404,200.0,194.6,1,5.38,2.95,7.86,3.88,14.68,0,15,79,90,90,0.5477,0.0209,8.9636
553263,PROFILE,ROASTING,405,200.0,194.4,1,5.56,3.04,7.98,3.11,14.13,0,14,79,90,90,0.5477,0.0209,8.9636
554269,PROFILE,ROASTING,406,200.0,194.5,1,5.53,3.03,8.09,2.00,13.12,0,13,78,90,90,0.5477,0.0209,8.9636
555262,PROFILE,ROASTING,407,200.0,194.6,1,5.41,2.96,8.21,0.96,12.13,0,12,78,90,90,0.5477,0.0209,8.9636
556271,PROFILE,ROASTING,408,200.0,194.8,1,5.17,2.83,8.31,-0.08,11.06,0,11,77,90,90,0.5477,0.0209,8.9636
557276,PROFILE,ROASTING,409,200.0,195.0,1,4.97,2.72,8.42,-0.65,10.49,0,10,77,90,90,0.5477,0.0209,8.9636
558278,PROFILE,ROASTING,410,200.0,195.5,1,4.53,2.48,8.51,-1.74,9.25,0,9,76,90,90,0.5477,0.0209,8.9636
559279,PROFILE,ROASTING,411,200.0,195.9,1,4.14,2.27,8.60,-2.32,8.54,0,9,76,90,90,0.5477,0.0209,8.9636
560266,PROFILE,ROASTING,412,200.0,196.4,1,3.56,1.95,8.67,-3.27,7.35,0,7,76,90,90,0.5477,0.0209,8.9636
561283,PROFILE,ROASTING,413,200.0,197.1,1,2.86,1.57,8.73,-4.27,6.03,0,6,74,90,90,0.5477,0.0209,8.9636
562253,PROFILE,ROASTING,414,200.0,197.7,1,2.31,1.27,8.78,-4.49,5.56,0,6,74,90,90,0.5477,0.0209,8.9636
563256,PROFILE,ROASTING,415,200.0,198.2,1,1.79,0.98,8.82,-4.57,5.22,0,5,74,90,90,0.5477,0.0209,8.9636
564249,PROFILE,ROASTING,416,200.0,198.9,1,1.05,0.58,8.84,-5.24,4.17,0,4,73,90,90,0.5477,0.0209,8.9636
565250,PROFILE,ROASTING,417,200.0,199.8,1,0.25,0.14,8.85,-5.90,3.08,0,3,72,90,90,0.5477,0.0209,8.9636
566264,PROFILE,ROASTING,418,200.0,200.6,1,-0.61,-0.33,8.83,-6.50,2.00,0,2,71,90,90,0.5477,0.0209,8.9636
567253,PROFILE,ROASTING,419,200.0,201.5,1,-1.47,-0.80,8.80,-6.89,1.10,0,1,70,90,90,0.5477,0.0209,8.9636
568243,PROFILE,ROASTING,420,200.0,202.3,1,-2.29,-1.26,8.75,-7.06,0.43,0,0,69,90,90,0.5477,0.0209,8.9636
569246,PROFILE,ROASTING,421,200.0,203.0,1,-3.04,-1.67,8.69,-6.94,0.09,0,0,0,90,90,0.5477,0.0209,8.9636
570259,PROFILE,ROASTING,422,200.0,203.9,1,-3.91,-2.14,8.61,-7.23,-0.77,0,0,0,90,90,0.5477,0.0209,8.9636
571264,PROFILE,ROASTING,423,200.0,205.0,1,-4.95,-2.71,8.51,-7.92,-2.13,0,0,0,90,90,0.5477,0.0209,8.9636
572261,PROFILE,ROASTING,424,200.0,205.6,1,-5.63,-3.08,8.39,-7.31,-2.00,0,0,0,90,90,0.5477,0.0209,8.9636
573265,PROFILE,ROASTING,425,200.0,206.5,1,-6.46,-3.54,8.25,-7.36,-2.65,0,0,0,90,90,0.5477,0.0209,8.9636
574260,PROFILE,ROASTING,426,200.0,207.0,1,-6.96,-3.81,8.11,-6.40,-2.11,0,0,0,90,90,0.5477,0.0209,8.9636
575264,PROFILE,ROASTING,427,200.0,207.6,1,-7.64,-4.18,7.95,-6.28,-2.51,0,0,0,90,90,0.5477,0.0209,8.9636
576266,PROFILE,ROASTING,428,200.0,208.0,1,-8.03,0.00,0.00,0.00,0.00,1,0,0,90,90,0.5477,0.0209,8.9636
577268,PROFILE,ROASTING,429,200.0,208.2,1,-8.16,0.00,0.00,0.00,0.00,1,0,0,90,90,0.5477,0.0209,8.9636
578259,PROFILE,ROASTING,430,200.0,208.2,1,-8.20,0.00,0.00,0.00,0.00,1,0,0,90,90,0.5477,0.0209,8.9636
579271,PROFILE,ROASTING,431,200.0,208.0,1,-8.05,0.00,0.00,0.00,0.00,1,0,0,90,90,0.5477,0.0209,8.9636
580279,PROFILE,ROASTING,432,200.0,207.8,1,-7.76,-4.25,0.00,-0.07,-4.32,0,0,0,90,90,0.5477,0.0209,8.9636
581268,PROFILE,ROASTING,433,200.0,207.2,1,-7.21,-3.95,0.00,1.60,-2.35,0,0,0,90,90,0.5477,0.0209,8.9636
582271,PROFILE,ROASTING,434,200.0,206.5,1,-6.49,-3.56,0.00,3.21,-0.35,0,0,0,90,90,0.5477,0.0209,8.9636
583313,PROFILE,ROASTING,435,200.0,205.5,1,-5.54,-3.04,0.00,4.98,1.94,0,2,0,90,90,0.5477,0.0209,8.9636
584265,PROFILE,ROASTING,436,200.0,204.4,1,-4.41,-2.42,0.00,6.69,4.27,0,4,70,90,90,0.5477,0.0209,8.9636
585268,PROFILE,ROASTING,437,200.0,203.0,1,-2.95,-1.62,0.00,8.83,7.21,0,7,72,90,90,0.5477,0.0209,8.9636
586274,PROFILE,ROASTING,438,200.0,201.5,1,-1.46,-0.80,0.00,10.35,9.55,0,10,74,90,90,0.5477,0.0209,8.9636
587261,PROFILE,ROASTING,439,200.0,199.8,1,0.20,0.11,0.00,11.84,11.95,0,12,76,90,90,0.5477,0.0209,8.9636
588270,PROFILE,ROASTING,440,200.0,198.1,1,1.88,1.03,0.04,12.91,13.98,0,14,77,90,90,0.5477,0.0209,8.9636
589277,PROFILE,ROASTING,441,200.0,196.3,1,3.70,2.02,0.12,14.05,16.19,0,16,78,90,90,0.5477,0.0209,8.9636
590274,PROFILE,ROASTING,442,200.0,194.6,1,5.39,2.95,0.23,14.43,17.62,0,18,79,90,90,0.5477,0.0209,8.9636
591275,PROFILE,ROASTING,443,200.0,192.8,1,7.24,3.96,0.38,15.13,19.48,0,19,80,90,90,0.5477,0.0209,8.9636
592269,PROFILE,ROASTING,444,200.0,191.2,1,8.79,4.81,0.57,14.73,20.11,0,20,80,90,90,0.5477,0.0209,8.9636
593318,PROFILE,ROASTING,445,200.0,189.7,1,10.27,5.63,0.78,14.25,20.66,0,21,81,90,90,0.5477,0.0209,8.9636
594258,PROFILE,ROASTING,446,200.0,188.3,1,11.65,6.38,1.03,13.63,21.03,0,21,81,90,90,0.5477,0.0209,8.9636
595254,PROFILE,ROASTING,447,200.0,187.1,1,12.93,7.08,1.30,12.90,21.28,0,21,81,90,90,0.5477,0.0209,8.9636
596249,PROFILE,ROASTING,448,200.0,186.0,1,13.96,7.65,1.59,11.68,20.91,0,21,81,90,90,0.5477,0.0209,8.9636
597251,PROFILE,ROASTING,449,200.0,185.2,1,14.76,8.08,1.90,10.17,20.15,0,20,81,90,90,0.5477,0.0209,8.9636
598263,PROFILE,ROASTING,450,200.0,184.7,1,15.35,8.41,2.22,8.54,19.17,0,19,81,90,90,0.5477,0.0209,8.9636
599263,PROFILE,ROASTING,451,200.0,184.0,1,15.96,8.74,2.55,7.53,18.82,0,19,80,90,90,0.5477,0.0209,8.9636
600256,PROFILE,ROASTING,452,200.0,183.7,1,16.29,8.92,2.89,6.00,17.82,0,18,80,90,90,0.5477,0.0209,8.9636
601249,PROFILE,ROASTING,453,200.0,183.5,1,16.51,9.04,3.24,4.65,16.93,0,17,80,90,90,0.5477,0.0209,8.9636
602308,PROFILE,ROASTING,454,200.0,183.6,1,16.39,8.98,3.58,2.76,15.32,0,15,79,90,90,0.5477,0.0209,8.9636
603259,PROFILE,ROASTING,455,200.0,183.7,1,16.32,8.94,3.92,1.61,14.46,0,14,79,90,90,0.5477,0.0209,8.9636
604259,PROFILE,ROASTING,456,200.0,184.1,1,15.94,8.73,4.25,-0.04,12.94,0,13,78,90,90,0.5477,0.0209,8.9636
605267,PROFILE,ROASTING,457,200.0,184.3,1,15.66,8.57,4.58,-0.89,12.27,0,12,78,90,90,0.5477,0.0209,8.9636
606256,PROFILE,ROASTING,458,200.0,185.0,1,15.04,8.24,4.90,-2.43,10.70,0,11,77,90,90,0.5477,0.0209,8.9636
607265,PROFILE,ROASTING,459,200.0,185.6,1,14.35,7.86,5.20,-3.68,9.37,0,9,77,90,90,0.5477,0.0209,8.9636
608267,PROFILE,ROASTING,460,200.0,186.4,1,13.59,7.44,5.48,-4.73,8.19,0,8,76,90,90,0.5477,0.0209,8.9636
609264,PROFILE,ROASTING,461,200.0,187.2,1,12.77,6.99,5.75,-5.60,7.13,0,7,75,90,90,0.5477,0.0209,8.9636
610257,PROFILE,ROASTING,462,200.0,188.1,1,11.89,6.51,5.99,-6.37,6.13,0,6,74,90,90,0.5477,0.0209,8.9636
611259,PROFILE,ROASTING,463,200.0,189.0,1,11.00,6.02,6.22,-6.90,5.35,0,5,74,90,90,0.5477,0.0209,8.9636
612275,PROFILE,ROASTING,464,200.0,190.1,1,9.89,5.42,6.43,-7.91,3.93,0,4,73,90,90,0.5477,0.0209,8.9636
613272,PROFILE,ROASTING,465,200.0,191.2,1,8.78,4.81,6.61,-8.59,2.84,0,3,72,90,90,0.5477,0.0209,8.9636
614273,PROFILE,ROASTING,466,200.0,192.2,1,7.78,4.26,6.78,-8.71,2.33,0,2,71,90,90,0.5477,0.0209,8.9636
615259,PROFILE,ROASTING,467,200.0,193.4,1,6.61,3.62,6.92,-9.30,1.23,0,1,70,90,90,0.5477,0.0209,8.9636
616267,PROFILE,ROASTING,468,200.0,194.5,1,5.55,3.04,7.03,-9.38,0.69,0,1,69,90,90,0.5477,0.0209,8.9636
617267,PROFILE,ROASTING,469,200.0,195.5,1,4.48,2.45,7.12,-9.45,0.13,0,0,69,90,90,0.5477,0.0209,8.9636
618269,PROFILE,ROASTING,470,200.0,196.7,1,3.33,1.83,7.19,-9.73,-0.71,0,0,0,90,90,0.5477,0.0209,8.9636
619262,PROFILE,ROASTING,471,200.0,197.7,1,2.31,1.27,7.24,-9.53,-1.02,0,0,0,90,90,0.5477,0.0209,8.9636
620322,PROFILE,ROASTING,472,200.0,198.8,1,1.16,0.64,7.27,-9.80,-1.90,0,0,0,90,90,0.5477,0.0209,8.9636
621275,PROFILE,ROASTING,473,200.0,199.9,1,0.11,0.06,7.27,-9.68,-2.35,0,0,0,90,90,0.5477,0.0209,8.9636
622268,PROFILE,ROASTING,474,200.0,200.8,1,-0.77,-0.42,7.25,-9.07,-2.23,0,0,0,90,90,0.5477,0.0209,8.9636
623279,PROFILE,ROASTING,475,200.0,201.8,1,-1.76,-0.96,7.22,-9.01,-2.76,0,0,0,90,90,0.5477,0.0209,8.9636
624254,PROFILE,ROASTING,476,200.0,202.4,1,-2.41,-1.32,7.17,-7.95,-2.11,0,0,0,90,90,0.5477,0.0209,8.9636
625256,PROFILE,ROASTING,477,200.0,203.0,1,-3.00,-1.64,7.10,-7.05,-1.59,0,0,0,90,90,0.5477,0.0209,8.9636
626254,PROFILE,ROASTING,478,200.0,203.4,1,-3.42,-1.87,7.03,-5.96,-0.81,0,0,0,90,90,0.5477,0.0209,8.9636
627259,PROFILE,ROASTING,479,200.0,203.7,1,-3.66,-2.00,6.96,-4.69,0.26,0,0,0,90,90,0.5477,0.0209,8.9636
628261,PROFILE,ROASTING,480,200.0,203.8,1,-3.76,-2.06,6.88,-3.43,1.39,0,1,0,90,90,0.5477,0.0209,8.9636
629319,PROFILE,ROASTING,481,200.0,203.6,1,-3.60,-1.97,6.80,-1.81,3.02,0,3,69,90,90,0.5477,0.0209,8.9636
630259,PROFILE,ROASTING,482,200.0,203.1,1,-3.12,-1.71,6.74,0.23,5.26,0,5,71,90,90,0.5477,0.0209,8.9636
631251,PROFILE,ROASTING,483,200.0,202.5,1,-2.46,-1.35,6.69,2.13,7.47,0,7,73,90,90,0.5477,0.0209,8.9636
632259,PROFILE,ROASTING,484,200.0,201.6,1,-1.65,-0.90,6.65,3.84,9.59,0,10,74,90,90,0.5477,0.0209,8.9636
633256,PROFILE,ROASTING,485,200.0,200.8,1,-0.80,-0.44,6.63,5.09,11.28,0,11,76,90,90,0.5477,0.0209,8.9636
634258,PROFILE,ROASTING,486,200.0,199.7,1,0.27,0.15,6.64,6.59,13.37,0,13,77,90,90,0.5477,0.0209,8.9636
635252,PROFILE,ROASTING,487,200.0,198.7,1,1.32,0.72,6.67,7.54,14.93,0,15,78,90,90,0.5477,0.0209,8.9636
636254,PROFILE,ROASTING,488,200.0,197.6,1,2.40,1.31,6.72,8.25,16.28,0,16,79,90,90,0.5477,0.0209,8.9636
637260,PROFILE,ROASTING,489,200.0,196.4,1,3.60,1.97,6.79,9.08,17.85,0,18,79,90,90,0.5477,0.0209,8.9636
638262,PROFILE,ROASTING,490,200.0,195.2,1,4.78,2.62,6.89,9.57,19.07,0,19,80,90,90,0.5477,0.0209,8.9636
639264,PROFILE,ROASTING,491,200.0,194.1,1,5.90,3.23,7.02,9.75,20.00,0,20,80,90,90,0.5477,0.0209,8.9636
640260,PROFILE,ROASTING,492,200.0,193.2,1,6.77,3.71,7.16,9.10,19.97,0,20,81,90,90,0.5477,0.0209,8.9636
641268,PROFILE,ROASTING,493,200.0,192.6,1,7.44,4.07,7.31,8.04,19.43,0,19,81,90,90,0.5477,0.0209,8.9636
642269,PROFILE,ROASTING,494,200.0,192.0,1,7.96,4.36,7.48,6.94,18.78,0,19,80,90,90,0.5477,0.0209,8.9636
643270,PROFILE,ROASTING,495,200.0,191.6,1,8.37,4.58,7.65,5.84,18.08,0,18,80,90,90,0.5477,0.0209,8.9636
644270,PROFILE,ROASTING,496,200.0,191.2,1,8.82,4.83,7.84,5.23,17.90,0,18,80,90,90,0.5477,0.0209,8.9636
645263,PROFILE,ROASTING,497,200.0,191.0,1,9.01,4.93,8.03,4.05,17.01,0,17,80,90,90,0.5477,0.0209,8.9636
646272,PROFILE,ROASTING,498,200.0,190.8,1,9.21,5.04,8.22,3.30,16.56,0,17,79,90,90,0.5477,0.0209,8.9636
647266,PROFILE,ROASTING,499,200.0,190.9,1,9.05,4.96,8.41,1.74,15.11,0,15,79,90,90,0.5477,0.0209,8.9636
