t_ms,mode,phase,elapsed_s,target_c,measured_c,sensor_valid,error_c,p_term,i_term,d_term,pid_raw_pct,hard_cutoff,requested_heater_pct,applied_heater_pct,target_fan_pct,real_fan_pct,kp,ki,kd
1081246,PROFILE,ROASTING,530,200.0,201.9,1,-1.95,-1.07,0.00,6.34,5.27,0,5,62,90,90,0.5477,0.0209,8.9636
1082248,PROFILE,ROASTING,531,200.0,201.0,1,-0.97,-0.53,0.00,7.14,6.61,0,7,62,90,90,0.5477,0.0209,8.9636
1083250,PROFILE,ROASTING,532,200.0,200.2,1,-0.20,-0.11,0.00,7.06,6.95,0,7,63,90,90,0.5477,0.0209,8.9636
1084377,PROFILE,ROASTING,533,200.0,199.5,1,0.54,0.30,0.01,6.93,7.24,0,7,63,90,90,0.5477,0.0209,8.9636
1085237,PROFILE,ROASTING,534,200.0,198.9,1,1.13,0.62,0.04,6.38,7.04,0,7,63,90,90,0.5477,0.0209,8.9636
1086251,PROFILE,ROASTING,535,200.0,198.2,1,1.79,0.98,0.07,6.23,7.28,0,7,63,90,90,0.5477,0.0209,8.9636
1087250,PROFILE,ROASTING,536,200.0,197.6,1,2.45,1.34,0.12,6.10,7.57,0,8,63,90,90,0.5477,0.0209,8.9636
1088256,PROFILE,ROASTING,537,200.0,196.8,1,3.19,1.75,0.19,6.29,8.22,0,8,63,90,90,0.5477,0.0209,8.9636
1089256,PROFILE,ROASTING,538,200.0,196.5,1,3.48,1.91,0.26,5.06,7.23,0,7,63,90,90,0.5477,0.0209,8.9636
1090374,PROFILE,ROASTING,539,200.0,196.1,1,3.88,2.13,0.34,4.57,7.04,0,7,63,90,90,0.5477,0.0209,8.9636
1091255,PROFILE,ROASTING,540,200.0,195.8,1,4.15,2.27,0.43,3.86,6.56,0,7,63,90,90,0.5477,0.0209,8.9636
1092253,PROFILE,ROASTING,541,200.0,195.4,1,4.65,2.55,0.53,4.05,7.13,0,7,63,90,90,0.5477,0.0209,8.9636
1093252,PROFILE,ROASTING,542,200.0,194.9,1,5.07,2.78,0.63,3.96,7.37,0,7,63,90,90,0.5477,0.0209,8.9636
1094242,PROFILE,ROASTING,543,200.0,194.7,1,5.26,2.88,0.74,3.20,6.83,0,7,63,90,90,0.5477,0.0209,8.9636
1095258,PROFILE,ROASTING,544,200.0,194.5,1,5.53,3.03,0.86,2.97,6.86,0,7,63,90,90,0.5477,0.0209,8.9636
1096387,PROFILE,ROASTING,545,200.0,194.4,1,5.64,3.09,0.98,2.31,6.37,0,6,63,90,90,0.5477,0.0209,8.9636
1097256,PROFILE,ROASTING,546,200.0,194.2,1,5.78,3.17,1.10,1.96,6.22,0,6,63,90,90,0.5477,0.0209,8.9636
1098248,PROFILE,ROASTING,547,200.0,193.9,1,6.11,3.35,1.23,2.29,6.86,0,7,63,90,90,0.5477,0.0209,8.9636
1099254,PROFILE,ROASTING,548,200.0,193.9,1,6.11,3.35,1.35,1.52,6.22,0,6,63,90,90,0.5477,0.0209,8.9636
1100262,PROFILE,ROASTING,549,200.0,194.0,1,6.00,3.29,1.48,0.68,5.44,0,5,63,90,90,0.5477,0.0209,8.9636
1101262,PROFILE,ROASTING,550,200.0,194.1,1,5.89,3.23,1.60,0.13,4.95,0,5,62,90,90,0.5477,0.0209,8.9636
1102402,PROFILE,ROASTING,551,200.0,194.2,1,5.81,3.18,1.72,-0.15,4.76,0,5,62,90,90,0.5477,0.0209,8.9636
1103255,PROFILE,ROASTING,552,200.0,194.2,1,5.79,3.17,1.84,-0.18,4.83,0,5,62,90,90,0.5477,0.0209,8.9636
1104261,PROFILE,ROASTING,553,200.0,194.2,1,5.80,3.18,1.97,-0.07,5.07,0,5,62,90,90,0.5477,0.0209,8.9636
1105267,PROFILE,ROASTING,554,200.0,194.4,1,5.61,3.07,2.08,-0.63,4.52,0,5,62,90,90,0.5477,0.0209,8.9636
1106266,PROFILE,ROASTING,555,200.0,194.5,1,5.45,2.99,2.20,-0.89,4.30,0,4,62,90,90,0.5477,0.0209,8.9636
1107270,PROFILE,ROASTING,556,200.0,194.7,1,5.32,2.91,2.31,-0.99,4.23,0,4,62,90,90,0.5477,0.0209,8.9636
1108383,PROFILE,ROASTING,557,200.0,194.7,1,5.35,2.93,2.42,-0.56,4.79,0,5,62,90,90,0.5477,0.0209,8.9636
1109294,PROFILE,ROASTING,558,200.0,194.7,1,5.26,2.88,2.53,-0.64,4.77,0,5,62,90,90,0.5477,0.0209,8.9636
1110241,PROFILE,ROASTING,559,200.0,194.9,1,5.13,2.81,2.64,-0.82,4.63,0,5,62,90,90,0.5477,0.0209,8.9636
157199,PROFILE,PREHEAT,0,140.0,30.1,1,2.00,1.10,0.04,-0.00,1.14,0,1,0,100,0,0.5477,0.0209,8.9636
158198,PROFILE,PREHEAT,0,140.0,30.0,1,4.16,2.28,0.13,0.47,2.88,0,3,0,100,49,0.5477,0.0209,8.9636
159308,PROFILE,PREHEAT,0,140.0,30.0,1,6.14,3.36,0.26,0.26,3.87,0,4,61,100,100,0.5477,0.0209,8.9636
160247,PROFILE,PREHEAT,0,140.0,30.1,1,8.08,4.43,0.43,-0.00,4.85,0,5,62,100,100,0.5477,0.0209,8.9636
161241,PROFILE,PREHEAT,0,140.0,30.1,1,10.05,5.50,0.64,-0.10,6.04,0,6,62,100,100,0.5477,0.0209,8.9636
162235,PROFILE,PREHEAT,0,140.0,30.2,1,11.92,6.53,0.88,-0.45,6.96,0,7,63,100,100,0.5477,0.0209,8.9636
163237,PROFILE,PREHEAT,0,140.0,30.3,1,13.80,7.56,1.17,-0.65,8.08,0,8,63,100,100,0.5477,0.0209,8.9636
164342,PROFILE,PREHEAT,0,140.0,30.5,1,15.67,8.58,1.50,-0.82,9.26,0,9,63,100,100,0.5477,0.0209,8.9636
165232,PROFILE,PREHEAT,0,140.0,31.1,1,17.05,9.34,1.86,-2.40,8.80,0,9,63,100,100,0.5477,0.0209,8.9636
178353,PROFILE,PREHEAT,0,140.0,46.0,1,2.00,1.10,0.04,-0.00,1.14,0,1,0,100,0,0.5477,0.0209,8.9636
179205,PROFILE,PREHEAT,0,140.0,46.7,1,3.29,1.80,0.11,-2.11,-0.19,0,0,0,100,42,0.5477,0.0209,8.9636
180415,PROFILE,PREHEAT,0,140.0,47.3,1,4.71,2.58,0.21,-3.15,-0.36,0,0,49,100,100,0.5477,0.0209,8.9636
181207,PROFILE,PREHEAT,0,140.0,48.2,1,5.83,3.20,0.33,-4.72,-1.19,0,0,49,100,100,0.5477,0.0209,8.9636
182318,PROFILE,PREHEAT,0,140.0,48.9,1,7.14,3.91,0.48,-5.22,-0.83,0,0,49,100,100,0.5477,0.0209,8.9636
183233,PROFILE,PREHEAT,0,140.0,49.6,1,8.42,4.61,0.66,-5.63,-0.36,0,0,49,100,100,0.5477,0.0209,8.9636
184234,PROFILE,PREHEAT,0,140.0,50.4,1,9.56,5.24,0.86,-6.32,-0.23,0,0,49,100,100,0.5477,0.0209,8.9636
185236,PROFILE,PREHEAT,0,140.0,51.4,1,10.64,5.83,1.08,-6.96,-0.05,0,0,49,100,100,0.5477,0.0209,8.9636
186240,PROFILE,PREHEAT,0,140.0,52.4,1,11.62,6.37,1.32,-7.68,0.01,0,0,49,100,100,0.5477,0.0209,8.9636
187234,PROFILE,PREHEAT,0,140.0,53.5,1,12.46,6.82,1.58,-8.60,-0.20,0,0,49,100,100,0.5477,0.0209,8.9636
188235,PROFILE,PREHEAT,0,140.0,54.6,1,13.36,7.32,1.86,-9.00,0.18,0,0,49,100,100,0.5477,0.0209,8.9636
189362,PROFILE,PREHEAT,0,140.0,56.1,1,13.92,7.62,2.15,-10.31,-0.54,0,0,49,100,100,0.5477,0.0209,8.9636
190243,PROFILE,PREHEAT,0,140.0,57.5,1,14.47,7.92,2.45,-11.22,-0.84,0,0,49,100,100,0.5477,0.0209,8.9636
191247,PROFILE,PREHEAT,0,140.0,59.1,1,14.85,8.14,2.76,-12.30,-1.40,0,0,49,100,100,0.5477,0.0209,8.9636
192238,PROFILE,PREHEAT,0,140.0,60.8,1,15.24,8.35,3.08,-13.01,-1.58,0,0,49,100,100,0.5477,0.0209,8.9636
193248,PROFILE,PREHEAT,0,140.0,62.5,1,15.51,8.49,3.41,-13.86,-1.95,0,0,49,100,100,0.5477,0.0209,8.9636
194249,PROFILE,PREHEAT,0,140.0,64.3,1,15.72,8.61,3.74,-14.58,-2.23,0,0,49,100,100,0.5477,0.0209,8.9636
195255,PROFILE,PREHEAT,0,140.0,66.0,1,16.03,8.78,4.07,-14.78,-1.93,0,0,49,100,100,0.5477,0.0209,8.9636
196374,PROFILE,PREHEAT,0,140.0,67.8,1,16.23,8.89,4.41,-15.22,-1.92,0,0,49,100,100,0.5477,0.0209,8.9636
197242,PROFILE,PREHEAT,0,140.0,69.3,1,16.69,9.14,4.76,-14.75,-0.85,0,0,49,100,100,0.5477,0.0209,8.9636
198244,PROFILE,PREHEAT,0,140.0,71.1,1,16.92,9.27,5.11,-15.13,-0.76,0,0,49,100,100,0.5477,0.0209,8.9636
199246,PROFILE,PREHEAT,0,140.0,72.8,1,17.18,9.41,5.47,-15.26,-0.38,0,0,49,100,100,0.5477,0.0209,8.9636
200249,PROFILE,PREHEAT,0,140.0,74.5,1,17.54,9.61,5.84,-15.09,0.35,0,0,49,100,100,0.5477,0.0209,8.9636
201246,PROFILE,PREHEAT,0,140.0,76.4,1,17.63,9.66,6.21,-15.77,0.09,0,0,49,100,100,0.5477,0.0209,8.9636
202245,PROFILE,PREHEAT,0,140.0,77.9,1,18.13,9.93,6.59,-14.98,1.53,0,2,49,100,100,0.5477,0.0209,8.9636
203368,PROFILE,PREHEAT,0,140.0,79.6,1,18.43,10.09,6.97,-15.07,1.99,0,2,60,100,100,0.5477,0.0209,8.9636
204252,PROFILE,PREHEAT,0,140.0,81.2,1,18.79,10.29,7.36,-14.96,2.69,0,3,60,100,100,0.5477,0.0209,8.9636
205254,PROFILE,PREHEAT,0,140.0,82.9,1,19.11,10.47,7.76,-14.98,3.25,0,3,61,100,100,0.5477,0.0209,8.9636
206248,PROFILE,PREHEAT,0,140.0,84.3,1,19.72,10.80,8.18,-14.15,4.82,0,5,61,100,100,0.5477,0.0209,8.9636
207260,PROFILE,PREHEAT,0,140.0,85.8,1,20.23,11.08,8.60,-13.88,5.79,0,6,62,100,100,0.5477,0.0209,8.9636
208259,PROFILE,PREHEAT,0,140.0,87.3,1,20.74,11.36,9.03,-13.72,6.67,0,7,63,100,100,0.5477,0.0209,8.9636
209263,PROFILE,PREHEAT,0,140.0,88.6,1,21.35,11.69,9.48,-13.29,7.88,0,8,63,100,100,0.5477,0.0209,8.9636
210353,PROFILE,PREHEAT,0,140.0,90.0,1,22.02,12.06,9.94,-12.82,9.18,0,9,63,100,100,0.5477,0.0209,8.9636
211229,PROFILE,PREHEAT,0,140.0,91.4,1,22.57,12.36,10.41,-12.88,9.89,0,10,63,100,100,0.5477,0.0209,8.9636
212238,PROFILE,PREHEAT,0,140.0,92.8,1,23.21,12.71,10.89,-12.66,10.95,0,11,64,100,100,0.5477,0.0209,8.9636
213243,PROFILE,PREHEAT,0,140.0,94.4,1,23.62,12.93,11.39,-13.20,11.12,0,11,64,100,100,0.5477,0.0209,8.9636
214236,PROFILE,PREHEAT,0,140.0,95.7,1,24.27,13.29,11.90,-12.83,12.35,0,12,64,100,100,0.5477,0.0209,8.9636
215226,PROFILE,PREHEAT,0,140.0,97.1,1,24.88,13.63,12.42,-12.69,13.35,0,13,65,100,100,0.5477,0.0209,8.9636
216239,PROFILE,PREHEAT,0,140.0,98.5,1,25.54,13.99,12.95,-12.47,14.47,0,14,65,100,100,0.5477,0.0209,8.9636
217352,PROFILE,PREHEAT,0,140.0,100.0,1,25.97,14.23,13.49,-12.99,14.72,0,15,66,100,100,0.5477,0.0209,8.9636
218238,PROFILE,PREHEAT,0,140.0,101.3,1,26.70,14.62,14.05,-12.46,16.21,0,16,66,100,100,0.5477,0.0209,8.9636
219232,PROFILE,PREHEAT,0,140.0,102.6,1,27.39,15.00,14.62,-12.22,17.40,0,17,66,100,100,0.5477,0.0209,8.9636
220233,PROFILE,PREHEAT,0,140.0,103.9,1,28.05,15.36,15.21,-12.17,18.40,0,18,67,100,100,0.5477,0.0209,8.9636
221247,PROFILE,PREHEAT,0,140.0,105.2,1,28.76,15.75,15.81,-11.96,19.60,0,20,67,100,100,0.5477,0.0209,8.9636
222244,PROFILE,PREHEAT,0,140.0,106.7,1,29.27,16.03,16.42,-12.43,20.02,0,20,68,100,100,0.5477,0.0209,8.9636
223252,PROFILE,PREHEAT,0,140.0,108.0,1,30.02,16.44,17.05,-12.00,21.49,0,21,68,100,100,0.5477,0.0209,8.9636
224350,PROFILE,PREHEAT,0,140.0,109.4,1,30.64,16.78,17.69,-12.15,22.32,0,22,68,100,100,0.5477,0.0209,8.9636
225248,PROFILE,PREHEAT,0,140.0,110.7,1,29.31,16.06,18.30,-12.06,22.29,0,22,69,100,100,0.5477,0.0209,8.9636
226249,PROFILE,PREHEAT,0,140.0,112.0,1,28.00,15.34,18.89,-11.95,22.27,0,22,69,100,100,0.5477,0.0209,8.9636
227251,PROFILE,PREHEAT,0,140.0,113.2,1,26.78,14.67,19.45,-11.62,22.50,0,22,69,100,100,0.5477,0.0209,8.9636
228252,PROFILE,PREHEAT,0,140.0,114.6,1,25.44,13.93,19.98,-11.76,22.16,0,22,69,100,100,0.5477,0.0209,8.9636
229245,PROFILE,PREHEAT,0,140.0,115.7,1,24.28,13.30,20.49,-11.31,22.47,0,22,69,100,100,0.5477,0.0209,8.9636
230252,PROFILE,PREHEAT,0,140.0,117.2,1,22.84,12.51,20.96,-11.83,21.65,0,22,69,100,100,0.5477,0.0209,8.9636
231363,PROFILE,PREHEAT,0,140.0,118.2,1,21.76,11.92,21.42,-11.14,22.20,0,22,69,100,100,0.5477,0.0209,8.9636
232246,PROFILE,PREHEAT,0,140.0,119.5,1,20.49,11.22,21.85,-11.21,21.85,0,22,69,100,100,0.5477,0.0209,8.9636
233241,PROFILE,PREHEAT,0,140.0,120.7,1,19.27,10.56,22.25,-11.10,21.70,0,22,69,100,100,0.5477,0.0209,8.9636
234246,PROFILE,PREHEAT,0,140.0,122.0,1,17.98,9.85,22.63,-11.26,21.21,0,21,69,100,100,0.5477,0.0209,8.9636
235254,PROFILE,PREHEAT,0,140.0,123.3,1,16.71,9.15,22.97,-11.31,20.81,0,21,68,100,100,0.5477,0.0209,8.9636
236257,PROFILE,PREHEAT,0,140.0,124.3,1,15.73,8.61,23.30,-10.48,21.44,0,21,68,100,100,0.5477,0.0209,8.9636
237257,PROFILE,PREHEAT,0,140.0,125.5,1,14.53,7.96,23.61,-10.55,21.02,0,21,68,100,100,0.5477,0.0209,8.9636
238361,PROFILE,PREHEAT,0,140.0,126.6,1,13.41,7.34,23.89,-10.39,20.84,0,21,68,100,100,0.5477,0.0209,8.9636
239257,PROFILE,PREHEAT,0,140.0,127.8,1,12.25,6.71,24.14,-10.40,20.45,0,20,68,100,100,0.5477,0.0209,8.9636
240258,PROFILE,PREHEAT,0,140.0,128.7,1,11.29,6.19,24.38,-9.78,20.79,0,21,68,100,100,0.5477,0.0209,8.9636
241235,PROFILE,PREHEAT,0,140.0,129.7,1,10.28,5.63,24.59,-9.57,20.66,0,21,68,100,100,0.5477,0.0209,8.9636
242238,PROFILE,PREHEAT,0,140.0,130.6,1,9.36,5.13,24.79,-9.12,20.80,0,21,68,100,100,0.5477,0.0209,8.9636
243230,PROFILE,PREHEAT,0,140.0,131.7,1,8.33,4.56,24.96,-9.16,20.36,0,20,68,100,100,0.5477,0.0209,8.9636
244242,PROFILE,PREHEAT,0,140.0,132.5,1,7.48,4.10,25.12,-8.63,20.58,0,21,68,100,100,0.5477,0.0209,8.9636
245359,PROFILE,PREHEAT,0,140.0,133.3,1,6.66,3.65,25.26,-8.21,20.70,0,21,68,100,100,0.5477,0.0209,8.9636
246238,PROFILE,PREHEAT,0,140.0,134.2,1,5.81,3.18,25.38,-8.01,20.55,0,21,68,100,100,0.5477,0.0209,8.9636
247226,PROFILE,PREHEAT,0,140.0,135.0,1,5.02,2.75,25.49,-7.71,20.53,0,21,68,100,100,0.5477,0.0209,8.9636
248238,PROFILE,PREHEAT,0,140.0,135.8,1,4.15,2.27,25.57,-7.73,20.12,0,20,68,100,100,0.5477,0.0209,8.9636
249241,PROFILE,PREHEAT,0,140.0,136.3,1,3.69,2.02,25.65,-6.52,21.16,0,21,68,100,100,0.5477,0.0209,8.9636
250241,PROFILE,PREHEAT,0,140.0,137.0,1,2.95,1.62,25.71,-6.56,20.77,0,21,68,100,100,0.5477,0.0209,8.9636
251244,PROFILE,PREHEAT,0,140.0,137.8,1,2.22,1.22,25.76,-6.55,20.42,0,20,68,100,100,0.5477,0.0209,8.9636
252342,PROFILE,PREHEAT,0,140.0,138.6,1,1.44,0.79,25.79,-6.71,19.86,0,20,68,100,100,0.5477,0.0209,8.9636
253248,PROFILE,PREHEAT,0,140.0,139.3,1,0.73,0.40,25.80,-6.59,19.61,0,20,68,100,100,0.5477,0.0209,8.9636
254243,PROFILE,PREHEAT,0,140.0,140.0,1,0.02,0.01,25.80,-6.52,19.30,0,19,68,100,100,0.5477,0.0209,8.9636
255251,PROFILE,PREHEAT,0,140.0,140.6,1,-0.61,-0.34,25.79,-6.24,19.22,0,19,68,100,100,0.5477,0.0209,8.9636
256254,PROFILE,PREHEAT,0,140.0,141.3,1,-1.28,-0.70,25.76,-6.16,18.90,0,19,68,100,100,0.5477,0.0209,8.9636
257242,PROFILE,PREHEAT,0,140.0,141.8,1,-1.75,-0.96,25.73,-5.51,19.26,0,19,68,100,100,0.5477,0.0209,8.9636
258255,PROFILE,PREHEAT,0,140.0,142.3,1,-2.31,-1.27,25.68,-5.35,19.06,0,19,68,100,100,0.5477,0.0209,8.9636
259367,PROFILE,PREHEAT,0,140.0,142.8,1,-2.79,-1.53,25.62,-4.98,19.12,0,19,68,100,100,0.5477,0.0209,8.9636
260248,PROFILE,PREHEAT,0,140.0,143.1,1,-3.15,-1.72,25.55,-4.39,19.44,0,19,68,100,100,0.5477,0.0209,8.9636
261244,PROFILE,PREHEAT,0,140.0,143.6,1,-3.63,-1.99,25.48,-4.37,19.12,0,19,68,100,100,0.5477,0.0209,8.9636
262249,PROFILE,PREHEAT,0,140.0,144.1,1,-4.06,-2.22,25.39,-4.19,18.98,0,19,68,100,100,0.5477,0.0209,8.9636
263248,PROFILE,PREHEAT,0,140.0,144.6,1,-4.58,-2.51,25.30,-4.36,18.43,0,18,68,100,100,0.5477,0.0209,8.9636
264252,PROFILE,PREHEAT,0,140.0,145.0,1,-5.00,-2.74,25.19,-4.15,18.30,0,18,67,100,100,0.5477,0.0209,8.9636
265251,PROFILE,PREHEAT,0,140.0,145.5,1,-5.45,-2.99,25.08,-4.13,17.97,0,18,67,100,100,0.5477,0.0209,8.9636
266345,PROFILE,PREHEAT,0,140.0,145.7,1,-5.71,-3.13,24.96,-3.51,18.32,0,18,67,100,100,0.5477,0.0209,8.9636
267258,PROFILE,PREHEAT,0,140.0,146.0,1,-6.01,-3.29,24.83,-3.24,18.31,0,18,67,100,100,0.5477,0.0209,8.9636
268255,PROFILE,PREHEAT,0,140.0,146.6,1,-6.61,-3.62,24.70,-3.97,17.10,0,17,67,100,100,0.5477,0.0209,8.9636
269259,PROFILE,PREHEAT,0,140.0,147.0,1,-6.97,-3.82,24.55,-3.71,17.02,0,17,67,100,100,0.5477,0.0209,8.9636
270259,PROFILE,PREHEAT,0,140.0,147.1,1,-7.14,-3.91,24.40,-2.98,17.51,0,18,67,100,100,0.5477,0.0209,8.9636
271250,PROFILE,PREHEAT,0,140.0,147.4,1,-7.42,-4.07,24.25,-2.83,17.35,0,17,67,100,100,0.5477,0.0209,8.9636
272239,PROFILE,PREHEAT,0,140.0,147.9,1,-7.86,-4.31,24.08,-3.20,16.57,0,17,67,100,100,0.5477,0.0209,8.9636
273353,PROFILE,PREHEAT,0,140.0,148.3,1,-8.25,0.00,0.00,0.00,0.00,1,0,67,100,100,0.5477,0.0209,8.9636
274236,PROFILE,PREHEAT,0,140.0,148.7,1,-8.69,0.00,0.00,0.00,0.00,1,0,49,100,100,0.5477,0.0209,8.9636
275231,PROFILE,PREHEAT,0,140.0,148.8,1,-8.78,0.00,0.00,0.00,0.00,1,0,49,100,100,0.5477,0.0209,8.9636
276241,PROFILE,PREHEAT,0,140.0,148.5,1,-8.53,0.00,0.00,0.00,0.00,1,0,49,100,100,0.5477,0.0209,8.9636
277248,PROFILE,PREHEAT,0,140.0,148.1,1,-8.14,0.00,0.00,0.00,0.00,1,0,49,100,100,0.5477,0.0209,8.9636
278237,PROFILE,PREHEAT,0,140.0,147.5,1,-7.46,-4.08,0.00,2.38,-1.70,0,0,49,100,100,0.5477,0.0209,8.9636
279243,PROFILE,PREHEAT,0,140.0,146.4,1,-6.40,-3.50,0.00,4.75,1.25,0,1,49,100,100,0.5477,0.0209,8.9636
280338,PROFILE,PREHEAT,0,140.0,145.2,1,-5.21,-2.85,0.00,6.72,3.87,0,4,59,100,100,0.5477,0.0209,8.9636
281242,PROFILE,PREHEAT,0,140.0,143.8,1,-3.77,-2.07,0.00,8.77,6.70,0,7,62,100,100,0.5477,0.0209,8.9636
282240,PROFILE,PREHEAT,0,140.0,142.3,1,-2.26,-1.24,0.00,10.36,9.12,0,9,63,100,100,0.5477,0.0209,8.9636
283242,PROFILE,PREHEAT,0,140.0,140.9,1,-0.88,-0.48,0.00,11.03,10.55,0,11,63,100,100,0.5477,0.0209,8.9636
284236,PROFILE,PREHEAT,0,140.0,139.3,1,0.72,0.40,0.02,12.15,12.56,0,13,64,100,100,0.5477,0.0209,8.9636
285238,PROFILE,PREHEAT,0,140.0,137.9,1,2.13,1.16,0.06,12.29,13.51,0,14,65,100,100,0.5477,0.0209,8.9636
286250,PROFILE,PREHEAT,0,140.0,136.3,1,3.70,2.02,0.14,12.88,15.05,0,15,66,100,100,0.5477,0.0209,8.9636
287362,PROFILE,PREHEAT,0,140.0,134.9,1,5.13,2.81,0.24,12.86,15.91,0,16,66,100,100,0.5477,0.0209,8.9636
288249,PROFILE,PREHEAT,0,140.0,133.8,1,6.21,3.40,0.37,11.82,15.59,0,16,66,100,100,0.5477,0.0209,8.9636
289270,PROFILE,PREHEAT,0,140.0,132.7,1,7.29,3.99,0.53,11.10,15.62,0,16,66,100,100,0.5477,0.0209,8.9636
290250,PROFILE,PREHEAT,0,140.0,131.8,1,8.16,4.47,0.70,10.01,15.18,0,15,66,100,100,0.5477,0.0209,8.9636
291256,PROFILE,PREHEAT,0,140.0,130.9,1,9.08,4.97,0.89,9.40,15.26,0,15,66,100,100,0.5477,0.0209,8.9636
292255,PROFILE,ROASTING,0,140.0,130.1,1,9.87,5.41,1.09,8.64,15.14,0,15,66,100,100,0.5477,0.0209,8.9636
293257,PROFILE,ROASTING,1,140.0,129.5,1,10.54,5.77,1.31,7.75,14.83,0,15,66,100,100,0.5477,0.0209,8.9636
294351,PROFILE,ROASTING,2,140.0,128.9,1,11.07,6.06,1.54,6.75,14.36,0,14,66,100,100,0.5477,0.0209,8.9636
295252,PROFILE,ROASTING,3,140.0,128.5,1,11.54,6.32,1.79,5.91,14.01,0,14,66,100,100,0.5477,0.0209,8.9636
296250,PROFILE,ROASTING,4,140.0,128.1,1,11.91,6.52,2.03,5.06,13.61,0,14,66,100,100,0.5477,0.0209,8.9636
297254,PROFILE,ROASTING,5,140.0,127.7,1,12.33,6.75,2.29,4.61,13.65,0,14,66,100,100,0.5477,0.0209,8.9636
298249,PROFILE,ROASTING,6,140.0,127.5,1,12.53,6.86,2.55,3.67,13.09,0,13,66,100,100,0.5477,0.0209,8.9636
299260,PROFILE,ROASTING,7,140.0,127.4,1,12.62,6.91,2.82,2.74,12.47,0,12,65,100,100,0.5477,0.0209,8.9636
300260,PROFILE,ROASTING,8,140.0,127.2,1,12.82,7.02,3.09,2.41,12.52,0,13,65,100,100,0.5477,0.0209,8.9636
301377,PROFILE,ROASTING,9,140.0,127.1,1,12.85,7.04,3.35,1.70,12.10,0,12,65,100,100,0.5477,0.0209,8.9636
302258,PROFILE,ROASTING,10,140.0,127.4,1,12.64,6.92,3.62,0.49,11.03,0,11,65,100,100,0.5477,0.0209,8.9636
303227,PROFILE,ROASTING,11,140.0,127.6,1,12.40,6.79,3.88,-0.37,10.31,0,10,64,100,100,0.5477,0.0209,8.9636
304300,PROFILE,ROASTING,12,140.0,127.7,1,12.27,6.72,4.13,-0.63,10.22,0,10,64,100,100,0.5477,0.0209,8.9636
305238,PROFILE,ROASTING,13,140.0,127.9,1,12.14,6.65,4.39,-0.83,10.21,0,10,64,100,100,0.5477,0.0209,8.9636
306241,PROFILE,ROASTING,14,140.0,128.3,1,11.70,6.41,4.63,-1.85,9.19,0,9,64,100,100,0.5477,0.0209,8.9636
307238,PROFILE,ROASTING,15,140.0,128.7,1,11.33,6.21,4.87,-2.34,8.74,0,9,63,100,100,0.5477,0.0209,8.9636
308243,PROFILE,ROASTING,16,140.0,129.1,1,10.91,5.97,5.10,-2.84,8.23,0,8,63,100,100,0.5477,0.0209,8.9636
309242,PROFILE,ROASTING,17,140.0,129.3,1,10.70,5.86,5.32,-2.51,8.66,0,9,63,100,100,0.5477,0.0209,8.9636
310235,PROFILE,ROASTING,18,140.0,129.8,1,10.17,5.57,5.53,-3.24,7.86,0,8,63,100,100,0.5477,0.0209,8.9636
311229,PROFILE,ROASTING,19,140.0,130.3,1,9.71,5.32,5.74,-3.55,7.50,0,7,63,100,100,0.5477,0.0209,8.9636
312232,PROFILE,ROASTING,20,140.0,130.8,1,9.23,5.05,5.93,-3.81,7.17,0,7,63,100,100,0.5477,0.0209,8.9636
313244,PROFILE,ROASTING,21,140.0,131.1,1,8.86,4.85,6.11,-3.63,7.34,0,7,63,100,100,0.5477,0.0209,8.9636
314246,PROFILE,ROASTING,22,140.0,131.8,1,8.16,4.47,6.28,-4.52,6.23,0,6,63,100,100,0.5477,0.0209,8.9636
315242,PROFILE,ROASTING,23,140.0,132.4,1,7.63,4.18,6.44,-4.57,6.05,0,6,63,100,100,0.5477,0.0209,8.9636
316235,PROFILE,ROASTING,24,140.0,132.9,1,7.14,3.91,6.59,-4.53,5.97,0,6,63,100,100,0.5477,0.0209,8.9636
317245,PROFILE,ROASTING,25,140.0,133.3,1,6.67,3.65,6.73,-4.42,5.97,0,6,63,100,100,0.5477,0.0209,8.9636
318250,PROFILE,ROASTING,26,140.0,133.7,1,6.30,3.45,6.86,-4.06,6.26,0,6,63,100,100,0.5477,0.0209,8.9636
319247,PROFILE,ROASTING,27,140.0,134.3,1,5.73,3.14,6.98,-4.40,5.72,0,6,63,100,100,0.5477,0.0209,8.9636
320253,PROFILE,ROASTING,28,140.0,134.8,1,5.18,2.84,7.09,-4.59,5.34,0,5,63,100,100,0.5477,0.0209,8.9636
321249,PROFILE,ROASTING,29,140.0,135.3,1,4.71,2.58,7.19,-4.46,5.31,0,5,62,100,100,0.5477,0.0209,8.9636
322251,PROFILE,ROASTING,30,140.0,135.8,1,4.16,2.28,7.28,-4.60,4.96,0,5,62,100,100,0.5477,0.0209,8.9636
323253,PROFILE,ROASTING,31,140.0,136.3,1,3.75,2.05,7.36,-4.31,5.10,0,5,62,100,100,0.5477,0.0209,8.9636
324251,PROFILE,ROASTING,32,140.0,136.7,1,3.34,1.83,7.43,-4.08,5.17,0,5,62,100,100,0.5477,0.0209,8.9636
325253,PROFILE,ROASTING,33,140.0,137.2,1,2.80,1.53,7.48,-4.34,4.68,0,5,62,100,100,0.5477,0.0209,8.9636
326242,PROFILE,ROASTING,34,140.0,137.7,1,2.33,1.27,7.53,-4.31,4.49,0,4,62,100,100,0.5477,0.0209,8.9636
327255,PROFILE,ROASTING,35,140.0,138.1,1,1.90,1.04,7.57,-4.14,4.47,0,4,62,100,100,0.5477,0.0209,8.9636
328254,PROFILE,ROASTING,36,140.0,138.6,1,1.40,0.77,7.60,-4.27,4.10,0,4,62,100,100,0.5477,0.0209,8.9636
329251,PROFILE,ROASTING,37,140.0,139.1,1,0.88,0.48,7.62,-4.39,3.71,0,4,62,100,100,0.5477,0.0209,8.9636
330245,PROFILE,ROASTING,38,140.0,139.6,1,0.42,0.23,7.63,-4.31,3.54,0,4,62,100,100,0.5477,0.0209,8.9636
331254,PROFILE,ROASTING,39,140.0,139.9,1,0.06,0.03,7.63,-3.93,3.73,0,4,62,100,100,0.5477,0.0209,8.9636
332258,PROFILE,ROASTING,40,140.0,140.3,1,-0.34,-0.19,7.62,-3.82,3.61,0,4,62,100,100,0.5477,0.0209,8.9636
333305,PROFILE,ROASTING,41,140.0,140.7,1,-0.69,-0.38,7.61,-3.60,3.63,0,4,62,100,100,0.5477,0.0209,8.9636
334238,PROFILE,ROASTING,42,140.0,141.1,1,-1.11,-0.61,7.59,-3.64,3.34,0,3,62,100,100,0.5477,0.0209,8.9636
335231,PROFILE,ROASTING,43,140.0,141.6,1,-1.62,-0.89,7.55,-3.97,2.69,0,3,61,100,100,0.5477,0.0209,8.9636
336238,PROFILE,ROASTING,44,140.0,142.0,1,-1.96,-1.07,7.51,-3.65,2.79,0,3,61,100,100,0.5477,0.0209,8.9636
337242,PROFILE,ROASTING,45,140.0,142.4,1,-2.43,-1.33,7.46,-3.84,2.29,0,2,61,100,100,0.5477,0.0209,8.9636
338238,PROFILE,ROASTING,46,140.0,142.8,1,-2.80,-1.54,7.40,-3.68,2.19,0,2,60,100,100,0.5477,0.0209,8.9636
339238,PROFILE,ROASTING,47,140.0,143.2,1,-3.20,-1.75,7.33,-3.64,1.94,0,2,60,100,100,0.5477,0.0209,8.9636
340298,PROFILE,ROASTING,48,140.0,143.6,1,-3.61,-1.98,7.26,-3.66,1.62,0,2,60,100,100,0.5477,0.0209,8.9636
341246,PROFILE,ROASTING,49,140.0,143.9,1,-3.88,-2.12,7.18,-3.22,1.83,0,2,60,100,100,0.5477,0.0209,8.9636
342254,PROFILE,ROASTING,50,140.0,144.3,1,-4.32,-2.37,7.09,-3.48,1.24,0,1,60,100,100,0.5477,0.0209,8.9636
343238,PROFILE,ROASTING,51,140.0,144.7,1,-4.73,-2.59,6.99,-3.53,0.87,0,1,59,100,100,0.5477,0.0209,8.9636
344240,PROFILE,ROASTING,52,140.0,145.0,1,-5.03,-2.76,6.88,-3.27,0.86,0,1,59,100,100,0.5477,0.0209,8.9636
345241,PROFILE,ROASTING,53,140.0,145.1,1,-5.14,-2.82,6.78,-2.51,1.45,0,1,59,100,100,0.5477,0.0209,8.9636
346242,PROFILE,ROASTING,54,140.0,145.6,1,-5.64,-3.09,6.66,-3.17,0.40,0,0,59,100,100,0.5477,0.0209,8.9636
347237,PROFILE,ROASTING,55,140.0,145.9,1,-5.86,-3.21,6.54,-2.76,0.56,0,1,49,100,100,0.5477,0.0209,8.9636
348248,PROFILE,ROASTING,56,140.0,146.2,1,-6.22,-3.41,6.41,-2.91,0.09,0,0,59,100,100,0.5477,0.0209,8.9636
349253,PROFILE,ROASTING,57,140.0,146.6,1,-6.64,-3.64,6.27,-3.19,-0.56,0,0,49,100,100,0.5477,0.0209,8.9636
350242,PROFILE,ROASTING,58,140.0,147.0,1,-7.02,-3.84,6.12,-3.25,-0.98,0,0,49,100,100,0.5477,0.0209,8.9636
351242,PROFILE,ROASTING,59,140.0,147.3,1,-7.27,-3.98,5.97,-2.94,-0.96,0,0,49,100,100,0.5477,0.0209,8.9636
352243,PROFILE,ROASTING,60,140.0,147.5,1,-7.53,-4.12,5.81,-2.72,-1.04,0,0,49,100,100,0.5477,0.0209,8.9636
353253,PROFILE,ROASTING,61,140.0,147.9,1,-7.91,-4.33,5.65,-2.94,-1.63,0,0,49,100,100,0.5477,0.0209,8.9636
354255,PROFILE,ROASTING,62,140.0,148.1,1,-8.12,0.00,0.00,0.00,0.00,1,0,49,100,100,0.5477,0.0209,8.9636
355256,PROFILE,ROASTING,63,140.0,148.4,1,-8.40,0.00,0.00,0.00,0.00,1,0,49,100,100,0.5477,0.0209,8.9636
356257,PROFILE,ROASTING,64,140.0,148.7,1,-8.72,0.00,0.00,0.00,0.00,1,0,49,100,100,0.5477,0.0209,8.9636
357254,PROFILE,ROASTING,65,140.0,148.8,1,-8.81,0.00,0.00,0.00,0.00,1,0,49,100,100,0.5477,0.0209,8.9636
358250,PROFILE,ROASTING,66,140.0,148.9,1,-8.94,0.00,0.00,0.00,0.00,1,0,49,100,100,0.5477,0.0209,8.9636
359255,PROFILE,ROASTING,67,140.0,149.1,1,-9.14,0.00,0.00,0.00,0.00,1,0,49,100,100,0.5477,0.0209,8.9636
360255,PROFILE,ROASTING,68,140.0,149.3,1,-9.25,0.00,0.00,0.00,0.00,1,0,49,100,100,0.5477,0.0209,8.9636
361248,PROFILE,ROASTING,69,140.0,149.3,1,-9.33,0.00,0.00,0.00,0.00,1,0,49,100,100,0.5477,0.0209,8.9636
362258,PROFILE,ROASTING,70,140.0,149.3,1,-9.34,0.00,0.00,0.00,0.00,1,0,49,100,100,0.5477,0.0209,8.9636
363262,PROFILE,ROASTING,71,140.0,149.4,1,-9.43,0.00,0.00,0.00,0.00,1,0,49,100,100,0.5477,0.0209,8.9636
364292,PROFILE,ROASTING,72,140.0,149.6,1,-9.57,0.00,0.00,0.00,0.00,1,0,49,100,100,0.5477,0.0209,8.9636
365226,PROFILE,ROASTING,73,140.0,149.7,1,-9.71,0.00,0.00,0.00,0.00,1,0,49,100,100,0.5477,0.0209,8.9636
366236,PROFILE,ROASTING,74,140.0,149.6,1,-9.63,0.00,0.00,0.00,0.00,1,0,49,100,100,0.5477,0.0209,8.9636
367239,PROFILE,ROASTING,75,140.0,149.6,1,-9.59,0.00,0.00,0.00,0.00,1,0,49,100,100,0.5477,0.0209,8.9636
368268,PROFILE,ROASTING,76,140.0,149.7,1,-9.68,0.00,0.00,0.00,0.00,1,0,49,100,100,0.5477,0.0209,8.9636
369242,PROFILE,ROASTING,77,140.0,149.8,1,-9.76,0.00,0.00,0.00,0.00,1,0,49,100,100,0.5477,0.0209,8.9636
370235,PROFILE,ROASTING,78,140.0,149.7,1,-9.66,0.00,0.00,0.00,0.00,1,0,49,100,100,0.5477,0.0209,8.9636
371242,PROFILE,ROASTING,79,140.0,149.7,1,-9.70,0.00,0.00,0.00,0.00,1,0,49,100,100,0.5477,0.0209,8.9636
372243,PROFILE,ROASTING,80,140.0,149.6,1,-9.61,0.00,0.00,0.00,0.00,1,0,49,100,100,0.5477,0.0209,8.9636
373245,PROFILE,ROASTING,81,140.0,149.6,1,-9.56,0.00,0.00,0.00,0.00,1,0,49,100,100,0.5477,0.0209,8.9636
374230,PROFILE,ROASTING,82,140.0,149.6,1,-9.64,0.00,0.00,0.00,0.00,1,0,49,100,100,0.5477,0.0209,8.9636
375239,PROFILE,ROASTING,83,140.0,149.8,1,-9.77,0.00,0.00,0.00,0.00,1,0,49,100,100,0.5477,0.0209,8.9636
376243,PROFILE,ROASTING,84,140.0,149.9,1,-9.87,0.00,0.00,0.00,0.00,1,0,49,100,100,0.5477,0.0209,8.9636
377244,PROFILE,ROASTING,85,140.0,149.9,1,-9.88,0.00,0.00,0.00,0.00,1,0,49,100,100,0.5477,0.0209,8.9636
378240,PROFILE,ROASTING,86,140.0,150.0,1,-10.00,0.00,0.00,0.00,0.00,1,0,49,100,100,0.5477,0.0209,8.9636
379234,PROFILE,ROASTING,87,140.0,149.9,1,-9.92,0.00,0.00,0.00,0.00,1,0,49,100,100,0.5477,0.0209,8.9636
380246,PROFILE,ROASTING,88,140.0,150.0,1,-10.00,0.00,0.00,0.00,0.00,1,0,49,100,100,0.5477,0.0209,8.9636
381247,PROFILE,ROASTING,89,140.0,150.1,1,-10.13,0.00,0.00,0.00,0.00,1,0,49,100,100,0.5477,0.0209,8.9636
382250,PROFILE,ROASTING,90,140.0,150.1,1,-10.07,0.00,0.00,0.00,0.00,1,0,49,100,100,0.5477,0.0209,8.9636
383251,PROFILE,ROASTING,91,140.0,150.1,1,-10.12,0.00,0.00,0.00,0.00,1,0,49,100,100,0.5477,0.0209,8.9636
384245,PROFILE,ROASTING,92,140.0,150.2,1,-10.19,0.00,0.00,0.00,0.00,1,0,49,100,100,0.5477,0.0209,8.9636
385258,PROFILE,ROASTING,93,140.0,150.3,1,-10.26,0.00,0.00,0.00,0.00,1,0,49,100,100,0.5477,0.0209,8.9636
386255,PROFILE,ROASTING,94,140.0,150.3,1,-10.32,0.00,0.00,0.00,0.00,1,0,49,100,100,0.5477,0.0209,8.9636
387256,PROFILE,ROASTING,95,140.0,150.5,1,-10.51,0.00,0.00,0.00,0.00,1,0,49,100,100,0.5477,0.0209,8.9636
388256,PROFILE,ROASTING,96,140.0,150.3,1,-10.33,0.00,0.00,0.00,0.00,1,0,49,100,100,0.5477,0.0209,8.9636
389250,PROFILE,ROASTING,97,140.0,150.4,1,-10.36,0.00,0.00,0.00,0.00,1,0,49,100,100,0.5477,0.0209,8.9636
390252,PROFILE,ROASTING,98,140.0,150.5,1,-10.48,0.00,0.00,0.00,0.00,1,0,49,100,100,0.5477,0.0209,8.9636
391258,PROFILE,ROASTING,99,140.0,150.6,1,-10.55,0.00,0.00,0.00,0.00,1,0,49,100,100,0.5477,0.0209,8.9636
392251,PROFILE,ROASTING,100,140.0,150.6,1,-10.59,0.00,0.00,0.00,0.00,1,0,49,100,100,0.5477,0.0209,8.9636
393246,PROFILE,ROASTING,101,140.0,150.5,1,-10.54,0.00,0.00,0.00,0.00,1,0,49,100,100,0.5477,0.0209,8.9636
394258,PROFILE,ROASTING,102,140.0,150.5,1,-10.46,0.00,0.00,0.00,0.00,1,0,49,100,100,0.5477,0.0209,8.9636
395290,PROFILE,ROASTING,103,140.0,150.6,1,-10.57,0.00,0.00,0.00,0.00,1,0,49,100,100,0.5477,0.0209,8.9636
396240,PROFILE,ROASTING,104,140.0,150.8,1,-10.76,0.00,0.00,0.00,0.00,1,0,49,100,100,0.5477,0.0209,8.9636
397236,PROFILE,ROASTING,105,140.0,150.7,1,-10.74,0.00,0.00,0.00,0.00,1,0,49,100,100,0.5477,0.0209,8.9636
398231,PROFILE,ROASTING,106,140.0,150.7,1,-10.73,0.00,0.00,0.00,0.00,1,0,49,100,100,0.5477,0.0209,8.9636
399239,PROFILE,ROASTING,107,140.0,150.9,1,-10.91,0.00,0.00,0.00,0.00,1,0,49,100,100,0.5477,0.0209,8.9636
400240,PROFILE,ROASTING,108,140.0,150.9,1,-10.92,0.00,0.00,0.00,0.00,1,0,49,100,100,0.5477,0.0209,8.9636
401243,PROFILE,ROASTING,109,140.0,150.9,1,-10.94,0.00,0.00,0.00,0.00,1,0,49,100,100,0.5477,0.0209,8.9636
402236,PROFILE,ROASTING,110,140.0,151.1,1,-11.07,0.00,0.00,0.00,0.00,1,0,49,100,100,0.5477,0.0209,8.9636
403237,PROFILE,ROASTING,111,140.0,151.2,1,-11.15,0.00,0.00,0.00,0.00,1,0,49,100,100,0.5477,0.0209,8.9636
404247,PROFILE,ROASTING,112,140.0,151.3,1,-11.26,0.00,0.00,0.00,0.00,1,0,49,100,100,0.5477,0.0209,8.9636
405247,PROFILE,ROASTING,113,140.0,151.3,1,-11.32,0.00,0.00,0.00,0.00,1,0,49,100,100,0.5477,0.0209,8.9636
406228,PROFILE,ROASTING,114,140.0,151.4,1,-11.40,0.00,0.00,0.00,0.00,1,0,49,100,100,0.5477,0.0209,8.9636
407232,PROFILE,ROASTING,115,140.0,151.6,1,-11.58,0.00,0.00,0.00,0.00,1,0,49,100,100,0.5477,0.0209,8.9636
408243,PROFILE,ROASTING,116,140.0,151.7,1,-11.66,0.00,0.00,0.00,0.00,1,0,49,100,100,0.5477,0.0209,8.9636
409243,PROFILE,ROASTING,117,140.0,151.7,1,-11.65,0.00,0.00,0.00,0.00,1,0,49,100,100,0.5477,0.0209,8.9636
410249,PROFILE,ROASTING,118,140.0,151.7,1,-11.74,0.00,0.00,0.00,0.00,1,0,49,100,100,0.5477,0.0209,8.9636
411252,PROFILE,ROASTING,119,140.0,151.8,1,-11.76,0.00,0.00,0.00,0.00,1,0,49,100,100,0.5477,0.0209,8.9636
412240,PROFILE,ROASTING,120,140.0,151.9,1,-11.93,0.00,0.00,0.00,0.00,1,0,49,100,100,0.5477,0.0209,8.9636
413248,PROFILE,ROASTING,121,140.0,152.0,1,-11.96,0.00,0.00,0.00,0.00,1,0,49,100,100,0.5477,0.0209,8.9636
414249,PROFILE,ROASTING,122,140.0,152.1,1,-12.06,0.00,0.00,0.00,0.00,1,0,49,100,100,0.5477,0.0209,8.9636
415250,PROFILE,ROASTING,123,140.0,152.1,1,-12.11,0.00,0.00,0.00,0.00,1,0,49,100,100,0.5477,0.0209,8.9636
416246,PROFILE,ROASTING,124,140.0,152.2,1,-12.17,0.00,0.00,0.00,0.00,1,0,49,100,100,0.5477,0.0209,8.9636
417253,PROFILE,ROASTING,125,140.0,152.2,1,-12.21,0.00,0.00,0.00,0.00,1,0,49,100,100,0.5477,0.0209,8.9636
418257,PROFILE,ROASTING,126,140.0,152.3,1,-12.33,0.00,0.00,0.00,0.00,1,0,49,100,100,0.5477,0.0209,8.9636
419260,PROFILE,ROASTING,127,140.0,152.3,1,-12.28,0.00,0.00,0.00,0.00,1,0,49,100,100,0.5477,0.0209,8.9636
420256,PROFILE,ROASTING,128,140.0,152.3,1,-12.31,0.00,0.00,0.00,0.00,1,0,49,100,100,0.5477,0.0209,8.9636
421248,PROFILE,ROASTING,129,140.0,152.5,1,-12.46,0.00,0.00,0.00,0.00,1,0,49,100,100,0.5477,0.0209,8.9636
422250,PROFILE,ROASTING,130,140.0,152.6,1,-12.59,0.00,0.00,0.00,0.00,1,0,49,100,100,0.5477,0.0209,8.9636
423253,PROFILE,ROASTING,131,140.0,152.7,1,-12.66,0.00,0.00,0.00,0.00,1,0,49,100,100,0.5477,0.0209,8.9636
424256,PROFILE,ROASTING,132,140.0,152.6,1,-12.64,0.00,0.00,0.00,0.00,1,0,49,100,100,0.5477,0.0209,8.9636
425255,PROFILE,ROASTING,133,140.0,152.7,1,-12.73,0.00,0.00,0.00,0.00,1,0,49,100,100,0.5477,0.0209,8.9636
426282,PROFILE,ROASTING,134,140.0,153.0,1,-12.96,0.00,0.00,0.00,0.00,1,0,49,100,100,0.5477,0.0209,8.9636
427231,PROFILE,ROASTING,135,140.0,153.1,1,-13.15,0.00,0.00,0.00,0.00,1,0,49,100,100,0.5477,0.0209,8.9636
428236,PROFILE,ROASTING,136,140.0,153.1,1,-13.08,0.00,0.00,0.00,0.00,1,0,49,100,100,0.5477,0.0209,8.9636
429236,PROFILE,ROASTING,137,140.0,153.1,1,-13.11,0.00,0.00,0.00,0.00,1,0,49,100,100,0.5477,0.0209,8.9636
430233,PROFILE,ROASTING,138,140.0,153.3,1,-13.34,0.00,0.00,0.00,0.00,1,0,49,100,100,0.5477,0.0209,8.9636
431242,PROFILE,ROASTING,139,140.0,153.4,1,-13.36,0.00,0.00,0.00,0.00,1,0,49,100,100,0.5477,0.0209,8.9636
432241,PROFILE,ROASTING,140,140.0,153.4,1,-13.42,0.00,0.00,0.00,0.00,1,0,49,100,100,0.5477,0.0209,8.9636
433244,PROFILE,ROASTING,141,140.0,153.5,1,-13.47,0.00,0.00,0.00,0.00,1,0,49,100,100,0.5477,0.0209,8.9636
434231,PROFILE,ROASTING,142,140.0,153.6,1,-13.59,0.00,0.00,0.00,0.00,1,0,49,100,100,0.5477,0.0209,8.9636
435242,PROFILE,ROASTING,143,140.0,153.7,1,-13.71,0.00,0.00,0.00,0.00,1,0,49,100,100,0.5477,0.0209,8.9636
436249,PROFILE,ROASTING,144,140.0,153.7,1,-13.68,0.00,0.00,0.00,0.00,1,0,49,100,100,0.5477,0.0209,8.9636
437245,PROFILE,ROASTING,145,140.0,153.8,1,-13.76,0.00,0.00,0.00,0.00,1,0,49,100,100,0.5477,0.0209,8.9636
438241,PROFILE,ROASTING,146,140.0,153.9,1,-13.93,0.00,0.00,0.00,0.00,1,0,49,100,100,0.5477,0.0209,8.9636
439235,PROFILE,ROASTING,147,140.0,153.8,1,-13.83,0.00,0.00,0.00,0.00,1,0,49,100,100,0.5477,0.0209,8.9636
440248,PROFILE,ROASTING,148,140.0,153.8,1,-13.77,0.00,0.00,0.00,0.00,1,0,49,100,100,0.5477,0.0209,8.9636
441243,PROFILE,ROASTING,149,140.0,154.0,1,-13.98,0.00,0.00,0.00,0.00,1,0,49,100,100,0.5477,0.0209,8.9636
442246,PROFILE,ROASTING,150,175.0,154.2,1,-12.21,-6.69,0.00,-1.11,-7.79,0,0,49,90,100,0.5477,0.0209,8.9636
443247,PROFILE,ROASTING,151,175.0,154.2,1,-10.16,-5.57,0.00,-0.61,-6.17,0,0,49,90,90,0.5477,0.0209,8.9636
444239,PROFILE,ROASTING,152,175.0,154.2,1,-8.20,-4.49,0.00,-0.52,-5.01,0,0,49,90,90,0.5477,0.0209,8.9636
445254,PROFILE,ROASTING,153,175.0,154.3,1,-6.30,-3.45,0.00,-0.64,-4.09,0,0,49,90,90,0.5477,0.0209,8.9636
446250,PROFILE,ROASTING,154,175.0,154.3,1,-4.34,-2.38,0.00,-0.55,-2.93,0,0,49,90,90,0.5477,0.0209,8.9636
447257,PROFILE,ROASTING,155,175.0,154.4,1,-2.38,-1.30,0.00,-0.48,-1.78,0,0,49,90,90,0.5477,0.0209,8.9636
448242,PROFILE,ROASTING,156,175.0,154.6,1,-0.59,-0.32,0.00,-0.95,-1.27,0,0,49,90,90,0.5477,0.0209,8.9636
449248,PROFILE,ROASTING,157,175.0,154.6,1,1.43,0.79,0.03,-0.56,0.25,0,0,49,90,90,0.5477,0.0209,8.9636
450256,PROFILE,ROASTING,158,175.0,154.6,1,3.37,1.85,0.10,-0.57,1.38,0,1,49,90,90,0.5477,0.0209,8.9636
451255,PROFILE,ROASTING,159,175.0,154.7,1,5.33,2.92,0.21,-0.49,2.64,0,3,59,90,90,0.5477,0.0209,8.9636
452260,PROFILE,ROASTING,160,175.0,155.0,1,7.02,3.84,0.36,-1.27,2.93,0,3,61,90,90,0.5477,0.0209,8.9636
453251,PROFILE,ROASTING,161,175.0,155.1,1,8.90,4.87,0.54,-1.20,4.22,0,4,61,90,90,0.5477,0.0209,8.9636
454257,PROFILE,ROASTING,162,175.0,155.2,1,10.77,5.90,0.77,-1.18,5.49,0,5,62,90,90,0.5477,0.0209,8.9636
455252,PROFILE,ROASTING,163,175.0,155.4,1,12.59,6.90,1.03,-1.33,6.60,0,7,62,90,90,0.5477,0.0209,8.9636
456253,PROFILE,ROASTING,164,175.0,155.4,1,14.55,7.97,1.34,-1.00,8.30,0,8,63,90,90,0.5477,0.0209,8.9636
457250,PROFILE,ROASTING,165,175.0,155.8,1,16.20,8.87,1.68,-1.72,8.83,0,9,63,90,90,0.5477,0.0209,8.9636
458233,PROFILE,ROASTING,166,175.0,156.0,1,17.96,9.83,2.05,-1.87,10.01,0,10,63,90,90,0.5477,0.0209,8.9636
459246,PROFILE,ROASTING,167,175.0,156.4,1,18.58,10.18,2.44,-2.36,10.26,0,10,64,90,90,0.5477,0.0209,8.9636
460242,PROFILE,ROASTING,168,175.0,156.6,1,18.39,10.07,2.82,-2.15,10.75,0,11,64,90,90,0.5477,0.0209,8.9636
461237,PROFILE,ROASTING,169,175.0,157.1,1,17.94,9.83,3.20,-2.79,10.24,0,10,64,90,90,0.5477,0.0209,8.9636
462227,PROFILE,ROASTING,170,175.0,157.4,1,17.62,9.65,3.57,-2.80,10.41,0,10,64,90,90,0.5477,0.0209,8.9636
463241,PROFILE,ROASTING,171,175.0,157.7,1,17.33,9.49,3.93,-2.73,10.69,0,11,64,90,90,0.5477,0.0209,8.9636
464242,PROFILE,ROASTING,172,175.0,158.2,1,16.84,9.23,4.28,-3.28,10.22,0,10,64,90,90,0.5477,0.0209,8.9636
465241,PROFILE,ROASTING,173,175.0,158.6,1,16.37,8.96,4.62,-3.62,9.97,0,10,64,90,90,0.5477,0.0209,8.9636
466242,PROFILE,ROASTING,174,175.0,159.1,1,15.92,8.72,4.96,-3.73,9.95,0,10,64,90,90,0.5477,0.0209,8.9636
467238,PROFILE,ROASTING,175,175.0,159.5,1,15.50,8.49,5.28,-3.74,10.03,0,10,64,90,90,0.5477,0.0209,8.9636
468246,PROFILE,ROASTING,176,175.0,160.3,1,14.72,8.06,5.59,-4.83,8.82,0,9,64,90,90,0.5477,0.0209,8.9636
469246,PROFILE,ROASTING,177,175.0,160.8,1,14.19,7.77,5.88,-4.82,8.83,0,9,63,90,90,0.5477,0.0209,8.9636
470237,PROFILE,ROASTING,178,175.0,161.4,1,13.61,7.45,6.17,-4.95,8.67,0,9,63,90,90,0.5477,0.0209,8.9636
471233,PROFILE,ROASTING,179,175.0,162.1,1,12.89,7.06,6.44,-5.45,8.05,0,8,63,90,90,0.5477,0.0209,8.9636
472242,PROFILE,ROASTING,180,175.0,162.8,1,12.23,6.70,6.69,-5.58,7.81,0,8,63,90,90,0.5477,0.0209,8.9636
473247,PROFILE,ROASTING,181,175.0,163.5,1,11.51,6.30,6.93,-5.90,7.34,0,7,63,90,90,0.5477,0.0209,8.9636
474247,PROFILE,ROASTING,182,175.0,164.3,1,10.74,5.88,7.16,-6.23,6.81,0,7,63,90,90,0.5477,0.0209,8.9636
475247,PROFILE,ROASTING,183,175.0,165.0,1,10.02,5.49,7.37,-6.28,6.58,0,7,63,90,90,0.5477,0.0209,8.9636
476238,PROFILE,ROASTING,184,175.0,165.8,1,9.19,5.03,7.56,-6.69,5.90,0,6,63,90,90,0.5477,0.0209,8.9636
477250,PROFILE,ROASTING,185,175.0,166.6,1,8.45,4.63,7.74,-6.67,5.70,0,6,63,90,90,0.5477,0.0209,8.9636
478254,PROFILE,ROASTING,186,175.0,167.1,1,7.86,4.31,7.90,-6.20,6.01,0,6,63,90,90,0.5477,0.0209,8.9636
479251,PROFILE,ROASTING,187,175.0,167.9,1,7.09,3.89,8.05,-6.42,5.51,0,6,63,90,90,0.5477,0.0209,8.9636
480253,PROFILE,ROASTING,188,175.0,168.6,1,6.38,3.49,8.18,-6.41,5.26,0,5,63,90,90,0.5477,0.0209,8.9636
481250,PROFILE,ROASTING,189,175.0,169.4,1,5.60,3.07,8.30,-6.59,4.77,0,5,62,90,90,0.5477,0.0209,8.9636
482256,PROFILE,ROASTING,190,175.0,170.1,1,4.95,2.71,8.40,-6.35,4.76,0,5,62,90,90,0.5477,0.0209,8.9636
483261,PROFILE,ROASTING,191,175.0,170.7,1,4.25,2.33,8.49,-6.32,4.50,0,5,62,90,90,0.5477,0.0209,8.9636
484261,PROFILE,ROASTING,192,175.0,171.5,1,3.53,1.93,8.57,-6.36,4.14,0,4,62,90,90,0.5477,0.0209,8.9636
485258,PROFILE,ROASTING,193,175.0,172.1,1,2.91,1.59,8.63,-6.11,4.11,0,4,62,90,90,0.5477,0.0209,8.9636
486252,PROFILE,ROASTING,194,175.0,172.8,1,2.21,1.21,8.67,-6.15,3.74,0,4,62,90,90,0.5477,0.0209,8.9636
487257,PROFILE,ROASTING,195,175.0,173.5,1,1.46,0.80,8.70,-6.34,3.17,0,3,62,90,90,0.5477,0.0209,8.9636
488262,PROFILE,ROASTING,196,175.0,174.2,1,0.76,0.42,8.72,-6.33,2.81,0,3,61,90,90,0.5477,0.0209,8.9636
489238,PROFILE,ROASTING,197,175.0,174.8,1,0.18,0.10,8.72,-5.96,2.86,0,3,61,90,90,0.5477,0.0209,8.9636
490222,PROFILE,ROASTING,198,175.0,175.4,1,-0.40,-0.22,8.71,-5.70,2.80,0,3,61,90,90,0.5477,0.0209,8.9636
491258,PROFILE,ROASTING,199,175.0,176.0,1,-0.97,-0.53,8.69,-5.52,2.64,0,3,61,90,90,0.5477,0.0209,8.9636
492235,PROFILE,ROASTING,200,175.0,176.6,1,-1.60,-0.87,8.66,-5.53,2.25,0,2,61,90,90,0.5477,0.0209,8.9636
493242,PROFILE,ROASTING,201,175.0,177.2,1,-2.16,-1.18,8.62,-5.38,2.05,0,2,60,90,90,0.5477,0.0209,8.9636
494230,PROFILE,ROASTING,202,175.0,177.8,1,-2.76,-1.51,8.56,-5.38,1.66,0,2,60,90,90,0.5477,0.0209,8.9636
495235,PROFILE,ROASTING,203,175.0,178.3,1,-3.32,-1.82,8.49,-5.25,1.42,0,1,60,90,90,0.5477,0.0209,8.9636
496244,PROFILE,ROASTING,204,175.0,178.8,1,-3.84,-2.10,8.41,-5.04,1.26,0,1,59,90,90,0.5477,0.0209,8.9636
497245,PROFILE,ROASTING,205,175.0,179.4,1,-4.41,-2.41,8.32,-5.07,0.83,0,1,59,90,90,0.5477,0.0209,8.9636
498245,PROFILE,ROASTING,206,175.0,179.8,1,-4.79,-2.62,8.22,-4.53,1.06,0,1,59,90,90,0.5477,0.0209,8.9636
499237,PROFILE,ROASTING,207,175.0,180.3,1,-5.29,-2.90,8.11,-4.50,0.70,0,1,59,90,90,0.5477,0.0209,8.9636
500244,PROFILE,ROASTING,208,175.0,180.6,1,-5.55,-3.04,7.99,-3.79,1.16,0,1,59,90,90,0.5477,0.0209,8.9636
501249,PROFILE,ROASTING,209,175.0,181.1,1,-6.08,-3.33,7.86,-4.09,0.44,0,0,59,90,90,0.5477,0.0209,8.9636
502245,PROFILE,ROASTING,210,175.0,181.4,1,-6.40,-3.51,7.73,-3.70,0.52,0,1,49,90,90,0.5477,0.0209,8.9636
503243,PROFILE,ROASTING,211,175.0,182.0,1,-6.99,-3.83,7.58,-4.23,-0.48,0,0,59,90,90,0.5477,0.0209,8.9636
504238,PROFILE,ROASTING,212,175.0,182.4,1,-7.37,-4.04,7.43,-3.95,-0.56,0,0,49,90,90,0.5477,0.0209,8.9636
505245,PROFILE,ROASTING,213,175.0,182.9,1,-7.86,-4.31,7.26,-4.11,-1.15,0,0,49,90,90,0.5477,0.0209,8.9636
506251,PROFILE,ROASTING,214,175.0,183.3,1,-8.31,0.00,0.00,0.00,0.00,1,0,49,90,90,0.5477,0.0209,8.9636
507252,PROFILE,ROASTING,215,175.0,183.7,1,-8.72,0.00,0.00,0.00,0.00,1,0,49,90,90,0.5477,0.0209,8.9636
508241,PROFILE,ROASTING,216,175.0,184.1,1,-9.06,0.00,0.00,0.00,0.00,1,0,49,90,90,0.5477,0.0209,8.9636
509247,PROFILE,ROASTING,217,175.0,184.4,1,-9.38,0.00,0.00,0.00,0.00,1,0,49,90,90,0.5477,0.0209,8.9636
510254,PROFILE,ROASTING,218,175.0,184.8,1,-9.78,0.00,0.00,0.00,0.00,1,0,49,90,90,0.5477,0.0209,8.9636
511252,PROFILE,ROASTING,219,175.0,185.0,1,-10.05,0.00,0.00,0.00,0.00,1,0,49,90,90,0.5477,0.0209,8.9636
512254,PROFILE,ROASTING,220,175.0,185.3,1,-10.31,0.00,0.00,0.00,0.00,1,0,49,90,90,0.5477,0.0209,8.9636
513246,PROFILE,ROASTING,221,175.0,185.5,1,-10.50,0.00,0.00,0.00,0.00,1,0,49,90,90,0.5477,0.0209,8.9636
514251,PROFILE,ROASTING,222,175.0,185.6,1,-10.56,0.00,0.00,0.00,0.00,1,0,49,90,90,0.5477,0.0209,8.9636
515259,PROFILE,ROASTING,223,175.0,185.5,1,-10.47,0.00,0.00,0.00,0.00,1,0,49,90,90,0.5477,0.0209,8.9636
516262,PROFILE,ROASTING,224,175.0,185.6,1,-10.63,0.00,0.00,0.00,0.00,1,0,49,90,90,0.5477,0.0209,8.9636
517261,PROFILE,ROASTING,225,175.0,185.8,1,-10.77,0.00,0.00,0.00,0.00,1,0,49,90,90,0.5477,0.0209,8.9636
518252,PROFILE,ROASTING,226,175.0,185.9,1,-10.92,0.00,0.00,0.00,0.00,1,0,49,90,90,0.5477,0.0209,8.9636
519255,PROFILE,ROASTING,227,175.0,186.0,1,-10.95,0.00,0.00,0.00,0.00,1,0,49,90,90,0.5477,0.0209,8.9636
520237,PROFILE,ROASTING,228,175.0,186.1,1,-11.08,0.00,0.00,0.00,0.00,1,0,49,90,90,0.5477,0.0209,8.9636
521235,PROFILE,ROASTING,229,175.0,185.8,1,-10.83,0.00,0.00,0.00,0.00,1,0,49,90,90,0.5477,0.0209,8.9636
522224,PROFILE,ROASTING,230,175.0,185.7,1,-10.75,0.00,0.00,0.00,0.00,1,0,49,90,90,0.5477,0.0209,8.9636
523238,PROFILE,ROASTING,231,175.0,185.7,1,-10.65,0.00,0.00,0.00,0.00,1,0,49,90,90,0.5477,0.0209,8.9636
524240,PROFILE,ROASTING,232,175.0,185.7,1,-10.67,0.00,0.00,0.00,0.00,1,0,49,90,90,0.5477,0.0209,8.9636
525242,PROFILE,ROASTING,233,175.0,185.5,1,-10.50,0.00,0.00,0.00,0.00,1,0,49,90,90,0.5477,0.0209,8.9636
526239,PROFILE,ROASTING,234,175.0,185.5,1,-10.55,0.00,0.00,0.00,0.00,1,0,49,90,90,0.5477,0.0209,8.9636
527232,PROFILE,ROASTING,235,175.0,185.6,1,-10.64,0.00,0.00,0.00,0.00,1,0,49,90,90,0.5477,0.0209,8.9636
528245,PROFILE,ROASTING,236,175.0,185.6,1,-10.58,0.00,0.00,0.00,0.00,1,0,49,90,90,0.5477,0.0209,8.9636
529247,PROFILE,ROASTING,237,175.0,185.4,1,-10.43,0.00,0.00,0.00,0.00,1,0,49,90,90,0.5477,0.0209,8.9636
530249,PROFILE,ROASTING,238,175.0,185.2,1,-10.24,0.00,0.00,0.00,0.00,1,0,49,90,90,0.5477,0.0209,8.9636
531250,PROFILE,ROASTING,239,175.0,185.2,1,-10.25,0.00,0.00,0.00,0.00,1,0,49,90,90,0.5477,0.0209,8.9636
532246,PROFILE,ROASTING,240,175.0,185.1,1,-10.11,0.00,0.00,0.00,0.00,1,0,49,90,90,0.5477,0.0209,8.9636
533248,PROFILE,ROASTING,241,175.0,185.0,1,-9.95,0.00,0.00,0.00,0.00,1,0,49,90,90,0.5477,0.0209,8.9636
534244,PROFILE,ROASTING,242,175.0,184.8,1,-9.82,0.00,0.00,0.00,0.00,1,0,49,90,90,0.5477,0.0209,8.9636
535244,PROFILE,ROASTING,243,175.0,184.8,1,-9.79,0.00,0.00,0.00,0.00,1,0,49,90,90,0.5477,0.0209,8.9636
536237,PROFILE,ROASTING,244,175.0,184.7,1,-9.66,0.00,0.00,0.00,0.00,1,0,49,90,90,0.5477,0.0209,8.9636
537274,PROFILE,ROASTING,245,175.0,184.6,1,-9.56,0.00,0.00,0.00,0.00,1,0,49,90,90,0.5477,0.0209,8.9636
538248,PROFILE,ROASTING,246,175.0,184.4,1,-9.44,0.00,0.00,0.00,0.00,1,0,49,90,90,0.5477,0.0209,8.9636
539250,PROFILE,ROASTING,247,175.0,184.5,1,-9.47,0.00,0.00,0.00,0.00,1,0,49,90,90,0.5477,0.0209,8.9636
540237,PROFILE,ROASTING,248,175.0,184.4,1,-9.43,0.00,0.00,0.00,0.00,1,0,49,90,90,0.5477,0.0209,8.9636
541243,PROFILE,ROASTING,249,175.0,184.3,1,-9.34,0.00,0.00,0.00,0.00,1,0,49,90,90,0.5477,0.0209,8.9636
542253,PROFILE,ROASTING,250,175.0,184.2,1,-9.17,0.00,0.00,0.00,0.00,1,0,49,90,90,0.5477,0.0209,8.9636
543255,PROFILE,ROASTING,251,175.0,184.0,1,-8.99,0.00,0.00,0.00,0.00,1,0,49,90,90,0.5477,0.0209,8.9636
544258,PROFILE,ROASTING,252,175.0,183.9,1,-8.87,0.00,0.00,0.00,0.00,1,0,49,90,90,0.5477,0.0209,8.9636
545259,PROFILE,ROASTING,253,175.0,183.8,1,-8.83,0.00,0.00,0.00,0.00,1,0,49,90,90,0.5477,0.0209,8.9636
546254,PROFILE,ROASTING,254,175.0,183.7,1,-8.73,0.00,0.00,0.00,0.00,1,0,49,90,90,0.5477,0.0209,8.9636
547263,PROFILE,ROASTING,255,175.0,183.6,1,-8.58,0.00,0.00,0.00,0.00,1,0,49,90,90,0.5477,0.0209,8.9636
548260,PROFILE,ROASTING,256,175.0,183.5,1,-8.55,0.00,0.00,0.00,0.00,1,0,49,90,90,0.5477,0.0209,8.9636
549261,PROFILE,ROASTING,257,175.0,183.4,1,-8.42,0.00,0.00,0.00,0.00,1,0,49,90,90,0.5477,0.0209,8.9636
550250,PROFILE,ROASTING,258,175.0,183.2,1,-8.23,0.00,0.00,0.00,0.00,1,0,49,90,90,0.5477,0.0209,8.9636
551237,PROFILE,ROASTING,259,175.0,183.0,1,-8.02,0.00,0.00,0.00,0.00,1,0,49,90,90,0.5477,0.0209,8.9636
552236,PROFILE,ROASTING,260,175.0,183.1,1,-8.12,0.00,0.00,0.00,0.00,1,0,49,90,90,0.5477,0.0209,8.9636
553231,PROFILE,ROASTING,261,175.0,183.1,1,-8.05,0.00,0.00,0.00,0.00,1,0,49,90,90,0.5477,0.0209,8.9636
554228,PROFILE,ROASTING,262,175.0,183.0,1,-7.97,-4.36,0.00,0.68,-3.69,0,0,49,90,90,0.5477,0.0209,8.9636
555235,PROFILE,ROASTING,263,175.0,182.9,1,-7.86,-4.30,0.00,0.78,-3.52,0,0,49,90,90,0.5477,0.0209,8.9636
556241,PROFILE,ROASTING,264,175.0,182.8,1,-7.83,-4.29,0.00,0.61,-3.67,0,0,49,90,90,0.5477,0.0209,8.9636
557244,PROFILE,ROASTING,265,175.0,182.9,1,-7.86,-4.30,0.00,0.32,-3.98,0,0,49,90,90,0.5477,0.0209,8.9636
558242,PROFILE,ROASTING,266,175.0,182.8,1,-7.76,-4.25,0.00,0.49,-3.76,0,0,49,90,90,0.5477,0.0209,8.9636
559236,PROFILE,ROASTING,267,175.0,182.8,1,-7.76,-4.25,0.00,0.34,-3.90,0,0,49,90,90,0.5477,0.0209,8.9636
560242,PROFILE,ROASTING,268,175.0,182.6,1,-7.57,-4.14,0.00,0.80,-3.35,0,0,49,90,90,0.5477,0.0209,8.9636
561246,PROFILE,ROASTING,269,175.0,182.5,1,-7.47,-4.09,0.00,0.81,-3.29,0,0,49,90,90,0.5477,0.0209,8.9636
562246,PROFILE,ROASTING,270,175.0,182.4,1,-7.38,-4.04,0.00,0.83,-3.21,0,0,49,90,90,0.5477,0.0209,8.9636
563250,PROFILE,ROASTING,271,175.0,182.3,1,-7.34,-4.02,0.00,0.67,-3.35,0,0,49,90,90,0.5477,0.0209,8.9636
564242,PROFILE,ROASTING,272,175.0,182.5,1,-7.46,-4.08,0.00,0.10,-3.99,0,0,49,90,90,0.5477,0.0209,8.9636
565253,PROFILE,ROASTING,273,175.0,182.5,1,-7.51,-4.11,0.00,-0.09,-4.20,0,0,49,90,90,0.5477,0.0209,8.9636
566246,PROFILE,ROASTING,274,175.0,182.5,1,-7.50,-4.11,0.00,-0.05,-4.16,0,0,49,90,90,0.5477,0.0209,8.9636
567243,PROFILE,ROASTING,275,175.0,182.4,1,-7.44,-4.07,0.00,0.16,-3.92,0,0,49,90,90,0.5477,0.0209,8.9636
568236,PROFILE,ROASTING,276,175.0,182.4,1,-7.43,-4.07,0.00,0.12,-3.95,0,0,49,90,90,0.5477,0.0209,8.9636
569249,PROFILE,ROASTING,277,175.0,182.4,1,-7.42,-4.06,0.00,0.13,-3.93,0,0,49,90,90,0.5477,0.0209,8.9636
570304,PROFILE,ROASTING,278,175.0,182.5,1,-7.45,-4.08,0.00,-0.02,-4.10,0,0,49,90,90,0.5477,0.0209,8.9636
571252,PROFILE,ROASTING,279,175.0,182.5,1,-7.47,-4.09,0.00,-0.07,-4.17,0,0,49,90,90,0.5477,0.0209,8.9636
572251,PROFILE,ROASTING,280,175.0,182.3,1,-7.31,-4.01,0.00,0.43,-3.58,0,0,49,90,90,0.5477,0.0209,8.9636
573254,PROFILE,ROASTING,281,175.0,182.5,1,-7.46,-4.08,0.00,-0.14,-4.23,0,0,49,90,90,0.5477,0.0209,8.9636
574241,PROFILE,ROASTING,282,175.0,182.3,1,-7.32,-4.01,0.00,0.31,-3.69,0,0,49,90,90,0.5477,0.0209,8.9636
575255,PROFILE,ROASTING,283,175.0,182.4,1,-7.40,-4.05,0.00,-0.03,-4.08,0,0,49,90,90,0.5477,0.0209,8.9636
576256,PROFILE,ROASTING,284,175.0,182.4,1,-7.40,-4.05,0.00,-0.01,-4.06,0,0,49,90,90,0.5477,0.0209,8.9636
577259,PROFILE,ROASTING,285,175.0,182.4,1,-7.38,-4.04,0.00,0.04,-4.00,0,0,49,90,90,0.5477,0.0209,8.9636
578259,PROFILE,ROASTING,286,175.0,182.4,1,-7.39,-4.04,0.00,0.01,-4.03,0,0,49,90,90,0.5477,0.0209,8.9636
579253,PROFILE,ROASTING,287,175.0,182.4,1,-7.44,-4.07,0.00,-0.14,-4.21,0,0,49,90,90,0.5477,0.0209,8.9636
580263,PROFILE,ROASTING,288,175.0,182.5,1,-7.46,-4.09,0.00,-0.18,-4.27,0,0,49,90,90,0.5477,0.0209,8.9636
581262,PROFILE,ROASTING,289,175.0,182.5,1,-7.48,-4.10,0.00,-0.17,-4.26,0,0,49,90,90,0.5477,0.0209,8.9636
582222,PROFILE,ROASTING,290,175.0,182.4,1,-7.36,-4.03,0.00,0.24,-3.80,0,0,49,90,90,0.5477,0.0209,8.9636
583226,PROFILE,ROASTING,291,175.0,182.4,1,-7.38,-4.04,0.00,0.12,-3.92,0,0,49,90,90,0.5477,0.0209,8.9636
584233,PROFILE,ROASTING,292,175.0,182.4,1,-7.38,-4.04,0.00,0.06,-3.99,0,0,49,90,90,0.5477,0.0209,8.9636
585237,PROFILE,ROASTING,293,175.0,182.4,1,-7.43,-4.07,0.00,-0.11,-4.19,0,0,49,90,90,0.5477,0.0209,8.9636
586237,PROFILE,ROASTING,294,175.0,182.3,1,-7.34,-4.02,0.00,0.21,-3.81,0,0,49,90,90,0.5477,0.0209,8.9636
587240,PROFILE,ROASTING,295,175.0,182.5,1,-7.52,-4.12,0.00,-0.40,-4.51,0,0,49,90,90,0.5477,0.0209,8.9636
588236,PROFILE,ROASTING,296,175.0,182.5,1,-7.51,-4.11,0.00,-0.24,-4.35,0,0,49,90,90,0.5477,0.0209,8.9636
589241,PROFILE,ROASTING,297,175.0,182.4,1,-7.38,-4.04,0.00,0.23,-3.82,0,0,49,90,90,0.5477,0.0209,8.9636
590241,PROFILE,ROASTING,298,175.0,182.5,1,-7.48,-4.10,0.00,-0.14,-4.24,0,0,49,90,90,0.5477,0.0209,8.9636
591248,PROFILE,ROASTING,299,175.0,182.5,1,-7.52,-4.12,0.00,-0.22,-4.33,0,0,49,90,90,0.5477,0.0209,8.9636
592238,PROFILE,ROASTING,300,175.0,182.6,1,-7.62,-4.17,0.00,-0.45,-4.62,0,0,49,90,90,0.5477,0.0209,8.9636
593238,PROFILE,ROASTING,301,175.0,182.8,1,-7.79,-4.26,0.00,-0.79,-5.06,0,0,49,90,90,0.5477,0.0209,8.9636
594249,PROFILE,ROASTING,302,175.0,182.7,1,-7.71,-4.22,0.00,-0.29,-4.52,0,0,49,90,90,0.5477,0.0209,8.9636
595250,PROFILE,ROASTING,303,175.0,182.8,1,-7.77,-4.26,0.00,-0.39,-4.65,0,0,49,90,90,0.5477,0.0209,8.9636
596252,PROFILE,ROASTING,304,175.0,182.9,1,-7.87,-4.31,0.00,-0.56,-4.87,0,0,49,90,90,0.5477,0.0209,8.9636
597240,PROFILE,ROASTING,305,175.0,183.1,1,-8.10,0.00,0.00,0.00,0.00,1,0,49,90,90,0.5477,0.0209,8.9636
598244,PROFILE,ROASTING,306,175.0,182.9,1,-7.88,-4.32,0.00,-0.06,-4.37,0,0,49,90,90,0.5477,0.0209,8.9636
599246,PROFILE,ROASTING,307,175.0,183.2,1,-8.15,0.00,0.00,0.00,0.00,1,0,49,90,90,0.5477,0.0209,8.9636
600248,PROFILE,ROASTING,308,175.0,183.1,1,-8.15,0.00,0.00,0.00,0.00,1,0,49,90,90,0.5477,0.0209,8.9636
601251,PROFILE,ROASTING,309,175.0,183.3,1,-8.26,0.00,0.00,0.00,0.00,1,0,49,90,90,0.5477,0.0209,8.9636
602246,PROFILE,ROASTING,310,175.0,183.3,1,-8.27,0.00,0.00,0.00,0.00,1,0,49,90,90,0.5477,0.0209,8.9636
603273,PROFILE,ROASTING,311,175.0,183.4,1,-8.37,0.00,0.00,0.00,0.00,1,0,49,90,90,0.5477,0.0209,8.9636
604250,PROFILE,ROASTING,312,175.0,183.5,1,-8.54,0.00,0.00,0.00,0.00,1,0,49,90,90,0.5477,0.0209,8.9636
605254,PROFILE,ROASTING,313,175.0,183.5,1,-8.52,0.00,0.00,0.00,0.00,1,0,49,90,90,0.5477,0.0209,8.9636
606246,PROFILE,ROASTING,314,175.0,183.6,1,-8.62,0.00,0.00,0.00,0.00,1,0,49,90,90,0.5477,0.0209,8.9636
607249,PROFILE,ROASTING,315,175.0,183.8,1,-8.79,0.00,0.00,0.00,0.00,1,0,49,90,90,0.5477,0.0209,8.9636
608260,PROFILE,ROASTING,316,175.0,183.9,1,-8.88,0.00,0.00,0.00,0.00,1,0,49,90,90,0.5477,0.0209,8.9636
609260,PROFILE,ROASTING,317,175.0,183.9,1,-8.93,0.00,0.00,0.00,0.00,1,0,49,90,90,0.5477,0.0209,8.9636
610263,PROFILE,ROASTING,318,175.0,183.9,1,-8.85,0.00,0.00,0.00,0.00,1,0,49,90,90,0.5477,0.0209,8.9636
611251,PROFILE,ROASTING,319,175.0,184.0,1,-8.98,0.00,0.00,0.00,0.00,1,0,49,90,90,0.5477,0.0209,8.9636
612265,PROFILE,ROASTING,320,175.0,183.9,1,-8.93,0.00,0.00,0.00,0.00,1,0,49,90,90,0.5477,0.0209,8.9636
613303,PROFILE,ROASTING,321,175.0,184.0,1,-9.01,0.00,0.00,0.00,0.00,1,0,49,90,90,0.5477,0.0209,8.9636
614234,PROFILE,ROASTING,322,175.0,184.1,1,-9.11,0.00,0.00,0.00,0.00,1,0,49,90,90,0.5477,0.0209,8.9636
615226,PROFILE,ROASTING,323,175.0,184.1,1,-9.11,0.00,0.00,0.00,0.00,1,0,49,90,90,0.5477,0.0209,8.9636
616234,PROFILE,ROASTING,324,175.0,184.0,1,-9.02,0.00,0.00,0.00,0.00,1,0,49,90,90,0.5477,0.0209,8.9636
617239,PROFILE,ROASTING,325,175.0,184.2,1,-9.23,0.00,0.00,0.00,0.00,1,0,49,90,90,0.5477,0.0209,8.9636
618237,PROFILE,ROASTING,326,175.0,184.2,1,-9.24,0.00,0.00,0.00,0.00,1,0,49,90,90,0.5477,0.0209,8.9636
619242,PROFILE,ROASTING,327,175.0,184.2,1,-9.23,0.00,0.00,0.00,0.00,1,0,49,90,90,0.5477,0.0209,8.9636
620231,PROFILE,ROASTING,328,175.0,184.5,1,-9.46,0.00,0.00,0.00,0.00,1,0,49,90,90,0.5477,0.0209,8.9636
621245,PROFILE,ROASTING,329,175.0,184.4,1,-9.41,0.00,0.00,0.00,0.00,1,0,49,90,90,0.5477,0.0209,8.9636
622245,PROFILE,ROASTING,330,175.0,184.4,1,-9.39,0.00,0.00,0.00,0.00,1,0,49,90,90,0.5477,0.0209,8.9636
623241,PROFILE,ROASTING,331,175.0,184.5,1,-9.45,0.00,0.00,0.00,0.00,1,0,49,90,90,0.5477,0.0209,8.9636
624259,PROFILE,ROASTING,332,175.0,184.4,1,-9.40,0.00,0.00,0.00,0.00,1,0,49,90,90,0.5477,0.0209,8.9636
625240,PROFILE,ROASTING,333,175.0,184.6,1,-9.55,0.00,0.00,0.00,0.00,1,0,49,90,90,0.5477,0.0209,8.9636
626250,PROFILE,ROASTING,334,175.0,184.6,1,-9.58,0.00,0.00,0.00,0.00,1,0,49,90,90,0.5477,0.0209,8.9636
627255,PROFILE,ROASTING,335,175.0,184.6,1,-9.60,0.00,0.00,0.00,0.00,1,0,49,90,90,0.5477,0.0209,8.9636
628251,PROFILE,ROASTING,336,175.0,184.5,1,-9.50,0.00,0.00,0.00,0.00,1,0,49,90,90,0.5477,0.0209,8.9636
629252,PROFILE,ROASTING,337,175.0,184.7,1,-9.67,0.00,0.00,0.00,0.00,1,0,49,90,90,0.5477,0.0209,8.9636
630245,PROFILE,ROASTING,338,175.0,184.7,1,-9.70,0.00,0.00,0.00,0.00,1,0,49,90,90,0.5477,0.0209,8.9636
631249,PROFILE,ROASTING,339,175.0,184.8,1,-9.79,0.00,0.00,0.00,0.00,1,0,49,90,90,0.5477,0.0209,8.9636
632246,PROFILE,ROASTING,340,175.0,184.7,1,-9.71,0.00,0.00,0.00,0.00,1,0,49,90,90,0.5477,0.0209,8.9636
633248,PROFILE,ROASTING,341,175.0,184.8,1,-9.79,0.00,0.00,0.00,0.00,1,0,49,90,90,0.5477,0.0209,8.9636
634241,PROFILE,ROASTING,342,175.0,184.9,1,-9.93,0.00,0.00,0.00,0.00,1,0,49,90,90,0.5477,0.0209,8.9636
635253,PROFILE,ROASTING,343,175.0,185.1,1,-10.07,0.00,0.00,0.00,0.00,1,0,49,90,90,0.5477,0.0209,8.9636
636253,PROFILE,ROASTING,344,175.0,185.0,1,-9.99,0.00,0.00,0.00,0.00,1,0,49,90,90,0.5477,0.0209,8.9636
637254,PROFILE,ROASTING,345,175.0,185.0,1,-10.00,0.00,0.00,0.00,0.00,1,0,49,90,90,0.5477,0.0209,8.9636
638248,PROFILE,ROASTING,346,175.0,185.1,1,-10.06,0.00,0.00,0.00,0.00,1,0,49,90,90,0.5477,0.0209,8.9636
639246,PROFILE,ROASTING,347,175.0,184.9,1,-9.88,0.00,0.00,0.00,0.00,1,0,49,90,90,0.5477,0.0209,8.9636
640258,PROFILE,ROASTING,348,175.0,184.9,1,-9.88,0.00,0.00,0.00,0.00,1,0,49,90,90,0.5477,0.0209,8.9636
641260,PROFILE,ROASTING,349,175.0,184.9,1,-9.93,0.00,0.00,0.00,0.00,1,0,49,90,90,0.5477,0.0209,8.9636
642266,PROFILE,ROASTING,350,175.0,185.0,1,-10.01,0.00,0.00,0.00,0.00,1,0,49,90,90,0.5477,0.0209,8.9636
643263,PROFILE,ROASTING,351,175.0,185.1,1,-10.12,0.00,0.00,0.00,0.00,1,0,49,90,90,0.5477,0.0209,8.9636
644261,PROFILE,ROASTING,352,175.0,185.1,1,-10.11,0.00,0.00,0.00,0.00,1,0,49,90,90,0.5477,0.0209,8.9636
645236,PROFILE,ROASTING,353,175.0,185.1,1,-10.06,0.00,0.00,0.00,0.00,1,0,49,90,90,0.5477,0.0209,8.9636
646234,PROFILE,ROASTING,354,175.0,185.0,1,-9.99,0.00,0.00,0.00,0.00,1,0,49,90,90,0.5477,0.0209,8.9636
647222,PROFILE,ROASTING,355,175.0,185.1,1,-10.10,0.00,0.00,0.00,0.00,1,0,49,90,90,0.5477,0.0209,8.9636
648226,PROFILE,ROASTING,356,175.0,185.2,1,-10.23,0.00,0.00,0.00,0.00,1,0,49,90,90,0.5477,0.0209,8.9636
649238,PROFILE,ROASTING,357,175.0,185.1,1,-10.05,0.00,0.00,0.00,0.00,1,0,49,90,90,0.5477,0.0209,8.9636
650243,PROFILE,ROASTING,358,175.0,185.1,1,-10.14,0.00,0.00,0.00,0.00,1,0,49,90,90,0.5477,0.0209,8.9636
651240,PROFILE,ROASTING,359,175.0,185.0,1,-10.02,0.00,0.00,0.00,0.00,1,0,49,90,90,0.5477,0.0209,8.9636
652231,PROFILE,ROASTING,360,175.0,185.2,1,-10.18,0.00,0.00,0.00,0.00,1,0,49,90,90,0.5477,0.0209,8.9636
653239,PROFILE,ROASTING,361,175.0,185.2,1,-10.21,0.00,0.00,0.00,0.00,1,0,49,90,90,0.5477,0.0209,8.9636
654245,PROFILE,ROASTING,362,175.0,185.3,1,-10.29,0.00,0.00,0.00,0.00,1,0,49,90,90,0.5477,0.0209,8.9636
655245,PROFILE,ROASTING,363,175.0,185.2,1,-10.16,0.00,0.00,0.00,0.00,1,0,49,90,90,0.5477,0.0209,8.9636
656252,PROFILE,ROASTING,364,175.0,185.3,1,-10.26,0.00,0.00,0.00,0.00,1,0,49,90,90,0.5477,0.0209,8.9636
657243,PROFILE,ROASTING,365,175.0,185.5,1,-10.48,0.00,0.00,0.00,0.00,1,0,49,90,90,0.5477,0.0209,8.9636
658249,PROFILE,ROASTING,366,175.0,185.5,1,-10.49,0.00,0.00,0.00,0.00,1,0,49,90,90,0.5477,0.0209,8.9636
659246,PROFILE,ROASTING,367,175.0,185.6,1,-10.60,0.00,0.00,0.00,0.00,1,0,49,90,90,0.5477,0.0209,8.9636
660254,PROFILE,ROASTING,368,175.0,185.7,1,-10.68,0.00,0.00,0.00,0.00,1,0,49,90,90,0.5477,0.0209,8.9636
661253,PROFILE,ROASTING,369,175.0,185.8,1,-10.77,0.00,0.00,0.00,0.00,1,0,49,90,90,0.5477,0.0209,8.9636
662244,PROFILE,ROASTING,370,175.0,185.9,1,-10.87,0.00,0.00,0.00,0.00,1,0,49,90,90,0.5477,0.0209,8.9636
663252,PROFILE,ROASTING,371,175.0,185.9,1,-10.88,0.00,0.00,0.00,0.00,1,0,49,90,90,0.5477,0.0209,8.9636
664249,PROFILE,ROASTING,372,175.0,186.0,1,-11.04,0.00,0.00,0.00,0.00,1,0,49,90,90,0.5477,0.0209,8.9636
665269,PROFILE,ROASTING,373,175.0,186.0,1,-11.02,0.00,0.00,0.00,0.00,1,0,49,90,90,0.5477,0.0209,8.9636
666243,PROFILE,ROASTING,374,175.0,186.1,1,-11.06,0.00,0.00,0.00,0.00,1,0,49,90,90,0.5477,0.0209,8.9636
667253,PROFILE,ROASTING,375,175.0,186.1,1,-11.08,0.00,0.00,0.00,0.00,1,0,49,90,90,0.5477,0.0209,8.9636
668252,PROFILE,ROASTING,376,175.0,186.1,1,-11.06,0.00,0.00,0.00,0.00,1,0,49,90,90,0.5477,0.0209,8.9636
669251,PROFILE,ROASTING,377,175.0,186.1,1,-11.08,0.00,0.00,0.00,0.00,1,0,49,90,90,0.5477,0.0209,8.9636
670255,PROFILE,ROASTING,378,175.0,186.0,1,-10.98,0.00,0.00,0.00,0.00,1,0,49,90,90,0.5477,0.0209,8.9636
671250,PROFILE,ROASTING,379,175.0,186.1,1,-11.10,0.00,0.00,0.00,0.00,1,0,49,90,90,0.5477,0.0209,8.9636
672257,PROFILE,ROASTING,380,175.0,186.2,1,-11.17,0.00,0.00,0.00,0.00,1,0,49,90,90,0.5477,0.0209,8.9636
673258,PROFILE,ROASTING,381,175.0,186.2,1,-11.22,0.00,0.00,0.00,0.00,1,0,49,90,90,0.5477,0.0209,8.9636
674264,PROFILE,ROASTING,382,175.0,186.2,1,-11.23,0.00,0.00,0.00,0.00,1,0,49,90,90,0.5477,0.0209,8.9636
675264,PROFILE,ROASTING,383,175.0,186.2,1,-11.24,0.00,0.00,0.00,0.00,1,0,49,90,90,0.5477,0.0209,8.9636
676283,PROFILE,ROASTING,384,175.0,186.2,1,-11.24,0.00,0.00,0.00,0.00,1,0,49,90,90,0.5477,0.0209,8.9636
677242,PROFILE,ROASTING,385,175.0,186.3,1,-11.26,0.00,0.00,0.00,0.00,1,0,49,90,90,0.5477,0.0209,8.9636
678236,PROFILE,ROASTING,386,175.0,186.3,1,-11.26,0.00,0.00,0.00,0.00,1,0,49,90,90,0.5477,0.0209,8.9636
679224,PROFILE,ROASTING,387,175.0,186.3,1,-11.25,0.00,0.00,0.00,0.00,1,0,49,90,90,0.5477,0.0209,8.9636
680225,PROFILE,ROASTING,388,175.0,186.3,1,-11.31,0.00,0.00,0.00,0.00,1,0,49,90,90,0.5477,0.0209,8.9636
681237,PROFILE,ROASTING,389,175.0,186.3,1,-11.26,0.00,0.00,0.00,0.00,1,0,49,90,90,0.5477,0.0209,8.9636
682241,PROFILE,ROASTING,390,205.0,186.3,1,-9.30,-5.09,0.00,-0.11,-5.20,0,0,49,90,90,0.5477,0.0209,8.9636
683241,PROFILE,ROASTING,391,205.0,186.3,1,-7.26,-3.98,0.00,0.04,-3.94,0,0,49,90,90,0.5477,0.0209,8.9636
684241,PROFILE,ROASTING,392,205.0,186.3,1,-5.26,-2.88,0.00,0.04,-2.84,0,0,49,90,90,0.5477,0.0209,8.9636
685262,PROFILE,ROASTING,393,205.0,186.3,1,-3.32,-1.82,0.00,-0.15,-1.97,0,0,49,90,90,0.5477,0.0209,8.9636
686246,PROFILE,ROASTING,394,205.0,186.5,1,-1.46,-0.80,0.00,-0.53,-1.33,0,0,49,90,90,0.5477,0.0209,8.9636
687243,PROFILE,ROASTING,395,205.0,186.4,1,0.60,0.33,0.01,-0.17,0.17,0,0,49,90,90,0.5477,0.0209,8.9636
688245,PROFILE,ROASTING,396,205.0,186.5,1,2.49,1.37,0.06,-0.43,1.00,0,1,49,90,90,0.5477,0.0209,8.9636
689239,PROFILE,ROASTING,397,205.0,186.6,1,4.39,2.40,0.16,-0.61,1.95,0,2,59,90,90,0.5477,0.0209,8.9636
690251,PROFILE,ROASTING,398,205.0,186.7,1,6.34,3.47,0.29,-0.54,3.22,0,3,60,90,90,0.5477,0.0209,8.9636
691253,PROFILE,ROASTING,399,205.0,186.6,1,8.36,4.58,0.46,-0.29,4.75,0,5,61,90,90,0.5477,0.0209,8.9636
692255,PROFILE,ROASTING,400,205.0,186.6,1,10.38,5.68,0.68,-0.16,6.21,0,6,62,90,90,0.5477,0.0209,8.9636
693251,PROFILE,ROASTING,401,205.0,186.7,1,12.32,6.75,0.94,-0.27,7.41,0,7,63,90,90,0.5477,0.0209,8.9636
694243,PROFILE,ROASTING,402,205.0,186.7,1,14.32,7.84,1.24,-0.18,8.90,0,9,63,90,90,0.5477,0.0209,8.9636
695247,PROFILE,ROASTING,403,205.0,186.8,1,16.18,8.86,1.58,-0.54,9.90,0,10,63,90,90,0.5477,0.0209,8.9636
696248,PROFILE,ROASTING,404,205.0,187.1,1,17.95,9.83,1.95,-1.06,10.72,0,11,64,90,90,0.5477,0.0209,8.9636
697253,PROFILE,ROASTING,405,205.0,187.2,1,17.80,9.75,2.32,-1.15,10.92,0,11,64,90,90,0.5477,0.0209,8.9636
698244,PROFILE,ROASTING,406,205.0,187.3,1,17.67,9.68,2.69,-1.16,11.21,0,11,64,90,90,0.5477,0.0209,8.9636
699245,PROFILE,ROASTING,407,205.0,187.5,1,17.55,9.61,3.06,-1.13,11.54,0,12,64,90,90,0.5477,0.0209,8.9636
700250,PROFILE,ROASTING,408,205.0,187.8,1,17.25,9.45,3.42,-1.66,11.21,0,11,65,90,90,0.5477,0.0209,8.9636
701255,PROFILE,ROASTING,409,205.0,187.9,1,17.14,9.39,3.78,-1.42,11.74,0,12,64,90,90,0.5477,0.0209,8.9636
702254,PROFILE,ROASTING,410,205.0,188.2,1,16.80,9.20,4.13,-1.97,11.36,0,11,65,90,90,0.5477,0.0209,8.9636
703250,PROFILE,ROASTING,411,205.0,188.4,1,16.64,9.11,4.48,-1.79,11.79,0,12,64,90,90,0.5477,0.0209,8.9636
704260,PROFILE,ROASTING,412,205.0,188.8,1,16.19,8.86,4.81,-2.54,11.14,0,11,65,90,90,0.5477,0.0209,8.9636
705262,PROFILE,ROASTING,413,205.0,189.2,1,15.76,8.63,5.14,-2.96,10.81,0,11,64,90,90,0.5477,0.0209,8.9636
706265,PROFILE,ROASTING,414,205.0,189.4,1,15.58,8.54,5.47,-2.50,11.50,0,12,64,90,90,0.5477,0.0209,8.9636
707282,PROFILE,ROASTING,415,205.0,189.7,1,15.27,8.36,5.79,-2.62,11.53,0,12,65,90,90,0.5477,0.0209,8.9636
708229,PROFILE,ROASTING,416,205.0,190.1,1,14.87,8.14,6.10,-2.93,11.31,0,11,65,90,90,0.5477,0.0209,8.9636
709238,PROFILE,ROASTING,417,205.0,190.6,1,14.44,7.91,6.40,-3.23,11.08,0,11,64,90,90,0.5477,0.0209,8.9636
710234,PROFILE,ROASTING,418,205.0,191.0,1,13.97,7.65,6.69,-3.57,10.77,0,11,64,90,90,0.5477,0.0209,8.9636
711237,PROFILE,ROASTING,419,205.0,191.3,1,13.70,7.50,6.98,-3.18,11.30,0,11,64,90,90,0.5477,0.0209,8.9636
712228,PROFILE,ROASTING,420,205.0,191.9,1,13.05,7.15,7.25,-4.06,10.34,0,10,64,90,90,0.5477,0.0209,8.9636
713244,PROFILE,ROASTING,421,205.0,192.4,1,12.64,6.92,7.52,-3.94,10.50,0,10,64,90,90,0.5477,0.0209,8.9636
714235,PROFILE,ROASTING,422,205.0,192.7,1,12.30,6.73,7.77,-3.65,10.86,0,11,64,90,90,0.5477,0.0209,8.9636
715243,PROFILE,ROASTING,423,205.0,193.2,1,11.76,6.44,8.02,-4.03,10.43,0,10,64,90,90,0.5477,0.0209,8.9636
716242,PROFILE,ROASTING,424,205.0,193.6,1,11.40,6.24,8.26,-3.78,10.72,0,11,64,90,90,0.5477,0.0209,8.9636
717234,PROFILE,ROASTING,425,205.0,194.0,1,10.99,6.02,8.49,-3.74,10.77,0,11,64,90,90,0.5477,0.0209,8.9636
718245,PROFILE,ROASTING,426,205.0,194.6,1,10.40,5.70,8.70,-4.25,10.15,0,10,64,90,90,0.5477,0.0209,8.9636
719250,PROFILE,ROASTING,427,205.0,195.1,1,9.91,5.43,8.91,-4.29,10.05,0,10,64,90,90,0.5477,0.0209,8.9636
720248,PROFILE,ROASTING,428,205.0,195.7,1,9.33,5.11,9.11,-4.61,9.60,0,10,64,90,90,0.5477,0.0209,8.9636
721236,PROFILE,ROASTING,429,205.0,196.1,1,8.90,4.88,9.29,-4.34,9.83,0,10,64,90,90,0.5477,0.0209,8.9636
722239,PROFILE,ROASTING,430,205.0,196.6,1,8.43,4.62,9.47,-4.31,9.78,0,10,64,90,90,0.5477,0.0209,8.9636
723250,PROFILE,ROASTING,431,205.0,197.1,1,7.90,4.33,9.63,-4.46,9.50,0,9,64,90,90,0.5477,0.0209,8.9636
724278,PROFILE,ROASTING,432,205.0,197.6,1,7.38,4.04,9.79,-4.52,9.31,0,9,63,90,90,0.5477,0.0209,8.9636
725257,PROFILE,ROASTING,433,205.0,198.0,1,7.04,3.86,9.93,-4.02,9.77,0,10,63,90,90,0.5477,0.0209,8.9636
726238,PROFILE,ROASTING,434,205.0,198.5,1,6.48,3.55,10.07,-4.37,9.25,0,9,64,90,90,0.5477,0.0209,8.9636
727249,PROFILE,ROASTING,435,205.0,198.9,1,6.07,3.32,10.20,-4.14,9.37,0,9,63,90,90,0.5477,0.0209,8.9636
728243,PROFILE,ROASTING,436,205.0,199.5,1,5.54,3.03,10.31,-4.34,9.00,0,9,63,90,90,0.5477,0.0209,8.9636
729253,PROFILE,ROASTING,437,205.0,199.8,1,5.18,2.84,10.42,-3.97,9.29,0,9,63,90,90,0.5477,0.0209,8.9636
730241,PROFILE,ROASTING,438,205.0,200.4,1,4.58,2.51,10.52,-4.42,8.61,0,9,63,90,90,0.5477,0.0209,8.9636
731245,PROFILE,ROASTING,439,205.0,200.8,1,4.16,2.28,10.60,-4.22,8.66,0,9,63,90,90,0.5477,0.0209,8.9636
732258,PROFILE,ROASTING,440,205.0,201.2,1,3.81,2.08,10.68,-3.86,8.91,0,9,63,90,90,0.5477,0.0209,8.9636
733258,PROFILE,ROASTING,441,205.0,201.7,1,3.28,1.80,10.75,-4.14,8.41,0,8,63,90,90,0.5477,0.0209,8.9636
734262,PROFILE,ROASTING,442,205.0,202.1,1,2.94,1.61,10.81,-3.78,8.64,0,9,63,90,90,0.5477,0.0209,8.9636
735247,PROFILE,ROASTING,443,205.0,202.5,1,2.53,1.38,10.87,-3.75,8.50,0,9,63,90,90,0.5477,0.0209,8.9636
736257,PROFILE,ROASTING,444,205.0,202.8,1,2.19,1.20,10.91,-3.52,8.59,0,9,63,90,90,0.5477,0.0209,8.9636
737263,PROFILE,ROASTING,445,205.0,203.2,1,1.81,0.99,10.95,-3.48,8.46,0,8,63,90,90,0.5477,0.0209,8.9636
738301,PROFILE,ROASTING,446,205.0,203.6,1,1.38,0.75,10.98,-3.61,8.12,0,8,63,90,90,0.5477,0.0209,8.9636
739239,PROFILE,ROASTING,447,205.0,204.1,1,0.95,0.52,11.00,-3.69,7.82,0,8,63,90,90,0.5477,0.0209,8.9636
740232,PROFILE,ROASTING,448,205.0,204.3,1,0.66,0.36,11.01,-3.33,8.05,0,8,63,90,90,0.5477,0.0209,8.9636
741243,PROFILE,ROASTING,449,205.0,204.7,1,0.29,0.16,11.02,-3.31,7.87,0,8,63,90,90,0.5477,0.0209,8.9636
742234,PROFILE,ROASTING,450,205.0,205.1,1,-0.07,-0.04,11.02,-3.29,7.69,0,8,63,90,90,0.5477,0.0209,8.9636
743232,PROFILE,ROASTING,451,205.0,205.3,1,-0.29,-0.16,11.01,-2.85,8.00,0,8,63,90,90,0.5477,0.0209,8.9636
744227,PROFILE,ROASTING,452,205.0,205.8,1,-0.77,-0.42,10.99,-3.34,7.23,0,7,63,90,90,0.5477,0.0209,8.9636
745234,PROFILE,ROASTING,453,205.0,206.0,1,-0.98,-0.54,10.97,-2.85,7.59,0,8,63,90,90,0.5477,0.0209,8.9636
746243,PROFILE,ROASTING,454,205.0,206.4,1,-1.36,-0.75,10.95,-3.05,7.15,0,7,63,90,90,0.5477,0.0209,8.9636
747244,PROFILE,ROASTING,455,205.0,206.8,1,-1.75,-0.96,10.91,-3.19,6.76,0,7,63,90,90,0.5477,0.0209,8.9636
748244,PROFILE,ROASTING,456,205.0,207.0,1,-1.97,-1.08,10.87,-2.78,7.01,0,7,63,90,90,0.5477,0.0209,8.9636
749232,PROFILE,ROASTING,457,205.0,207.2,1,-2.15,-1.18,10.82,-2.40,7.24,0,7,63,90,90,0.5477,0.0209,8.9636
750242,PROFILE,ROASTING,458,205.0,207.5,1,-2.49,-1.37,10.77,-2.61,6.79,0,7,63,90,90,0.5477,0.0209,8.9636
751244,PROFILE,ROASTING,459,205.0,207.7,1,-2.72,-1.49,10.71,-2.40,6.82,0,7,63,90,90,0.5477,0.0209,8.9636
752249,PROFILE,ROASTING,460,205.0,208.1,1,-3.11,-1.70,10.65,-2.77,6.18,0,6,63,90,90,0.5477,0.0209,8.9636
753247,PROFILE,ROASTING,461,205.0,208.4,1,-3.45,-1.89,10.58,-2.88,5.81,0,6,63,90,90,0.5477,0.0209,8.9636
754245,PROFILE,ROASTING,462,205.0,208.7,1,-3.69,-2.02,10.50,-2.64,5.84,0,6,63,90,90,0.5477,0.0209,8.9636
755254,PROFILE,ROASTING,463,205.0,208.9,1,-3.89,-2.13,10.42,-2.35,5.94,0,6,63,90,90,0.5477,0.0209,8.9636
756250,PROFILE,ROASTING,464,205.0,208.9,1,-3.92,-2.15,10.34,-1.66,6.52,0,7,63,90,90,0.5477,0.0209,8.9636
757252,PROFILE,ROASTING,465,205.0,209.3,1,-4.27,-2.34,10.25,-2.15,5.76,0,6,63,90,90,0.5477,0.0209,8.9636
758237,PROFILE,ROASTING,466,205.0,209.5,1,-4.54,-2.49,10.15,-2.25,5.42,0,5,63,90,90,0.5477,0.0209,8.9636
759245,PROFILE,ROASTING,467,205.0,209.6,1,-4.65,-2.55,10.05,-1.82,5.69,0,6,62,90,90,0.5477,0.0209,8.9636
760251,PROFILE,ROASTING,468,205.0,209.9,1,-4.88,-2.67,9.95,-1.90,5.38,0,5,63,90,90,0.5477,0.0209,8.9636
761252,PROFILE,ROASTING,469,205.0,210.1,1,-5.10,-2.80,9.85,-1.94,5.11,0,5,62,90,90,0.5477,0.0209,8.9636
762255,PROFILE,ROASTING,470,205.0,210.2,1,-5.15,-2.82,9.74,-1.44,5.48,0,5,62,90,90,0.5477,0.0209,8.9636
763245,PROFILE,ROASTING,471,205.0,210.3,1,-5.30,-2.91,9.63,-1.41,5.31,0,5,62,90,90,0.5477,0.0209,8.9636
764254,PROFILE,ROASTING,472,205.0,210.6,1,-5.61,-3.07,9.51,-1.85,4.59,0,5,62,90,90,0.5477,0.0209,8.9636
765253,PROFILE,ROASTING,473,205.0,210.8,1,-5.78,-3.17,9.39,-1.74,4.48,0,4,62,90,90,0.5477,0.0209,8.9636
766262,PROFILE,ROASTING,474,205.0,211.1,1,-6.09,-3.34,9.26,-2.10,3.82,0,4,62,90,90,0.5477,0.0209,8.9636
767261,PROFILE,ROASTING,475,205.0,211.4,1,-6.40,-3.50,9.13,-2.31,3.32,0,3,62,90,90,0.5477,0.0209,8.9636
768252,PROFILE,ROASTING,476,205.0,211.5,1,-6.50,-3.56,8.99,-1.86,3.57,0,4,61,90,90,0.5477,0.0209,8.9636
769304,PROFILE,ROASTING,477,205.0,211.7,1,-6.72,-3.68,8.85,-1.89,3.28,0,3,62,90,90,0.5477,0.0209,8.9636
770237,PROFILE,ROASTING,478,205.0,211.8,1,-6.77,-3.71,8.71,-1.39,3.62,0,4,61,90,90,0.5477,0.0209,8.9636
771238,PROFILE,ROASTING,479,205.0,211.9,1,-6.87,-3.76,8.57,-1.23,3.57,0,4,62,90,90,0.5477,0.0209,8.9636
772234,PROFILE,ROASTING,480,205.0,212.1,1,-7.05,-3.86,8.42,-1.37,3.19,0,3,62,90,90,0.5477,0.0209,8.9636
773245,PROFILE,ROASTING,481,205.0,212.2,1,-7.18,-3.94,8.27,-1.31,3.02,0,3,61,90,90,0.5477,0.0209,8.9636
774236,PROFILE,ROASTING,482,205.0,212.3,1,-7.32,-4.01,8.12,-1.29,2.82,0,3,61,90,90,0.5477,0.0209,8.9636
775241,PROFILE,ROASTING,483,205.0,212.5,1,-7.46,-4.09,7.96,-1.28,2.60,0,3,61,90,90,0.5477,0.0209,8.9636
776241,PROFILE,ROASTING,484,205.0,212.6,1,-7.64,-4.18,7.80,-1.37,2.25,0,2,61,90,90,0.5477,0.0209,8.9636
777237,PROFILE,ROASTING,485,205.0,212.7,1,-7.73,-4.24,7.64,-1.20,2.20,0,2,60,90,90,0.5477,0.0209,8.9636
778239,PROFILE,ROASTING,486,205.0,213.0,1,-7.96,-4.36,7.47,-1.48,1.64,0,2,60,90,90,0.5477,0.0209,8.9636
779238,PROFILE,ROASTING,487,205.0,213.0,1,-7.96,-4.36,7.31,-0.99,1.95,0,2,60,90,90,0.5477,0.0209,8.9636
780243,PROFILE,ROASTING,488,205.0,213.1,1,-8.13,0.00,0.00,0.00,0.00,1,0,60,90,90,0.5477,0.0209,8.9636
781239,PROFILE,ROASTING,489,205.0,213.3,1,-8.34,0.00,0.00,0.00,0.00,1,0,49,90,90,0.5477,0.0209,8.9636
782238,PROFILE,ROASTING,490,205.0,213.3,1,-8.25,0.00,0.00,0.00,0.00,1,0,49,90,90,0.5477,0.0209,8.9636
783248,PROFILE,ROASTING,491,205.0,213.3,1,-8.33,0.00,0.00,0.00,0.00,1,0,49,90,90,0.5477,0.0209,8.9636
784247,PROFILE,ROASTING,492,205.0,213.6,1,-8.62,0.00,0.00,0.00,0.00,1,0,49,90,90,0.5477,0.0209,8.9636
785249,PROFILE,ROASTING,493,205.0,213.8,1,-8.84,0.00,0.00,0.00,0.00,1,0,49,90,90,0.5477,0.0209,8.9636
786240,PROFILE,ROASTING,494,205.0,214.0,1,-8.99,0.00,0.00,0.00,0.00,1,0,49,90,90,0.5477,0.0209,8.9636
787251,PROFILE,ROASTING,495,205.0,214.1,1,-9.05,0.00,0.00,0.00,0.00,1,0,49,90,90,0.5477,0.0209,8.9636
788253,PROFILE,ROASTING,496,205.0,214.0,1,-9.03,0.00,0.00,0.00,0.00,1,0,49,90,90,0.5477,0.0209,8.9636
789256,PROFILE,ROASTING,497,205.0,214.1,1,-9.06,0.00,0.00,0.00,0.00,1,0,49,90,90,0.5477,0.0209,8.9636
790306,PROFILE,ROASTING,498,205.0,214.1,1,-9.15,0.00,0.00,0.00,0.00,1,0,49,90,90,0.5477,0.0209,8.9636
791250,PROFILE,ROASTING,499,205.0,214.0,1,-9.02,0.00,0.00,0.00,0.00,1,0,49,90,90,0.5477,0.0209,8.9636
792249,PROFILE,ROASTING,500,205.0,214.0,1,-8.96,0.00,0.00,0.00,0.00,1,0,49,90,90,0.5477,0.0209,8.9636
793256,PROFILE,ROASTING,501,205.0,213.9,1,-8.92,0.00,0.00,0.00,0.00,1,0,49,90,90,0.5477,0.0209,8.9636
794253,PROFILE,ROASTING,502,205.0,213.9,1,-8.91,0.00,0.00,0.00,0.00,1,0,49,90,90,0.5477,0.0209,8.9636
795246,PROFILE,ROASTING,503,205.0,213.7,1,-8.68,0.00,0.00,0.00,0.00,1,0,49,90,90,0.5477,0.0209,8.9636
796255,PROFILE,ROASTING,504,205.0,213.6,1,-8.59,0.00,0.00,0.00,0.00,1,0,49,90,90,0.5477,0.0209,8.9636
797260,PROFILE,ROASTING,505,205.0,213.5,1,-8.55,0.00,0.00,0.00,0.00,1,0,49,90,90,0.5477,0.0209,8.9636
798256,PROFILE,ROASTING,506,205.0,213.3,1,-8.26,0.00,0.00,0.00,0.00,1,0,49,90,90,0.5477,0.0209,8.9636
799249,PROFILE,ROASTING,507,205.0,213.0,1,-7.98,-4.37,0.00,1.72,-2.65,0,0,49,90,90,0.5477,0.0209,8.9636
800252,PROFILE,ROASTING,508,205.0,212.8,1,-7.75,-4.25,0.00,1.81,-2.43,0,0,49,90,90,0.5477,0.0209,8.9636
801239,PROFILE,ROASTING,509,205.0,212.6,1,-7.63,-4.18,0.00,1.59,-2.59,0,0,49,90,90,0.5477,0.0209,8.9636
802243,PROFILE,ROASTING,510,205.0,212.4,1,-7.45,-4.08,0.00,1.59,-2.48,0,0,49,90,90,0.5477,0.0209,8.9636
803240,PROFILE,ROASTING,511,205.0,212.2,1,-7.20,-3.95,0.00,1.79,-2.16,0,0,49,90,90,0.5477,0.0209,8.9636
804232,PROFILE,ROASTING,512,205.0,212.0,1,-7.02,-3.85,0.00,1.74,-2.11,0,0,49,90,90,0.5477,0.0209,8.9636
805243,PROFILE,ROASTING,513,205.0,211.8,1,-6.76,-3.70,0.00,1.93,-1.77,0,0,49,90,90,0.5477,0.0209,8.9636
806235,PROFILE,ROASTING,514,205.0,211.6,1,-6.58,-3.61,0.00,1.82,-1.79,0,0,49,90,90,0.5477,0.0209,8.9636
807236,PROFILE,ROASTING,515,205.0,211.4,1,-6.38,-3.49,0.00,1.84,-1.66,0,0,49,90,90,0.5477,0.0209,8.9636
808237,PROFILE,ROASTING,516,205.0,210.9,1,-5.91,-3.24,0.00,2.60,-0.64,0,0,49,90,90,0.5477,0.0209,8.9636
809242,PROFILE,ROASTING,517,205.0,210.7,1,-5.67,-3.11,0.00,2.46,-0.64,0,0,49,90,90,0.5477,0.0209,8.9636
810243,PROFILE,ROASTING,518,205.0,210.5,1,-5.49,-3.01,0.00,2.19,-0.81,0,0,49,90,90,0.5477,0.0209,8.9636
811244,PROFILE,ROASTING,519,205.0,210.2,1,-5.18,-2.84,0.00,2.38,-0.46,0,0,49,90,90,0.5477,0.0209,8.9636
812243,PROFILE,ROASTING,520,205.0,209.9,1,-4.87,-2.67,0.00,2.52,-0.14,0,0,49,90,90,0.5477,0.0209,8.9636
813238,PROFILE,ROASTING,521,205.0,209.7,1,-4.71,-2.58,0.00,2.16,-0.42,0,0,49,90,90,0.5477,0.0209,8.9636
814248,PROFILE,ROASTING,522,205.0,209.5,1,-4.51,-2.47,0.00,2.04,-0.43,0,0,49,90,90,0.5477,0.0209,8.9636
815248,PROFILE,ROASTING,523,205.0,209.1,1,-4.10,-2.24,0.00,2.58,0.34,0,0,49,90,90,0.5477,0.0209,8.9636
816251,PROFILE,ROASTING,524,205.0,208.9,1,-3.90,-2.14,0.00,2.31,0.18,0,0,49,90,90,0.5477,0.0209,8.9636
817247,PROFILE,ROASTING,525,205.0,208.4,1,-3.38,-1.85,0.00,3.09,1.24,0,1,49,90,90,0.5477,0.0209,8.9636
818242,PROFILE,ROASTING,526,205.0,208.2,1,-3.21,-1.76,0.00,2.56,0.80,0,1,59,90,90,0.5477,0.0209,8.9636
819254,PROFILE,ROASTING,527,205.0,208.0,1,-3.03,-1.66,0.00,2.27,0.61,0,1,59,90,90,0.5477,0.0209,8.9636
820255,PROFILE,ROASTING,528,205.0,207.8,1,-2.80,-1.53,0.00,2.20,0.67,0,1,59,90,90,0.5477,0.0209,8.9636
821253,PROFILE,ROASTING,529,205.0,207.6,1,-2.62,-1.43,0.00,1.99,0.56,0,1,59,90,90,0.5477,0.0209,8.9636
822238,PROFILE,ROASTING,530,205.0,207.4,1,-2.41,-1.32,0.00,1.95,0.63,0,1,59,90,90,0.5477,0.0209,8.9636
823249,PROFILE,ROASTING,531,205.0,207.0,1,-2.03,-1.11,0.00,2.45,1.33,0,1,59,90,90,0.5477,0.0209,8.9636
824253,PROFILE,ROASTING,532,205.0,206.9,1,-1.91,-1.04,0.00,1.99,0.95,0,1,59,90,90,0.5477,0.0209,8.9636
825258,PROFILE,ROASTING,533,205.0,206.5,1,-1.54,-0.84,0.00,2.42,1.58,0,2,59,90,90,0.5477,0.0209,8.9636
826254,PROFILE,ROASTING,534,205.0,206.5,1,-1.52,-0.83,0.00,1.67,0.83,0,1,60,90,90,0.5477,0.0209,8.9636
827245,PROFILE,ROASTING,535,205.0,206.5,1,-1.45,-0.79,0.00,1.33,0.53,0,1,59,90,90,0.5477,0.0209,8.9636
828256,PROFILE,ROASTING,536,205.0,206.3,1,-1.25,-0.69,0.00,1.47,0.79,0,1,59,90,90,0.5477,0.0209,8.9636
829258,PROFILE,ROASTING,537,205.0,206.3,1,-1.31,-0.72,0.00,0.80,0.08,0,0,59,90,90,0.5477,0.0209,8.9636
830261,PROFILE,ROASTING,538,205.0,206.2,1,-1.18,-0.64,0.00,0.94,0.30,0,0,49,90,90,0.5477,0.0209,8.9636
831299,PROFILE,ROASTING,539,205.0,206.2,1,-1.16,-0.64,0.00,0.67,0.04,0,0,49,90,90,0.5477,0.0209,8.9636
832229,PROFILE,ROASTING,540,205.0,206.1,1,-1.08,-0.59,0.00,0.71,0.12,0,0,49,90,90,0.5477,0.0209,8.9636
833238,PROFILE,ROASTING,541,205.0,206.0,1,-1.00,-0.55,0.00,0.71,0.17,0,0,49,90,90,0.5477,0.0209,8.9636
834237,PROFILE,ROASTING,542,205.0,206.1,1,-1.08,-0.59,0.00,0.23,-0.35,0,0,49,90,90,0.5477,0.0209,8.9636
835239,PROFILE,ROASTING,543,205.0,206.1,1,-1.14,-0.62,0.00,-0.02,-0.65,0,0,49,90,90,0.5477,0.0209,8.9636
836236,PROFILE,ROASTING,544,205.0,206.1,1,-1.06,-0.58,0.00,0.21,-0.37,0,0,49,90,90,0.5477,0.0209,8.9636
837237,PROFILE,ROASTING,545,205.0,206.2,1,-1.19,-0.65,0.00,-0.25,-0.90,0,0,49,90,90,0.5477,0.0209,8.9636
838238,PROFILE,ROASTING,546,205.0,206.2,1,-1.17,-0.64,0.00,-0.10,-0.74,0,0,49,90,90,0.5477,0.0209,8.9636
839241,PROFILE,ROASTING,547,205.0,206.2,1,-1.19,-0.65,0.00,-0.13,-0.78,0,0,49,90,90,0.5477,0.0209,8.9636
840227,PROFILE,ROASTING,548,205.0,206.0,1,-1.04,-0.57,0.00,0.35,-0.22,0,0,49,90,90,0.5477,0.0209,8.9636
841230,PROFILE,ROASTING,549,205.0,206.3,1,-1.32,-0.72,0.00,-0.60,-1.32,0,0,49,90,90,0.5477,0.0209,8.9636
842245,PROFILE,ROASTING,550,205.0,206.4,1,-1.37,-0.75,0.00,-0.54,-1.29,0,0,49,90,90,0.5477,0.0209,8.9636
843246,PROFILE,ROASTING,551,205.0,206.5,1,-1.52,-0.83,0.00,-0.81,-1.64,0,0,49,90,90,0.5477,0.0209,8.9636
844247,PROFILE,ROASTING,552,205.0,206.6,1,-1.60,-0.88,0.00,-0.79,-1.67,0,0,49,90,90,0.5477,0.0209,8.9636
845247,PROFILE,ROASTING,553,205.0,206.6,1,-1.62,-0.89,0.00,-0.58,-1.47,0,0,49,90,90,0.5477,0.0209,8.9636
846241,PROFILE,ROASTING,554,205.0,206.6,1,-1.62,-0.88,0.00,-0.37,-1.25,0,0,49,90,90,0.5477,0.0209,8.9636
847248,PROFILE,ROASTING,555,205.0,206.5,1,-1.50,-0.82,0.00,0.09,-0.73,0,0,49,90,90,0.5477,0.0209,8.9636
848246,PROFILE,ROASTING,556,205.0,206.4,1,-1.44,-0.79,0.00,0.25,-0.54,0,0,49,90,90,0.5477,0.0209,8.9636
849250,PROFILE,ROASTING,557,205.0,206.5,1,-1.54,-0.85,0.00,-0.15,-0.99,0,0,49,90,90,0.5477,0.0209,8.9636
850245,PROFILE,ROASTING,558,205.0,206.5,1,-1.51,-0.83,0.00,0.01,-0.82,0,0,49,90,90,0.5477,0.0209,8.9636
851254,PROFILE,ROASTING,559,205.0,206.4,1,-1.40,-0.76,0.00,0.34,-0.42,0,0,49,90,90,0.5477,0.0209,8.9636
623213,PROFILE,PREHEAT,0,140.0,27.0,1,2.00,1.10,0.04,-0.00,1.14,0,1,0,100,0,0.5477,0.0209,8.9636
624213,PROFILE,PREHEAT,0,140.0,27.0,1,4.08,2.23,0.13,0.24,2.60,0,3,0,100,49,0.5477,0.0209,8.9636
625205,PROFILE,PREHEAT,0,140.0,26.9,1,6.14,3.36,0.26,0.34,3.96,0,4,61,100,100,0.5477,0.0209,8.9636
626276,PROFILE,PREHEAT,0,140.0,26.9,1,8.11,4.44,0.42,0.14,5.01,0,5,62,100,100,0.5477,0.0209,8.9636
627246,PROFILE,PREHEAT,0,140.0,27.0,1,10.02,5.49,0.63,-0.19,5.93,0,6,62,100,100,0.5477,0.0209,8.9636
628243,PROFILE,PREHEAT,0,140.0,27.0,1,12.04,6.60,0.89,-0.05,7.43,0,7,63,100,100,0.5477,0.0209,8.9636
629247,PROFILE,PREHEAT,0,140.0,26.9,1,14.10,7.72,1.18,0.15,9.05,0,9,63,100,100,0.5477,0.0209,8.9636
630240,PROFILE,PREHEAT,0,140.0,27.0,1,16.08,8.80,1.52,0.02,10.34,0,10,63,100,100,0.5477,0.0209,8.9636
631249,PROFILE,ROASTING,0,27.0,27.0,1,14.06,7.70,1.81,-0.04,9.47,0,9,64,100,100,0.5477,0.0209,8.9636
632245,PROFILE,ROASTING,1,27.7,27.0,1,12.05,6.60,2.06,-0.05,8.61,0,9,63,100,100,0.5477,0.0209,8.9636
633249,PROFILE,ROASTING,2,28.5,27.0,1,10.00,5.48,2.27,-0.19,7.56,0,8,63,100,100,0.5477,0.0209,8.9636
634253,PROFILE,ROASTING,3,29.2,27.0,1,8.08,4.42,2.44,0.11,6.98,0,7,63,100,100,0.5477,0.0209,8.9636
635246,PROFILE,ROASTING,4,30.0,26.9,1,6.12,3.35,2.57,0.21,6.13,0,6,63,100,100,0.5477,0.0209,8.9636
636257,PROFILE,ROASTING,5,30.7,26.9,1,4.13,2.26,2.65,0.17,5.09,0,5,63,100,100,0.5477,0.0209,8.9636
637387,PROFILE,ROASTING,6,31.5,27.0,1,4.49,2.46,2.75,-0.20,5.01,0,5,62,100,100,0.5477,0.0209,8.9636
638256,PROFILE,ROASTING,7,32.3,27.1,1,5.14,2.81,2.86,-0.45,5.22,0,5,62,100,100,0.5477,0.0209,8.9636
639248,PROFILE,ROASTING,8,33.0,27.1,1,5.88,3.22,2.98,-0.33,5.86,0,6,62,100,100,0.5477,0.0209,8.9636
640249,PROFILE,ROASTING,9,33.8,27.0,1,6.74,3.69,3.12,0.08,6.89,0,7,63,100,100,0.5477,0.0209,8.9636
641248,PROFILE,ROASTING,10,34.5,27.0,1,7.48,4.10,3.28,0.04,7.42,0,7,63,100,100,0.5477,0.0209,8.9636
642255,PROFILE,ROASTING,11,35.3,27.0,1,8.25,4.52,3.45,0.07,8.03,0,8,63,100,100,0.5477,0.0209,8.9636
643256,PROFILE,ROASTING,12,36.0,27.1,1,8.95,4.90,3.64,-0.12,8.42,0,8,63,100,100,0.5477,0.0209,8.9636
644244,PROFILE,ROASTING,13,36.8,27.1,1,9.67,5.30,3.84,-0.17,8.96,0,9,63,100,100,0.5477,0.0209,8.9636
645256,PROFILE,ROASTING,14,37.5,27.1,1,10.42,5.71,4.06,-0.12,9.64,0,10,63,100,100,0.5477,0.0209,8.9636
646256,PROFILE,ROASTING,15,38.3,27.1,1,11.21,6.14,4.29,0.01,10.44,0,10,64,100,100,0.5477,0.0209,8.9636
647260,PROFILE,ROASTING,16,39.0,27.1,1,11.98,6.56,4.54,0.06,11.16,0,11,64,100,100,0.5477,0.0209,8.9636
648261,PROFILE,ROASTING,17,39.8,26.9,1,12.91,7.07,4.81,0.58,12.46,0,12,64,100,100,0.5477,0.0209,8.9636
649254,PROFILE,ROASTING,18,40.5,26.9,1,13.67,7.49,5.10,0.41,13.00,0,13,65,100,100,0.5477,0.0209,8.9636
650401,PROFILE,ROASTING,19,41.3,27.0,1,14.31,7.84,5.39,-0.09,13.15,0,13,65,100,100,0.5477,0.0209,8.9636
651262,PROFILE,ROASTING,20,42.0,27.1,1,14.95,8.19,5.71,-0.40,13.49,0,13,65,100,100,0.5477,0.0209,8.9636
652265,PROFILE,ROASTING,21,42.8,27.0,1,15.79,8.65,6.04,0.01,14.69,0,15,65,100,100,0.5477,0.0209,8.9636
653258,PROFILE,ROASTING,22,43.6,27.0,1,16.57,9.07,6.38,0.07,15.52,0,16,66,100,100,0.5477,0.0209,8.9636
654265,PROFILE,ROASTING,23,44.3,27.0,1,17.31,9.48,6.75,0.03,16.26,0,16,66,100,100,0.5477,0.0209,8.9636
655243,PROFILE,ROASTING,24,45.1,27.1,1,18.00,9.86,7.12,-0.17,16.81,0,17,66,100,100,0.5477,0.0209,8.9636
656246,PROFILE,ROASTING,25,45.8,27.0,1,18.78,10.29,7.51,-0.04,17.76,0,18,67,100,100,0.5477,0.0209,8.9636
657228,PROFILE,ROASTING,26,46.6,27.0,1,19.58,10.73,7.92,0.11,18.76,0,19,67,100,100,0.5477,0.0209,8.9636
658245,PROFILE,ROASTING,27,47.3,26.9,1,20.39,11.17,8.35,0.25,19.76,0,20,68,100,100,0.5477,0.0209,8.9636
659241,PROFILE,ROASTING,28,48.1,27.0,1,21.12,11.57,8.79,0.07,20.43,0,20,68,100,100,0.5477,0.0209,8.9636
660246,PROFILE,ROASTING,29,48.8,27.0,1,21.81,11.94,9.25,-0.14,21.05,0,21,68,100,100,0.5477,0.0209,8.9636
661241,PROFILE,ROASTING,30,49.6,27.0,1,22.62,12.39,9.72,0.08,22.18,0,22,68,100,100,0.5477,0.0209,8.9636
662241,PROFILE,ROASTING,31,50.3,27.0,1,23.29,12.76,10.21,-0.18,22.79,0,23,69,100,100,0.5477,0.0209,8.9636
663385,PROFILE,ROASTING,32,51.1,27.1,1,23.96,13.12,10.71,-0.39,23.44,0,23,69,100,100,0.5477,0.0209,8.9636
664248,PROFILE,ROASTING,33,51.8,27.1,1,24.77,13.57,11.22,-0.08,24.71,0,25,69,100,100,0.5477,0.0209,8.9636
665255,PROFILE,ROASTING,34,52.6,27.1,1,25.49,13.96,11.76,-0.14,25.58,0,26,70,100,100,0.5477,0.0209,8.9636
666246,PROFILE,ROASTING,35,53.4,27.1,1,26.28,14.39,12.31,-0.01,26.69,0,27,70,100,100,0.5477,0.0209,8.9636
667245,PROFILE,ROASTING,36,54.1,27.2,1,26.95,14.76,12.87,-0.23,27.40,0,27,71,100,100,0.5477,0.0209,8.9636
668260,PROFILE,ROASTING,37,54.9,27.1,1,27.77,15.21,13.45,0.04,28.70,0,29,71,100,100,0.5477,0.0209,8.9636
669253,PROFILE,ROASTING,38,55.6,27.0,1,28.61,15.67,14.05,0.28,30.00,0,30,71,100,100,0.5477,0.0209,8.9636
670256,PROFILE,ROASTING,39,56.4,26.9,1,29.43,16.12,14.66,0.37,31.15,0,31,72,100,100,0.5477,0.0209,8.9636
671245,PROFILE,ROASTING,40,57.1,26.9,1,30.25,16.57,15.30,0.45,32.31,0,32,72,100,100,0.5477,0.0209,8.9636
704212,PROFILE,PREHEAT,0,140.0,27.2,1,2.00,1.10,0.04,-0.00,1.14,0,1,0,100,0,0.5477,0.0209,8.9636
705351,PROFILE,PREHEAT,0,140.0,27.2,1,3.97,2.18,0.12,-0.08,2.22,0,2,0,100,56,0.5477,0.0209,8.9636
706207,PROFILE,PREHEAT,0,140.0,27.2,1,6.01,3.29,0.25,0.04,3.58,0,4,60,100,100,0.5477,0.0209,8.9636
707359,PROFILE,PREHEAT,0,140.0,27.2,1,8.02,4.39,0.42,0.08,4.90,0,5,62,100,100,0.5477,0.0209,8.9636
708241,PROFILE,PREHEAT,0,140.0,27.2,1,10.03,5.50,0.63,0.09,6.21,0,6,62,100,100,0.5477,0.0209,8.9636
709235,PROFILE,PREHEAT,0,140.0,27.2,1,12.04,6.59,0.88,0.07,7.55,0,8,63,100,100,0.5477,0.0209,8.9636
710243,PROFILE,PREHEAT,0,140.0,27.1,1,14.06,7.70,1.17,0.11,8.98,0,9,63,100,100,0.5477,0.0209,8.9636
711242,PROFILE,PREHEAT,0,140.0,27.2,1,16.01,8.77,1.51,-0.08,10.19,0,10,63,100,100,0.5477,0.0209,8.9636
712249,PROFILE,PREHEAT,0,140.0,27.2,1,17.98,9.85,1.88,-0.14,11.59,0,12,64,100,100,0.5477,0.0209,8.9636
713244,PROFILE,PREHEAT,0,140.0,27.2,1,20.02,10.97,2.30,0.04,13.31,0,13,65,100,100,0.5477,0.0209,8.9636
714251,PROFILE,PREHEAT,0,140.0,27.2,1,21.99,12.04,2.76,-0.08,14.72,0,15,65,100,100,0.5477,0.0209,8.9636
715250,PROFILE,PREHEAT,0,140.0,27.1,1,24.06,13.18,3.26,0.16,16.61,0,17,66,100,100,0.5477,0.0209,8.9636
716249,PROFILE,PREHEAT,0,140.0,27.2,1,26.01,14.24,3.81,-0.05,18.00,0,18,67,100,100,0.5477,0.0209,8.9636
717252,PROFILE,PREHEAT,0,140.0,27.0,1,28.20,15.44,4.40,0.53,20.37,0,20,67,100,100,0.5477,0.0209,8.9636
718252,PROFILE,PREHEAT,0,140.0,27.0,1,30.15,16.51,5.03,0.21,21.75,0,22,68,100,100,0.5477,0.0209,8.9636
719247,PROFILE,PREHEAT,0,140.0,27.0,1,32.23,17.65,5.70,0.38,23.73,0,24,69,100,100,0.5477,0.0209,8.9636
720254,PROFILE,PREHEAT,0,140.0,27.0,1,34.16,18.71,6.42,0.06,25.19,0,25,70,100,100,0.5477,0.0209,8.9636
721249,PROFILE,PREHEAT,0,140.0,27.0,1,36.19,19.82,7.17,0.12,27.12,0,27,70,100,100,0.5477,0.0209,8.9636
722255,PROFILE,PREHEAT,0,140.0,27.0,1,38.24,20.94,7.97,0.22,29.13,0,29,71,100,100,0.5477,0.0209,8.9636
723250,PROFILE,PREHEAT,0,140.0,26.9,1,40.31,22.08,8.81,0.36,31.26,0,31,71,100,100,0.5477,0.0209,8.9636
724251,PROFILE,PREHEAT,0,140.0,26.9,1,42.24,23.14,9.70,0.04,32.87,0,33,72,100,100,0.5477,0.0209,8.9636
725291,PROFILE,ROASTING,0,26.9,26.9,1,40.28,22.06,10.54,0.14,32.74,0,33,72,100,100,0.5477,0.0209,8.9636
726259,PROFILE,ROASTING,1,27.7,26.8,1,38.40,21.03,11.34,0.44,32.81,0,33,72,100,100,0.5477,0.0209,8.9636
727253,PROFILE,ROASTING,2,28.4,26.9,1,36.24,19.85,12.10,-0.16,31.79,0,32,72,100,100,0.5477,0.0209,8.9636
728257,PROFILE,ROASTING,3,29.2,26.9,1,34.31,18.79,12.82,0.10,31.71,0,32,72,100,100,0.5477,0.0209,8.9636
742211,PROFILE,PREHEAT,0,140.0,27.2,1,2.00,1.10,0.04,-0.00,1.14,0,1,0,100,0,0.5477,0.0209,8.9636
743210,PROFILE,PREHEAT,0,140.0,27.1,1,4.03,2.20,0.13,0.07,2.41,0,2,0,100,49,0.5477,0.0209,8.9636
744214,PROFILE,PREHEAT,0,140.0,27.2,1,5.98,3.27,0.25,-0.09,3.43,0,3,60,100,100,0.5477,0.0209,8.9636
745215,PROFILE,PREHEAT,0,140.0,27.1,1,8.07,4.42,0.42,0.23,5.07,0,5,61,100,100,0.5477,0.0209,8.9636
746350,PROFILE,ROASTING,0,27.1,27.1,1,6.05,3.31,0.55,0.08,3.94,0,4,62,100,100,0.5477,0.0209,8.9636
1010214,PROFILE,PREHEAT,0,140.0,27.2,1,2.00,1.10,0.04,-0.00,1.14,0,1,0,100,0,0.5477,0.0209,8.9636
1011216,PROFILE,PREHEAT,0,140.0,27.2,1,3.98,2.18,0.12,-0.07,2.23,0,2,0,100,50,0.5477,0.0209,8.9636
1012215,PROFILE,PREHEAT,0,140.0,27.1,1,6.01,3.29,0.25,0.05,3.59,0,4,60,100,100,0.5477,0.0209,8.9636
1013212,PROFILE,PREHEAT,0,140.0,27.1,1,8.03,4.40,0.42,0.09,4.90,0,5,62,100,100,0.5477,0.0209,8.9636
1014239,PROFILE,PREHEAT,0,140.0,27.1,1,10.07,5.52,0.63,0.18,6.33,0,6,62,100,100,0.5477,0.0209,8.9636
1015240,PROFILE,PREHEAT,0,140.0,27.0,1,12.16,6.66,0.88,0.38,7.92,0,8,63,100,100,0.5477,0.0209,8.9636
1016245,PROFILE,PREHEAT,0,140.0,27.0,1,14.16,7.75,1.18,0.26,9.19,0,9,63,100,100,0.5477,0.0209,8.9636
1017247,PROFILE,PREHEAT,0,140.0,27.1,1,16.10,8.82,1.52,-0.01,10.32,0,10,63,100,100,0.5477,0.0209,8.9636
1018245,PROFILE,PREHEAT,0,140.0,27.0,1,18.14,9.93,1.89,0.12,11.95,0,12,64,100,100,0.5477,0.0209,8.9636
1019240,PROFILE,PREHEAT,0,140.0,27.1,1,20.04,10.97,2.31,-0.22,13.07,0,13,65,100,100,0.5477,0.0209,8.9636
1020247,PROFILE,PREHEAT,0,140.0,27.1,1,22.04,12.07,2.77,-0.13,14.72,0,15,65,100,100,0.5477,0.0209,8.9636
1021252,PROFILE,PREHEAT,0,140.0,27.0,1,24.11,13.21,3.28,0.11,16.59,0,17,66,100,100,0.5477,0.0209,8.9636
1022254,PROFILE,PREHEAT,0,140.0,26.9,1,26.24,14.37,3.83,0.46,18.66,0,19,67,100,100,0.5477,0.0209,8.9636
1023256,PROFILE,PREHEAT,0,140.0,26.9,1,28.27,15.48,4.42,0.39,20.29,0,20,68,100,100,0.5477,0.0209,8.9636
1024247,PROFILE,PREHEAT,0,140.0,26.9,1,30.22,16.55,5.05,0.12,21.72,0,22,68,100,100,0.5477,0.0209,8.9636
1025256,PROFILE,PREHEAT,0,140.0,27.1,1,32.08,17.57,5.72,-0.33,22.96,0,23,69,100,100,0.5477,0.0209,8.9636
1026259,PROFILE,PREHEAT,0,140.0,27.2,1,34.01,18.63,6.43,-0.45,24.61,0,25,69,100,100,0.5477,0.0209,8.9636
1027256,PROFILE,PREHEAT,0,140.0,27.1,1,36.09,19.77,7.18,-0.05,26.90,0,27,70,100,100,0.5477,0.0209,8.9636
1028261,PROFILE,PREHEAT,0,140.0,27.1,1,38.01,20.82,7.98,-0.27,28.53,0,29,71,100,100,0.5477,0.0209,8.9636
1029248,PROFILE,PREHEAT,0,140.0,27.1,1,40.09,21.96,8.82,0.06,30.83,0,31,71,100,100,0.5477,0.0209,8.9636
1030255,PROFILE,PREHEAT,0,140.0,27.2,1,41.96,22.98,9.69,-0.34,32.34,0,32,72,100,100,0.5477,0.0209,8.9636
1031250,PROFILE,PREHEAT,0,140.0,27.2,1,44.00,24.10,10.61,-0.11,34.60,0,35,72,100,100,0.5477,0.0209,8.9636
1032261,PROFILE,ROASTING,0,27.1,27.1,1,42.09,23.05,11.49,0.18,34.72,0,35,73,100,100,0.5477,0.0209,8.9636
1033253,PROFILE,ROASTING,1,27.8,27.1,1,40.06,21.94,12.33,0.03,34.29,0,34,73,100,100,0.5477,0.0209,8.9636
1034263,PROFILE,ROASTING,2,28.6,27.2,1,37.93,20.77,13.12,-0.36,33.53,0,34,72,100,100,0.5477,0.0209,8.9636
1035262,PROFILE,ROASTING,3,29.3,27.3,1,35.90,19.66,13.87,-0.31,33.22,0,33,72,100,100,0.5477,0.0209,8.9636
1036258,PROFILE,ROASTING,4,30.1,27.3,1,33.91,18.57,14.58,-0.20,32.95,0,33,72,100,100,0.5477,0.0209,8.9636
1037263,PROFILE,ROASTING,5,30.8,27.2,1,32.00,17.53,15.25,0.15,32.92,0,33,72,100,100,0.5477,0.0209,8.9636
1038257,PROFILE,ROASTING,6,31.6,27.2,1,30.01,16.44,15.88,0.12,32.43,0,32,72,100,100,0.5477,0.0209,8.9636
1039267,PROFILE,ROASTING,7,32.3,27.1,1,28.06,15.37,16.46,0.23,32.06,0,32,72,100,100,0.5477,0.0209,8.9636
1040268,PROFILE,ROASTING,8,33.1,27.0,1,26.13,14.31,17.01,0.38,31.70,0,32,72,100,100,0.5477,0.0209,8.9636
1041268,PROFILE,ROASTING,9,33.8,27.1,1,24.07,13.18,17.51,0.05,30.75,0,31,72,100,100,0.5477,0.0209,8.9636
1042286,PROFILE,ROASTING,151,140.1,27.0,1,26.12,14.31,18.06,0.20,32.57,0,33,72,95,100,0.5477,0.0209,8.9636
1043248,PROFILE,ROASTING,152,140.3,27.1,1,28.03,15.35,18.64,-0.14,33.85,0,34,72,95,95,0.5477,0.0209,8.9636
1044246,PROFILE,ROASTING,153,140.4,27.1,1,30.04,16.45,19.27,-0.07,35.66,0,36,72,95,95,0.5477,0.0209,8.9636
1045240,PROFILE,ROASTING,154,140.6,27.2,1,31.98,17.52,19.94,-0.21,37.24,0,37,73,95,95,0.5477,0.0209,8.9636
1046240,PROFILE,ROASTING,155,140.7,27.2,1,33.95,18.59,20.65,-0.24,39.01,0,39,73,95,95,0.5477,0.0209,8.9636
1047243,PROFILE,ROASTING,156,140.9,27.2,1,35.93,19.68,21.40,-0.21,40.87,0,41,74,95,95,0.5477,0.0209,8.9636
1048242,PROFILE,ROASTING,157,141.0,27.2,1,37.97,20.80,22.20,-0.03,42.96,0,43,75,95,95,0.5477,0.0209,8.9636
1049243,PROFILE,ROASTING,158,141.2,27.2,1,40.01,21.91,23.03,0.09,45.03,0,45,75,95,95,0.5477,0.0209,8.9636
1050247,PROFILE,ROASTING,159,141.3,27.1,1,42.01,23.01,23.91,0.07,46.99,0,47,76,95,95,0.5477,0.0209,8.9636
1051245,PROFILE,ROASTING,160,141.5,27.1,1,44.01,24.11,24.83,0.06,48.99,0,49,76,95,95,0.5477,0.0209,8.9636
1052253,PROFILE,ROASTING,161,141.6,27.1,1,46.08,25.24,25.79,0.23,51.26,0,51,77,95,95,0.5477,0.0209,8.9636
1053251,PROFILE,ROASTING,162,141.8,27.2,1,48.00,26.29,26.80,-0.07,53.02,0,53,78,95,95,0.5477,0.0209,8.9636
1069214,PROFILE,PREHEAT,0,140.0,27.2,1,2.00,1.10,0.04,-0.00,1.14,0,1,0,100,0,0.5477,0.0209,8.9636
1070216,PROFILE,PREHEAT,0,140.0,27.1,1,4.08,2.23,0.13,0.23,2.59,0,3,0,100,50,0.5477,0.0209,8.9636
1071215,PROFILE,PREHEAT,0,140.0,27.3,1,5.92,3.24,0.25,-0.32,3.17,0,3,61,100,100,0.5477,0.0209,8.9636
1072371,PROFILE,PREHEAT,0,140.0,27.0,1,8.20,4.49,0.42,0.64,5.55,0,6,61,100,100,0.5477,0.0209,8.9636
1073260,PROFILE,ROASTING,0,27.1,27.1,1,6.11,3.35,0.55,0.16,4.05,0,4,63,100,100,0.5477,0.0209,8.9636
1074250,PROFILE,ROASTING,1,27.9,27.0,1,4.17,2.28,0.64,0.28,3.20,0,3,62,100,100,0.5477,0.0209,8.9636
1075248,PROFILE,ROASTING,2,28.6,27.1,1,2.14,1.17,0.68,0.10,1.95,0,2,61,100,100,0.5477,0.0209,8.9636
1081292,PROFILE,ROASTING,3,29.4,27.3,1,2.09,1.15,0.73,-0.52,1.36,0,1,60,100,100,0.5477,0.0209,8.9636
1082255,PROFILE,ROASTING,4,30.1,27.0,1,3.13,1.72,0.79,0.51,3.02,0,3,59,100,100,0.5477,0.0209,8.9636
1083248,PROFILE,ROASTING,5,30.9,27.0,1,3.89,2.13,0.87,0.36,3.36,0,3,61,100,100,0.5477,0.0209,8.9636
1084260,PROFILE,ROASTING,6,31.6,27.1,1,4.52,2.48,0.97,-0.12,3.32,0,3,61,100,100,0.5477,0.0209,8.9636
1085392,PROFILE,ROASTING,151,140.1,27.0,1,6.66,3.65,1.11,0.32,5.07,0,5,61,95,100,0.5477,0.0209,8.9636
1086253,PROFILE,ROASTING,152,140.3,27.1,1,8.53,4.67,1.28,-0.17,5.79,0,6,62,95,95,0.5477,0.0209,8.9636
1087260,PROFILE,ROASTING,391,175.2,27.2,1,10.46,5.73,1.50,-0.33,6.90,0,7,63,95,95,0.5477,0.0209,8.9636
1088257,PROFILE,ROASTING,392,175.4,27.1,1,12.48,6.83,1.76,-0.15,8.45,0,8,63,95,95,0.5477,0.0209,8.9636
1089260,PROFILE,ROASTING,393,175.5,27.2,1,14.37,7.87,2.06,-0.44,9.50,0,9,63,95,95,0.5477,0.0209,8.9636
61202,PROFILE,PREHEAT,0,140.0,27.2,1,2.00,1.10,0.04,-0.00,1.14,0,1,0,100,0,0.5477,0.0209,8.9636
62203,PROFILE,PREHEAT,0,140.0,27.2,1,4.01,2.19,0.13,0.02,2.34,0,2,0,100,49,0.5477,0.0209,8.9636
63204,PROFILE,PREHEAT,0,140.0,27.1,1,6.12,3.35,0.25,0.35,3.96,0,4,60,100,100,0.5477,0.0209,8.9636
64205,PROFILE,PREHEAT,0,140.0,27.1,1,8.12,4.45,0.42,0.24,5.11,0,5,62,100,100,0.5477,0.0209,8.9636
80202,PROFILE,PREHEAT,0,140.0,27.0,1,2.00,1.10,0.04,-0.00,1.14,0,1,0,100,0,0.5477,0.0209,8.9636
81202,PROFILE,PREHEAT,0,140.0,27.1,1,3.89,2.13,0.12,-0.32,1.94,0,2,0,100,49,0.5477,0.0209,8.9636
82206,PROFILE,PREHEAT,0,140.0,27.1,1,5.94,3.26,0.25,-0.06,3.44,0,3,60,100,100,0.5477,0.0209,8.9636
83198,PROFILE,PREHEAT,0,140.0,27.2,1,7.80,4.27,0.41,-0.47,4.21,0,4,61,100,100,0.5477,0.0209,8.9636
84294,PROFILE,PREHEAT,0,140.0,27.3,1,9.73,5.33,0.61,-0.51,5.44,0,5,62,100,100,0.5477,0.0209,8.9636
85233,PROFILE,PREHEAT,0,140.0,27.2,1,11.82,6.48,0.86,-0.08,7.26,0,7,62,100,100,0.5477,0.0209,8.9636
86225,PROFILE,ROASTING,0,140.0,27.1,1,13.89,7.61,1.15,0.14,8.90,0,9,63,100,100,0.5477,0.0209,8.9636
87239,PROFILE,ROASTING,1,140.0,27.1,1,15.93,8.72,1.48,0.21,10.41,0,10,63,100,100,0.5477,0.0209,8.9636
88237,PROFILE,ROASTING,2,140.0,27.1,1,17.95,9.83,1.86,0.20,11.89,0,12,64,100,100,0.5477,0.0209,8.9636
89321,PROFILE,ROASTING,3,140.0,27.1,1,19.86,10.88,2.27,-0.11,13.04,0,13,65,100,100,0.5477,0.0209,8.9636
90237,PROFILE,ROASTING,4,140.0,27.1,1,21.86,11.98,2.73,-0.07,14.63,0,15,65,100,100,0.5477,0.0209,8.9636
102202,PROFILE,PREHEAT,0,140.0,27.0,1,2.00,1.10,0.04,-0.00,1.14,0,1,0,100,0,0.5477,0.0209,8.9636
103202,PROFILE,PREHEAT,0,140.0,27.1,1,3.84,2.10,0.12,-0.48,1.74,0,2,0,100,49,0.5477,0.0209,8.9636
104206,PROFILE,ROASTING,0,140.0,27.1,1,5.90,3.23,0.25,-0.13,3.35,0,3,60,100,100,0.5477,0.0209,8.9636
105205,PROFILE,ROASTING,1,140.0,27.1,1,7.85,4.30,0.41,-0.26,4.45,0,4,61,100,100,0.5477,0.0209,8.9636
106319,PROFILE,ROASTING,150,140.0,27.2,1,9.80,5.37,0.61,-0.31,5.67,0,6,62,95,100,0.5477,0.0209,8.9636
107232,PROFILE,ROASTING,151,140.1,27.3,1,11.71,6.41,0.86,-0.48,6.80,0,7,63,95,95,0.5477,0.0209,8.9636
108234,PROFILE,ROASTING,152,140.3,27.2,1,13.78,7.55,1.15,-0.09,8.60,0,9,63,95,95,0.5477,0.0209,8.9636
109246,PROFILE,ROASTING,390,175.0,27.3,1,15.70,8.60,1.48,-0.31,9.76,0,10,63,95,95,0.5477,0.0209,8.9636
110234,PROFILE,ROASTING,391,175.2,27.3,1,17.72,9.70,1.85,-0.16,11.39,0,11,64,95,95,0.5477,0.0209,8.9636
111350,PROFILE,ROASTING,392,175.4,27.3,1,19.68,10.78,2.26,-0.22,12.82,0,13,64,95,95,0.5477,0.0209,8.9636
144186,PROFILE,PREHEAT,0,140.0,25.1,1,2.00,1.10,0.04,-0.00,1.14,0,1,0,100,0,0.5477,0.0209,8.9636
145187,PROFILE,PREHEAT,0,140.0,25.0,1,4.09,2.24,0.13,0.28,2.65,0,3,0,100,49,0.5477,0.0209,8.9636
146190,PROFILE,PREHEAT,0,140.0,25.0,1,6.04,3.31,0.25,0.02,3.58,0,4,60,100,100,0.5477,0.0209,8.9636
147276,PROFILE,PREHEAT,0,140.0,25.1,1,7.99,4.38,0.42,-0.13,4.67,0,5,60,100,100,0.5477,0.0209,8.9636
148227,PROFILE,PREHEAT,0,140.0,25.2,1,9.90,5.42,0.63,-0.35,5.70,0,6,61,100,100,0.5477,0.0209,8.9636
149228,PROFILE,PREHEAT,0,140.0,25.3,1,11.79,6.46,0.87,-0.57,6.76,0,7,61,100,100,0.5477,0.0209,8.9636
150217,PROFILE,PREHEAT,0,140.0,25.4,1,13.63,7.47,1.16,-0.85,7.77,0,8,62,100,100,0.5477,0.0209,8.9636
151226,PROFILE,PREHEAT,0,140.0,25.8,1,15.26,8.36,1.48,-1.67,8.16,0,8,62,100,100,0.5477,0.0209,8.9636
152230,PROFILE,PREHEAT,0,140.0,26.4,1,16.66,9.13,1.83,-2.90,8.05,0,8,62,100,100,0.5477,0.0209,8.9636
153234,PROFILE,PREHEAT,0,140.0,27.4,1,17.72,9.70,2.20,-4.76,7.14,0,7,62,100,100,0.5477,0.0209,8.9636
154227,PROFILE,PREHEAT,0,140.0,28.3,1,18.75,10.27,2.59,-6.07,6.78,0,7,62,100,100,0.5477,0.0209,8.9636
155228,PROFILE,PREHEAT,0,140.0,29.5,1,19.55,10.70,3.00,-7.64,6.06,0,6,62,100,100,0.5477,0.0209,8.9636
156231,PROFILE,PREHEAT,0,140.0,31.4,1,19.71,10.80,3.41,-10.57,3.64,0,4,61,100,100,0.5477,0.0209,8.9636
157229,PROFILE,PREHEAT,0,140.0,33.3,1,19.81,10.85,3.82,-12.74,1.93,0,2,60,100,100,0.5477,0.0209,8.9636
158222,PROFILE,PREHEAT,0,140.0,35.2,1,19.86,10.88,4.24,-14.31,0.81,0,1,59,100,100,0.5477,0.0209,8.9636
159226,PROFILE,PREHEAT,0,140.0,37.3,1,19.77,10.83,4.65,-15.80,-0.32,0,0,59,100,100,0.5477,0.0209,8.9636
160230,PROFILE,PREHEAT,0,140.0,39.7,1,19.40,10.62,5.06,-17.60,-1.92,0,0,45,100,100,0.5477,0.0209,8.9636
161229,PROFILE,PREHEAT,0,140.0,42.2,1,18.87,10.33,5.45,-19.31,-3.52,0,0,45,100,100,0.5477,0.0209,8.9636
162233,PROFILE,PREHEAT,0,140.0,44.6,1,18.52,10.14,5.84,-19.88,-3.90,0,0,45,100,100,0.5477,0.0209,8.9636
163228,PROFILE,PREHEAT,0,140.0,47.1,1,17.98,9.85,6.21,-20.84,-4.78,0,0,45,100,100,0.5477,0.0209,8.9636
164228,PROFILE,PREHEAT,0,140.0,49.8,1,17.24,9.44,6.57,-22.08,-6.07,0,0,45,100,100,0.5477,0.0209,8.9636
165243,PROFILE,PREHEAT,0,140.0,52.5,1,16.60,9.09,6.92,-22.60,-6.58,0,0,45,100,100,0.5477,0.0209,8.9636
166238,PROFILE,PREHEAT,0,140.0,55.0,1,16.03,8.78,7.26,-22.76,-6.73,0,0,45,100,100,0.5477,0.0209,8.9636
167242,PROFILE,PREHEAT,0,140.0,57.6,1,15.44,8.45,7.58,-22.91,-6.88,0,0,45,100,100,0.5477,0.0209,8.9636
168232,PROFILE,PREHEAT,0,140.0,60.1,1,14.98,8.20,7.89,-22.62,-6.52,0,0,45,100,100,0.5477,0.0209,8.9636
169240,PROFILE,PREHEAT,0,140.0,62.5,1,14.57,7.98,8.20,-22.29,-6.11,0,0,45,100,100,0.5477,0.0209,8.9636
170247,PROFILE,PREHEAT,0,140.0,65.1,1,14.01,7.67,8.49,-22.51,-6.35,0,0,45,100,100,0.5477,0.0209,8.9636
171244,PROFILE,PREHEAT,0,140.0,67.3,1,13.77,7.54,8.78,-21.69,-5.37,0,0,45,100,100,0.5477,0.0209,8.9636
172249,PROFILE,PREHEAT,0,140.0,69.3,1,13.79,7.55,9.06,-20.37,-3.75,0,0,45,100,100,0.5477,0.0209,8.9636
173243,PROFILE,PREHEAT,0,140.0,71.2,1,13.85,7.59,9.35,-19.38,-2.44,0,0,45,100,100,0.5477,0.0209,8.9636
174243,PROFILE,PREHEAT,0,140.0,73.4,1,13.68,7.49,9.64,-19.40,-2.27,0,0,45,100,100,0.5477,0.0209,8.9636
175242,PROFILE,PREHEAT,0,140.0,75.3,1,13.76,7.54,9.93,-18.68,-1.22,0,0,45,100,100,0.5477,0.0209,8.9636
176217,PROFILE,PREHEAT,0,140.0,77.1,1,13.94,7.64,10.22,-17.88,-0.03,0,0,45,100,100,0.5477,0.0209,8.9636
177213,PROFILE,PREHEAT,0,140.0,79.0,1,14.05,7.69,10.51,-17.59,0.62,0,1,45,100,100,0.5477,0.0209,8.9636
178220,PROFILE,PREHEAT,0,140.0,80.7,1,14.34,7.85,10.81,-16.83,1.84,0,2,59,100,100,0.5477,0.0209,8.9636
179227,PROFILE,PREHEAT,0,140.0,82.4,1,14.66,8.03,11.12,-16.24,2.91,0,3,59,100,100,0.5477,0.0209,8.9636
180225,PROFILE,PREHEAT,0,140.0,83.9,1,15.15,8.30,11.44,-15.33,4.41,0,4,60,100,100,0.5477,0.0209,8.9636
181219,PROFILE,PREHEAT,0,140.0,85.4,1,15.66,8.58,11.76,-14.66,5.68,0,6,60,100,100,0.5477,0.0209,8.9636
182218,PROFILE,PREHEAT,0,140.0,87.1,1,16.01,8.77,12.10,-14.71,6.16,0,6,61,100,100,0.5477,0.0209,8.9636
183230,PROFILE,PREHEAT,0,140.0,88.5,1,16.54,9.06,12.44,-14.21,7.29,0,7,61,100,100,0.5477,0.0209,8.9636
184230,PROFILE,PREHEAT,0,140.0,89.8,1,17.24,9.44,12.80,-13.35,8.89,0,9,62,100,100,0.5477,0.0209,8.9636
185232,PROFILE,PREHEAT,0,140.0,91.4,1,17.67,9.68,13.17,-13.60,9.24,0,9,63,100,100,0.5477,0.0209,8.9636
186224,PROFILE,PREHEAT,0,140.0,92.9,1,18.17,9.95,13.55,-13.54,9.97,0,10,63,100,100,0.5477,0.0209,8.9636
187228,PROFILE,PREHEAT,0,140.0,94.2,1,18.85,10.32,13.95,-12.98,11.28,0,11,63,100,100,0.5477,0.0209,8.9636
188235,PROFILE,PREHEAT,0,140.0,95.6,1,19.45,10.65,14.35,-12.84,12.16,0,12,63,100,100,0.5477,0.0209,8.9636
189231,PROFILE,PREHEAT,0,140.0,97.0,1,20.06,10.99,14.77,-12.69,13.07,0,13,63,100,100,0.5477,0.0209,8.9636
190226,PROFILE,PREHEAT,0,140.0,98.4,1,20.66,11.32,15.20,-12.65,13.87,0,14,63,100,100,0.5477,0.0209,8.9636
191226,PROFILE,PREHEAT,0,140.0,99.8,1,21.31,11.67,15.65,-12.47,14.85,0,15,64,100,100,0.5477,0.0209,8.9636
192231,PROFILE,PREHEAT,0,140.0,101.3,1,21.81,11.95,16.10,-12.78,15.27,0,15,64,100,100,0.5477,0.0209,8.9636
193227,PROFILE,PREHEAT,0,140.0,102.5,1,22.60,12.38,16.58,-12.15,16.80,0,17,64,100,100,0.5477,0.0209,8.9636
194233,PROFILE,PREHEAT,0,140.0,103.8,1,23.26,12.74,17.06,-12.11,17.70,0,18,65,100,100,0.5477,0.0209,8.9636
195229,PROFILE,PREHEAT,0,140.0,105.4,1,23.63,12.94,17.56,-12.94,17.56,0,18,65,100,100,0.5477,0.0209,8.9636
196232,PROFILE,PREHEAT,0,140.0,107.0,1,24.10,13.20,18.06,-13.18,18.08,0,18,65,100,100,0.5477,0.0209,8.9636
197241,PROFILE,PREHEAT,0,140.0,108.4,1,24.72,13.54,18.58,-12.94,19.17,0,19,65,100,100,0.5477,0.0209,8.9636
198234,PROFILE,PREHEAT,0,140.0,109.8,1,25.31,13.86,19.11,-12.83,20.14,0,20,66,100,100,0.5477,0.0209,8.9636
199243,PROFILE,PREHEAT,0,140.0,111.0,1,26.05,14.27,19.65,-12.32,21.60,0,22,66,100,100,0.5477,0.0209,8.9636
200233,PROFILE,PREHEAT,0,140.0,112.2,1,26.82,14.69,20.21,-11.87,23.03,0,23,67,100,100,0.5477,0.0209,8.9636
201241,PROFILE,PREHEAT,0,140.0,113.6,1,26.42,14.47,20.76,-11.88,23.35,0,23,67,100,100,0.5477,0.0209,8.9636
202250,PROFILE,PREHEAT,0,140.0,114.9,1,25.11,13.75,21.29,-11.84,23.20,0,23,67,100,100,0.5477,0.0209,8.9636
203243,PROFILE,PREHEAT,0,140.0,116.1,1,23.89,13.09,21.79,-11.54,23.33,0,23,67,100,100,0.5477,0.0209,8.9636
204247,PROFILE,PREHEAT,0,140.0,117.4,1,22.61,12.38,22.26,-11.52,23.12,0,23,67,100,100,0.5477,0.0209,8.9636
205239,PROFILE,PREHEAT,0,140.0,118.5,1,21.45,11.75,22.71,-11.14,23.32,0,23,67,100,100,0.5477,0.0209,8.9636
206244,PROFILE,PREHEAT,0,140.0,119.7,1,20.25,11.09,23.13,-11.01,23.22,0,23,67,100,100,0.5477,0.0209,8.9636
207215,PROFILE,PREHEAT,0,140.0,121.0,1,19.05,10.43,23.53,-10.94,23.02,0,23,67,100,100,0.5477,0.0209,8.9636
208224,PROFILE,PREHEAT,0,140.0,122.1,1,17.87,9.79,23.90,-10.81,22.88,0,23,67,100,100,0.5477,0.0209,8.9636
209214,PROFILE,PREHEAT,0,140.0,123.2,1,16.82,9.21,24.26,-10.36,23.11,0,23,67,100,100,0.5477,0.0209,8.9636
210221,PROFILE,PREHEAT,0,140.0,124.3,1,15.73,8.61,24.58,-10.17,23.03,0,23,67,100,100,0.5477,0.0209,8.9636
211228,PROFILE,PREHEAT,0,140.0,125.4,1,14.58,7.99,24.89,-10.20,22.67,0,23,67,100,100,0.5477,0.0209,8.9636
212222,PROFILE,PREHEAT,0,140.0,126.5,1,13.53,7.41,25.17,-9.94,22.64,0,23,67,100,100,0.5477,0.0209,8.9636
213229,PROFILE,PREHEAT,0,140.0,127.5,1,12.52,6.86,25.43,-9.65,22.63,0,23,67,100,100,0.5477,0.0209,8.9636
214221,PROFILE,PREHEAT,0,140.0,128.4,1,11.60,6.36,25.68,-9.17,22.87,0,23,67,100,100,0.5477,0.0209,8.9636
215231,PROFILE,PREHEAT,0,140.0,129.6,1,10.39,5.69,25.89,-9.75,21.83,0,22,67,100,100,0.5477,0.0209,8.9636
216226,PROFILE,PREHEAT,0,140.0,130.6,1,9.44,5.17,26.09,-9.34,21.92,0,22,67,100,100,0.5477,0.0209,8.9636
217231,PROFILE,PREHEAT,0,140.0,131.5,1,8.48,4.64,26.27,-9.08,21.83,0,22,67,100,100,0.5477,0.0209,8.9636
218228,PROFILE,PREHEAT,0,140.0,132.6,1,7.38,4.04,26.42,-9.34,21.12,0,21,67,100,100,0.5477,0.0209,8.9636
219236,PROFILE,PREHEAT,0,140.0,133.6,1,6.45,3.53,26.56,-9.01,21.08,0,21,67,100,100,0.5477,0.0209,8.9636
220235,PROFILE,PREHEAT,0,140.0,134.3,1,5.74,3.14,26.68,-8.13,21.68,0,22,67,100,100,0.5477,0.0209,8.9636
221232,PROFILE,PREHEAT,0,140.0,135.1,1,4.85,2.66,26.78,-8.07,21.37,0,21,67,100,100,0.5477,0.0209,8.9636
222220,PROFILE,PREHEAT,0,140.0,136.2,1,3.81,2.09,26.86,-8.50,20.44,0,20,67,100,100,0.5477,0.0209,8.9636
223234,PROFILE,PREHEAT,0,140.0,137.1,1,2.89,1.58,26.92,-8.40,20.10,0,20,66,100,100,0.5477,0.0209,8.9636
224230,PROFILE,PREHEAT,0,140.0,137.9,1,2.06,1.13,26.96,-8.07,20.02,0,20,66,100,100,0.5477,0.0209,8.9636
225228,PROFILE,PREHEAT,0,140.0,138.7,1,1.32,0.72,26.99,-7.61,20.10,0,20,66,100,100,0.5477,0.0209,8.9636
226238,PROFILE,PREHEAT,0,140.0,139.4,1,0.55,0.30,27.00,-7.36,19.95,0,20,66,100,100,0.5477,0.0209,8.9636
227230,PROFILE,PREHEAT,0,140.0,140.2,1,-0.19,-0.10,27.00,-7.12,19.77,0,20,66,100,100,0.5477,0.0209,8.9636
228236,PROFILE,PREHEAT,0,140.0,140.8,1,-0.84,-0.46,26.98,-6.70,19.82,0,20,66,100,100,0.5477,0.0209,8.9636
229238,PROFILE,ROASTING,0,140.0,141.5,1,-1.47,-0.81,26.95,-6.35,19.79,0,20,66,100,100,0.5477,0.0209,8.9636
230235,PROFILE,ROASTING,1,140.0,142.1,1,-2.09,-1.15,26.90,-6.09,19.66,0,20,0,100,100,0.5477,0.0209,8.9636
231317,PROFILE,ROASTING,2,140.0,142.4,1,-2.43,-1.33,26.85,-5.06,20.46,0,20,0,100,100,0.5477,0.0209,8.9636
232236,PROFILE,ROASTING,3,140.0,142.9,1,-2.85,-1.56,26.79,-4.63,20.60,0,21,66,100,100,0.5477,0.0209,8.9636
233385,PROFILE,ROASTING,4,140.0,143.0,1,-3.03,-1.66,26.73,-3.61,21.46,0,21,67,100,100,0.5477,0.0209,8.9636
234244,PROFILE,ROASTING,5,140.0,142.9,1,-2.89,-1.58,26.67,-2.00,23.09,0,23,67,100,100,0.5477,0.0209,8.9636
235244,PROFILE,ROASTING,6,140.0,142.6,1,-2.61,-1.43,26.62,-0.50,24.69,0,25,67,100,100,0.5477,0.0209,8.9636
236239,PROFILE,ROASTING,7,140.0,142.2,1,-2.16,-1.18,26.57,1.02,26.41,0,26,68,100,100,0.5477,0.0209,8.9636
237244,PROFILE,ROASTING,8,140.0,141.7,1,-1.71,-0.94,26.53,2.01,27.60,0,28,68,100,100,0.5477,0.0209,8.9636
238219,PROFILE,ROASTING,9,140.0,141.3,1,-1.28,-0.70,26.51,2.64,28.45,0,28,69,100,100,0.5477,0.0209,8.9636
239368,PROFILE,ROASTING,10,140.0,140.5,1,-0.53,-0.29,26.50,3.99,30.20,0,30,69,100,100,0.5477,0.0209,8.9636
240218,PROFILE,ROASTING,11,140.0,139.8,1,0.20,0.11,26.50,4.85,31.46,0,31,70,100,100,0.5477,0.0209,8.9636
241225,PROFILE,ROASTING,12,140.0,139.1,1,0.88,0.48,26.52,5.25,32.26,0,32,70,100,100,0.5477,0.0209,8.9636
242220,PROFILE,ROASTING,13,140.0,138.5,1,1.49,0.82,26.55,5.34,32.71,0,33,71,100,100,0.5477,0.0209,8.9636
243228,PROFILE,ROASTING,14,140.0,137.9,1,2.11,1.15,26.59,5.39,33.14,0,33,71,100,100,0.5477,0.0209,8.9636
244225,PROFILE,ROASTING,15,140.0,137.3,1,2.67,1.46,26.65,5.27,33.39,0,33,71,100,100,0.5477,0.0209,8.9636
245350,PROFILE,ROASTING,16,140.0,136.8,1,3.24,1.77,26.72,5.21,33.70,0,34,71,100,100,0.5477,0.0209,8.9636
246227,PROFILE,ROASTING,17,140.0,136.3,1,3.74,2.05,26.80,4.99,33.83,0,34,71,100,100,0.5477,0.0209,8.9636
247228,PROFILE,ROASTING,18,140.0,135.6,1,4.40,2.41,26.89,5.29,34.59,0,35,71,100,100,0.5477,0.0209,8.9636
248231,PROFILE,ROASTING,19,140.0,135.1,1,4.85,2.66,26.99,4.87,34.52,0,35,72,100,100,0.5477,0.0209,8.9636
249234,PROFILE,ROASTING,20,140.0,134.9,1,5.09,2.79,27.10,3.96,33.84,0,34,72,100,100,0.5477,0.0209,8.9636
250228,PROFILE,ROASTING,21,140.0,134.8,1,5.22,2.86,27.20,3.04,33.10,0,33,71,100,100,0.5477,0.0209,8.9636
251387,PROFILE,ROASTING,22,140.0,134.5,1,5.45,2.99,27.32,2.72,33.02,0,33,71,100,100,0.5477,0.0209,8.9636
252235,PROFILE,ROASTING,23,140.0,134.5,1,5.54,3.03,27.43,2.06,32.53,0,33,71,100,100,0.5477,0.0209,8.9636
253233,PROFILE,ROASTING,24,140.0,134.5,1,5.52,3.02,27.55,1.33,31.90,0,32,71,100,100,0.5477,0.0209,8.9636
254223,PROFILE,ROASTING,25,140.0,134.4,1,5.59,3.06,27.67,1.09,31.82,0,32,71,100,100,0.5477,0.0209,8.9636
255230,PROFILE,ROASTING,26,140.0,134.4,1,5.55,3.04,27.78,0.61,31.43,0,31,71,100,100,0.5477,0.0209,8.9636
256234,PROFILE,ROASTING,27,140.0,134.6,1,5.42,2.97,27.90,0.01,30.88,0,31,70,100,100,0.5477,0.0209,8.9636
257379,PROFILE,ROASTING,28,140.0,134.8,1,5.24,2.87,28.01,-0.54,30.33,0,30,70,100,100,0.5477,0.0209,8.9636
258226,PROFILE,ROASTING,29,140.0,135.0,1,4.98,2.73,28.11,-1.13,29.70,0,30,70,100,100,0.5477,0.0209,8.9636
259226,PROFILE,ROASTING,30,140.0,135.2,1,4.83,2.65,28.21,-1.19,29.66,0,30,70,100,100,0.5477,0.0209,8.9636
260240,PROFILE,ROASTING,31,140.0,135.4,1,4.58,2.51,28.31,-1.55,29.26,0,29,70,100,100,0.5477,0.0209,8.9636
261239,PROFILE,ROASTING,32,140.0,135.9,1,4.11,2.25,28.39,-2.44,28.20,0,28,69,100,100,0.5477,0.0209,8.9636
262239,PROFILE,ROASTING,33,140.0,136.2,1,3.78,2.07,28.47,-2.61,27.93,0,28,69,100,100,0.5477,0.0209,8.9636
263374,PROFILE,ROASTING,34,140.0,136.7,1,3.31,1.81,28.54,-3.13,27.23,0,27,69,100,100,0.5477,0.0209,8.9636
264240,PROFILE,ROASTING,35,140.0,137.2,1,2.79,1.53,28.60,-3.66,26.46,0,26,69,100,100,0.5477,0.0209,8.9636
265242,PROFILE,ROASTING,36,140.0,137.6,1,2.38,1.30,28.65,-3.65,26.30,0,26,68,100,100,0.5477,0.0209,8.9636
266248,PROFILE,ROASTING,37,140.0,138.0,1,1.99,1.09,28.69,-3.59,26.20,0,26,68,100,100,0.5477,0.0209,8.9636
267248,PROFILE,ROASTING,38,140.0,138.5,1,1.50,0.82,28.72,-3.88,25.66,0,26,68,100,100,0.5477,0.0209,8.9636
268243,PROFILE,ROASTING,39,140.0,138.9,1,1.11,0.61,28.74,-3.75,25.60,0,26,68,100,100,0.5477,0.0209,8.9636
269370,PROFILE,ROASTING,40,140.0,139.3,1,0.69,0.38,28.76,-3.76,25.37,0,25,68,100,100,0.5477,0.0209,8.9636
270267,PROFILE,ROASTING,41,140.0,139.8,1,0.17,0.09,28.76,-4.06,24.80,0,25,68,100,100,0.5477,0.0209,8.9636
271220,PROFILE,ROASTING,42,140.0,140.3,1,-0.34,-0.19,28.75,-4.23,24.34,0,24,68,100,100,0.5477,0.0209,8.9636
272223,PROFILE,ROASTING,43,140.0,140.8,1,-0.85,-0.47,28.74,-4.33,23.94,0,24,68,100,100,0.5477,0.0209,8.9636
273222,PROFILE,ROASTING,44,140.0,141.3,1,-1.29,-0.71,28.71,-4.20,23.80,0,24,68,100,100,0.5477,0.0209,8.9636
274219,PROFILE,ROASTING,45,140.0,141.9,1,-1.88,-1.03,28.67,-4.57,23.07,0,23,68,100,100,0.5477,0.0209,8.9636
275363,PROFILE,ROASTING,46,140.0,142.4,1,-2.37,-1.30,28.62,-4.51,22.81,0,23,67,100,100,0.5477,0.0209,8.9636
276222,PROFILE,ROASTING,47,140.0,143.0,1,-2.97,-1.63,28.56,-4.81,22.12,0,22,67,100,100,0.5477,0.0209,8.9636
277229,PROFILE,ROASTING,48,140.0,143.4,1,-3.44,-1.88,28.49,-4.59,22.01,0,22,67,100,100,0.5477,0.0209,8.9636
278229,PROFILE,ROASTING,49,140.0,143.9,1,-3.92,-2.15,28.41,-4.50,21.76,0,22,67,100,100,0.5477,0.0209,8.9636
279224,PROFILE,ROASTING,50,140.0,144.4,1,-4.39,-2.41,28.31,-4.41,21.50,0,21,67,100,100,0.5477,0.0209,8.9636
280231,PROFILE,ROASTING,51,140.0,144.8,1,-4.80,-2.63,28.21,-4.16,21.43,0,21,67,100,100,0.5477,0.0209,8.9636
281378,PROFILE,ROASTING,52,140.0,145.3,1,-5.32,-2.92,28.10,-4.34,20.84,0,21,67,100,100,0.5477,0.0209,8.9636
282233,PROFILE,ROASTING,53,140.0,145.8,1,-5.84,-3.20,27.98,-4.43,20.35,0,20,67,100,100,0.5477,0.0209,8.9636
283235,PROFILE,ROASTING,54,140.0,146.3,1,-6.30,-3.45,27.85,-4.33,20.07,0,20,66,100,100,0.5477,0.0209,8.9636
284233,PROFILE,ROASTING,55,140.0,146.8,1,-6.78,-3.71,27.71,-4.32,19.68,0,20,66,100,100,0.5477,0.0209,8.9636
285235,PROFILE,ROASTING,56,140.0,147.2,1,-7.16,-3.92,27.56,-4.01,19.63,0,20,66,100,100,0.5477,0.0209,8.9636
286229,PROFILE,ROASTING,57,140.0,147.7,1,-7.65,-4.19,27.40,-4.15,19.06,0,19,66,100,100,0.5477,0.0209,8.9636
287377,PROFILE,ROASTING,58,140.0,148.2,1,-8.21,0.00,0.00,0.00,0.00,1,0,66,100,100,0.5477,0.0209,8.9636
288231,PROFILE,ROASTING,59,140.0,148.7,1,-8.66,0.00,0.00,0.00,0.00,1,0,45,100,100,0.5477,0.0209,8.9636
289240,PROFILE,ROASTING,60,140.0,149.1,1,-9.09,0.00,0.00,0.00,0.00,1,0,45,100,100,0.5477,0.0209,8.9636
290235,PROFILE,ROASTING,61,140.0,149.4,1,-9.40,0.00,0.00,0.00,0.00,1,0,45,100,100,0.5477,0.0209,8.9636
291241,PROFILE,ROASTING,62,140.0,150.0,1,-9.99,0.00,0.00,0.00,0.00,1,0,45,100,100,0.5477,0.0209,8.9636
292242,PROFILE,ROASTING,63,140.0,150.3,1,-10.27,0.00,0.00,0.00,0.00,1,0,45,100,100,0.5477,0.0209,8.9636
293371,PROFILE,ROASTING,64,140.0,150.8,1,-10.76,0.00,0.00,0.00,0.00,1,0,45,100,100,0.5477,0.0209,8.9636
294240,PROFILE,ROASTING,65,140.0,151.1,1,-11.09,0.00,0.00,0.00,0.00,1,0,45,100,100,0.5477,0.0209,8.9636
295242,PROFILE,ROASTING,66,140.0,151.3,1,-11.33,0.00,0.00,0.00,0.00,1,0,45,100,100,0.5477,0.0209,8.9636
296243,PROFILE,ROASTING,67,140.0,151.7,1,-11.69,0.00,0.00,0.00,0.00,1,0,45,100,100,0.5477,0.0209,8.9636
297241,PROFILE,ROASTING,68,140.0,152.1,1,-12.06,0.00,0.00,0.00,0.00,1,0,45,100,100,0.5477,0.0209,8.9636
298239,PROFILE,ROASTING,69,140.0,152.3,1,-12.31,0.00,0.00,0.00,0.00,1,0,45,100,100,0.5477,0.0209,8.9636
299394,PROFILE,ROASTING,70,140.0,152.5,1,-12.50,0.00,0.00,0.00,0.00,1,0,45,100,100,0.5477,0.0209,8.9636
300230,PROFILE,ROASTING,71,140.0,152.4,1,-12.44,0.00,0.00,0.00,0.00,1,0,45,100,100,0.5477,0.0209,8.9636
301222,PROFILE,ROASTING,72,140.0,152.5,1,-12.53,0.00,0.00,0.00,0.00,1,0,45,100,100,0.5477,0.0209,8.9636
302218,PROFILE,ROASTING,73,140.0,152.5,1,-12.53,0.00,0.00,0.00,0.00,1,0,45,100,100,0.5477,0.0209,8.9636
303222,PROFILE,ROASTING,74,140.0,152.5,1,-12.47,0.00,0.00,0.00,0.00,1,0,45,100,100,0.5477,0.0209,8.9636
304222,PROFILE,ROASTING,75,140.0,152.4,1,-12.44,0.00,0.00,0.00,0.00,1,0,45,100,100,0.5477,0.0209,8.9636
305370,PROFILE,ROASTING,76,140.0,152.4,1,-12.40,0.00,0.00,0.00,0.00,1,0,45,100,100,0.5477,0.0209,8.9636
306215,PROFILE,ROASTING,77,140.0,152.1,1,-12.12,0.00,0.00,0.00,0.00,1,0,45,100,100,0.5477,0.0209,8.9636
307223,PROFILE,ROASTING,78,140.0,152.0,1,-11.96,0.00,0.00,0.00,0.00,1,0,45,100,100,0.5477,0.0209,8.9636
308224,PROFILE,ROASTING,79,140.0,151.9,1,-11.91,0.00,0.00,0.00,0.00,1,0,45,100,100,0.5477,0.0209,8.9636
309233,PROFILE,ROASTING,80,140.0,151.8,1,-11.79,0.00,0.00,0.00,0.00,1,0,45,100,100,0.5477,0.0209,8.9636
310231,PROFILE,ROASTING,81,140.0,151.7,1,-11.67,0.00,0.00,0.00,0.00,1,0,45,100,100,0.5477,0.0209,8.9636
311357,PROFILE,ROASTING,82,140.0,151.3,1,-11.31,0.00,0.00,0.00,0.00,1,0,45,100,100,0.5477,0.0209,8.9636
312232,PROFILE,ROASTING,83,140.0,151.1,1,-11.07,0.00,0.00,0.00,0.00,1,0,45,100,100,0.5477,0.0209,8.9636
313232,PROFILE,ROASTING,84,140.0,150.9,1,-10.87,0.00,0.00,0.00,0.00,1,0,45,100,100,0.5477,0.0209,8.9636
314237,PROFILE,ROASTING,85,140.0,150.7,1,-10.69,0.00,0.00,0.00,0.00,1,0,45,100,100,0.5477,0.0209,8.9636
315239,PROFILE,ROASTING,86,140.0,150.3,1,-10.29,0.00,0.00,0.00,0.00,1,0,45,100,100,0.5477,0.0209,8.9636
316232,PROFILE,ROASTING,87,140.0,150.1,1,-10.06,0.00,0.00,0.00,0.00,1,0,45,100,100,0.5477,0.0209,8.9636
317384,PROFILE,ROASTING,88,140.0,149.8,1,-9.81,0.00,0.00,0.00,0.00,1,0,45,100,100,0.5477,0.0209,8.9636
318232,PROFILE,ROASTING,89,140.0,149.6,1,-9.57,0.00,0.00,0.00,0.00,1,0,45,100,100,0.5477,0.0209,8.9636
319230,PROFILE,ROASTING,90,140.0,149.3,1,-9.30,0.00,0.00,0.00,0.00,1,0,45,95,100,0.5477,0.0209,8.9636
320226,PROFILE,ROASTING,91,140.2,149.0,1,-8.74,0.00,0.00,0.00,0.00,1,0,45,95,95,0.5477,0.0209,8.9636
321233,PROFILE,ROASTING,92,140.4,148.6,1,-8.23,0.00,0.00,0.00,0.00,1,0,45,95,95,0.5477,0.0209,8.9636
322237,PROFILE,ROASTING,93,140.6,148.3,1,-7.68,-4.20,0.00,2.78,-1.42,0,0,45,95,95,0.5477,0.0209,8.9636
323388,PROFILE,ROASTING,94,140.8,148.0,1,-7.12,-3.90,0.00,2.90,-1.00,0,0,45,95,95,0.5477,0.0209,8.9636
324230,PROFILE,ROASTING,95,141.0,147.6,1,-6.56,-3.59,0.00,2.99,-0.60,0,0,45,95,95,0.5477,0.0209,8.9636
325233,PROFILE,ROASTING,96,141.2,147.3,1,-6.02,-3.30,0.00,2.96,-0.34,0,0,45,95,95,0.5477,0.0209,8.9636
326244,PROFILE,ROASTING,97,141.5,146.9,1,-5.48,-3.00,0.00,2.98,-0.02,0,0,45,95,95,0.5477,0.0209,8.9636
327249,PROFILE,ROASTING,98,141.7,146.7,1,-5.03,-2.76,0.00,2.70,-0.06,0,0,45,95,95,0.5477,0.0209,8.9636
328250,PROFILE,ROASTING,99,141.9,146.5,1,-4.63,-2.53,0.00,2.38,-0.15,0,0,45,95,95,0.5477,0.0209,8.9636
329376,PROFILE,ROASTING,100,142.1,146.1,1,-4.04,-2.21,0.00,2.71,0.50,0,0,45,95,95,0.5477,0.0209,8.9636
330242,PROFILE,ROASTING,101,142.3,146.0,1,-3.67,-2.01,0.00,2.30,0.29,0,0,45,95,95,0.5477,0.0209,8.9636
331226,PROFILE,ROASTING,102,142.5,145.7,1,-3.20,-1.75,0.00,2.32,0.57,0,1,45,95,95,0.5477,0.0209,8.9636
332227,PROFILE,ROASTING,103,142.7,145.5,1,-2.79,-1.53,0.00,2.13,0.60,0,1,59,95,95,0.5477,0.0209,8.9636
333225,PROFILE,ROASTING,104,142.9,145.3,1,-2.43,-1.33,0.00,1.89,0.56,0,1,59,95,95,0.5477,0.0209,8.9636
334218,PROFILE,ROASTING,105,143.1,145.1,1,-2.01,-1.10,0.00,1.90,0.80,0,1,59,95,95,0.5477,0.0209,8.9636
335374,PROFILE,ROASTING,106,143.3,145.1,1,-1.72,-0.94,0.00,1.48,0.54,0,1,59,95,95,0.5477,0.0209,8.9636
336222,PROFILE,ROASTING,107,143.5,145.0,1,-1.43,-0.78,0.00,1.25,0.47,0,0,59,95,95,0.5477,0.0209,8.9636
337223,PROFILE,ROASTING,108,143.8,144.9,1,-1.12,-0.62,0.00,1.12,0.51,0,1,45,95,95,0.5477,0.0209,8.9636
338220,PROFILE,ROASTING,109,144.0,144.6,1,-0.64,-0.35,0.00,1.56,1.21,0,1,59,95,95,0.5477,0.0209,8.9636
339223,PROFILE,ROASTING,110,144.2,144.6,1,-0.44,-0.24,0.00,1.03,0.80,0,1,59,95,95,0.5477,0.0209,8.9636
340231,PROFILE,ROASTING,111,144.4,144.7,1,-0.29,-0.16,0.00,0.50,0.34,0,0,59,95,95,0.5477,0.0209,8.9636
341368,PROFILE,ROASTING,112,144.6,144.6,1,-0.01,-0.01,0.00,0.55,0.55,0,1,45,95,95,0.5477,0.0209,8.9636
342221,PROFILE,ROASTING,113,144.8,144.8,1,0.02,0.01,0.00,-0.16,-0.15,0,0,59,95,95,0.5477,0.0209,8.9636
343227,PROFILE,ROASTING,114,145.0,145.0,1,0.02,0.01,0.00,-0.73,-0.72,0,0,45,95,95,0.5477,0.0209,8.9636
344233,PROFILE,ROASTING,115,145.2,145.1,1,0.09,0.05,0.00,-0.89,-0.83,0,0,45,95,95,0.5477,0.0209,8.9636
345237,PROFILE,ROASTING,116,145.4,145.2,1,0.23,0.12,0.01,-0.82,-0.68,0,0,45,95,95,0.5477,0.0209,8.9636
346255,PROFILE,ROASTING,117,145.6,145.3,1,0.35,0.19,0.01,-0.81,-0.61,0,0,45,95,95,0.5477,0.0209,8.9636
347367,PROFILE,ROASTING,118,145.8,145.5,1,0.29,0.16,0.02,-1.34,-1.17,0,0,45,95,95,0.5477,0.0209,8.9636
348237,PROFILE,ROASTING,119,146.0,145.8,1,0.23,0.13,0.03,-1.67,-1.52,0,0,45,95,95,0.5477,0.0209,8.9636
349239,PROFILE,ROASTING,120,146.2,146.1,1,0.14,0.08,0.03,-2.02,-1.92,0,0,45,95,95,0.5477,0.0209,8.9636
350229,PROFILE,ROASTING,121,146.5,146.1,1,0.35,0.19,0.04,-1.34,-1.12,0,0,45,95,95,0.5477,0.0209,8.9636
351239,PROFILE,ROASTING,122,146.7,146.3,1,0.34,0.19,0.04,-1.55,-1.32,0,0,45,95,95,0.5477,0.0209,8.9636
352231,PROFILE,ROASTING,123,146.9,146.5,1,0.35,0.19,0.05,-1.63,-1.39,0,0,45,95,95,0.5477,0.0209,8.9636
353384,PROFILE,ROASTING,124,147.1,146.8,1,0.32,0.17,0.06,-1.80,-1.57,0,0,45,95,95,0.5477,0.0209,8.9636
354239,PROFILE,ROASTING,125,147.3,147.1,1,0.19,0.10,0.06,-2.21,-2.04,0,0,45,95,95,0.5477,0.0209,8.9636
355236,PROFILE,ROASTING,126,147.5,147.3,1,0.18,0.10,0.06,-2.13,-1.97,0,0,45,95,95,0.5477,0.0209,8.9636
356232,PROFILE,ROASTING,127,147.7,147.4,1,0.26,0.14,0.07,-1.79,-1.58,0,0,45,95,95,0.5477,0.0209,8.9636
357238,PROFILE,ROASTING,128,147.9,147.6,1,0.34,0.18,0.08,-1.59,-1.33,0,0,45,95,95,0.5477,0.0209,8.9636
358244,PROFILE,ROASTING,129,148.1,147.7,1,0.47,0.26,0.09,-1.28,-0.94,0,0,45,95,95,0.5477,0.0209,8.9636
359396,PROFILE,ROASTING,130,148.3,147.8,1,0.57,0.31,0.10,-1.17,-0.75,0,0,45,95,95,0.5477,0.0209,8.9636
360243,PROFILE,ROASTING,131,148.5,147.8,1,0.79,0.43,0.12,-0.77,-0.22,0,0,45,95,95,0.5477,0.0209,8.9636
361241,PROFILE,ROASTING,132,148.8,147.8,1,0.95,0.52,0.14,-0.64,0.01,0,0,45,95,95,0.5477,0.0209,8.9636
362225,PROFILE,ROASTING,133,149.0,147.9,1,1.07,0.59,0.16,-0.69,0.05,0,0,45,95,95,0.5477,0.0209,8.9636
363232,PROFILE,ROASTING,134,149.2,147.9,1,1.29,0.71,0.18,-0.42,0.47,0,0,45,95,95,0.5477,0.0209,8.9636
364223,PROFILE,ROASTING,135,149.4,147.9,1,1.43,0.78,0.21,-0.49,0.51,0,1,45,95,95,0.5477,0.0209,8.9636
365363,PROFILE,ROASTING,136,149.6,147.9,1,1.68,0.92,0.25,-0.21,0.95,0,1,59,95,95,0.5477,0.0209,8.9636
366221,PROFILE,ROASTING,137,149.8,147.8,1,2.02,1.10,0.29,0.25,1.64,0,2,59,95,95,0.5477,0.0209,8.9636
367222,PROFILE,ROASTING,138,150.0,147.8,1,2.24,1.22,0.34,0.20,1.76,0,2,59,95,95,0.5477,0.0209,8.9636
368219,PROFILE,ROASTING,139,150.2,147.9,1,2.28,1.25,0.39,-0.36,1.27,0,1,59,95,95,0.5477,0.0209,8.9636
369224,PROFILE,ROASTING,140,150.4,148.0,1,2.41,1.32,0.44,-0.47,1.28,0,1,59,95,95,0.5477,0.0209,8.9636
370220,PROFILE,ROASTING,141,150.6,148.0,1,2.67,1.46,0.49,-0.17,1.79,0,2,59,95,95,0.5477,0.0209,8.9636
371378,PROFILE,ROASTING,142,150.8,148.0,1,2.86,1.56,0.55,-0.17,1.95,0,2,59,95,95,0.5477,0.0209,8.9636
372232,PROFILE,ROASTING,143,151.0,148.1,1,2.95,1.61,0.61,-0.47,1.76,0,2,59,95,95,0.5477,0.0209,8.9636
373230,PROFILE,ROASTING,144,151.2,148.1,1,3.13,1.72,0.68,-0.37,2.02,0,2,59,95,95,0.5477,0.0209,8.9636
374227,PROFILE,ROASTING,145,151.5,148.1,1,3.33,1.82,0.75,-0.28,2.29,0,2,59,95,95,0.5477,0.0209,8.9636
375226,PROFILE,ROASTING,146,151.7,148.2,1,3.44,1.88,0.82,-0.49,2.21,0,2,59,95,95,0.5477,0.0209,8.9636
376237,PROFILE,ROASTING,147,151.9,148.3,1,3.53,1.93,0.89,-0.68,2.15,0,2,59,95,95,0.5477,0.0209,8.9636
377375,PROFILE,ROASTING,148,152.1,148.5,1,3.56,1.95,0.97,-0.98,1.94,0,2,59,95,95,0.5477,0.0209,8.9636
378233,PROFILE,ROASTING,149,152.3,148.7,1,3.56,1.95,1.04,-1.28,1.72,0,2,59,95,95,0.5477,0.0209,8.9636
379229,PROFILE,ROASTING,150,152.5,149.0,1,3.48,1.91,1.12,-1.72,1.31,0,1,59,95,95,0.5477,0.0209,8.9636
380239,PROFILE,ROASTING,151,152.7,149.2,1,3.48,1.90,1.19,-1.77,1.32,0,1,59,95,95,0.5477,0.0209,8.9636
381237,PROFILE,ROASTING,152,152.9,149.5,1,3.44,1.89,1.26,-1.91,1.24,0,1,59,95,95,0.5477,0.0209,8.9636
382229,PROFILE,ROASTING,153,153.1,149.7,1,3.45,1.89,1.33,-1.87,1.36,0,1,59,95,95,0.5477,0.0209,8.9636
383367,PROFILE,ROASTING,154,153.3,150.0,1,3.30,1.81,1.40,-2.33,0.88,0,1,59,95,95,0.5477,0.0209,8.9636
384241,PROFILE,ROASTING,155,153.5,150.3,1,3.27,1.79,1.47,-2.25,1.01,0,1,59,95,95,0.5477,0.0209,8.9636
385243,PROFILE,ROASTING,156,153.8,150.6,1,3.19,1.75,1.54,-2.36,0.92,0,1,59,95,95,0.5477,0.0209,8.9636
386239,PROFILE,ROASTING,157,154.0,151.0,1,2.93,1.60,1.60,-2.99,0.21,0,0,59,95,95,0.5477,0.0209,8.9636
387240,PROFILE,ROASTING,158,154.2,151.5,1,2.71,1.48,1.65,-3.26,-0.12,0,0,45,95,95,0.5477,0.0209,8.9636
388235,PROFILE,ROASTING,159,154.4,151.8,1,2.60,1.43,1.71,-3.12,0.02,0,0,45,95,95,0.5477,0.0209,8.9636
389388,PROFILE,ROASTING,160,154.6,152.2,1,2.41,1.32,1.76,-3.26,-0.18,0,0,45,95,95,0.5477,0.0209,8.9636
390242,PROFILE,ROASTING,161,154.8,152.5,1,2.32,1.27,1.81,-3.08,0.00,0,0,45,95,95,0.5477,0.0209,8.9636
391241,PROFILE,ROASTING,162,155.0,152.8,1,2.19,1.20,1.85,-3.07,-0.02,0,0,45,95,95,0.5477,0.0209,8.9636
392242,PROFILE,ROASTING,163,155.2,153.1,1,2.08,1.14,1.90,-2.99,0.04,0,0,45,95,95,0.5477,0.0209,8.9636
393270,PROFILE,ROASTING,164,155.4,153.4,1,1.97,1.08,1.94,-2.95,0.07,0,0,45,95,95,0.5477,0.0209,8.9636
394229,PROFILE,ROASTING,165,155.6,153.9,1,1.76,0.97,1.97,-3.20,-0.26,0,0,45,95,95,0.5477,0.0209,8.9636
395369,PROFILE,ROASTING,166,155.8,154.2,1,1.68,0.92,2.01,-3.02,-0.09,0,0,45,95,95,0.5477,0.0209,8.9636
396227,PROFILE,ROASTING,167,156.0,154.5,1,1.56,0.86,2.04,-2.97,-0.08,0,0,45,95,95,0.5477,0.0209,8.9636
397220,PROFILE,ROASTING,168,156.2,154.9,1,1.39,0.76,2.07,-3.13,-0.30,0,0,45,95,95,0.5477,0.0209,8.9636
398226,PROFILE,ROASTING,169,156.5,155.2,1,1.25,0.69,2.10,-3.11,-0.32,0,0,45,95,95,0.5477,0.0209,8.9636
399222,PROFILE,ROASTING,170,156.7,155.3,1,1.40,0.76,2.13,-2.27,0.62,0,1,45,95,95,0.5477,0.0209,8.9636
400225,PROFILE,ROASTING,171,156.9,155.6,1,1.29,0.70,2.15,-2.47,0.39,0,0,59,95,95,0.5477,0.0209,8.9636
401360,PROFILE,ROASTING,172,157.1,155.7,1,1.38,0.75,2.18,-1.99,0.94,0,1,45,95,95,0.5477,0.0209,8.9636
402219,PROFILE,ROASTING,173,157.3,155.8,1,1.50,0.82,2.21,-1.57,1.46,0,1,59,95,95,0.5477,0.0209,8.9636
403233,PROFILE,ROASTING,174,157.5,155.8,1,1.74,0.96,2.25,-0.95,2.25,0,2,59,95,95,0.5477,0.0209,8.9636
404228,PROFILE,ROASTING,175,157.7,155.9,1,1.80,0.99,2.29,-1.09,2.18,0,2,59,95,95,0.5477,0.0209,8.9636
405232,PROFILE,ROASTING,176,157.9,155.9,1,1.97,1.08,2.33,-0.85,2.56,0,3,59,95,95,0.5477,0.0209,8.9636
406231,PROFILE,ROASTING,177,158.1,156.1,1,1.98,1.09,2.37,-1.14,2.31,0,2,60,95,95,0.5477,0.0209,8.9636
407361,PROFILE,ROASTING,178,158.3,155.9,1,2.42,1.33,2.42,-0.06,3.69,0,4,59,95,95,0.5477,0.0209,8.9636
408232,PROFILE,ROASTING,179,158.5,156.0,1,2.55,1.39,2.47,-0.30,3.57,0,4,60,95,95,0.5477,0.0209,8.9636
409234,PROFILE,ROASTING,180,158.8,156.1,1,2.69,1.47,2.53,-0.39,3.61,0,4,60,95,95,0.5477,0.0209,8.9636
410239,PROFILE,ROASTING,181,159.0,156.2,1,2.75,1.51,2.59,-0.70,3.40,0,3,60,95,95,0.5477,0.0209,8.9636
411234,PROFILE,ROASTING,182,159.2,156.3,1,2.83,1.55,2.65,-0.85,3.35,0,3,60,95,95,0.5477,0.0209,8.9636
412240,PROFILE,ROASTING,183,159.4,156.4,1,2.97,1.63,2.71,-0.78,3.55,0,4,60,95,95,0.5477,0.0209,8.9636
413384,PROFILE,ROASTING,184,159.6,156.3,1,3.29,1.80,2.78,-0.18,4.40,0,4,60,95,95,0.5477,0.0209,8.9636
414231,PROFILE,ROASTING,185,159.8,156.5,1,3.30,1.81,2.85,-0.72,3.94,0,4,60,95,95,0.5477,0.0209,8.9636
415226,PROFILE,ROASTING,186,160.0,156.4,1,3.57,1.95,2.92,-0.30,4.57,0,5,60,95,95,0.5477,0.0209,8.9636
416235,PROFILE,ROASTING,187,160.2,156.6,1,3.59,1.97,3.00,-0.76,4.21,0,4,61,95,95,0.5477,0.0209,8.9636
417238,PROFILE,ROASTING,188,160.4,156.9,1,3.47,1.90,3.07,-1.47,3.50,0,4,60,95,95,0.5477,0.0209,8.9636
418242,PROFILE,ROASTING,189,160.6,157.0,1,3.63,1.99,3.15,-1.15,3.98,0,4,60,95,95,0.5477,0.0209,8.9636
419390,PROFILE,ROASTING,190,160.8,157.1,1,3.74,2.05,3.22,-1.05,4.22,0,4,60,95,95,0.5477,0.0209,8.9636
420236,PROFILE,ROASTING,191,161.0,157.4,1,3.66,2.01,3.30,-1.56,3.75,0,4,60,95,95,0.5477,0.0209,8.9636
421247,PROFILE,ROASTING,192,161.2,157.5,1,3.75,2.06,3.38,-1.38,4.05,0,4,60,95,95,0.5477,0.0209,8.9636
422247,PROFILE,ROASTING,193,161.5,157.8,1,3.62,1.98,3.45,-1.95,3.48,0,3,60,95,95,0.5477,0.0209,8.9636
423246,PROFILE,ROASTING,194,161.7,158.1,1,3.58,1.96,3.53,-2.02,3.47,0,3,60,95,95,0.5477,0.0209,8.9636
424279,PROFILE,ROASTING,195,161.9,158.5,1,3.38,1.85,3.60,-2.60,2.85,0,3,60,95,95,0.5477,0.0209,8.9636
425357,PROFILE,ROASTING,196,162.1,158.7,1,3.35,1.83,3.67,-2.43,3.07,0,3,60,95,95,0.5477,0.0209,8.9636
426222,PROFILE,ROASTING,197,162.3,158.9,1,3.39,1.86,3.74,-2.11,3.49,0,3,60,95,95,0.5477,0.0209,8.9636
427230,PROFILE,ROASTING,198,162.5,159.3,1,3.21,1.76,3.81,-2.57,3.00,0,3,60,95,95,0.5477,0.0209,8.9636
428230,PROFILE,ROASTING,199,162.7,159.7,1,3.05,1.67,3.87,-2.83,2.71,0,3,60,95,95,0.5477,0.0209,8.9636
429225,PROFILE,ROASTING,200,162.9,159.9,1,2.98,1.63,3.93,-2.70,2.86,0,3,60,95,95,0.5477,0.0209,8.9636
430222,PROFILE,ROASTING,201,163.1,160.2,1,2.90,1.59,3.99,-2.68,2.90,0,3,60,95,95,0.5477,0.0209,8.9636
431376,PROFILE,ROASTING,202,163.3,160.6,1,2.77,1.52,4.05,-2.80,2.77,0,3,60,95,95,0.5477,0.0209,8.9636
432224,PROFILE,ROASTING,203,163.5,160.9,1,2.61,1.43,4.11,-2.95,2.59,0,3,60,95,95,0.5477,0.0209,8.9636
433218,PROFILE,ROASTING,204,163.8,161.3,1,2.45,1.34,4.16,-3.08,2.41,0,2,60,95,95,0.5477,0.0209,8.9636
434218,PROFILE,ROASTING,205,164.0,161.7,1,2.29,1.25,4.21,-3.15,2.30,0,2,59,95,95,0.5477,0.0209,8.9636
435233,PROFILE,ROASTING,206,164.2,161.8,1,2.37,1.30,4.26,-2.49,3.06,0,3,59,95,95,0.5477,0.0209,8.9636
436235,PROFILE,ROASTING,207,164.4,162.2,1,2.19,1.20,4.30,-2.81,2.69,0,3,60,95,95,0.5477,0.0209,8.9636
437375,PROFILE,ROASTING,208,164.6,162.6,1,2.03,1.11,4.34,-2.99,2.47,0,2,60,95,95,0.5477,0.0209,8.9636
438222,PROFILE,ROASTING,209,164.8,162.9,1,1.93,1.06,4.38,-2.90,2.54,0,3,59,95,95,0.5477,0.0209,8.9636
439231,PROFILE,ROASTING,210,165.0,163.2,1,1.75,0.96,4.42,-3.09,2.28,0,2,60,95,95,0.5477,0.0209,8.9636
440248,PROFILE,ROASTING,211,165.2,163.5,1,1.71,0.93,4.46,-2.81,2.58,0,3,59,95,95,0.5477,0.0209,8.9636
441237,PROFILE,ROASTING,212,165.4,163.9,1,1.55,0.85,4.49,-2.95,2.39,0,2,60,95,95,0.5477,0.0209,8.9636
442241,PROFILE,ROASTING,213,165.6,164.1,1,1.56,0.85,4.52,-2.57,2.80,0,3,59,95,95,0.5477,0.0209,8.9636
443363,PROFILE,ROASTING,214,165.8,164.5,1,1.35,0.74,4.55,-2.94,2.35,0,2,60,95,95,0.5477,0.0209,8.9636
444237,PROFILE,ROASTING,215,166.0,164.8,1,1.25,0.68,4.58,-2.88,2.38,0,2,59,95,95,0.5477,0.0209,8.9636
445244,PROFILE,ROASTING,216,166.2,165.0,1,1.20,0.66,4.60,-2.68,2.58,0,3,59,95,95,0.5477,0.0209,8.9636
446234,PROFILE,ROASTING,217,166.4,165.3,1,1.19,0.65,4.63,-2.44,2.84,0,3,60,95,95,0.5477,0.0209,8.9636
447231,PROFILE,ROASTING,218,166.6,165.5,1,1.13,0.62,4.65,-2.42,2.85,0,3,60,95,95,0.5477,0.0209,8.9636
448231,PROFILE,ROASTING,219,166.9,165.7,1,1.19,0.65,4.67,-2.06,3.27,0,3,60,95,95,0.5477,0.0209,8.9636
449386,PROFILE,ROASTING,220,167.1,165.9,1,1.18,0.65,4.70,-1.99,3.35,0,3,60,95,95,0.5477,0.0209,8.9636
450236,PROFILE,ROASTING,221,167.3,166.3,1,0.94,0.52,4.72,-2.66,2.58,0,3,60,95,95,0.5477,0.0209,8.9636
451243,PROFILE,ROASTING,222,167.5,166.6,1,0.84,0.46,4.74,-2.71,2.49,0,2,60,95,95,0.5477,0.0209,8.9636
452234,PROFILE,ROASTING,223,167.7,166.7,1,0.93,0.51,4.75,-2.15,3.12,0,3,59,95,95,0.5477,0.0209,8.9636
453247,PROFILE,ROASTING,224,167.9,167.0,1,0.87,0.48,4.77,-2.23,3.02,0,3,60,95,95,0.5477,0.0209,8.9636
454248,PROFILE,ROASTING,225,168.1,167.2,1,0.91,0.50,4.79,-1.98,3.31,0,3,60,95,95,0.5477,0.0209,8.9636
455421,PROFILE,ROASTING,226,168.3,167.2,1,1.08,0.59,4.81,-1.41,4.00,0,4,60,95,95,0.5477,0.0209,8.9636
456215,PROFILE,ROASTING,227,168.5,167.7,1,0.83,0.46,4.83,-2.30,2.99,0,3,60,95,95,0.5477,0.0209,8.9636
457229,PROFILE,ROASTING,228,168.7,168.0,1,0.72,0.40,4.85,-2.48,2.76,0,3,60,95,95,0.5477,0.0209,8.9636
458224,PROFILE,ROASTING,229,168.9,168.3,1,0.62,0.34,4.86,-2.57,2.64,0,3,60,95,95,0.5477,0.0209,8.9636
459230,PROFILE,ROASTING,230,169.1,168.5,1,0.61,0.34,4.87,-2.36,2.85,0,3,60,95,95,0.5477,0.0209,8.9636
460230,PROFILE,ROASTING,231,169.3,168.6,1,0.71,0.39,4.89,-1.89,3.38,0,3,60,95,95,0.5477,0.0209,8.9636
461354,PROFILE,ROASTING,232,169.5,168.9,1,0.65,0.36,4.90,-2.05,3.21,0,3,60,95,95,0.5477,0.0209,8.9636
462219,PROFILE,ROASTING,233,169.7,169.1,1,0.68,0.37,4.92,-1.90,3.39,0,3,60,95,95,0.5477,0.0209,8.9636
463224,PROFILE,ROASTING,234,169.9,169.2,1,0.69,0.38,4.93,-1.85,3.46,0,3,60,95,95,0.5477,0.0209,8.9636
464224,PROFILE,ROASTING,235,170.1,169.5,1,0.62,0.34,4.94,-2.07,3.21,0,3,60,95,95,0.5477,0.0209,8.9636
465223,PROFILE,ROASTING,236,170.4,169.7,1,0.66,0.36,4.96,-1.86,3.47,0,3,60,95,95,0.5477,0.0209,8.9636
466224,PROFILE,ROASTING,237,170.6,169.9,1,0.70,0.38,4.97,-1.74,3.62,0,4,60,95,95,0.5477,0.0209,8.9636
467374,PROFILE,ROASTING,238,170.8,170.2,1,0.56,0.31,4.98,-2.19,3.11,0,3,60,95,95,0.5477,0.0209,8.9636
468228,PROFILE,ROASTING,239,171.0,170.3,1,0.64,0.35,5.00,-1.85,3.50,0,3,60,95,95,0.5477,0.0209,8.9636
469232,PROFILE,ROASTING,240,171.2,170.6,1,0.60,0.33,5.01,-1.97,3.37,0,3,60,95,95,0.5477,0.0209,8.9636
470227,PROFILE,ROASTING,241,171.4,170.8,1,0.57,0.31,5.02,-2.00,3.33,0,3,60,95,95,0.5477,0.0209,8.9636
471237,PROFILE,ROASTING,242,171.6,171.0,1,0.57,0.31,5.03,-1.96,3.39,0,3,60,95,95,0.5477,0.0209,8.9636
472235,PROFILE,ROASTING,243,171.8,171.2,1,0.60,0.33,5.05,-1.84,3.53,0,4,60,95,95,0.5477,0.0209,8.9636
473383,PROFILE,ROASTING,244,172.0,171.3,1,0.75,0.41,5.06,-1.39,4.08,0,4,60,95,95,0.5477,0.0209,8.9636
474238,PROFILE,ROASTING,245,172.2,171.5,1,0.74,0.40,5.08,-1.58,3.90,0,4,60,95,95,0.5477,0.0209,8.9636
475231,PROFILE,ROASTING,246,172.4,171.6,1,0.84,0.46,5.09,-1.37,4.18,0,4,60,95,95,0.5477,0.0209,8.9636
476241,PROFILE,ROASTING,247,172.6,171.8,1,0.84,0.46,5.11,-1.51,4.06,0,4,60,95,95,0.5477,0.0209,8.9636
477239,PROFILE,ROASTING,248,172.8,171.9,1,0.95,0.52,5.13,-1.30,4.35,0,4,60,95,95,0.5477,0.0209,8.9636
478237,PROFILE,ROASTING,249,173.0,172.1,1,0.90,0.49,5.15,-1.64,4.00,0,4,60,95,95,0.5477,0.0209,8.9636
479370,PROFILE,ROASTING,250,173.2,172.2,1,1.05,0.58,5.17,-1.25,4.50,0,5,60,95,95,0.5477,0.0209,8.9636
480236,PROFILE,ROASTING,251,173.4,172.5,1,0.95,0.52,5.19,-1.76,3.95,0,4,61,95,95,0.5477,0.0209,8.9636
481244,PROFILE,ROASTING,252,173.6,172.6,1,1.03,0.56,5.21,-1.55,4.22,0,4,60,95,95,0.5477,0.0209,8.9636
482240,PROFILE,ROASTING,253,173.9,172.9,1,0.96,0.52,5.23,-1.86,3.90,0,4,60,95,95,0.5477,0.0209,8.9636
483243,PROFILE,ROASTING,254,174.1,173.1,1,1.01,0.55,5.25,-1.70,4.11,0,4,60,95,95,0.5477,0.0209,8.9636
484240,PROFILE,ROASTING,255,174.3,172.9,1,1.36,0.75,5.28,-0.69,5.34,0,5,60,95,95,0.5477,0.0209,8.9636
485396,PROFILE,ROASTING,256,174.5,173.1,1,1.42,0.78,5.31,-0.91,5.17,0,5,61,95,95,0.5477,0.0209,8.9636
486284,PROFILE,ROASTING,257,174.7,173.3,1,1.36,0.75,5.34,-1.38,4.71,0,5,61,95,95,0.5477,0.0209,8.9636
487226,PROFILE,ROASTING,258,174.9,173.5,1,1.36,0.75,5.37,-1.54,4.58,0,5,61,95,95,0.5477,0.0209,8.9636
488217,PROFILE,ROASTING,259,175.1,173.6,1,1.53,0.84,5.40,-1.14,5.10,0,5,61,95,95,0.5477,0.0209,8.9636
489222,PROFILE,ROASTING,260,175.3,173.6,1,1.65,0.90,5.44,-1.01,5.33,0,5,61,95,95,0.5477,0.0209,8.9636
490227,PROFILE,ROASTING,261,175.5,173.7,1,1.76,0.97,5.47,-0.96,5.48,0,5,61,95,95,0.5477,0.0209,8.9636
491379,PROFILE,ROASTING,262,175.7,174.0,1,1.68,0.92,5.51,-1.50,4.93,0,5,61,95,95,0.5477,0.0209,8.9636
492226,PROFILE,ROASTING,263,175.9,174.2,1,1.74,0.95,5.54,-1.43,5.07,0,5,61,95,95,0.5477,0.0209,8.9636
493222,PROFILE,ROASTING,264,176.1,174.4,1,1.74,0.95,5.58,-1.57,4.96,0,5,61,95,95,0.5477,0.0209,8.9636
494221,PROFILE,ROASTING,265,176.3,174.5,1,1.78,0.98,5.62,-1.54,5.06,0,5,61,95,95,0.5477,0.0209,8.9636
495227,PROFILE,ROASTING,266,176.5,174.6,1,1.88,1.03,5.66,-1.35,5.34,0,5,61,95,95,0.5477,0.0209,8.9636
496231,PROFILE,ROASTING,267,176.7,174.8,1,1.89,1.03,5.70,-1.50,5.23,0,5,61,95,95,0.5477,0.0209,8.9636
497355,PROFILE,ROASTING,268,176.9,175.1,1,1.81,0.99,5.73,-1.85,4.87,0,5,61,95,95,0.5477,0.0209,8.9636
498223,PROFILE,ROASTING,269,177.1,175.1,1,2.03,1.11,5.78,-1.20,5.69,0,6,61,95,95,0.5477,0.0209,8.9636
499227,PROFILE,ROASTING,270,177.4,175.3,1,2.00,1.10,5.82,-1.48,5.44,0,5,61,95,95,0.5477,0.0209,8.9636
500231,PROFILE,ROASTING,271,177.6,175.5,1,2.10,1.15,5.86,-1.32,5.69,0,6,61,95,95,0.5477,0.0209,8.9636
501238,PROFILE,ROASTING,272,177.8,175.8,1,2.00,1.10,5.90,-1.77,5.23,0,5,61,95,95,0.5477,0.0209,8.9636
502227,PROFILE,ROASTING,273,178.0,175.8,1,2.12,1.16,5.95,-1.45,5.66,0,6,61,95,95,0.5477,0.0209,8.9636
503379,PROFILE,ROASTING,274,178.2,176.0,1,2.20,1.20,5.99,-1.35,5.85,0,6,61,95,95,0.5477,0.0209,8.9636
504233,PROFILE,ROASTING,275,178.4,176.2,1,2.18,1.19,6.04,-1.58,5.65,0,6,61,95,95,0.5477,0.0209,8.9636
505240,PROFILE,ROASTING,276,178.6,176.4,1,2.19,1.20,6.09,-1.63,5.66,0,6,61,95,95,0.5477,0.0209,8.9636
506240,PROFILE,ROASTING,277,178.8,176.6,1,2.24,1.23,6.13,-1.54,5.82,0,6,61,95,95,0.5477,0.0209,8.9636
507234,PROFILE,ROASTING,278,179.0,176.7,1,2.30,1.26,6.18,-1.48,5.96,0,6,61,95,95,0.5477,0.0209,8.9636
508239,PROFILE,ROASTING,279,179.2,176.8,1,2.37,1.30,6.23,-1.37,6.16,0,6,61,95,95,0.5477,0.0209,8.9636
509390,PROFILE,ROASTING,280,179.4,177.0,1,2.40,1.31,6.28,-1.46,6.13,0,6,61,95,95,0.5477,0.0209,8.9636
510283,PROFILE,ROASTING,281,179.6,177.2,1,2.39,1.31,6.33,-1.61,6.03,0,6,61,95,95,0.5477,0.0209,8.9636
511236,PROFILE,ROASTING,282,179.8,177.1,1,2.70,1.48,6.39,-0.78,7.09,0,7,61,95,95,0.5477,0.0209,8.9636
512240,PROFILE,ROASTING,283,180.0,177.4,1,2.63,1.44,6.44,-1.33,6.55,0,7,62,95,95,0.5477,0.0209,8.9636
513244,PROFILE,ROASTING,284,180.2,177.6,1,2.62,1.43,6.50,-1.53,6.40,0,6,62,95,95,0.5477,0.0209,8.9636
514236,PROFILE,ROASTING,285,180.4,178.0,1,2.49,1.36,6.55,-2.04,5.87,0,6,61,95,95,0.5477,0.0209,8.9636
515382,PROFILE,ROASTING,286,180.6,178.1,1,2.55,1.39,6.60,-1.79,6.21,0,6,61,95,95,0.5477,0.0209,8.9636
516244,PROFILE,ROASTING,287,180.9,178.2,1,2.62,1.44,6.66,-1.58,6.52,0,7,61,95,95,0.5477,0.0209,8.9636
517246,PROFILE,ROASTING,288,181.1,178.3,1,2.77,1.52,6.71,-1.22,7.02,0,7,62,95,95,0.5477,0.0209,8.9636
518218,PROFILE,ROASTING,289,181.3,178.4,1,2.87,1.57,6.77,-1.14,7.21,0,7,62,95,95,0.5477,0.0209,8.9636
519217,PROFILE,ROASTING,290,181.5,178.6,1,2.90,1.59,6.84,-1.27,7.15,0,7,62,95,95,0.5477,0.0209,8.9636
520229,PROFILE,ROASTING,291,181.7,178.8,1,2.92,1.60,6.90,-1.42,7.08,0,7,62,95,95,0.5477,0.0209,8.9636
521377,PROFILE,ROASTING,292,181.9,179.0,1,2.91,1.59,6.96,-1.59,6.96,0,7,62,95,95,0.5477,0.0209,8.9636
522228,PROFILE,ROASTING,293,182.1,179.1,1,2.95,1.61,7.02,-1.56,7.07,0,7,62,95,95,0.5477,0.0209,8.9636
523222,PROFILE,ROASTING,294,182.3,179.4,1,2.93,1.61,7.08,-1.70,6.99,0,7,62,95,95,0.5477,0.0209,8.9636
524226,PROFILE,ROASTING,295,182.5,179.4,1,3.08,1.69,7.14,-1.32,7.52,0,8,62,95,95,0.5477,0.0209,8.9636
525230,PROFILE,ROASTING,296,182.7,179.6,1,3.14,1.72,7.21,-1.31,7.62,0,8,62,95,95,0.5477,0.0209,8.9636
526227,PROFILE,ROASTING,297,182.9,179.7,1,3.25,1.78,7.28,-1.16,7.90,0,8,62,95,95,0.5477,0.0209,8.9636
527358,PROFILE,ROASTING,298,183.1,179.9,1,3.20,1.75,7.35,-1.54,7.56,0,8,62,95,95,0.5477,0.0209,8.9636
528222,PROFILE,ROASTING,299,183.3,180.1,1,3.21,1.76,7.41,-1.60,7.57,0,8,62,95,95,0.5477,0.0209,8.9636
529228,PROFILE,ROASTING,300,183.5,180.1,1,3.40,1.86,7.48,-1.11,8.24,0,8,62,95,95,0.5477,0.0209,8.9636
530232,PROFILE,ROASTING,301,183.7,180.3,1,3.45,1.89,7.56,-1.23,8.21,0,8,62,95,95,0.5477,0.0209,8.9636
531233,PROFILE,ROASTING,302,183.9,180.4,1,3.50,1.92,7.63,-1.28,8.26,0,8,62,95,95,0.5477,0.0209,8.9636
532226,PROFILE,ROASTING,303,184.1,180.7,1,3.40,1.86,7.70,-1.77,7.79,0,8,62,95,95,0.5477,0.0209,8.9636
533372,PROFILE,ROASTING,304,184.4,180.8,1,3.54,1.94,7.77,-1.37,8.35,0,8,62,95,95,0.5477,0.0209,8.9636
534234,PROFILE,ROASTING,305,184.6,181.1,1,3.49,1.91,7.85,-1.67,8.09,0,8,62,95,95,0.5477,0.0209,8.9636
535237,PROFILE,ROASTING,306,184.8,181.1,1,3.62,1.98,7.92,-1.35,8.55,0,9,62,95,95,0.5477,0.0209,8.9636
536234,PROFILE,ROASTING,307,185.0,181.3,1,3.68,2.02,8.00,-1.32,8.70,0,9,63,95,95,0.5477,0.0209,8.9636
537235,PROFILE,ROASTING,308,185.2,181.4,1,3.78,2.07,8.08,-1.21,8.94,0,9,63,95,95,0.5477,0.0209,8.9636
538238,PROFILE,ROASTING,309,185.4,181.6,1,3.79,2.07,8.16,-1.41,8.82,0,9,63,95,95,0.5477,0.0209,8.9636
539391,PROFILE,ROASTING,310,185.6,181.7,1,3.86,2.12,8.24,-1.32,9.03,0,9,63,95,95,0.5477,0.0209,8.9636
540240,PROFILE,ROASTING,311,185.8,181.8,1,4.04,2.21,8.32,-0.96,9.58,0,10,63,95,95,0.5477,0.0209,8.9636
541238,PROFILE,ROASTING,312,186.0,181.8,1,4.19,2.29,8.41,-0.82,9.88,0,10,63,95,95,0.5477,0.0209,8.9636
542233,PROFILE,ROASTING,313,186.2,181.8,1,4.40,2.41,8.50,-0.51,10.40,0,10,63,95,95,0.5477,0.0209,8.9636
543238,PROFILE,ROASTING,314,186.4,182.1,1,4.30,2.36,8.59,-1.25,9.70,0,10,63,95,95,0.5477,0.0209,8.9636
544242,PROFILE,ROASTING,315,186.6,182.2,1,4.42,2.42,8.68,-1.12,9.99,0,10,63,95,95,0.5477,0.0209,8.9636
545381,PROFILE,ROASTING,316,186.8,182.2,1,4.60,2.52,8.78,-0.81,10.49,0,10,63,95,95,0.5477,0.0209,8.9636
546232,PROFILE,ROASTING,317,187.0,182.3,1,4.73,2.59,8.88,-0.76,10.71,0,11,63,95,95,0.5477,0.0209,8.9636
547245,PROFILE,ROASTING,318,187.2,182.3,1,4.91,2.69,8.98,-0.59,11.09,0,11,63,95,95,0.5477,0.0209,8.9636
548247,PROFILE,ROASTING,319,187.4,182.6,1,4.82,2.64,9.08,-1.28,10.45,0,10,63,95,95,0.5477,0.0209,8.9636
549223,PROFILE,ROASTING,320,187.6,182.9,1,4.78,2.62,9.18,-1.58,10.22,0,10,63,95,95,0.5477,0.0209,8.9636
550220,PROFILE,ROASTING,321,187.9,183.1,1,4.76,2.61,9.28,-1.75,10.14,0,10,63,95,95,0.5477,0.0209,8.9636
551362,PROFILE,ROASTING,322,188.1,183.2,1,4.83,2.65,9.38,-1.55,10.48,0,10,63,95,95,0.5477,0.0209,8.9636
552220,PROFILE,ROASTING,323,188.3,183.4,1,4.86,2.66,9.48,-1.58,10.56,0,11,63,95,95,0.5477,0.0209,8.9636
553223,PROFILE,ROASTING,324,188.5,183.4,1,5.02,2.75,9.59,-1.17,11.17,0,11,63,95,95,0.5477,0.0209,8.9636
554225,PROFILE,ROASTING,325,188.7,183.6,1,5.03,2.76,9.69,-1.36,11.09,0,11,63,95,95,0.5477,0.0209,8.9636
555223,PROFILE,ROASTING,326,188.9,183.8,1,5.07,2.78,9.80,-1.42,11.15,0,11,63,95,95,0.5477,0.0209,8.9636
556234,PROFILE,ROASTING,327,189.1,184.1,1,4.97,2.72,9.90,-1.84,10.78,0,11,63,95,95,0.5477,0.0209,8.9636
557378,PROFILE,ROASTING,328,189.3,184.3,1,4.96,2.72,10.01,-1.87,10.85,0,11,63,95,95,0.5477,0.0209,8.9636
558222,PROFILE,ROASTING,329,189.5,184.5,1,4.99,2.73,10.11,-1.80,11.05,0,11,63,95,95,0.5477,0.0209,8.9636
559217,PROFILE,ROASTING,330,189.7,184.7,1,4.98,2.73,10.22,-1.83,11.11,0,11,63,95,95,0.5477,0.0209,8.9636
560225,PROFILE,ROASTING,331,189.9,184.8,1,5.07,2.77,10.32,-1.58,11.52,0,12,63,95,95,0.5477,0.0209,8.9636
561230,PROFILE,ROASTING,332,190.1,185.0,1,5.09,2.79,10.43,-1.58,11.64,0,12,63,95,95,0.5477,0.0209,8.9636
562232,PROFILE,ROASTING,333,190.3,185.2,1,5.14,2.81,10.54,-1.54,11.81,0,12,63,95,95,0.5477,0.0209,8.9636
563374,PROFILE,ROASTING,334,190.5,185.1,1,5.39,2.95,10.65,-0.88,12.73,0,13,63,95,95,0.5477,0.0209,8.9636
564224,PROFILE,ROASTING,335,190.7,185.4,1,5.38,2.95,10.76,-1.25,12.46,0,12,63,95,95,0.5477,0.0209,8.9636
565235,PROFILE,ROASTING,336,190.9,185.5,1,5.41,2.96,10.87,-1.35,12.49,0,12,63,95,95,0.5477,0.0209,8.9636
566240,PROFILE,ROASTING,337,191.1,185.6,1,5.57,3.05,10.99,-1.05,13.00,0,13,63,95,95,0.5477,0.0209,8.9636
567243,PROFILE,ROASTING,338,191.4,185.8,1,5.59,3.06,11.11,-1.25,12.92,0,13,63,95,95,0.5477,0.0209,8.9636
568242,PROFILE,ROASTING,339,191.6,185.9,1,5.71,3.13,11.23,-1.09,13.26,0,13,63,95,95,0.5477,0.0209,8.9636
569363,PROFILE,ROASTING,340,191.8,186.0,1,5.74,3.14,11.35,-1.25,13.24,0,13,63,95,95,0.5477,0.0209,8.9636
570241,PROFILE,ROASTING,341,192.0,186.1,1,5.83,3.19,11.47,-1.17,13.49,0,13,63,95,95,0.5477,0.0209,8.9636
571242,PROFILE,ROASTING,342,192.2,186.4,1,5.77,3.16,11.59,-1.58,13.17,0,13,63,95,95,0.5477,0.0209,8.9636
572243,PROFILE,ROASTING,343,192.4,186.6,1,5.78,3.16,11.71,-1.64,13.23,0,13,63,95,95,0.5477,0.0209,8.9636
573238,PROFILE,ROASTING,344,192.6,186.7,1,5.86,3.21,11.83,-1.47,13.57,0,14,63,95,95,0.5477,0.0209,8.9636
574240,PROFILE,ROASTING,345,192.8,186.9,1,5.93,3.25,11.96,-1.38,13.82,0,14,64,95,95,0.5477,0.0209,8.9636
575386,PROFILE,ROASTING,346,193.0,186.8,1,6.15,3.37,12.09,-0.87,14.59,0,15,64,95,95,0.5477,0.0209,8.9636
576238,PROFILE,ROASTING,347,193.2,186.9,1,6.28,3.44,12.22,-0.83,14.83,0,15,64,95,95,0.5477,0.0209,8.9636
577234,PROFILE,ROASTING,348,193.4,187.1,1,6.33,3.47,12.35,-1.02,14.80,0,15,64,95,95,0.5477,0.0209,8.9636
578234,PROFILE,ROASTING,349,193.6,187.3,1,6.30,3.45,12.48,-1.36,14.57,0,15,64,95,95,0.5477,0.0209,8.9636
579250,PROFILE,ROASTING,350,193.8,187.6,1,6.21,3.40,12.61,-1.80,14.21,0,14,64,95,95,0.5477,0.0209,8.9636
580276,PROFILE,ROASTING,351,194.0,187.8,1,6.25,3.42,12.74,-1.71,14.45,0,14,64,95,95,0.5477,0.0209,8.9636
581371,PROFILE,ROASTING,352,194.2,187.9,1,6.31,3.46,12.87,-1.56,14.77,0,15,64,95,95,0.5477,0.0209,8.9636
582214,PROFILE,ROASTING,353,194.4,188.0,1,6.44,3.53,13.01,-1.28,15.25,0,15,64,95,95,0.5477,0.0209,8.9636
583220,PROFILE,ROASTING,354,194.6,188.2,1,6.47,3.55,13.14,-1.36,15.33,0,15,64,95,95,0.5477,0.0209,8.9636
584222,PROFILE,ROASTING,355,194.9,188.3,1,6.54,3.58,13.28,-1.33,15.53,0,16,64,95,95,0.5477,0.0209,8.9636
585228,PROFILE,ROASTING,356,195.1,188.4,1,6.66,3.65,13.42,-1.13,15.94,0,16,65,95,95,0.5477,0.0209,8.9636
586229,PROFILE,ROASTING,357,195.3,188.6,1,6.70,3.67,13.56,-1.26,15.97,0,16,65,95,95,0.5477,0.0209,8.9636
587351,PROFILE,ROASTING,358,195.5,188.6,1,6.89,3.77,13.70,-0.89,16.58,0,17,65,95,95,0.5477,0.0209,8.9636
588229,PROFILE,ROASTING,359,195.7,188.8,1,6.86,3.76,13.85,-1.28,16.33,0,16,65,95,95,0.5477,0.0209,8.9636
589230,PROFILE,ROASTING,360,195.9,188.8,1,7.05,3.86,13.99,-0.91,16.95,0,17,65,95,95,0.5477,0.0209,8.9636
590227,PROFILE,ROASTING,361,196.1,189.0,1,7.12,3.90,14.14,-1.01,17.03,0,17,65,95,95,0.5477,0.0209,8.9636
591219,PROFILE,ROASTING,362,196.3,189.0,1,7.25,3.97,14.29,-0.90,17.36,0,17,65,95,95,0.5477,0.0209,8.9636
592231,PROFILE,ROASTING,363,196.5,189.1,1,7.41,4.06,14.45,-0.73,17.78,0,18,65,95,95,0.5477,0.0209,8.9636
593372,PROFILE,ROASTING,364,196.7,189.2,1,7.52,4.12,14.61,-0.79,17.93,0,18,65,95,95,0.5477,0.0209,8.9636
594232,PROFILE,ROASTING,365,196.9,189.4,1,7.54,4.13,14.76,-1.07,17.82,0,18,65,95,95,0.5477,0.0209,8.9636
595230,PROFILE,ROASTING,366,197.1,189.5,1,7.63,4.18,14.92,-1.07,18.03,0,18,65,95,95,0.5477,0.0209,8.9636
596224,PROFILE,ROASTING,367,197.3,189.7,1,7.61,4.17,15.08,-1.38,17.87,0,18,65,95,95,0.5477,0.0209,8.9636
597230,PROFILE,ROASTING,368,197.5,189.9,1,7.63,4.18,15.24,-1.48,17.94,0,18,65,95,95,0.5477,0.0209,8.9636
598238,PROFILE,ROASTING,369,197.7,189.9,1,7.84,4.29,15.40,-0.98,18.72,0,19,65,95,95,0.5477,0.0209,8.9636
599390,PROFILE,ROASTING,370,197.9,190.1,1,7.89,4.32,15.57,-1.11,18.78,0,19,66,95,95,0.5477,0.0209,8.9636
600233,PROFILE,ROASTING,371,198.1,190.2,1,7.90,4.33,15.73,-1.33,18.73,0,19,66,95,95,0.5477,0.0209,8.9636
601229,PROFILE,ROASTING,372,198.4,190.3,1,8.01,4.39,15.90,-1.17,19.12,0,19,66,95,95,0.5477,0.0209,8.9636
602240,PROFILE,ROASTING,373,198.6,190.5,1,8.04,4.40,16.07,-1.31,19.16,0,19,66,95,95,0.5477,0.0209,8.9636
603243,PROFILE,ROASTING,374,198.8,190.7,1,8.08,4.43,16.24,-1.36,19.31,0,19,66,95,95,0.5477,0.0209,8.9636
604245,PROFILE,ROASTING,375,199.0,190.8,1,8.20,4.49,16.41,-1.18,19.72,0,20,66,95,95,0.5477,0.0209,8.9636
605377,PROFILE,ROASTING,376,199.2,190.9,1,8.27,4.53,16.58,-1.17,19.94,0,20,66,95,95,0.5477,0.0209,8.9636
606238,PROFILE,ROASTING,377,199.4,191.2,1,8.22,4.50,16.76,-1.56,19.69,0,20,66,95,95,0.5477,0.0209,8.9636
607240,PROFILE,ROASTING,378,199.6,191.3,1,8.32,4.56,16.93,-1.34,20.15,0,20,66,95,95,0.5477,0.0209,8.9636
608244,PROFILE,ROASTING,379,199.8,191.3,1,8.47,4.64,17.11,-1.06,20.69,0,21,66,95,95,0.5477,0.0209,8.9636
609242,PROFILE,ROASTING,380,200.0,191.6,1,8.37,4.58,17.28,-1.64,20.22,0,20,67,95,95,0.5477,0.0209,8.9636
610240,PROFILE,ROASTING,381,200.2,191.7,1,8.44,4.62,17.46,-1.43,20.65,0,21,66,95,95,0.5477,0.0209,8.9636
611396,PROFILE,ROASTING,382,200.4,191.9,1,8.50,4.66,17.64,-1.33,20.96,0,21,67,95,95,0.5477,0.0209,8.9636
612220,PROFILE,ROASTING,383,200.6,191.9,1,8.71,4.77,17.82,-0.82,21.77,0,22,67,95,95,0.5477,0.0209,8.9636
613223,PROFILE,ROASTING,384,200.8,192.1,1,8.68,4.75,18.00,-1.21,21.54,0,22,67,95,95,0.5477,0.0209,8.9636
614216,PROFILE,ROASTING,385,200.9,192.3,1,8.62,4.72,18.18,-1.55,21.35,0,21,67,95,95,0.5477,0.0209,8.9636
615223,PROFILE,ROASTING,386,201.1,192.4,1,8.68,4.75,18.36,-1.41,21.71,0,22,67,95,95,0.5477,0.0209,8.9636
616231,PROFILE,ROASTING,387,201.3,192.5,1,8.76,4.80,18.54,-1.24,22.10,0,22,67,95,95,0.5477,0.0209,8.9636
617383,PROFILE,ROASTING,388,201.5,192.7,1,8.79,4.81,18.73,-1.32,22.21,0,22,67,95,95,0.5477,0.0209,8.9636
618221,PROFILE,ROASTING,389,201.7,192.9,1,8.83,4.84,18.91,-1.30,22.45,0,22,67,95,95,0.5477,0.0209,8.9636
619221,PROFILE,ROASTING,390,201.9,193.1,1,8.74,4.79,19.09,-1.71,22.17,0,22,67,95,95,0.5477,0.0209,8.9636
620230,PROFILE,ROASTING,391,202.1,193.3,1,8.77,4.80,19.28,-1.62,22.46,0,22,67,95,95,0.5477,0.0209,8.9636
621235,PROFILE,ROASTING,392,202.2,193.5,1,8.76,4.80,19.46,-1.67,22.59,0,23,67,95,95,0.5477,0.0209,8.9636
622224,PROFILE,ROASTING,393,202.4,193.5,1,8.99,4.92,19.65,-0.98,23.59,0,24,67,95,95,0.5477,0.0209,8.9636
623349,PROFILE,ROASTING,394,202.6,193.6,1,9.06,4.96,19.84,-1.00,23.80,0,24,68,95,95,0.5477,0.0209,8.9636
624230,PROFILE,ROASTING,395,202.8,193.8,1,8.99,4.93,20.03,-1.42,23.53,0,24,68,95,95,0.5477,0.0209,8.9636
625232,PROFILE,ROASTING,396,203.0,194.1,1,8.93,4.89,20.21,-1.70,23.40,0,23,68,95,95,0.5477,0.0209,8.9636
626231,PROFILE,ROASTING,397,203.2,194.3,1,8.85,4.85,20.40,-1.93,23.32,0,23,67,95,95,0.5477,0.0209,8.9636
627230,PROFILE,ROASTING,398,203.4,194.5,1,8.86,4.85,20.58,-1.83,23.61,0,24,67,95,95,0.5477,0.0209,8.9636
628227,PROFILE,ROASTING,399,203.6,194.6,1,8.99,4.92,20.77,-1.38,24.31,0,24,68,95,95,0.5477,0.0209,8.9636
629382,PROFILE,ROASTING,400,203.8,194.7,1,9.02,4.94,20.96,-1.39,24.51,0,25,68,95,95,0.5477,0.0209,8.9636
630233,PROFILE,ROASTING,401,203.9,195.0,1,8.92,4.88,21.14,-1.79,24.24,0,24,68,95,95,0.5477,0.0209,8.9636
631234,PROFILE,ROASTING,402,204.1,195.3,1,8.85,4.85,21.33,-1.96,24.21,0,24,68,95,95,0.5477,0.0209,8.9636
632232,PROFILE,ROASTING,403,204.3,195.5,1,8.77,4.80,21.51,-2.12,24.20,0,24,68,95,95,0.5477,0.0209,8.9636
633234,PROFILE,ROASTING,404,204.5,195.7,1,8.79,4.81,21.70,-1.91,24.60,0,25,68,95,95,0.5477,0.0209,8.9636
634245,PROFILE,ROASTING,405,204.7,195.9,1,8.79,4.81,21.88,-1.84,24.86,0,25,68,95,95,0.5477,0.0209,8.9636
635399,PROFILE,ROASTING,406,204.9,196.1,1,8.73,4.78,22.06,-1.96,24.88,0,25,68,95,95,0.5477,0.0209,8.9636
636241,PROFILE,ROASTING,407,205.1,196.3,1,8.76,4.80,22.25,-1.77,25.28,0,25,68,95,95,0.5477,0.0209,8.9636
637238,PROFILE,ROASTING,408,205.2,196.5,1,8.75,4.79,22.43,-1.76,25.46,0,25,68,95,95,0.5477,0.0209,8.9636
638240,PROFILE,ROASTING,409,205.4,196.7,1,8.78,4.81,22.61,-1.65,25.78,0,26,68,95,95,0.5477,0.0209,8.9636
639241,PROFILE,ROASTING,410,205.6,196.9,1,8.77,4.80,22.80,-1.69,25.91,0,26,68,95,95,0.5477,0.0209,8.9636
640243,PROFILE,ROASTING,411,205.8,197.0,1,8.82,4.83,22.98,-1.55,26.26,0,26,68,95,95,0.5477,0.0209,8.9636
641376,PROFILE,ROASTING,412,206.0,197.2,1,8.85,4.85,23.16,-1.51,26.50,0,27,68,95,95,0.5477,0.0209,8.9636
642241,PROFILE,ROASTING,413,206.2,197.3,1,8.93,4.89,23.35,-1.32,26.92,0,27,69,95,95,0.5477,0.0209,8.9636
643284,PROFILE,ROASTING,414,206.4,197.6,1,8.78,4.81,23.53,-1.89,26.45,0,26,69,95,95,0.5477,0.0209,8.9636
644224,PROFILE,ROASTING,415,206.6,197.8,1,8.73,4.78,23.72,-1.97,26.52,0,27,68,95,95,0.5477,0.0209,8.9636
645222,PROFILE,ROASTING,416,206.8,198.0,1,8.73,4.78,23.90,-1.86,26.83,0,27,69,95,95,0.5477,0.0209,8.9636
646217,PROFILE,ROASTING,417,206.9,198.1,1,8.82,4.83,24.08,-1.54,27.37,0,27,69,95,95,0.5477,0.0209,8.9636
647377,PROFILE,ROASTING,418,207.1,198.4,1,8.73,4.78,24.27,-1.85,27.20,0,27,69,95,95,0.5477,0.0209,8.9636
648228,PROFILE,ROASTING,419,207.3,198.5,1,8.81,4.82,24.45,-1.56,27.72,0,28,69,95,95,0.5477,0.0209,8.9636
649224,PROFILE,ROASTING,420,207.5,198.7,1,8.81,4.83,24.63,-1.59,27.87,0,28,69,95,95,0.5477,0.0209,8.9636
650222,PROFILE,ROASTING,421,207.7,198.9,1,8.82,4.83,24.82,-1.61,28.04,0,28,69,95,95,0.5477,0.0209,8.9636
651226,PROFILE,ROASTING,422,207.9,199.0,1,8.84,4.84,25.00,-1.57,28.28,0,28,69,95,95,0.5477,0.0209,8.9636
652234,PROFILE,ROASTING,423,208.1,199.1,1,8.95,4.90,25.19,-1.28,28.82,0,29,69,95,95,0.5477,0.0209,8.9636
653386,PROFILE,ROASTING,424,208.2,199.4,1,8.86,4.85,25.38,-1.68,28.55,0,29,69,95,95,0.5477,0.0209,8.9636
654217,PROFILE,ROASTING,425,208.4,199.5,1,8.97,4.91,25.56,-1.35,29.12,0,29,69,95,95,0.5477,0.0209,8.9636
655219,PROFILE,ROASTING,426,208.6,199.6,1,9.03,4.95,25.75,-1.27,29.43,0,29,69,95,95,0.5477,0.0209,8.9636
656230,PROFILE,ROASTING,427,208.8,199.9,1,8.93,4.89,25.94,-1.70,29.13,0,29,69,95,95,0.5477,0.0209,8.9636
657235,PROFILE,ROASTING,428,209.0,200.0,1,8.96,4.91,26.13,-1.62,29.41,0,29,69,95,95,0.5477,0.0209,8.9636
658232,PROFILE,ROASTING,429,209.2,200.2,1,8.95,4.90,26.31,-1.68,29.53,0,30,69,95,95,0.5477,0.0209,8.9636
659360,PROFILE,ROASTING,430,209.4,200.5,1,8.91,4.88,26.50,-1.78,29.60,0,30,70,95,95,0.5477,0.0209,8.9636
660242,PROFILE,ROASTING,431,209.6,200.5,1,9.04,4.95,26.69,-1.37,30.26,0,30,70,95,95,0.5477,0.0209,8.9636
661241,PROFILE,ROASTING,432,209.8,200.7,1,9.02,4.94,26.88,-1.53,30.28,0,30,70,95,95,0.5477,0.0209,8.9636
662234,PROFILE,ROASTING,433,209.9,200.9,1,9.02,4.94,27.07,-1.56,30.45,0,30,70,95,95,0.5477,0.0209,8.9636
663240,PROFILE,ROASTING,434,210.1,201.1,1,8.99,4.92,27.25,-1.71,30.46,0,30,70,95,95,0.5477,0.0209,8.9636
664233,PROFILE,ROASTING,435,210.3,201.2,1,9.11,4.99,27.44,-1.33,31.10,0,31,70,95,95,0.5477,0.0209,8.9636
665383,PROFILE,ROASTING,436,210.5,201.3,1,9.17,5.02,27.63,-1.28,31.38,0,31,70,95,95,0.5477,0.0209,8.9636
666246,PROFILE,ROASTING,437,210.7,201.6,1,9.11,4.99,27.83,-1.58,31.23,0,31,70,95,95,0.5477,0.0209,8.9636
667240,PROFILE,ROASTING,438,210.9,201.8,1,9.07,4.97,28.01,-1.75,31.23,0,31,70,95,95,0.5477,0.0209,8.9636
668244,PROFILE,ROASTING,439,211.1,202.1,1,9.00,4.93,28.20,-1.93,31.20,0,31,70,95,95,0.5477,0.0209,8.9636
669238,PROFILE,ROASTING,440,211.2,202.2,1,9.04,4.95,28.39,-1.71,31.63,0,32,70,95,95,0.5477,0.0209,8.9636
670246,PROFILE,ROASTING,441,211.4,202.4,1,9.05,4.96,28.58,-1.66,31.88,0,32,71,95,95,0.5477,0.0209,8.9636
671388,PROFILE,ROASTING,442,211.6,202.5,1,9.08,4.97,28.77,-1.59,32.16,0,32,71,95,95,0.5477,0.0209,8.9636
672239,PROFILE,ROASTING,443,211.8,202.8,1,9.01,4.93,28.96,-1.84,32.05,0,32,71,95,95,0.5477,0.0209,8.9636
673235,PROFILE,ROASTING,444,212.0,202.8,1,9.20,5.04,29.15,-1.20,32.99,0,33,71,95,95,0.5477,0.0209,8.9636
674279,PROFILE,ROASTING,445,212.2,202.9,1,9.24,5.06,29.34,-1.25,33.15,0,33,71,95,95,0.5477,0.0209,8.9636
675227,PROFILE,ROASTING,446,212.4,203.0,1,9.36,5.12,29.54,-1.04,33.62,0,34,71,95,95,0.5477,0.0209,8.9636
676222,PROFILE,ROASTING,447,212.6,203.2,1,9.41,5.15,29.74,-1.09,33.80,0,34,71,95,95,0.5477,0.0209,8.9636
677368,PROFILE,ROASTING,448,212.8,203.3,1,9.48,5.19,29.93,-1.09,34.03,0,34,71,95,95,0.5477,0.0209,8.9636
678218,PROFILE,ROASTING,449,212.9,203.5,1,9.44,5.17,30.13,-1.40,33.90,0,34,71,95,95,0.5477,0.0209,8.9636
679226,PROFILE,ROASTING,450,213.1,203.9,1,9.24,5.06,30.33,-2.10,33.28,0,33,71,95,95,0.5477,0.0209,8.9636
680231,PROFILE,ROASTING,451,213.3,204.0,1,9.33,5.11,30.52,-1.69,33.94,0,34,71,95,95,0.5477,0.0209,8.9636
681228,PROFILE,ROASTING,452,213.5,204.2,1,9.34,5.11,30.72,-1.66,34.17,0,34,71,95,95,0.5477,0.0209,8.9636
682231,PROFILE,ROASTING,453,213.7,204.4,1,9.31,5.10,30.91,-1.73,34.28,0,34,71,95,95,0.5477,0.0209,8.9636
683366,PROFILE,ROASTING,454,213.9,204.5,1,9.40,5.15,31.11,-1.46,34.79,0,35,71,95,95,0.5477,0.0209,8.9636
684231,PROFILE,ROASTING,455,214.1,204.7,1,9.34,5.12,31.30,-1.71,34.71,0,35,72,95,95,0.5477,0.0209,8.9636
685232,PROFILE,ROASTING,456,214.2,205.0,1,9.25,5.07,31.49,-1.97,34.59,0,35,72,95,95,0.5477,0.0209,8.9636
686231,PROFILE,ROASTING,457,214.4,205.1,1,9.34,5.12,31.69,-1.59,35.21,0,35,72,95,95,0.5477,0.0209,8.9636
687222,PROFILE,ROASTING,458,214.6,205.3,1,9.28,5.08,31.88,-1.83,35.14,0,35,72,95,95,0.5477,0.0209,8.9636
688232,PROFILE,ROASTING,459,214.8,205.5,1,9.27,5.08,32.08,-1.79,35.37,0,35,72,95,95,0.5477,0.0209,8.9636
780220,PROFILE,ROASTING,459,214.8,216.7,1,-1.87,-1.02,32.04,-34.47,-3.46,0,0,72,95,95,0.5477,0.0209,8.9636
