ISO-10303-21;
HEADER;
/* Generated by software containing ST-Developer
 * from STEP Tools, Inc. (www.steptools.com) 
 */

FILE_DESCRIPTION(
/* description */ (''),
/* implementation_level */ '2;1');

FILE_NAME(
/* name */ 
'C:/Users/Jaden/Documents/CAD/STEP Conversions/SSR-40 DD v4.step',
/* time_stamp */ '2019-09-27T20:42:41-07:00',
/* author */ (''),
/* organization */ (''),
/* preprocessor_version */ 'ST-DEVELOPER v18',
/* originating_system */ 'Autodesk Translation Framework v8.6.0.1094',
/* authorisation */ '');

FILE_SCHEMA (('AUTOMOTIVE_DESIGN { 1 0 10303 214 3 1 1 }'));
ENDSEC;

DATA;
#10=MECHANICAL_DESIGN_GEOMETRIC_PRESENTATION_REPRESENTATION('',(#60,#61,
#62,#63,#64,#65,#66,#67,#68,#69,#70,#71,#72,#73),#11442);
#11=ITEM_DEFINED_TRANSFORMATION($,$,#4206,#4580);
#12=ITEM_DEFINED_TRANSFORMATION($,$,#4206,#4581);
#13=ITEM_DEFINED_TRANSFORMATION($,$,#4284,#4582);
#14=ITEM_DEFINED_TRANSFORMATION($,$,#4284,#4583);
#15=(
REPRESENTATION_RELATIONSHIP($,$,#11458,#11457)
REPRESENTATION_RELATIONSHIP_WITH_TRANSFORMATION(#11)
SHAPE_REPRESENTATION_RELATIONSHIP()
);
#16=(
REPRESENTATION_RELATIONSHIP($,$,#11458,#11457)
REPRESENTATION_RELATIONSHIP_WITH_TRANSFORMATION(#12)
SHAPE_REPRESENTATION_RELATIONSHIP()
);
#17=(
REPRESENTATION_RELATIONSHIP($,$,#11459,#11457)
REPRESENTATION_RELATIONSHIP_WITH_TRANSFORMATION(#13)
SHAPE_REPRESENTATION_RELATIONSHIP()
);
#18=(
REPRESENTATION_RELATIONSHIP($,$,#11459,#11457)
REPRESENTATION_RELATIONSHIP_WITH_TRANSFORMATION(#14)
SHAPE_REPRESENTATION_RELATIONSHIP()
);
#19=CONTEXT_DEPENDENT_SHAPE_REPRESENTATION(#15,#11453);
#20=CONTEXT_DEPENDENT_SHAPE_REPRESENTATION(#16,#11454);
#21=CONTEXT_DEPENDENT_SHAPE_REPRESENTATION(#17,#11455);
#22=CONTEXT_DEPENDENT_SHAPE_REPRESENTATION(#18,#11456);
#23=NEXT_ASSEMBLY_USAGE_OCCURRENCE('94017A250:1','94017A250:1',
'94017A250:1',#11461,#11462,'94017A250:1');
#24=NEXT_ASSEMBLY_USAGE_OCCURRENCE('94017A250:2','94017A250:2',
'94017A250:2',#11461,#11462,'94017A250:2');
#25=NEXT_ASSEMBLY_USAGE_OCCURRENCE('94017A250(Mirror):1',
'94017A250(Mirror):1','94017A250(Mirror):1',#11461,#11463,
'94017A250(Mirror):1');
#26=NEXT_ASSEMBLY_USAGE_OCCURRENCE('94017A250(Mirror):2',
'94017A250(Mirror):2','94017A250(Mirror):2',#11461,#11463,
'94017A250(Mirror):2');
#27=SHAPE_REPRESENTATION_RELATIONSHIP('SRR','None',#11458,#30);
#28=SHAPE_REPRESENTATION_RELATIONSHIP('SRR','None',#11459,#31);
#29=SHAPE_REPRESENTATION_RELATIONSHIP('SRR','None',#11457,#32);
#30=ADVANCED_BREP_SHAPE_REPRESENTATION('',(#74,#75),#11440);
#31=ADVANCED_BREP_SHAPE_REPRESENTATION('',(#76,#77),#11441);
#32=ADVANCED_BREP_SHAPE_REPRESENTATION('',(#78,#79,#80,#81,#82,#83,#84,
#85,#86,#87),#11439);
#33=TOROIDAL_SURFACE('',#4258,2.76783339915564,0.52);
#34=TOROIDAL_SURFACE('',#4336,2.76783339915564,0.52);
#35=FACE_BOUND('',#523,.T.);
#36=FACE_BOUND('',#567,.T.);
#37=FACE_BOUND('',#599,.T.);
#38=FACE_BOUND('',#646,.T.);
#39=FACE_BOUND('',#647,.T.);
#40=FACE_BOUND('',#666,.T.);
#41=FACE_BOUND('',#683,.T.);
#42=FACE_BOUND('',#690,.T.);
#43=FACE_BOUND('',#692,.T.);
#44=FACE_BOUND('',#699,.T.);
#45=FACE_BOUND('',#701,.T.);
#46=FACE_BOUND('',#708,.T.);
#47=FACE_BOUND('',#710,.T.);
#48=FACE_BOUND('',#717,.T.);
#49=FACE_BOUND('',#719,.T.);
#50=FACE_BOUND('',#726,.T.);
#51=FACE_BOUND('',#728,.T.);
#52=FACE_BOUND('',#735,.T.);
#53=FACE_BOUND('',#737,.T.);
#54=FACE_BOUND('',#744,.T.);
#55=FACE_BOUND('',#746,.T.);
#56=FACE_BOUND('',#753,.T.);
#57=FACE_BOUND('',#755,.T.);
#58=SPHERICAL_SURFACE('',#4231,7.13675345116591);
#59=SPHERICAL_SURFACE('',#4309,7.13675345116591);
#60=STYLED_ITEM('',(#11476),#74);
#61=STYLED_ITEM('',(#11476),#75);
#62=STYLED_ITEM('',(#11476),#76);
#63=STYLED_ITEM('',(#11476),#77);
#64=STYLED_ITEM('',(#11477),#78);
#65=STYLED_ITEM('',(#11476),#79);
#66=STYLED_ITEM('',(#11476),#80);
#67=STYLED_ITEM('',(#11476),#81);
#68=STYLED_ITEM('',(#11476),#82);
#69=STYLED_ITEM('',(#11476),#83);
#70=STYLED_ITEM('',(#11476),#84);
#71=STYLED_ITEM('',(#11476),#85);
#72=STYLED_ITEM('',(#11476),#86);
#73=STYLED_ITEM('',(#11476),#87);
#74=MANIFOLD_SOLID_BREP('Body1',#4168);
#75=MANIFOLD_SOLID_BREP('Body2',#4169);
#76=MANIFOLD_SOLID_BREP('Body1',#4170);
#77=MANIFOLD_SOLID_BREP('Body2',#4171);
#78=MANIFOLD_SOLID_BREP('Injection Molded',#4172);
#79=MANIFOLD_SOLID_BREP('Heat Sink',#4173);
#80=MANIFOLD_SOLID_BREP('Terminal Base',#4174);
#81=MANIFOLD_SOLID_BREP('Terminal Base 2',#4175);
#82=MANIFOLD_SOLID_BREP('Terminal Clamp',#4176);
#83=MANIFOLD_SOLID_BREP('Terminal Clamp 2',#4177);
#84=MANIFOLD_SOLID_BREP('Terminal Clamp (1)',#4178);
#85=MANIFOLD_SOLID_BREP('Terminal Clamp 2 (1)',#4179);
#86=MANIFOLD_SOLID_BREP('Terminal Base (1)',#4180);
#87=MANIFOLD_SOLID_BREP('Terminal Base 2 (1)',#4181);
#88=(
BOUNDED_CURVE()
B_SPLINE_CURVE(2,(#7015,#7016,#7017,#7018,#7019,#7020,#7021,#7022,#7023,
#7024,#7025,#7026,#7027,#7028,#7029,#7030,#7031,#7032,#7033,#7034,#7035,
#7036,#7037,#7038,#7039,#7040,#7041,#7042,#7043,#7044,#7045,#7046,#7047,
#7048,#7049,#7050,#7051,#7052,#7053,#7054,#7055,#7056,#7057,#7058,#7059,
#7060,#7061,#7062,#7063,#7064,#7065,#7066,#7067,#7068,#7069,#7070,#7071,
#7072,#7073,#7074,#7075,#7076,#7077,#7078,#7079,#7080,#7081,#7082,#7083,
#7084,#7085,#7086,#7087,#7088,#7089,#7090,#7091,#7092,#7093,#7094,#7095,
#7096,#7097,#7098,#7099,#7100,#7101,#7102,#7103,#7104,#7105,#7106,#7107,
#7108,#7109,#7110,#7111,#7112,#7113,#7114,#7115,#7116,#7117,#7118,#7119,
#7120,#7121,#7122,#7123,#7124,#7125,#7126,#7127,#7128,#7129,#7130,#7131,
#7132,#7133,#7134,#7135,#7136,#7137,#7138,#7139,#7140,#7141,#7142,#7143,
#7144,#7145,#7146,#7147,#7148,#7149,#7150,#7151,#7152,#7153),
 .UNSPECIFIED.,.F.,.F.)
B_SPLINE_CURVE_WITH_KNOTS((3,2,2,2,2,2,2,2,2,2,2,2,2,2,2,2,2,2,2,2,2,2,
2,2,2,2,2,2,2,2,2,2,2,2,2,2,2,2,2,2,2,2,2,2,2,2,2,2,2,2,2,2,2,2,2,2,2,2,
2,2,2,2,2,2,2,2,2,2,2,3),(0.039609123183697,0.0416666666666667,0.0520833333333333,
0.0625,0.0729166666666667,0.0833333333333333,0.09375,0.104166666666667,
0.114583333333333,0.125,0.135416666666667,0.145833333333333,0.15625,0.166666666666667,
0.177083333333333,0.1875,0.197916666666667,0.208333333333333,0.21875,0.229166666666667,
0.239583333333333,0.25,0.260416666666667,0.270833333333333,0.28125,0.291666666666667,
0.302083333333333,0.3125,0.322916666666667,0.333333333333333,0.34375,0.354166666666667,
0.364583333333333,0.375,0.385416666666667,0.395833333333333,0.40625,0.416666666666667,
0.427083333333333,0.4375,0.447916666666667,0.458333333333333,0.46875,0.479166666666667,
0.489583333333333,0.5,0.510416666666667,0.520833333333333,0.53125,0.541666666666667,
0.552083333333333,0.5625,0.572916666666667,0.583333333333333,0.59375,0.604166666666667,
0.614583333333333,0.625,0.635416666666667,0.645833333333333,0.65625,0.666666666666667,
0.677083333333333,0.6875,0.697916666666667,0.708333333333333,0.71875,0.729166666666667,
0.739583333333333,0.745486760278742),.UNSPECIFIED.)
CURVE()
GEOMETRIC_REPRESENTATION_ITEM()
RATIONAL_B_SPLINE_CURVE((0.95752780895024,0.973536778496626,1.,0.866025403784439,
1.,0.866025403784439,1.,0.866025403784439,1.,0.866025403784439,1.,0.866025403784439,
1.,0.866025403784439,1.,0.866025403784439,1.,0.866025403784439,1.,0.866025403784439,
1.,0.866025403784439,1.,0.866025403784439,1.,0.866025403784439,1.,0.866025403784439,
1.,0.866025403784439,1.,0.866025403784439,1.,0.866025403784439,1.,0.866025403784439,
1.,0.866025403784439,1.,0.866025403784439,1.,0.866025403784439,1.,0.866025403784439,
1.,0.866025403784439,1.,0.866025403784439,1.,0.866025403784439,1.,0.866025403784439,
1.,0.866025403784439,1.,0.866025403784439,1.,0.866025403784439,1.,0.866025403784439,
1.,0.866025403784439,1.,0.866025403784439,1.,0.866025403784439,1.,0.866025403784439,
1.,0.866025403784439,1.,0.866025403784439,1.,0.866025403784439,1.,0.866025403784439,
1.,0.866025403784439,1.,0.866025403784439,1.,0.866025403784439,1.,0.866025403784439,
1.,0.866025403784439,1.,0.866025403784439,1.,0.866025403784439,1.,0.866025403784439,
1.,0.866025403784439,1.,0.866025403784439,1.,0.866025403784439,1.,0.866025403784439,
1.,0.866025403784439,1.,0.866025403784439,1.,0.866025403784439,1.,0.866025403784439,
1.,0.866025403784439,1.,0.866025403784439,1.,0.866025403784439,1.,0.866025403784439,
1.,0.866025403784439,1.,0.866025403784439,1.,0.866025403784439,1.,0.866025403784439,
1.,0.866025403784439,1.,0.866025403784439,1.,0.866025403784439,1.,0.866025403784439,
1.,0.866025403784439,1.,0.866025403784439,1.,0.924072712835271,0.934205814715038))
REPRESENTATION_ITEM('')
);
#89=(
BOUNDED_CURVE()
B_SPLINE_CURVE(2,(#7524,#7525,#7526,#7527,#7528,#7529,#7530,#7531,#7532,
#7533,#7534,#7535,#7536,#7537,#7538,#7539,#7540,#7541,#7542,#7543,#7544,
#7545,#7546,#7547,#7548,#7549,#7550,#7551,#7552,#7553,#7554,#7555,#7556,
#7557,#7558,#7559,#7560,#7561,#7562,#7563,#7564,#7565,#7566,#7567,#7568,
#7569,#7570,#7571,#7572,#7573,#7574,#7575,#7576,#7577,#7578,#7579,#7580,
#7581,#7582,#7583,#7584,#7585,#7586,#7587,#7588,#7589,#7590,#7591,#7592,
#7593,#7594,#7595,#7596,#7597,#7598,#7599,#7600,#7601,#7602,#7603,#7604,
#7605,#7606,#7607,#7608,#7609,#7610,#7611,#7612,#7613,#7614,#7615,#7616,
#7617,#7618,#7619,#7620,#7621,#7622,#7623,#7624,#7625,#7626,#7627,#7628,
#7629,#7630,#7631,#7632,#7633,#7634,#7635,#7636,#7637,#7638,#7639,#7640,
#7641,#7642,#7643,#7644,#7645,#7646,#7647,#7648,#7649,#7650,#7651,#7652,
#7653,#7654,#7655,#7656,#7657,#7658,#7659,#7660),.UNSPECIFIED.,.F.,.F.)
B_SPLINE_CURVE_WITH_KNOTS((3,2,2,2,2,2,2,2,2,2,2,2,2,2,2,2,2,2,2,2,2,2,
2,2,2,2,2,2,2,2,2,2,2,2,2,2,2,2,2,2,2,2,2,2,2,2,2,2,2,2,2,2,2,2,2,2,2,2,
2,2,2,2,2,2,2,2,2,2,3),(0.0338331868892932,0.0440271419411829,0.0550339274264786,
0.0660407129117744,0.0770474983970701,0.0880542838823659,0.0990610693676617,
0.110067854852957,0.121074640338253,0.132081425823549,0.143088211308845,
0.15409499679414,0.165101782279436,0.176108567764732,0.187115353250028,
0.198122138735323,0.209128924220619,0.220135709705915,0.231142495191211,
0.242149280676506,0.253156066161802,0.264162851647098,0.275169637132394,
0.286176422617689,0.297183208102985,0.308189993588281,0.319196779073577,
0.330203564558872,0.341210350044168,0.352217135529464,0.36322392101476,
0.374230706500055,0.385237491985351,0.396244277470647,0.407251062955943,
0.418257848441238,0.429264633926534,0.44027141941183,0.451278204897126,
0.462284990382421,0.473291775867717,0.484298561353013,0.495305346838309,
0.506312132323604,0.5173189178089,0.528325703294196,0.539332488779491,0.550339274264787,
0.561346059750083,0.572352845235379,0.583359630720675,0.59436641620597,
0.605373201691266,0.616379987176562,0.627386772661858,0.638393558147153,
0.649400343632449,0.660407129117745,0.671413914603041,0.682420700088336,
0.693427485573632,0.704434271058928,0.715441056544224,0.726447842029519,
0.737454627514815,0.748461413000111,0.759468198485407,0.770474983970702,
0.779369248286549),.UNSPECIFIED.)
CURVE()
GEOMETRIC_REPRESENTATION_ITEM()
RATIONAL_B_SPLINE_CURVE((0.981673728440868,0.875919176062709,1.,0.866025403784439,
1.,0.866025403784439,1.,0.866025403784439,1.,0.866025403784439,1.,0.866025403784439,
1.,0.866025403784439,1.,0.866025403784439,1.,0.866025403784439,1.,0.866025403784439,
1.,0.866025403784439,1.,0.866025403784439,1.,0.866025403784439,1.,0.866025403784439,
1.,0.866025403784439,1.,0.866025403784439,1.,0.866025403784439,1.,0.866025403784439,
1.,0.866025403784439,1.,0.866025403784439,1.,0.866025403784439,1.,0.866025403784439,
1.,0.866025403784439,1.,0.866025403784439,1.,0.866025403784439,1.,0.866025403784439,
1.,0.866025403784439,1.,0.866025403784439,1.,0.866025403784439,1.,0.866025403784439,
1.,0.866025403784439,1.,0.866025403784439,1.,0.866025403784439,1.,0.866025403784439,
1.,0.866025403784439,1.,0.866025403784439,1.,0.866025403784439,1.,0.866025403784439,
1.,0.866025403784439,1.,0.866025403784439,1.,0.866025403784439,1.,0.866025403784439,
1.,0.866025403784439,1.,0.866025403784439,1.,0.866025403784439,1.,0.866025403784439,
1.,0.866025403784439,1.,0.866025403784439,1.,0.866025403784439,1.,0.866025403784439,
1.,0.866025403784439,1.,0.866025403784439,1.,0.866025403784439,1.,0.866025403784439,
1.,0.866025403784439,1.,0.866025403784439,1.,0.866025403784439,1.,0.866025403784439,
1.,0.866025403784439,1.,0.866025403784439,1.,0.866025403784439,1.,0.866025403784439,
1.,0.866025403784439,1.,0.866025403784439,1.,0.866025403784439,1.,0.866025403784439,
1.,0.866025403784439,1.,0.891739012090135,0.958443156888893))
REPRESENTATION_ITEM('')
);
#90=(
BOUNDED_CURVE()
B_SPLINE_CURVE(2,(#8032,#8033,#8034),.UNSPECIFIED.,.F.,.F.)
B_SPLINE_CURVE_WITH_KNOTS((3,3),(0.124288932338327,0.311446108922371),
 .UNSPECIFIED.)
CURVE()
GEOMETRIC_REPRESENTATION_ITEM()
RATIONAL_B_SPLINE_CURVE((1.01256063322339,1.01808319229895,1.01175646257183))
REPRESENTATION_ITEM('')
);
#91=(
BOUNDED_CURVE()
B_SPLINE_CURVE(2,(#8037,#8038,#8039),.UNSPECIFIED.,.F.,.F.)
B_SPLINE_CURVE_WITH_KNOTS((3,3),(-0.298744392294153,-0.111587215710361),
 .UNSPECIFIED.)
CURVE()
GEOMETRIC_REPRESENTATION_ITEM()
RATIONAL_B_SPLINE_CURVE((1.01256063321919,1.01808319229304,1.01175646256811))
REPRESENTATION_ITEM('')
);
#92=(
BOUNDED_CURVE()
B_SPLINE_CURVE(2,(#8097,#8098,#8099),.UNSPECIFIED.,.F.,.F.)
B_SPLINE_CURVE_WITH_KNOTS((3,3),(-0.298744392293913,-0.111587215710046),
 .UNSPECIFIED.)
CURVE()
GEOMETRIC_REPRESENTATION_ITEM()
RATIONAL_B_SPLINE_CURVE((1.01256063322005,1.01808319229426,1.01175646256888))
REPRESENTATION_ITEM('')
);
#93=(
BOUNDED_CURVE()
B_SPLINE_CURVE(2,(#8102,#8103,#8104),.UNSPECIFIED.,.F.,.F.)
B_SPLINE_CURVE_WITH_KNOTS((3,3),(0.124288932336868,0.311446108920702),
 .UNSPECIFIED.)
CURVE()
GEOMETRIC_REPRESENTATION_ITEM()
RATIONAL_B_SPLINE_CURVE((1.01256063321958,1.0180831922936,1.01175646256847))
REPRESENTATION_ITEM('')
);
#94=(
BOUNDED_CURVE()
B_SPLINE_CURVE(2,(#8148,#8149,#8150),.UNSPECIFIED.,.F.,.F.)
B_SPLINE_CURVE_WITH_KNOTS((3,3),(-0.298744392292989,-0.111587215708976),
 .UNSPECIFIED.)
CURVE()
GEOMETRIC_REPRESENTATION_ITEM()
RATIONAL_B_SPLINE_CURVE((1.01256063322252,1.01808319229774,1.01175646257108))
REPRESENTATION_ITEM('')
);
#95=(
BOUNDED_CURVE()
B_SPLINE_CURVE(2,(#8151,#8152,#8153),.UNSPECIFIED.,.F.,.F.)
B_SPLINE_CURVE_WITH_KNOTS((3,3),(0.124288932337141,0.311446108921004),
 .UNSPECIFIED.)
CURVE()
GEOMETRIC_REPRESENTATION_ITEM()
RATIONAL_B_SPLINE_CURVE((1.01256063322022,1.0180831922945,1.01175646256904))
REPRESENTATION_ITEM('')
);
#96=(
BOUNDED_CURVE()
B_SPLINE_CURVE(2,(#8162,#8163,#8164),.UNSPECIFIED.,.F.,.F.)
B_SPLINE_CURVE_WITH_KNOTS((3,3),(-0.298744392292508,-0.111587215708434),
 .UNSPECIFIED.)
CURVE()
GEOMETRIC_REPRESENTATION_ITEM()
RATIONAL_B_SPLINE_CURVE((1.01256063322371,1.01808319229941,1.01175646257213))
REPRESENTATION_ITEM('')
);
#97=(
BOUNDED_CURVE()
B_SPLINE_CURVE(2,(#8165,#8166,#8167),.UNSPECIFIED.,.F.,.F.)
B_SPLINE_CURVE_WITH_KNOTS((3,3),(0.124288932337135,0.311446108921021),
 .UNSPECIFIED.)
CURVE()
GEOMETRIC_REPRESENTATION_ITEM()
RATIONAL_B_SPLINE_CURVE((1.01256063322036,1.0180831922947,1.01175646256916))
REPRESENTATION_ITEM('')
);
#98=(
BOUNDED_CURVE()
B_SPLINE_CURVE(2,(#9489,#9490,#9491,#9492,#9493,#9494,#9495,#9496,#9497,
#9498,#9499,#9500,#9501,#9502,#9503,#9504,#9505,#9506,#9507,#9508,#9509,
#9510,#9511,#9512,#9513,#9514,#9515,#9516,#9517,#9518,#9519,#9520,#9521,
#9522,#9523,#9524,#9525,#9526,#9527,#9528,#9529,#9530,#9531,#9532,#9533,
#9534,#9535,#9536,#9537,#9538,#9539,#9540,#9541,#9542,#9543,#9544,#9545,
#9546,#9547,#9548,#9549,#9550,#9551,#9552,#9553,#9554,#9555,#9556,#9557,
#9558,#9559,#9560,#9561,#9562,#9563,#9564,#9565,#9566,#9567,#9568,#9569,
#9570,#9571,#9572,#9573,#9574,#9575,#9576,#9577,#9578,#9579,#9580,#9581,
#9582,#9583,#9584,#9585,#9586,#9587,#9588,#9589,#9590,#9591,#9592,#9593,
#9594,#9595,#9596,#9597,#9598,#9599,#9600,#9601,#9602,#9603,#9604,#9605,
#9606,#9607,#9608,#9609,#9610,#9611,#9612,#9613,#9614,#9615,#9616,#9617,
#9618,#9619,#9620,#9621,#9622,#9623,#9624,#9625,#9626,#9627),
 .UNSPECIFIED.,.F.,.F.)
B_SPLINE_CURVE_WITH_KNOTS((3,2,2,2,2,2,2,2,2,2,2,2,2,2,2,2,2,2,2,2,2,2,
2,2,2,2,2,2,2,2,2,2,2,2,2,2,2,2,2,2,2,2,2,2,2,2,2,2,2,2,2,2,2,2,2,2,2,2,
2,2,2,2,2,2,2,2,2,2,2,3),(0.039609123183697,0.0416666666666667,0.0520833333333333,
0.0625,0.0729166666666667,0.0833333333333333,0.09375,0.104166666666667,
0.114583333333333,0.125,0.135416666666667,0.145833333333333,0.15625,0.166666666666667,
0.177083333333333,0.1875,0.197916666666667,0.208333333333333,0.21875,0.229166666666667,
0.239583333333333,0.25,0.260416666666667,0.270833333333333,0.28125,0.291666666666667,
0.302083333333333,0.3125,0.322916666666667,0.333333333333333,0.34375,0.354166666666667,
0.364583333333333,0.375,0.385416666666667,0.395833333333333,0.40625,0.416666666666667,
0.427083333333333,0.4375,0.447916666666667,0.458333333333333,0.46875,0.479166666666667,
0.489583333333333,0.5,0.510416666666667,0.520833333333333,0.53125,0.541666666666667,
0.552083333333333,0.5625,0.572916666666667,0.583333333333333,0.59375,0.604166666666667,
0.614583333333333,0.625,0.635416666666667,0.645833333333333,0.65625,0.666666666666667,
0.677083333333333,0.6875,0.697916666666667,0.708333333333333,0.71875,0.729166666666667,
0.739583333333333,0.745486760278742),.UNSPECIFIED.)
CURVE()
GEOMETRIC_REPRESENTATION_ITEM()
RATIONAL_B_SPLINE_CURVE((0.95752780895024,0.973536778496626,1.,0.866025403784439,
1.,0.866025403784439,1.,0.866025403784439,1.,0.866025403784439,1.,0.866025403784439,
1.,0.866025403784439,1.,0.866025403784439,1.,0.866025403784439,1.,0.866025403784439,
1.,0.866025403784439,1.,0.866025403784439,1.,0.866025403784439,1.,0.866025403784439,
1.,0.866025403784439,1.,0.866025403784439,1.,0.866025403784439,1.,0.866025403784439,
1.,0.866025403784439,1.,0.866025403784439,1.,0.866025403784439,1.,0.866025403784439,
1.,0.866025403784439,1.,0.866025403784439,1.,0.866025403784439,1.,0.866025403784439,
1.,0.866025403784439,1.,0.866025403784439,1.,0.866025403784439,1.,0.866025403784439,
1.,0.866025403784439,1.,0.866025403784439,1.,0.866025403784439,1.,0.866025403784439,
1.,0.866025403784439,1.,0.866025403784439,1.,0.866025403784439,1.,0.866025403784439,
1.,0.866025403784439,1.,0.866025403784439,1.,0.866025403784439,1.,0.866025403784439,
1.,0.866025403784439,1.,0.866025403784439,1.,0.866025403784439,1.,0.866025403784439,
1.,0.866025403784439,1.,0.866025403784439,1.,0.866025403784439,1.,0.866025403784439,
1.,0.866025403784439,1.,0.866025403784439,1.,0.866025403784439,1.,0.866025403784439,
1.,0.866025403784439,1.,0.866025403784439,1.,0.866025403784439,1.,0.866025403784439,
1.,0.866025403784439,1.,0.866025403784439,1.,0.866025403784439,1.,0.866025403784439,
1.,0.866025403784439,1.,0.866025403784439,1.,0.866025403784439,1.,0.866025403784439,
1.,0.866025403784439,1.,0.866025403784439,1.,0.924072712835271,0.934205814715038))
REPRESENTATION_ITEM('')
);
#99=(
BOUNDED_CURVE()
B_SPLINE_CURVE(2,(#9998,#9999,#10000,#10001,#10002,#10003,#10004,#10005,
#10006,#10007,#10008,#10009,#10010,#10011,#10012,#10013,#10014,#10015,#10016,
#10017,#10018,#10019,#10020,#10021,#10022,#10023,#10024,#10025,#10026,#10027,
#10028,#10029,#10030,#10031,#10032,#10033,#10034,#10035,#10036,#10037,#10038,
#10039,#10040,#10041,#10042,#10043,#10044,#10045,#10046,#10047,#10048,#10049,
#10050,#10051,#10052,#10053,#10054,#10055,#10056,#10057,#10058,#10059,#10060,
#10061,#10062,#10063,#10064,#10065,#10066,#10067,#10068,#10069,#10070,#10071,
#10072,#10073,#10074,#10075,#10076,#10077,#10078,#10079,#10080,#10081,#10082,
#10083,#10084,#10085,#10086,#10087,#10088,#10089,#10090,#10091,#10092,#10093,
#10094,#10095,#10096,#10097,#10098,#10099,#10100,#10101,#10102,#10103,#10104,
#10105,#10106,#10107,#10108,#10109,#10110,#10111,#10112,#10113,#10114,#10115,
#10116,#10117,#10118,#10119,#10120,#10121,#10122,#10123,#10124,#10125,#10126,
#10127,#10128,#10129,#10130,#10131,#10132,#10133,#10134),.UNSPECIFIED.,
 .F.,.F.)
B_SPLINE_CURVE_WITH_KNOTS((3,2,2,2,2,2,2,2,2,2,2,2,2,2,2,2,2,2,2,2,2,2,
2,2,2,2,2,2,2,2,2,2,2,2,2,2,2,2,2,2,2,2,2,2,2,2,2,2,2,2,2,2,2,2,2,2,2,2,
2,2,2,2,2,2,2,2,2,2,3),(0.0338331868892932,0.0440271419411829,0.0550339274264786,
0.0660407129117744,0.0770474983970701,0.0880542838823659,0.0990610693676617,
0.110067854852957,0.121074640338253,0.132081425823549,0.143088211308845,
0.15409499679414,0.165101782279436,0.176108567764732,0.187115353250028,
0.198122138735323,0.209128924220619,0.220135709705915,0.231142495191211,
0.242149280676506,0.253156066161802,0.264162851647098,0.275169637132394,
0.286176422617689,0.297183208102985,0.308189993588281,0.319196779073577,
0.330203564558872,0.341210350044168,0.352217135529464,0.36322392101476,
0.374230706500055,0.385237491985351,0.396244277470647,0.407251062955943,
0.418257848441238,0.429264633926534,0.44027141941183,0.451278204897126,
0.462284990382421,0.473291775867717,0.484298561353013,0.495305346838309,
0.506312132323604,0.5173189178089,0.528325703294196,0.539332488779491,0.550339274264787,
0.561346059750083,0.572352845235379,0.583359630720675,0.59436641620597,
0.605373201691266,0.616379987176562,0.627386772661858,0.638393558147153,
0.649400343632449,0.660407129117745,0.671413914603041,0.682420700088336,
0.693427485573632,0.704434271058928,0.715441056544224,0.726447842029519,
0.737454627514815,0.748461413000111,0.759468198485407,0.770474983970702,
0.779369248286549),.UNSPECIFIED.)
CURVE()
GEOMETRIC_REPRESENTATION_ITEM()
RATIONAL_B_SPLINE_CURVE((0.981673728440868,0.875919176062709,1.,0.866025403784439,
1.,0.866025403784439,1.,0.866025403784439,1.,0.866025403784439,1.,0.866025403784439,
1.,0.866025403784439,1.,0.866025403784439,1.,0.866025403784439,1.,0.866025403784439,
1.,0.866025403784439,1.,0.866025403784439,1.,0.866025403784439,1.,0.866025403784439,
1.,0.866025403784439,1.,0.866025403784439,1.,0.866025403784439,1.,0.866025403784439,
1.,0.866025403784439,1.,0.866025403784439,1.,0.866025403784439,1.,0.866025403784439,
1.,0.866025403784439,1.,0.866025403784439,1.,0.866025403784439,1.,0.866025403784439,
1.,0.866025403784439,1.,0.866025403784439,1.,0.866025403784439,1.,0.866025403784439,
1.,0.866025403784439,1.,0.866025403784439,1.,0.866025403784439,1.,0.866025403784439,
1.,0.866025403784439,1.,0.866025403784439,1.,0.866025403784439,1.,0.866025403784439,
1.,0.866025403784439,1.,0.866025403784439,1.,0.866025403784439,1.,0.866025403784439,
1.,0.866025403784439,1.,0.866025403784439,1.,0.866025403784439,1.,0.866025403784439,
1.,0.866025403784439,1.,0.866025403784439,1.,0.866025403784439,1.,0.866025403784439,
1.,0.866025403784439,1.,0.866025403784439,1.,0.866025403784439,1.,0.866025403784439,
1.,0.866025403784439,1.,0.866025403784439,1.,0.866025403784439,1.,0.866025403784439,
1.,0.866025403784439,1.,0.866025403784439,1.,0.866025403784439,1.,0.866025403784439,
1.,0.866025403784439,1.,0.866025403784439,1.,0.866025403784439,1.,0.866025403784439,
1.,0.866025403784439,1.,0.891739012090135,0.958443156888893))
REPRESENTATION_ITEM('')
);
#100=(
BOUNDED_CURVE()
B_SPLINE_CURVE(2,(#10506,#10507,#10508),.UNSPECIFIED.,.F.,.F.)
B_SPLINE_CURVE_WITH_KNOTS((3,3),(-0.298744392294153,-0.111587215710361),
 .UNSPECIFIED.)
CURVE()
GEOMETRIC_REPRESENTATION_ITEM()
RATIONAL_B_SPLINE_CURVE((1.01256063321919,1.01808319229304,1.01175646256811))
REPRESENTATION_ITEM('')
);
#101=(
BOUNDED_CURVE()
B_SPLINE_CURVE(2,(#10511,#10512,#10513),.UNSPECIFIED.,.F.,.F.)
B_SPLINE_CURVE_WITH_KNOTS((3,3),(0.124288932338327,0.311446108922371),
 .UNSPECIFIED.)
CURVE()
GEOMETRIC_REPRESENTATION_ITEM()
RATIONAL_B_SPLINE_CURVE((1.01256063322339,1.01808319229895,1.01175646257183))
REPRESENTATION_ITEM('')
);
#102=(
BOUNDED_CURVE()
B_SPLINE_CURVE(2,(#10571,#10572,#10573),.UNSPECIFIED.,.F.,.F.)
B_SPLINE_CURVE_WITH_KNOTS((3,3),(0.124288932336868,0.311446108920702),
 .UNSPECIFIED.)
CURVE()
GEOMETRIC_REPRESENTATION_ITEM()
RATIONAL_B_SPLINE_CURVE((1.01256063321958,1.0180831922936,1.01175646256847))
REPRESENTATION_ITEM('')
);
#103=(
BOUNDED_CURVE()
B_SPLINE_CURVE(2,(#10576,#10577,#10578),.UNSPECIFIED.,.F.,.F.)
B_SPLINE_CURVE_WITH_KNOTS((3,3),(-0.298744392293913,-0.111587215710046),
 .UNSPECIFIED.)
CURVE()
GEOMETRIC_REPRESENTATION_ITEM()
RATIONAL_B_SPLINE_CURVE((1.01256063322005,1.01808319229426,1.01175646256888))
REPRESENTATION_ITEM('')
);
#104=(
BOUNDED_CURVE()
B_SPLINE_CURVE(2,(#10622,#10623,#10624),.UNSPECIFIED.,.F.,.F.)
B_SPLINE_CURVE_WITH_KNOTS((3,3),(-0.298744392292989,-0.111587215708976),
 .UNSPECIFIED.)
CURVE()
GEOMETRIC_REPRESENTATION_ITEM()
RATIONAL_B_SPLINE_CURVE((1.01256063322252,1.01808319229774,1.01175646257108))
REPRESENTATION_ITEM('')
);
#105=(
BOUNDED_CURVE()
B_SPLINE_CURVE(2,(#10625,#10626,#10627),.UNSPECIFIED.,.F.,.F.)
B_SPLINE_CURVE_WITH_KNOTS((3,3),(0.124288932337141,0.311446108921004),
 .UNSPECIFIED.)
CURVE()
GEOMETRIC_REPRESENTATION_ITEM()
RATIONAL_B_SPLINE_CURVE((1.01256063322022,1.0180831922945,1.01175646256904))
REPRESENTATION_ITEM('')
);
#106=(
BOUNDED_CURVE()
B_SPLINE_CURVE(2,(#10636,#10637,#10638),.UNSPECIFIED.,.F.,.F.)
B_SPLINE_CURVE_WITH_KNOTS((3,3),(-0.298744392292508,-0.111587215708434),
 .UNSPECIFIED.)
CURVE()
GEOMETRIC_REPRESENTATION_ITEM()
RATIONAL_B_SPLINE_CURVE((1.01256063322371,1.01808319229941,1.01175646257213))
REPRESENTATION_ITEM('')
);
#107=(
BOUNDED_CURVE()
B_SPLINE_CURVE(2,(#10639,#10640,#10641),.UNSPECIFIED.,.F.,.F.)
B_SPLINE_CURVE_WITH_KNOTS((3,3),(0.124288932337135,0.311446108921021),
 .UNSPECIFIED.)
CURVE()
GEOMETRIC_REPRESENTATION_ITEM()
RATIONAL_B_SPLINE_CURVE((1.01256063322036,1.0180831922947,1.01175646256916))
REPRESENTATION_ITEM('')
);
#108=(
BOUNDED_SURFACE()
B_SPLINE_SURFACE(1,2,((#6649,#6650,#6651,#6652,#6653,#6654,#6655,#6656,
#6657,#6658,#6659,#6660,#6661,#6662,#6663,#6664,#6665,#6666,#6667,#6668,
#6669,#6670,#6671,#6672,#6673,#6674,#6675,#6676,#6677,#6678,#6679,#6680,
#6681,#6682,#6683,#6684,#6685,#6686,#6687,#6688,#6689,#6690,#6691,#6692,
#6693,#6694,#6695,#6696,#6697,#6698,#6699,#6700,#6701,#6702,#6703,#6704,
#6705,#6706,#6707,#6708,#6709,#6710,#6711,#6712,#6713,#6714,#6715,#6716,
#6717,#6718,#6719,#6720,#6721,#6722,#6723,#6724,#6725,#6726,#6727,#6728,
#6729,#6730,#6731,#6732,#6733,#6734,#6735,#6736,#6737,#6738,#6739,#6740,
#6741,#6742,#6743,#6744,#6745,#6746,#6747,#6748,#6749,#6750,#6751,#6752,
#6753,#6754,#6755,#6756,#6757,#6758,#6759,#6760,#6761,#6762,#6763,#6764,
#6765,#6766,#6767,#6768,#6769,#6770,#6771,#6772,#6773,#6774,#6775,#6776,
#6777,#6778,#6779,#6780,#6781,#6782,#6783,#6784,#6785,#6786,#6787,#6788,
#6789,#6790,#6791,#6792,#6793,#6794,#6795,#6796,#6797,#6798,#6799,#6800,
#6801,#6802,#6803,#6804,#6805,#6806,#6807,#6808,#6809,#6810,#6811,#6812,
#6813,#6814,#6815,#6816,#6817,#6818,#6819,#6820,#6821,#6822,#6823,#6824,
#6825,#6826,#6827,#6828,#6829,#6830,#6831),(#6832,#6833,#6834,#6835,#6836,
#6837,#6838,#6839,#6840,#6841,#6842,#6843,#6844,#6845,#6846,#6847,#6848,
#6849,#6850,#6851,#6852,#6853,#6854,#6855,#6856,#6857,#6858,#6859,#6860,
#6861,#6862,#6863,#6864,#6865,#6866,#6867,#6868,#6869,#6870,#6871,#6872,
#6873,#6874,#6875,#6876,#6877,#6878,#6879,#6880,#6881,#6882,#6883,#6884,
#6885,#6886,#6887,#6888,#6889,#6890,#6891,#6892,#6893,#6894,#6895,#6896,
#6897,#6898,#6899,#6900,#6901,#6902,#6903,#6904,#6905,#6906,#6907,#6908,
#6909,#6910,#6911,#6912,#6913,#6914,#6915,#6916,#6917,#6918,#6919,#6920,
#6921,#6922,#6923,#6924,#6925,#6926,#6927,#6928,#6929,#6930,#6931,#6932,
#6933,#6934,#6935,#6936,#6937,#6938,#6939,#6940,#6941,#6942,#6943,#6944,
#6945,#6946,#6947,#6948,#6949,#6950,#6951,#6952,#6953,#6954,#6955,#6956,
#6957,#6958,#6959,#6960,#6961,#6962,#6963,#6964,#6965,#6966,#6967,#6968,
#6969,#6970,#6971,#6972,#6973,#6974,#6975,#6976,#6977,#6978,#6979,#6980,
#6981,#6982,#6983,#6984,#6985,#6986,#6987,#6988,#6989,#6990,#6991,#6992,
#6993,#6994,#6995,#6996,#6997,#6998,#6999,#7000,#7001,#7002,#7003,#7004,
#7005,#7006,#7007,#7008,#7009,#7010,#7011,#7012,#7013,#7014)),
 .UNSPECIFIED.,.F.,.F.,.F.)
B_SPLINE_SURFACE_WITH_KNOTS((2,2),(3,2,2,2,2,2,2,2,2,2,2,2,2,2,2,2,2,2,
2,2,2,2,2,2,2,2,2,2,2,2,2,2,2,2,2,2,2,2,2,2,2,2,2,2,2,2,2,2,2,2,2,2,2,2,
2,2,2,2,2,2,2,2,2,2,2,2,2,2,2,2,2,2,2,2,2,2,2,2,2,2,2,2,2,2,2,2,2,2,2,2,
2,3),(0.,1.),(0.,0.0104166666666667,0.0208333333333333,0.03125,0.0416666666666667,
0.0520833333333333,0.0625,0.0729166666666667,0.0833333333333333,0.09375,
0.104166666666667,0.114583333333333,0.125,0.135416666666667,0.145833333333333,
0.15625,0.166666666666667,0.177083333333333,0.1875,0.197916666666667,0.208333333333333,
0.21875,0.229166666666667,0.239583333333333,0.25,0.260416666666667,0.270833333333333,
0.28125,0.291666666666667,0.302083333333333,0.3125,0.322916666666667,0.333333333333333,
0.34375,0.354166666666667,0.364583333333333,0.375,0.385416666666667,0.395833333333333,
0.40625,0.416666666666667,0.427083333333333,0.4375,0.447916666666667,0.458333333333333,
0.46875,0.479166666666667,0.489583333333333,0.5,0.510416666666667,0.520833333333333,
0.53125,0.541666666666667,0.552083333333333,0.5625,0.572916666666667,0.583333333333333,
0.59375,0.604166666666667,0.614583333333333,0.625,0.635416666666667,0.645833333333333,
0.65625,0.666666666666667,0.677083333333333,0.6875,0.697916666666667,0.708333333333333,
0.71875,0.729166666666667,0.739583333333333,0.75,0.760416666666667,0.770833333333333,
0.78125,0.791666666666667,0.802083333333333,0.8125,0.822916666666667,0.833333333333333,
0.84375,0.854166666666667,0.864583333333333,0.875,0.885416666666667,0.895833333333333,
0.90625,0.916666666666667,0.927083333333333,0.9375,0.946385734726301),
 .UNSPECIFIED.)
GEOMETRIC_REPRESENTATION_ITEM()
RATIONAL_B_SPLINE_SURFACE(((1.,0.866025403784439,1.,0.866025403784439,1.,
0.866025403784439,1.,0.866025403784439,1.,0.866025403784439,1.,0.866025403784439,
1.,0.866025403784439,1.,0.866025403784439,1.,0.866025403784439,1.,0.866025403784439,
1.,0.866025403784439,1.,0.866025403784439,1.,0.866025403784439,1.,0.866025403784439,
1.,0.866025403784439,1.,0.866025403784439,1.,0.866025403784439,1.,0.866025403784439,
1.,0.866025403784439,1.,0.866025403784439,1.,0.866025403784439,1.,0.866025403784439,
1.,0.866025403784439,1.,0.866025403784439,1.,0.866025403784439,1.,0.866025403784439,
1.,0.866025403784439,1.,0.866025403784439,1.,0.866025403784439,1.,0.866025403784439,
1.,0.866025403784439,1.,0.866025403784439,1.,0.866025403784439,1.,0.866025403784439,
1.,0.866025403784439,1.,0.866025403784439,1.,0.866025403784439,1.,0.866025403784439,
1.,0.866025403784439,1.,0.866025403784439,1.,0.866025403784439,1.,0.866025403784439,
1.,0.866025403784439,1.,0.866025403784439,1.,0.866025403784439,1.,0.866025403784439,
1.,0.866025403784439,1.,0.866025403784439,1.,0.866025403784439,1.,0.866025403784439,
1.,0.866025403784439,1.,0.866025403784439,1.,0.866025403784439,1.,0.866025403784439,
1.,0.866025403784439,1.,0.866025403784439,1.,0.866025403784439,1.,0.866025403784439,
1.,0.866025403784439,1.,0.866025403784439,1.,0.866025403784439,1.,0.866025403784439,
1.,0.866025403784439,1.,0.866025403784439,1.,0.866025403784439,1.,0.866025403784439,
1.,0.866025403784439,1.,0.866025403784439,1.,0.866025403784439,1.,0.866025403784439,
1.,0.866025403784439,1.,0.866025403784439,1.,0.866025403784439,1.,0.866025403784439,
1.,0.866025403784439,1.,0.866025403784439,1.,0.866025403784439,1.,0.866025403784439,
1.,0.866025403784439,1.,0.866025403784439,1.,0.866025403784439,1.,0.866025403784439,
1.,0.866025403784439,1.,0.866025403784439,1.,0.866025403784439,1.,0.866025403784439,
1.,0.866025403784439,1.,0.866025403784439,1.,0.866025403784439,1.,0.866025403784439,
1.,0.885715578684667,0.966407359191445),(1.,0.866025403784439,1.,0.866025403784439,
1.,0.866025403784439,1.,0.866025403784439,1.,0.866025403784439,1.,0.866025403784439,
1.,0.866025403784439,1.,0.866025403784439,1.,0.866025403784439,1.,0.866025403784439,
1.,0.866025403784439,1.,0.866025403784439,1.,0.866025403784439,1.,0.866025403784439,
1.,0.866025403784439,1.,0.866025403784439,1.,0.866025403784439,1.,0.866025403784439,
1.,0.866025403784439,1.,0.866025403784439,1.,0.866025403784439,1.,0.866025403784439,
1.,0.866025403784439,1.,0.866025403784439,1.,0.866025403784439,1.,0.866025403784439,
1.,0.866025403784439,1.,0.866025403784439,1.,0.866025403784439,1.,0.866025403784439,
1.,0.866025403784439,1.,0.866025403784439,1.,0.866025403784439,1.,0.866025403784439,
1.,0.866025403784439,1.,0.866025403784439,1.,0.866025403784439,1.,0.866025403784439,
1.,0.866025403784439,1.,0.866025403784439,1.,0.866025403784439,1.,0.866025403784439,
1.,0.866025403784439,1.,0.866025403784439,1.,0.866025403784439,1.,0.866025403784439,
1.,0.866025403784439,1.,0.866025403784439,1.,0.866025403784439,1.,0.866025403784439,
1.,0.866025403784439,1.,0.866025403784439,1.,0.866025403784439,1.,0.866025403784439,
1.,0.866025403784439,1.,0.866025403784439,1.,0.866025403784439,1.,0.866025403784439,
1.,0.866025403784439,1.,0.866025403784439,1.,0.866025403784439,1.,0.866025403784439,
1.,0.866025403784439,1.,0.866025403784439,1.,0.866025403784439,1.,0.866025403784439,
1.,0.866025403784439,1.,0.866025403784439,1.,0.866025403784439,1.,0.866025403784439,
1.,0.866025403784439,1.,0.866025403784439,1.,0.866025403784439,1.,0.866025403784439,
1.,0.866025403784439,1.,0.866025403784439,1.,0.866025403784439,1.,0.866025403784439,
1.,0.866025403784439,1.,0.866025403784439,1.,0.866025403784439,1.,0.866025403784439,
1.,0.866025403784439,1.,0.866025403784439,1.,0.866025403784439,1.,0.866025403784439,
1.,0.866025403784439,1.,0.866025403784439,1.,0.866025403784439,1.,0.866025403784439,
1.,0.885715578684667,0.966407359191445)))
REPRESENTATION_ITEM('')
SURFACE()
);
#109=(
BOUNDED_SURFACE()
B_SPLINE_SURFACE(1,2,((#7154,#7155,#7156,#7157,#7158,#7159,#7160,#7161,
#7162,#7163,#7164,#7165,#7166,#7167,#7168,#7169,#7170,#7171,#7172,#7173,
#7174,#7175,#7176,#7177,#7178,#7179,#7180,#7181,#7182,#7183,#7184,#7185,
#7186,#7187,#7188,#7189,#7190,#7191,#7192,#7193,#7194,#7195,#7196,#7197,
#7198,#7199,#7200,#7201,#7202,#7203,#7204,#7205,#7206,#7207,#7208,#7209,
#7210,#7211,#7212,#7213,#7214,#7215,#7216,#7217,#7218,#7219,#7220,#7221,
#7222,#7223,#7224,#7225,#7226,#7227,#7228,#7229,#7230,#7231,#7232,#7233,
#7234,#7235,#7236,#7237,#7238,#7239,#7240,#7241,#7242,#7243,#7244,#7245,
#7246,#7247,#7248,#7249,#7250,#7251,#7252,#7253,#7254,#7255,#7256,#7257,
#7258,#7259,#7260,#7261,#7262,#7263,#7264,#7265,#7266,#7267,#7268,#7269,
#7270,#7271,#7272,#7273,#7274,#7275,#7276,#7277,#7278,#7279,#7280,#7281,
#7282,#7283,#7284,#7285,#7286,#7287,#7288,#7289,#7290,#7291,#7292,#7293,
#7294,#7295,#7296,#7297,#7298,#7299,#7300,#7301,#7302,#7303,#7304,#7305,
#7306,#7307,#7308,#7309,#7310,#7311,#7312,#7313,#7314,#7315,#7316,#7317,
#7318,#7319,#7320,#7321,#7322,#7323,#7324,#7325,#7326,#7327,#7328,#7329,
#7330,#7331,#7332,#7333,#7334,#7335,#7336,#7337,#7338),(#7339,#7340,#7341,
#7342,#7343,#7344,#7345,#7346,#7347,#7348,#7349,#7350,#7351,#7352,#7353,
#7354,#7355,#7356,#7357,#7358,#7359,#7360,#7361,#7362,#7363,#7364,#7365,
#7366,#7367,#7368,#7369,#7370,#7371,#7372,#7373,#7374,#7375,#7376,#7377,
#7378,#7379,#7380,#7381,#7382,#7383,#7384,#7385,#7386,#7387,#7388,#7389,
#7390,#7391,#7392,#7393,#7394,#7395,#7396,#7397,#7398,#7399,#7400,#7401,
#7402,#7403,#7404,#7405,#7406,#7407,#7408,#7409,#7410,#7411,#7412,#7413,
#7414,#7415,#7416,#7417,#7418,#7419,#7420,#7421,#7422,#7423,#7424,#7425,
#7426,#7427,#7428,#7429,#7430,#7431,#7432,#7433,#7434,#7435,#7436,#7437,
#7438,#7439,#7440,#7441,#7442,#7443,#7444,#7445,#7446,#7447,#7448,#7449,
#7450,#7451,#7452,#7453,#7454,#7455,#7456,#7457,#7458,#7459,#7460,#7461,
#7462,#7463,#7464,#7465,#7466,#7467,#7468,#7469,#7470,#7471,#7472,#7473,
#7474,#7475,#7476,#7477,#7478,#7479,#7480,#7481,#7482,#7483,#7484,#7485,
#7486,#7487,#7488,#7489,#7490,#7491,#7492,#7493,#7494,#7495,#7496,#7497,
#7498,#7499,#7500,#7501,#7502,#7503,#7504,#7505,#7506,#7507,#7508,#7509,
#7510,#7511,#7512,#7513,#7514,#7515,#7516,#7517,#7518,#7519,#7520,#7521,
#7522,#7523)),.UNSPECIFIED.,.F.,.F.,.F.)
B_SPLINE_SURFACE_WITH_KNOTS((2,2),(3,2,2,2,2,2,2,2,2,2,2,2,2,2,2,2,2,2,
2,2,2,2,2,2,2,2,2,2,2,2,2,2,2,2,2,2,2,2,2,2,2,2,2,2,2,2,2,2,2,2,2,2,2,2,
2,2,2,2,2,2,2,2,2,2,2,2,2,2,2,2,2,2,2,2,2,2,2,2,2,2,2,2,2,2,2,2,2,2,2,2,
2,2,3),(-0.000115799413558137,1.00011579941356),(0.,0.0104166666666667,
0.0208333333333333,0.03125,0.0416666666666667,0.0520833333333333,0.0625,
0.0729166666666667,0.0833333333333333,0.09375,0.104166666666667,0.114583333333333,
0.125,0.135416666666667,0.145833333333333,0.15625,0.166666666666667,0.177083333333333,
0.1875,0.197916666666667,0.208333333333333,0.21875,0.229166666666667,0.239583333333333,
0.25,0.260416666666667,0.270833333333333,0.28125,0.291666666666667,0.302083333333333,
0.3125,0.322916666666667,0.333333333333333,0.34375,0.354166666666667,0.364583333333333,
0.375,0.385416666666667,0.395833333333333,0.40625,0.416666666666667,0.427083333333333,
0.4375,0.447916666666667,0.458333333333333,0.46875,0.479166666666667,0.489583333333333,
0.5,0.510416666666667,0.520833333333333,0.53125,0.541666666666667,0.552083333333333,
0.5625,0.572916666666667,0.583333333333333,0.59375,0.604166666666667,0.614583333333333,
0.625,0.635416666666667,0.645833333333333,0.65625,0.666666666666667,0.677083333333333,
0.6875,0.697916666666667,0.708333333333333,0.71875,0.729166666666667,0.739583333333333,
0.75,0.760416666666667,0.770833333333333,0.78125,0.791666666666667,0.802083333333333,
0.8125,0.822916666666667,0.833333333333333,0.84375,0.854166666666667,0.864583333333333,
0.875,0.885416666666667,0.895833333333333,0.90625,0.916666666666667,0.927083333333333,
0.9375,0.946385734726301,0.955849592073564),.UNSPECIFIED.)
GEOMETRIC_REPRESENTATION_ITEM()
RATIONAL_B_SPLINE_SURFACE(((1.,0.866025403784439,1.,0.866025403784439,1.,
0.866025403784439,1.,0.866025403784439,1.,0.866025403784439,1.,0.866025403784439,
1.,0.866025403784439,1.,0.866025403784439,1.,0.866025403784439,1.,0.866025403784439,
1.,0.866025403784439,1.,0.866025403784439,1.,0.866025403784439,1.,0.866025403784439,
1.,0.866025403784439,1.,0.866025403784439,1.,0.866025403784439,1.,0.866025403784439,
1.,0.866025403784439,1.,0.866025403784439,1.,0.866025403784439,1.,0.866025403784439,
1.,0.866025403784439,1.,0.866025403784439,1.,0.866025403784439,1.,0.866025403784439,
1.,0.866025403784439,1.,0.866025403784439,1.,0.866025403784439,1.,0.866025403784439,
1.,0.866025403784439,1.,0.866025403784439,1.,0.866025403784439,1.,0.866025403784439,
1.,0.866025403784439,1.,0.866025403784439,1.,0.866025403784439,1.,0.866025403784439,
1.,0.866025403784439,1.,0.866025403784439,1.,0.866025403784439,1.,0.866025403784439,
1.,0.866025403784439,1.,0.866025403784439,1.,0.866025403784439,1.,0.866025403784439,
1.,0.866025403784439,1.,0.866025403784439,1.,0.866025403784439,1.,0.866025403784439,
1.,0.866025403784439,1.,0.866025403784439,1.,0.866025403784439,1.,0.866025403784439,
1.,0.866025403784439,1.,0.866025403784439,1.,0.866025403784439,1.,0.866025403784439,
1.,0.866025403784439,1.,0.866025403784439,1.,0.866025403784439,1.,0.866025403784439,
1.,0.866025403784439,1.,0.866025403784439,1.,0.866025403784439,1.,0.866025403784439,
1.,0.866025403784439,1.,0.866025403784439,1.,0.866025403784439,1.,0.866025403784439,
1.,0.866025403784439,1.,0.866025403784439,1.,0.866025403784439,1.,0.866025403784439,
1.,0.866025403784439,1.,0.866025403784439,1.,0.866025403784439,1.,0.866025403784439,
1.,0.866025403784439,1.,0.866025403784439,1.,0.866025403784439,1.,0.866025403784439,
1.,0.866025403784439,1.,0.866025403784439,1.,0.866025403784439,1.,0.866025403784439,
1.,0.866025403784439,1.,0.866025403784439,1.,0.866025403784439,1.,0.866025403784439,
1.,0.885715578684667,0.966407359191445,0.966407359191445,0.966407359191445),
(1.,0.866025403784439,1.,0.866025403784439,1.,0.866025403784439,1.,0.866025403784439,
1.,0.866025403784439,1.,0.866025403784439,1.,0.866025403784439,1.,0.866025403784439,
1.,0.866025403784439,1.,0.866025403784439,1.,0.866025403784439,1.,0.866025403784439,
1.,0.866025403784439,1.,0.866025403784439,1.,0.866025403784439,1.,0.866025403784439,
1.,0.866025403784439,1.,0.866025403784439,1.,0.866025403784439,1.,0.866025403784439,
1.,0.866025403784439,1.,0.866025403784439,1.,0.866025403784439,1.,0.866025403784439,
1.,0.866025403784439,1.,0.866025403784439,1.,0.866025403784439,1.,0.866025403784439,
1.,0.866025403784439,1.,0.866025403784439,1.,0.866025403784439,1.,0.866025403784439,
1.,0.866025403784439,1.,0.866025403784439,1.,0.866025403784439,1.,0.866025403784439,
1.,0.866025403784439,1.,0.866025403784439,1.,0.866025403784439,1.,0.866025403784439,
1.,0.866025403784439,1.,0.866025403784439,1.,0.866025403784439,1.,0.866025403784439,
1.,0.866025403784439,1.,0.866025403784439,1.,0.866025403784439,1.,0.866025403784439,
1.,0.866025403784439,1.,0.866025403784439,1.,0.866025403784439,1.,0.866025403784439,
1.,0.866025403784439,1.,0.866025403784439,1.,0.866025403784439,1.,0.866025403784439,
1.,0.866025403784439,1.,0.866025403784439,1.,0.866025403784439,1.,0.866025403784439,
1.,0.866025403784439,1.,0.866025403784439,1.,0.866025403784439,1.,0.866025403784439,
1.,0.866025403784439,1.,0.866025403784439,1.,0.866025403784439,1.,0.866025403784439,
1.,0.866025403784439,1.,0.866025403784439,1.,0.866025403784439,1.,0.866025403784439,
1.,0.866025403784439,1.,0.866025403784439,1.,0.866025403784439,1.,0.866025403784439,
1.,0.866025403784439,1.,0.866025403784439,1.,0.866025403784439,1.,0.866025403784439,
1.,0.866025403784439,1.,0.866025403784439,1.,0.866025403784439,1.,0.866025403784439,
1.,0.866025403784439,1.,0.866025403784439,1.,0.866025403784439,1.,0.866025403784439,
1.,0.866025403784439,1.,0.866025403784439,1.,0.885715578684667,0.966407359191445,
0.966407359191445,0.966407359191445)))
REPRESENTATION_ITEM('')
SURFACE()
);
#110=(
BOUNDED_SURFACE()
B_SPLINE_SURFACE(1,2,((#7661,#7662,#7663,#7664,#7665,#7666,#7667,#7668,
#7669,#7670,#7671,#7672,#7673,#7674,#7675,#7676,#7677,#7678,#7679,#7680,
#7681,#7682,#7683,#7684,#7685,#7686,#7687,#7688,#7689,#7690,#7691,#7692,
#7693,#7694,#7695,#7696,#7697,#7698,#7699,#7700,#7701,#7702,#7703,#7704,
#7705,#7706,#7707,#7708,#7709,#7710,#7711,#7712,#7713,#7714,#7715,#7716,
#7717,#7718,#7719,#7720,#7721,#7722,#7723,#7724,#7725,#7726,#7727,#7728,
#7729,#7730,#7731,#7732,#7733,#7734,#7735,#7736,#7737,#7738,#7739,#7740,
#7741,#7742,#7743,#7744,#7745,#7746,#7747,#7748,#7749,#7750,#7751,#7752,
#7753,#7754,#7755,#7756,#7757,#7758,#7759,#7760,#7761,#7762,#7763,#7764,
#7765,#7766,#7767,#7768,#7769,#7770,#7771,#7772,#7773,#7774,#7775,#7776,
#7777,#7778,#7779,#7780,#7781,#7782,#7783,#7784,#7785,#7786,#7787,#7788,
#7789,#7790,#7791,#7792,#7793,#7794,#7795,#7796,#7797,#7798,#7799,#7800,
#7801,#7802,#7803,#7804,#7805,#7806,#7807,#7808,#7809,#7810,#7811,#7812,
#7813,#7814,#7815,#7816,#7817,#7818,#7819,#7820,#7821,#7822,#7823,#7824,
#7825,#7826,#7827,#7828,#7829,#7830,#7831,#7832,#7833,#7834,#7835,#7836,
#7837,#7838,#7839,#7840,#7841,#7842,#7843),(#7844,#7845,#7846,#7847,#7848,
#7849,#7850,#7851,#7852,#7853,#7854,#7855,#7856,#7857,#7858,#7859,#7860,
#7861,#7862,#7863,#7864,#7865,#7866,#7867,#7868,#7869,#7870,#7871,#7872,
#7873,#7874,#7875,#7876,#7877,#7878,#7879,#7880,#7881,#7882,#7883,#7884,
#7885,#7886,#7887,#7888,#7889,#7890,#7891,#7892,#7893,#7894,#7895,#7896,
#7897,#7898,#7899,#7900,#7901,#7902,#7903,#7904,#7905,#7906,#7907,#7908,
#7909,#7910,#7911,#7912,#7913,#7914,#7915,#7916,#7917,#7918,#7919,#7920,
#7921,#7922,#7923,#7924,#7925,#7926,#7927,#7928,#7929,#7930,#7931,#7932,
#7933,#7934,#7935,#7936,#7937,#7938,#7939,#7940,#7941,#7942,#7943,#7944,
#7945,#7946,#7947,#7948,#7949,#7950,#7951,#7952,#7953,#7954,#7955,#7956,
#7957,#7958,#7959,#7960,#7961,#7962,#7963,#7964,#7965,#7966,#7967,#7968,
#7969,#7970,#7971,#7972,#7973,#7974,#7975,#7976,#7977,#7978,#7979,#7980,
#7981,#7982,#7983,#7984,#7985,#7986,#7987,#7988,#7989,#7990,#7991,#7992,
#7993,#7994,#7995,#7996,#7997,#7998,#7999,#8000,#8001,#8002,#8003,#8004,
#8005,#8006,#8007,#8008,#8009,#8010,#8011,#8012,#8013,#8014,#8015,#8016,
#8017,#8018,#8019,#8020,#8021,#8022,#8023,#8024,#8025,#8026)),
 .UNSPECIFIED.,.F.,.F.,.F.)
B_SPLINE_SURFACE_WITH_KNOTS((2,2),(3,2,2,2,2,2,2,2,2,2,2,2,2,2,2,2,2,2,
2,2,2,2,2,2,2,2,2,2,2,2,2,2,2,2,2,2,2,2,2,2,2,2,2,2,2,2,2,2,2,2,2,2,2,2,
2,2,2,2,2,2,2,2,2,2,2,2,2,2,2,2,2,2,2,2,2,2,2,2,2,2,2,2,2,2,2,2,2,2,2,2,
2,3),(0.,1.),(0.,0.0104166666666667,0.0208333333333333,0.03125,0.0416666666666667,
0.0520833333333333,0.0625,0.0729166666666667,0.0833333333333333,0.09375,
0.104166666666667,0.114583333333333,0.125,0.135416666666667,0.145833333333333,
0.15625,0.166666666666667,0.177083333333333,0.1875,0.197916666666667,0.208333333333333,
0.21875,0.229166666666667,0.239583333333333,0.25,0.260416666666667,0.270833333333333,
0.28125,0.291666666666667,0.302083333333333,0.3125,0.322916666666667,0.333333333333333,
0.34375,0.354166666666667,0.364583333333333,0.375,0.385416666666667,0.395833333333333,
0.40625,0.416666666666667,0.427083333333333,0.4375,0.447916666666667,0.458333333333333,
0.46875,0.479166666666667,0.489583333333333,0.5,0.510416666666667,0.520833333333333,
0.53125,0.541666666666667,0.552083333333333,0.5625,0.572916666666667,0.583333333333333,
0.59375,0.604166666666667,0.614583333333333,0.625,0.635416666666667,0.645833333333333,
0.65625,0.666666666666667,0.677083333333333,0.6875,0.697916666666667,0.708333333333333,
0.71875,0.729166666666667,0.739583333333333,0.75,0.760416666666667,0.770833333333333,
0.78125,0.791666666666667,0.802083333333333,0.8125,0.822916666666667,0.833333333333333,
0.84375,0.854166666666667,0.864583333333333,0.875,0.885416666666667,0.895833333333333,
0.90625,0.916666666666667,0.927083333333333,0.9375,0.946385907182673),
 .UNSPECIFIED.)
GEOMETRIC_REPRESENTATION_ITEM()
RATIONAL_B_SPLINE_SURFACE(((1.,0.866025403784439,1.,0.866025403784439,1.,
0.866025403784439,1.,0.866025403784439,1.,0.866025403784439,1.,0.866025403784439,
1.,0.866025403784439,1.,0.866025403784439,1.,0.866025403784439,1.,0.866025403784439,
1.,0.866025403784439,1.,0.866025403784439,1.,0.866025403784439,1.,0.866025403784439,
1.,0.866025403784439,1.,0.866025403784439,1.,0.866025403784439,1.,0.866025403784439,
1.,0.866025403784439,1.,0.866025403784439,1.,0.866025403784439,1.,0.866025403784439,
1.,0.866025403784439,1.,0.866025403784439,1.,0.866025403784439,1.,0.866025403784439,
1.,0.866025403784439,1.,0.866025403784439,1.,0.866025403784439,1.,0.866025403784439,
1.,0.866025403784439,1.,0.866025403784439,1.,0.866025403784439,1.,0.866025403784439,
1.,0.866025403784439,1.,0.866025403784439,1.,0.866025403784439,1.,0.866025403784439,
1.,0.866025403784439,1.,0.866025403784439,1.,0.866025403784439,1.,0.866025403784439,
1.,0.866025403784439,1.,0.866025403784439,1.,0.866025403784439,1.,0.866025403784439,
1.,0.866025403784439,1.,0.866025403784439,1.,0.866025403784439,1.,0.866025403784439,
1.,0.866025403784439,1.,0.866025403784439,1.,0.866025403784439,1.,0.866025403784439,
1.,0.866025403784439,1.,0.866025403784439,1.,0.866025403784439,1.,0.866025403784439,
1.,0.866025403784439,1.,0.866025403784439,1.,0.866025403784439,1.,0.866025403784439,
1.,0.866025403784439,1.,0.866025403784439,1.,0.866025403784439,1.,0.866025403784439,
1.,0.866025403784439,1.,0.866025403784439,1.,0.866025403784439,1.,0.866025403784439,
1.,0.866025403784439,1.,0.866025403784439,1.,0.866025403784439,1.,0.866025403784439,
1.,0.866025403784439,1.,0.866025403784439,1.,0.866025403784439,1.,0.866025403784439,
1.,0.866025403784439,1.,0.866025403784439,1.,0.866025403784439,1.,0.866025403784439,
1.,0.866025403784439,1.,0.866025403784439,1.,0.866025403784439,1.,0.866025403784439,
1.,0.866025403784439,1.,0.866025403784439,1.,0.866025403784439,1.,0.866025403784439,
1.,0.885713360626468,0.966410491433967),(1.,0.866025403784439,1.,0.866025403784439,
1.,0.866025403784439,1.,0.866025403784439,1.,0.866025403784439,1.,0.866025403784439,
1.,0.866025403784439,1.,0.866025403784439,1.,0.866025403784439,1.,0.866025403784439,
1.,0.866025403784439,1.,0.866025403784439,1.,0.866025403784439,1.,0.866025403784439,
1.,0.866025403784439,1.,0.866025403784439,1.,0.866025403784439,1.,0.866025403784439,
1.,0.866025403784439,1.,0.866025403784439,1.,0.866025403784439,1.,0.866025403784439,
1.,0.866025403784439,1.,0.866025403784439,1.,0.866025403784439,1.,0.866025403784439,
1.,0.866025403784439,1.,0.866025403784439,1.,0.866025403784439,1.,0.866025403784439,
1.,0.866025403784439,1.,0.866025403784439,1.,0.866025403784439,1.,0.866025403784439,
1.,0.866025403784439,1.,0.866025403784439,1.,0.866025403784439,1.,0.866025403784439,
1.,0.866025403784439,1.,0.866025403784439,1.,0.866025403784439,1.,0.866025403784439,
1.,0.866025403784439,1.,0.866025403784439,1.,0.866025403784439,1.,0.866025403784439,
1.,0.866025403784439,1.,0.866025403784439,1.,0.866025403784439,1.,0.866025403784439,
1.,0.866025403784439,1.,0.866025403784439,1.,0.866025403784439,1.,0.866025403784439,
1.,0.866025403784439,1.,0.866025403784439,1.,0.866025403784439,1.,0.866025403784439,
1.,0.866025403784439,1.,0.866025403784439,1.,0.866025403784439,1.,0.866025403784439,
1.,0.866025403784439,1.,0.866025403784439,1.,0.866025403784439,1.,0.866025403784439,
1.,0.866025403784439,1.,0.866025403784439,1.,0.866025403784439,1.,0.866025403784439,
1.,0.866025403784439,1.,0.866025403784439,1.,0.866025403784439,1.,0.866025403784439,
1.,0.866025403784439,1.,0.866025403784439,1.,0.866025403784439,1.,0.866025403784439,
1.,0.866025403784439,1.,0.866025403784439,1.,0.866025403784439,1.,0.866025403784439,
1.,0.866025403784439,1.,0.866025403784439,1.,0.866025403784439,1.,0.866025403784439,
1.,0.866025403784439,1.,0.866025403784439,1.,0.866025403784439,1.,0.866025403784439,
1.,0.885713360626468,0.966410491433967)))
REPRESENTATION_ITEM('')
SURFACE()
);
#111=(
BOUNDED_SURFACE()
B_SPLINE_SURFACE(1,2,((#9123,#9124,#9125,#9126,#9127,#9128,#9129,#9130,
#9131,#9132,#9133,#9134,#9135,#9136,#9137,#9138,#9139,#9140,#9141,#9142,
#9143,#9144,#9145,#9146,#9147,#9148,#9149,#9150,#9151,#9152,#9153,#9154,
#9155,#9156,#9157,#9158,#9159,#9160,#9161,#9162,#9163,#9164,#9165,#9166,
#9167,#9168,#9169,#9170,#9171,#9172,#9173,#9174,#9175,#9176,#9177,#9178,
#9179,#9180,#9181,#9182,#9183,#9184,#9185,#9186,#9187,#9188,#9189,#9190,
#9191,#9192,#9193,#9194,#9195,#9196,#9197,#9198,#9199,#9200,#9201,#9202,
#9203,#9204,#9205,#9206,#9207,#9208,#9209,#9210,#9211,#9212,#9213,#9214,
#9215,#9216,#9217,#9218,#9219,#9220,#9221,#9222,#9223,#9224,#9225,#9226,
#9227,#9228,#9229,#9230,#9231,#9232,#9233,#9234,#9235,#9236,#9237,#9238,
#9239,#9240,#9241,#9242,#9243,#9244,#9245,#9246,#9247,#9248,#9249,#9250,
#9251,#9252,#9253,#9254,#9255,#9256,#9257,#9258,#9259,#9260,#9261,#9262,
#9263,#9264,#9265,#9266,#9267,#9268,#9269,#9270,#9271,#9272,#9273,#9274,
#9275,#9276,#9277,#9278,#9279,#9280,#9281,#9282,#9283,#9284,#9285,#9286,
#9287,#9288,#9289,#9290,#9291,#9292,#9293,#9294,#9295,#9296,#9297,#9298,
#9299,#9300,#9301,#9302,#9303,#9304,#9305),(#9306,#9307,#9308,#9309,#9310,
#9311,#9312,#9313,#9314,#9315,#9316,#9317,#9318,#9319,#9320,#9321,#9322,
#9323,#9324,#9325,#9326,#9327,#9328,#9329,#9330,#9331,#9332,#9333,#9334,
#9335,#9336,#9337,#9338,#9339,#9340,#9341,#9342,#9343,#9344,#9345,#9346,
#9347,#9348,#9349,#9350,#9351,#9352,#9353,#9354,#9355,#9356,#9357,#9358,
#9359,#9360,#9361,#9362,#9363,#9364,#9365,#9366,#9367,#9368,#9369,#9370,
#9371,#9372,#9373,#9374,#9375,#9376,#9377,#9378,#9379,#9380,#9381,#9382,
#9383,#9384,#9385,#9386,#9387,#9388,#9389,#9390,#9391,#9392,#9393,#9394,
#9395,#9396,#9397,#9398,#9399,#9400,#9401,#9402,#9403,#9404,#9405,#9406,
#9407,#9408,#9409,#9410,#9411,#9412,#9413,#9414,#9415,#9416,#9417,#9418,
#9419,#9420,#9421,#9422,#9423,#9424,#9425,#9426,#9427,#9428,#9429,#9430,
#9431,#9432,#9433,#9434,#9435,#9436,#9437,#9438,#9439,#9440,#9441,#9442,
#9443,#9444,#9445,#9446,#9447,#9448,#9449,#9450,#9451,#9452,#9453,#9454,
#9455,#9456,#9457,#9458,#9459,#9460,#9461,#9462,#9463,#9464,#9465,#9466,
#9467,#9468,#9469,#9470,#9471,#9472,#9473,#9474,#9475,#9476,#9477,#9478,
#9479,#9480,#9481,#9482,#9483,#9484,#9485,#9486,#9487,#9488)),
 .UNSPECIFIED.,.F.,.F.,.F.)
B_SPLINE_SURFACE_WITH_KNOTS((2,2),(3,2,2,2,2,2,2,2,2,2,2,2,2,2,2,2,2,2,
2,2,2,2,2,2,2,2,2,2,2,2,2,2,2,2,2,2,2,2,2,2,2,2,2,2,2,2,2,2,2,2,2,2,2,2,
2,2,2,2,2,2,2,2,2,2,2,2,2,2,2,2,2,2,2,2,2,2,2,2,2,2,2,2,2,2,2,2,2,2,2,2,
2,3),(0.,1.),(0.,0.0104166666666667,0.0208333333333333,0.03125,0.0416666666666667,
0.0520833333333333,0.0625,0.0729166666666667,0.0833333333333333,0.09375,
0.104166666666667,0.114583333333333,0.125,0.135416666666667,0.145833333333333,
0.15625,0.166666666666667,0.177083333333333,0.1875,0.197916666666667,0.208333333333333,
0.21875,0.229166666666667,0.239583333333333,0.25,0.260416666666667,0.270833333333333,
0.28125,0.291666666666667,0.302083333333333,0.3125,0.322916666666667,0.333333333333333,
0.34375,0.354166666666667,0.364583333333333,0.375,0.385416666666667,0.395833333333333,
0.40625,0.416666666666667,0.427083333333333,0.4375,0.447916666666667,0.458333333333333,
0.46875,0.479166666666667,0.489583333333333,0.5,0.510416666666667,0.520833333333333,
0.53125,0.541666666666667,0.552083333333333,0.5625,0.572916666666667,0.583333333333333,
0.59375,0.604166666666667,0.614583333333333,0.625,0.635416666666667,0.645833333333333,
0.65625,0.666666666666667,0.677083333333333,0.6875,0.697916666666667,0.708333333333333,
0.71875,0.729166666666667,0.739583333333333,0.75,0.760416666666667,0.770833333333333,
0.78125,0.791666666666667,0.802083333333333,0.8125,0.822916666666667,0.833333333333333,
0.84375,0.854166666666667,0.864583333333333,0.875,0.885416666666667,0.895833333333333,
0.90625,0.916666666666667,0.927083333333333,0.9375,0.946385734726301),
 .UNSPECIFIED.)
GEOMETRIC_REPRESENTATION_ITEM()
RATIONAL_B_SPLINE_SURFACE(((1.,0.866025403784439,1.,0.866025403784439,1.,
0.866025403784439,1.,0.866025403784439,1.,0.866025403784439,1.,0.866025403784439,
1.,0.866025403784439,1.,0.866025403784439,1.,0.866025403784439,1.,0.866025403784439,
1.,0.866025403784439,1.,0.866025403784439,1.,0.866025403784439,1.,0.866025403784439,
1.,0.866025403784439,1.,0.866025403784439,1.,0.866025403784439,1.,0.866025403784439,
1.,0.866025403784439,1.,0.866025403784439,1.,0.866025403784439,1.,0.866025403784439,
1.,0.866025403784439,1.,0.866025403784439,1.,0.866025403784439,1.,0.866025403784439,
1.,0.866025403784439,1.,0.866025403784439,1.,0.866025403784439,1.,0.866025403784439,
1.,0.866025403784439,1.,0.866025403784439,1.,0.866025403784439,1.,0.866025403784439,
1.,0.866025403784439,1.,0.866025403784439,1.,0.866025403784439,1.,0.866025403784439,
1.,0.866025403784439,1.,0.866025403784439,1.,0.866025403784439,1.,0.866025403784439,
1.,0.866025403784439,1.,0.866025403784439,1.,0.866025403784439,1.,0.866025403784439,
1.,0.866025403784439,1.,0.866025403784439,1.,0.866025403784439,1.,0.866025403784439,
1.,0.866025403784439,1.,0.866025403784439,1.,0.866025403784439,1.,0.866025403784439,
1.,0.866025403784439,1.,0.866025403784439,1.,0.866025403784439,1.,0.866025403784439,
1.,0.866025403784439,1.,0.866025403784439,1.,0.866025403784439,1.,0.866025403784439,
1.,0.866025403784439,1.,0.866025403784439,1.,0.866025403784439,1.,0.866025403784439,
1.,0.866025403784439,1.,0.866025403784439,1.,0.866025403784439,1.,0.866025403784439,
1.,0.866025403784439,1.,0.866025403784439,1.,0.866025403784439,1.,0.866025403784439,
1.,0.866025403784439,1.,0.866025403784439,1.,0.866025403784439,1.,0.866025403784439,
1.,0.866025403784439,1.,0.866025403784439,1.,0.866025403784439,1.,0.866025403784439,
1.,0.866025403784439,1.,0.866025403784439,1.,0.866025403784439,1.,0.866025403784439,
1.,0.866025403784439,1.,0.866025403784439,1.,0.866025403784439,1.,0.866025403784439,
1.,0.885715578684667,0.966407359191445),(1.,0.866025403784439,1.,0.866025403784439,
1.,0.866025403784439,1.,0.866025403784439,1.,0.866025403784439,1.,0.866025403784439,
1.,0.866025403784439,1.,0.866025403784439,1.,0.866025403784439,1.,0.866025403784439,
1.,0.866025403784439,1.,0.866025403784439,1.,0.866025403784439,1.,0.866025403784439,
1.,0.866025403784439,1.,0.866025403784439,1.,0.866025403784439,1.,0.866025403784439,
1.,0.866025403784439,1.,0.866025403784439,1.,0.866025403784439,1.,0.866025403784439,
1.,0.866025403784439,1.,0.866025403784439,1.,0.866025403784439,1.,0.866025403784439,
1.,0.866025403784439,1.,0.866025403784439,1.,0.866025403784439,1.,0.866025403784439,
1.,0.866025403784439,1.,0.866025403784439,1.,0.866025403784439,1.,0.866025403784439,
1.,0.866025403784439,1.,0.866025403784439,1.,0.866025403784439,1.,0.866025403784439,
1.,0.866025403784439,1.,0.866025403784439,1.,0.866025403784439,1.,0.866025403784439,
1.,0.866025403784439,1.,0.866025403784439,1.,0.866025403784439,1.,0.866025403784439,
1.,0.866025403784439,1.,0.866025403784439,1.,0.866025403784439,1.,0.866025403784439,
1.,0.866025403784439,1.,0.866025403784439,1.,0.866025403784439,1.,0.866025403784439,
1.,0.866025403784439,1.,0.866025403784439,1.,0.866025403784439,1.,0.866025403784439,
1.,0.866025403784439,1.,0.866025403784439,1.,0.866025403784439,1.,0.866025403784439,
1.,0.866025403784439,1.,0.866025403784439,1.,0.866025403784439,1.,0.866025403784439,
1.,0.866025403784439,1.,0.866025403784439,1.,0.866025403784439,1.,0.866025403784439,
1.,0.866025403784439,1.,0.866025403784439,1.,0.866025403784439,1.,0.866025403784439,
1.,0.866025403784439,1.,0.866025403784439,1.,0.866025403784439,1.,0.866025403784439,
1.,0.866025403784439,1.,0.866025403784439,1.,0.866025403784439,1.,0.866025403784439,
1.,0.866025403784439,1.,0.866025403784439,1.,0.866025403784439,1.,0.866025403784439,
1.,0.866025403784439,1.,0.866025403784439,1.,0.866025403784439,1.,0.866025403784439,
1.,0.885715578684667,0.966407359191445)))
REPRESENTATION_ITEM('')
SURFACE()
);
#112=(
BOUNDED_SURFACE()
B_SPLINE_SURFACE(1,2,((#9628,#9629,#9630,#9631,#9632,#9633,#9634,#9635,
#9636,#9637,#9638,#9639,#9640,#9641,#9642,#9643,#9644,#9645,#9646,#9647,
#9648,#9649,#9650,#9651,#9652,#9653,#9654,#9655,#9656,#9657,#9658,#9659,
#9660,#9661,#9662,#9663,#9664,#9665,#9666,#9667,#9668,#9669,#9670,#9671,
#9672,#9673,#9674,#9675,#9676,#9677,#9678,#9679,#9680,#9681,#9682,#9683,
#9684,#9685,#9686,#9687,#9688,#9689,#9690,#9691,#9692,#9693,#9694,#9695,
#9696,#9697,#9698,#9699,#9700,#9701,#9702,#9703,#9704,#9705,#9706,#9707,
#9708,#9709,#9710,#9711,#9712,#9713,#9714,#9715,#9716,#9717,#9718,#9719,
#9720,#9721,#9722,#9723,#9724,#9725,#9726,#9727,#9728,#9729,#9730,#9731,
#9732,#9733,#9734,#9735,#9736,#9737,#9738,#9739,#9740,#9741,#9742,#9743,
#9744,#9745,#9746,#9747,#9748,#9749,#9750,#9751,#9752,#9753,#9754,#9755,
#9756,#9757,#9758,#9759,#9760,#9761,#9762,#9763,#9764,#9765,#9766,#9767,
#9768,#9769,#9770,#9771,#9772,#9773,#9774,#9775,#9776,#9777,#9778,#9779,
#9780,#9781,#9782,#9783,#9784,#9785,#9786,#9787,#9788,#9789,#9790,#9791,
#9792,#9793,#9794,#9795,#9796,#9797,#9798,#9799,#9800,#9801,#9802,#9803,
#9804,#9805,#9806,#9807,#9808,#9809,#9810,#9811,#9812),(#9813,#9814,#9815,
#9816,#9817,#9818,#9819,#9820,#9821,#9822,#9823,#9824,#9825,#9826,#9827,
#9828,#9829,#9830,#9831,#9832,#9833,#9834,#9835,#9836,#9837,#9838,#9839,
#9840,#9841,#9842,#9843,#9844,#9845,#9846,#9847,#9848,#9849,#9850,#9851,
#9852,#9853,#9854,#9855,#9856,#9857,#9858,#9859,#9860,#9861,#9862,#9863,
#9864,#9865,#9866,#9867,#9868,#9869,#9870,#9871,#9872,#9873,#9874,#9875,
#9876,#9877,#9878,#9879,#9880,#9881,#9882,#9883,#9884,#9885,#9886,#9887,
#9888,#9889,#9890,#9891,#9892,#9893,#9894,#9895,#9896,#9897,#9898,#9899,
#9900,#9901,#9902,#9903,#9904,#9905,#9906,#9907,#9908,#9909,#9910,#9911,
#9912,#9913,#9914,#9915,#9916,#9917,#9918,#9919,#9920,#9921,#9922,#9923,
#9924,#9925,#9926,#9927,#9928,#9929,#9930,#9931,#9932,#9933,#9934,#9935,
#9936,#9937,#9938,#9939,#9940,#9941,#9942,#9943,#9944,#9945,#9946,#9947,
#9948,#9949,#9950,#9951,#9952,#9953,#9954,#9955,#9956,#9957,#9958,#9959,
#9960,#9961,#9962,#9963,#9964,#9965,#9966,#9967,#9968,#9969,#9970,#9971,
#9972,#9973,#9974,#9975,#9976,#9977,#9978,#9979,#9980,#9981,#9982,#9983,
#9984,#9985,#9986,#9987,#9988,#9989,#9990,#9991,#9992,#9993,#9994,#9995,
#9996,#9997)),.UNSPECIFIED.,.F.,.F.,.F.)
B_SPLINE_SURFACE_WITH_KNOTS((2,2),(3,2,2,2,2,2,2,2,2,2,2,2,2,2,2,2,2,2,
2,2,2,2,2,2,2,2,2,2,2,2,2,2,2,2,2,2,2,2,2,2,2,2,2,2,2,2,2,2,2,2,2,2,2,2,
2,2,2,2,2,2,2,2,2,2,2,2,2,2,2,2,2,2,2,2,2,2,2,2,2,2,2,2,2,2,2,2,2,2,2,2,
2,2,3),(-0.000115799413558137,1.00011579941356),(0.,0.0104166666666667,
0.0208333333333333,0.03125,0.0416666666666667,0.0520833333333333,0.0625,
0.0729166666666667,0.0833333333333333,0.09375,0.104166666666667,0.114583333333333,
0.125,0.135416666666667,0.145833333333333,0.15625,0.166666666666667,0.177083333333333,
0.1875,0.197916666666667,0.208333333333333,0.21875,0.229166666666667,0.239583333333333,
0.25,0.260416666666667,0.270833333333333,0.28125,0.291666666666667,0.302083333333333,
0.3125,0.322916666666667,0.333333333333333,0.34375,0.354166666666667,0.364583333333333,
0.375,0.385416666666667,0.395833333333333,0.40625,0.416666666666667,0.427083333333333,
0.4375,0.447916666666667,0.458333333333333,0.46875,0.479166666666667,0.489583333333333,
0.5,0.510416666666667,0.520833333333333,0.53125,0.541666666666667,0.552083333333333,
0.5625,0.572916666666667,0.583333333333333,0.59375,0.604166666666667,0.614583333333333,
0.625,0.635416666666667,0.645833333333333,0.65625,0.666666666666667,0.677083333333333,
0.6875,0.697916666666667,0.708333333333333,0.71875,0.729166666666667,0.739583333333333,
0.75,0.760416666666667,0.770833333333333,0.78125,0.791666666666667,0.802083333333333,
0.8125,0.822916666666667,0.833333333333333,0.84375,0.854166666666667,0.864583333333333,
0.875,0.885416666666667,0.895833333333333,0.90625,0.916666666666667,0.927083333333333,
0.9375,0.946385734726301,0.955849592073564),.UNSPECIFIED.)
GEOMETRIC_REPRESENTATION_ITEM()
RATIONAL_B_SPLINE_SURFACE(((1.,0.866025403784439,1.,0.866025403784439,1.,
0.866025403784439,1.,0.866025403784439,1.,0.866025403784439,1.,0.866025403784439,
1.,0.866025403784439,1.,0.866025403784439,1.,0.866025403784439,1.,0.866025403784439,
1.,0.866025403784439,1.,0.866025403784439,1.,0.866025403784439,1.,0.866025403784439,
1.,0.866025403784439,1.,0.866025403784439,1.,0.866025403784439,1.,0.866025403784439,
1.,0.866025403784439,1.,0.866025403784439,1.,0.866025403784439,1.,0.866025403784439,
1.,0.866025403784439,1.,0.866025403784439,1.,0.866025403784439,1.,0.866025403784439,
1.,0.866025403784439,1.,0.866025403784439,1.,0.866025403784439,1.,0.866025403784439,
1.,0.866025403784439,1.,0.866025403784439,1.,0.866025403784439,1.,0.866025403784439,
1.,0.866025403784439,1.,0.866025403784439,1.,0.866025403784439,1.,0.866025403784439,
1.,0.866025403784439,1.,0.866025403784439,1.,0.866025403784439,1.,0.866025403784439,
1.,0.866025403784439,1.,0.866025403784439,1.,0.866025403784439,1.,0.866025403784439,
1.,0.866025403784439,1.,0.866025403784439,1.,0.866025403784439,1.,0.866025403784439,
1.,0.866025403784439,1.,0.866025403784439,1.,0.866025403784439,1.,0.866025403784439,
1.,0.866025403784439,1.,0.866025403784439,1.,0.866025403784439,1.,0.866025403784439,
1.,0.866025403784439,1.,0.866025403784439,1.,0.866025403784439,1.,0.866025403784439,
1.,0.866025403784439,1.,0.866025403784439,1.,0.866025403784439,1.,0.866025403784439,
1.,0.866025403784439,1.,0.866025403784439,1.,0.866025403784439,1.,0.866025403784439,
1.,0.866025403784439,1.,0.866025403784439,1.,0.866025403784439,1.,0.866025403784439,
1.,0.866025403784439,1.,0.866025403784439,1.,0.866025403784439,1.,0.866025403784439,
1.,0.866025403784439,1.,0.866025403784439,1.,0.866025403784439,1.,0.866025403784439,
1.,0.866025403784439,1.,0.866025403784439,1.,0.866025403784439,1.,0.866025403784439,
1.,0.866025403784439,1.,0.866025403784439,1.,0.866025403784439,1.,0.866025403784439,
1.,0.885715578684667,0.966407359191445,0.966407359191445,0.966407359191445),
(1.,0.866025403784439,1.,0.866025403784439,1.,0.866025403784439,1.,0.866025403784439,
1.,0.866025403784439,1.,0.866025403784439,1.,0.866025403784439,1.,0.866025403784439,
1.,0.866025403784439,1.,0.866025403784439,1.,0.866025403784439,1.,0.866025403784439,
1.,0.866025403784439,1.,0.866025403784439,1.,0.866025403784439,1.,0.866025403784439,
1.,0.866025403784439,1.,0.866025403784439,1.,0.866025403784439,1.,0.866025403784439,
1.,0.866025403784439,1.,0.866025403784439,1.,0.866025403784439,1.,0.866025403784439,
1.,0.866025403784439,1.,0.866025403784439,1.,0.866025403784439,1.,0.866025403784439,
1.,0.866025403784439,1.,0.866025403784439,1.,0.866025403784439,1.,0.866025403784439,
1.,0.866025403784439,1.,0.866025403784439,1.,0.866025403784439,1.,0.866025403784439,
1.,0.866025403784439,1.,0.866025403784439,1.,0.866025403784439,1.,0.866025403784439,
1.,0.866025403784439,1.,0.866025403784439,1.,0.866025403784439,1.,0.866025403784439,
1.,0.866025403784439,1.,0.866025403784439,1.,0.866025403784439,1.,0.866025403784439,
1.,0.866025403784439,1.,0.866025403784439,1.,0.866025403784439,1.,0.866025403784439,
1.,0.866025403784439,1.,0.866025403784439,1.,0.866025403784439,1.,0.866025403784439,
1.,0.866025403784439,1.,0.866025403784439,1.,0.866025403784439,1.,0.866025403784439,
1.,0.866025403784439,1.,0.866025403784439,1.,0.866025403784439,1.,0.866025403784439,
1.,0.866025403784439,1.,0.866025403784439,1.,0.866025403784439,1.,0.866025403784439,
1.,0.866025403784439,1.,0.866025403784439,1.,0.866025403784439,1.,0.866025403784439,
1.,0.866025403784439,1.,0.866025403784439,1.,0.866025403784439,1.,0.866025403784439,
1.,0.866025403784439,1.,0.866025403784439,1.,0.866025403784439,1.,0.866025403784439,
1.,0.866025403784439,1.,0.866025403784439,1.,0.866025403784439,1.,0.866025403784439,
1.,0.866025403784439,1.,0.866025403784439,1.,0.866025403784439,1.,0.866025403784439,
1.,0.866025403784439,1.,0.866025403784439,1.,0.885715578684667,0.966407359191445,
0.966407359191445,0.966407359191445)))
REPRESENTATION_ITEM('')
SURFACE()
);
#113=(
BOUNDED_SURFACE()
B_SPLINE_SURFACE(1,2,((#10135,#10136,#10137,#10138,#10139,#10140,#10141,
#10142,#10143,#10144,#10145,#10146,#10147,#10148,#10149,#10150,#10151,#10152,
#10153,#10154,#10155,#10156,#10157,#10158,#10159,#10160,#10161,#10162,#10163,
#10164,#10165,#10166,#10167,#10168,#10169,#10170,#10171,#10172,#10173,#10174,
#10175,#10176,#10177,#10178,#10179,#10180,#10181,#10182,#10183,#10184,#10185,
#10186,#10187,#10188,#10189,#10190,#10191,#10192,#10193,#10194,#10195,#10196,
#10197,#10198,#10199,#10200,#10201,#10202,#10203,#10204,#10205,#10206,#10207,
#10208,#10209,#10210,#10211,#10212,#10213,#10214,#10215,#10216,#10217,#10218,
#10219,#10220,#10221,#10222,#10223,#10224,#10225,#10226,#10227,#10228,#10229,
#10230,#10231,#10232,#10233,#10234,#10235,#10236,#10237,#10238,#10239,#10240,
#10241,#10242,#10243,#10244,#10245,#10246,#10247,#10248,#10249,#10250,#10251,
#10252,#10253,#10254,#10255,#10256,#10257,#10258,#10259,#10260,#10261,#10262,
#10263,#10264,#10265,#10266,#10267,#10268,#10269,#10270,#10271,#10272,#10273,
#10274,#10275,#10276,#10277,#10278,#10279,#10280,#10281,#10282,#10283,#10284,
#10285,#10286,#10287,#10288,#10289,#10290,#10291,#10292,#10293,#10294,#10295,
#10296,#10297,#10298,#10299,#10300,#10301,#10302,#10303,#10304,#10305,#10306,
#10307,#10308,#10309,#10310,#10311,#10312,#10313,#10314,#10315,#10316,#10317),
(#10318,#10319,#10320,#10321,#10322,#10323,#10324,#10325,#10326,#10327,
#10328,#10329,#10330,#10331,#10332,#10333,#10334,#10335,#10336,#10337,#10338,
#10339,#10340,#10341,#10342,#10343,#10344,#10345,#10346,#10347,#10348,#10349,
#10350,#10351,#10352,#10353,#10354,#10355,#10356,#10357,#10358,#10359,#10360,
#10361,#10362,#10363,#10364,#10365,#10366,#10367,#10368,#10369,#10370,#10371,
#10372,#10373,#10374,#10375,#10376,#10377,#10378,#10379,#10380,#10381,#10382,
#10383,#10384,#10385,#10386,#10387,#10388,#10389,#10390,#10391,#10392,#10393,
#10394,#10395,#10396,#10397,#10398,#10399,#10400,#10401,#10402,#10403,#10404,
#10405,#10406,#10407,#10408,#10409,#10410,#10411,#10412,#10413,#10414,#10415,
#10416,#10417,#10418,#10419,#10420,#10421,#10422,#10423,#10424,#10425,#10426,
#10427,#10428,#10429,#10430,#10431,#10432,#10433,#10434,#10435,#10436,#10437,
#10438,#10439,#10440,#10441,#10442,#10443,#10444,#10445,#10446,#10447,#10448,
#10449,#10450,#10451,#10452,#10453,#10454,#10455,#10456,#10457,#10458,#10459,
#10460,#10461,#10462,#10463,#10464,#10465,#10466,#10467,#10468,#10469,#10470,
#10471,#10472,#10473,#10474,#10475,#10476,#10477,#10478,#10479,#10480,#10481,
#10482,#10483,#10484,#10485,#10486,#10487,#10488,#10489,#10490,#10491,#10492,
#10493,#10494,#10495,#10496,#10497,#10498,#10499,#10500)),.UNSPECIFIED.,
 .F.,.F.,.F.)
B_SPLINE_SURFACE_WITH_KNOTS((2,2),(3,2,2,2,2,2,2,2,2,2,2,2,2,2,2,2,2,2,
2,2,2,2,2,2,2,2,2,2,2,2,2,2,2,2,2,2,2,2,2,2,2,2,2,2,2,2,2,2,2,2,2,2,2,2,
2,2,2,2,2,2,2,2,2,2,2,2,2,2,2,2,2,2,2,2,2,2,2,2,2,2,2,2,2,2,2,2,2,2,2,2,
2,3),(0.,1.),(0.,0.0104166666666667,0.0208333333333333,0.03125,0.0416666666666667,
0.0520833333333333,0.0625,0.0729166666666667,0.0833333333333333,0.09375,
0.104166666666667,0.114583333333333,0.125,0.135416666666667,0.145833333333333,
0.15625,0.166666666666667,0.177083333333333,0.1875,0.197916666666667,0.208333333333333,
0.21875,0.229166666666667,0.239583333333333,0.25,0.260416666666667,0.270833333333333,
0.28125,0.291666666666667,0.302083333333333,0.3125,0.322916666666667,0.333333333333333,
0.34375,0.354166666666667,0.364583333333333,0.375,0.385416666666667,0.395833333333333,
0.40625,0.416666666666667,0.427083333333333,0.4375,0.447916666666667,0.458333333333333,
0.46875,0.479166666666667,0.489583333333333,0.5,0.510416666666667,0.520833333333333,
0.53125,0.541666666666667,0.552083333333333,0.5625,0.572916666666667,0.583333333333333,
0.59375,0.604166666666667,0.614583333333333,0.625,0.635416666666667,0.645833333333333,
0.65625,0.666666666666667,0.677083333333333,0.6875,0.697916666666667,0.708333333333333,
0.71875,0.729166666666667,0.739583333333333,0.75,0.760416666666667,0.770833333333333,
0.78125,0.791666666666667,0.802083333333333,0.8125,0.822916666666667,0.833333333333333,
0.84375,0.854166666666667,0.864583333333333,0.875,0.885416666666667,0.895833333333333,
0.90625,0.916666666666667,0.927083333333333,0.9375,0.946385907182673),
 .UNSPECIFIED.)
GEOMETRIC_REPRESENTATION_ITEM()
RATIONAL_B_SPLINE_SURFACE(((1.,0.866025403784439,1.,0.866025403784439,1.,
0.866025403784439,1.,0.866025403784439,1.,0.866025403784439,1.,0.866025403784439,
1.,0.866025403784439,1.,0.866025403784439,1.,0.866025403784439,1.,0.866025403784439,
1.,0.866025403784439,1.,0.866025403784439,1.,0.866025403784439,1.,0.866025403784439,
1.,0.866025403784439,1.,0.866025403784439,1.,0.866025403784439,1.,0.866025403784439,
1.,0.866025403784439,1.,0.866025403784439,1.,0.866025403784439,1.,0.866025403784439,
1.,0.866025403784439,1.,0.866025403784439,1.,0.866025403784439,1.,0.866025403784439,
1.,0.866025403784439,1.,0.866025403784439,1.,0.866025403784439,1.,0.866025403784439,
1.,0.866025403784439,1.,0.866025403784439,1.,0.866025403784439,1.,0.866025403784439,
1.,0.866025403784439,1.,0.866025403784439,1.,0.866025403784439,1.,0.866025403784439,
1.,0.866025403784439,1.,0.866025403784439,1.,0.866025403784439,1.,0.866025403784439,
1.,0.866025403784439,1.,0.866025403784439,1.,0.866025403784439,1.,0.866025403784439,
1.,0.866025403784439,1.,0.866025403784439,1.,0.866025403784439,1.,0.866025403784439,
1.,0.866025403784439,1.,0.866025403784439,1.,0.866025403784439,1.,0.866025403784439,
1.,0.866025403784439,1.,0.866025403784439,1.,0.866025403784439,1.,0.866025403784439,
1.,0.866025403784439,1.,0.866025403784439,1.,0.866025403784439,1.,0.866025403784439,
1.,0.866025403784439,1.,0.866025403784439,1.,0.866025403784439,1.,0.866025403784439,
1.,0.866025403784439,1.,0.866025403784439,1.,0.866025403784439,1.,0.866025403784439,
1.,0.866025403784439,1.,0.866025403784439,1.,0.866025403784439,1.,0.866025403784439,
1.,0.866025403784439,1.,0.866025403784439,1.,0.866025403784439,1.,0.866025403784439,
1.,0.866025403784439,1.,0.866025403784439,1.,0.866025403784439,1.,0.866025403784439,
1.,0.866025403784439,1.,0.866025403784439,1.,0.866025403784439,1.,0.866025403784439,
1.,0.866025403784439,1.,0.866025403784439,1.,0.866025403784439,1.,0.866025403784439,
1.,0.885713360626468,0.966410491433967),(1.,0.866025403784439,1.,0.866025403784439,
1.,0.866025403784439,1.,0.866025403784439,1.,0.866025403784439,1.,0.866025403784439,
1.,0.866025403784439,1.,0.866025403784439,1.,0.866025403784439,1.,0.866025403784439,
1.,0.866025403784439,1.,0.866025403784439,1.,0.866025403784439,1.,0.866025403784439,
1.,0.866025403784439,1.,0.866025403784439,1.,0.866025403784439,1.,0.866025403784439,
1.,0.866025403784439,1.,0.866025403784439,1.,0.866025403784439,1.,0.866025403784439,
1.,0.866025403784439,1.,0.866025403784439,1.,0.866025403784439,1.,0.866025403784439,
1.,0.866025403784439,1.,0.866025403784439,1.,0.866025403784439,1.,0.866025403784439,
1.,0.866025403784439,1.,0.866025403784439,1.,0.866025403784439,1.,0.866025403784439,
1.,0.866025403784439,1.,0.866025403784439,1.,0.866025403784439,1.,0.866025403784439,
1.,0.866025403784439,1.,0.866025403784439,1.,0.866025403784439,1.,0.866025403784439,
1.,0.866025403784439,1.,0.866025403784439,1.,0.866025403784439,1.,0.866025403784439,
1.,0.866025403784439,1.,0.866025403784439,1.,0.866025403784439,1.,0.866025403784439,
1.,0.866025403784439,1.,0.866025403784439,1.,0.866025403784439,1.,0.866025403784439,
1.,0.866025403784439,1.,0.866025403784439,1.,0.866025403784439,1.,0.866025403784439,
1.,0.866025403784439,1.,0.866025403784439,1.,0.866025403784439,1.,0.866025403784439,
1.,0.866025403784439,1.,0.866025403784439,1.,0.866025403784439,1.,0.866025403784439,
1.,0.866025403784439,1.,0.866025403784439,1.,0.866025403784439,1.,0.866025403784439,
1.,0.866025403784439,1.,0.866025403784439,1.,0.866025403784439,1.,0.866025403784439,
1.,0.866025403784439,1.,0.866025403784439,1.,0.866025403784439,1.,0.866025403784439,
1.,0.866025403784439,1.,0.866025403784439,1.,0.866025403784439,1.,0.866025403784439,
1.,0.866025403784439,1.,0.866025403784439,1.,0.866025403784439,1.,0.866025403784439,
1.,0.866025403784439,1.,0.866025403784439,1.,0.866025403784439,1.,0.866025403784439,
1.,0.885713360626468,0.966410491433967)))
REPRESENTATION_ITEM('')
SURFACE()
);
#114=(
BOUNDED_SURFACE()
B_SPLINE_SURFACE(2,2,((#10665,#10666,#10667),(#10668,#10669,#10670),(#10671,
#10672,#10673)),.UNSPECIFIED.,.F.,.F.,.F.)
B_SPLINE_SURFACE_WITH_KNOTS((3,3),(3,3),(-1.5707963267949,0.),(0.,1.5707963267949),
 .UNSPECIFIED.)
GEOMETRIC_REPRESENTATION_ITEM()
RATIONAL_B_SPLINE_SURFACE(((1.,0.707106781186548,1.),(0.707106781186554,
0.500000000000005,0.707106781186554),(1.,0.707106781186548,1.)))
REPRESENTATION_ITEM('')
SURFACE()
);
#115=(
BOUNDED_SURFACE()
B_SPLINE_SURFACE(2,2,((#10685,#10686,#10687),(#10688,#10689,#10690),(#10691,
#10692,#10693)),.UNSPECIFIED.,.F.,.F.,.F.)
B_SPLINE_SURFACE_WITH_KNOTS((3,3),(3,3),(-1.5707963267949,0.),(1.5707963267949,
3.14159265358979),.UNSPECIFIED.)
GEOMETRIC_REPRESENTATION_ITEM()
RATIONAL_B_SPLINE_SURFACE(((1.,0.707106781186547,1.),(0.707106781186554,
0.500000000000004,0.707106781186554),(1.,0.707106781186547,1.)))
REPRESENTATION_ITEM('')
SURFACE()
);
#116=(
BOUNDED_SURFACE()
B_SPLINE_SURFACE(2,2,((#10808,#10809,#10810),(#10811,#10812,#10813),(#10814,
#10815,#10816)),.UNSPECIFIED.,.F.,.F.,.F.)
B_SPLINE_SURFACE_WITH_KNOTS((3,3),(3,3),(-1.5707963267949,5.92367965094756E-16),
(0.,1.5707963267949),.UNSPECIFIED.)
GEOMETRIC_REPRESENTATION_ITEM()
RATIONAL_B_SPLINE_SURFACE(((1.,0.707106781186548,1.),(0.707106781186554,
0.500000000000005,0.707106781186554),(1.,0.707106781186548,1.)))
REPRESENTATION_ITEM('')
SURFACE()
);
#117=(
BOUNDED_SURFACE()
B_SPLINE_SURFACE(2,2,((#10825,#10826,#10827),(#10828,#10829,#10830),(#10831,
#10832,#10833)),.UNSPECIFIED.,.F.,.F.,.F.)
B_SPLINE_SURFACE_WITH_KNOTS((3,3),(3,3),(-1.5707963267949,3.55271367880053E-14),
(1.57079632679489,3.14159265358979),.UNSPECIFIED.)
GEOMETRIC_REPRESENTATION_ITEM()
RATIONAL_B_SPLINE_SURFACE(((1.,0.707106781186544,1.),(0.707106781186538,
0.499999999999991,0.707106781186538),(1.,0.707106781186544,1.)))
REPRESENTATION_ITEM('')
SURFACE()
);
#118=PLANE('',#4225);
#119=PLANE('',#4227);
#120=PLANE('',#4260);
#121=PLANE('',#4263);
#122=PLANE('',#4264);
#123=PLANE('',#4265);
#124=PLANE('',#4266);
#125=PLANE('',#4267);
#126=PLANE('',#4271);
#127=PLANE('',#4272);
#128=PLANE('',#4273);
#129=PLANE('',#4274);
#130=PLANE('',#4276);
#131=PLANE('',#4277);
#132=PLANE('',#4278);
#133=PLANE('',#4279);
#134=PLANE('',#4280);
#135=PLANE('',#4281);
#136=PLANE('',#4282);
#137=PLANE('',#4283);
#138=PLANE('',#4303);
#139=PLANE('',#4305);
#140=PLANE('',#4338);
#141=PLANE('',#4341);
#142=PLANE('',#4342);
#143=PLANE('',#4343);
#144=PLANE('',#4344);
#145=PLANE('',#4345);
#146=PLANE('',#4349);
#147=PLANE('',#4350);
#148=PLANE('',#4351);
#149=PLANE('',#4352);
#150=PLANE('',#4354);
#151=PLANE('',#4355);
#152=PLANE('',#4356);
#153=PLANE('',#4357);
#154=PLANE('',#4358);
#155=PLANE('',#4359);
#156=PLANE('',#4360);
#157=PLANE('',#4361);
#158=PLANE('',#4375);
#159=PLANE('',#4378);
#160=PLANE('',#4383);
#161=PLANE('',#4397);
#162=PLANE('',#4398);
#163=PLANE('',#4403);
#164=PLANE('',#4407);
#165=PLANE('',#4411);
#166=PLANE('',#4412);
#167=PLANE('',#4413);
#168=PLANE('',#4417);
#169=PLANE('',#4421);
#170=PLANE('',#4424);
#171=PLANE('',#4425);
#172=PLANE('',#4426);
#173=PLANE('',#4427);
#174=PLANE('',#4428);
#175=PLANE('',#4429);
#176=PLANE('',#4430);
#177=PLANE('',#4431);
#178=PLANE('',#4432);
#179=PLANE('',#4433);
#180=PLANE('',#4434);
#181=PLANE('',#4435);
#182=PLANE('',#4436);
#183=PLANE('',#4437);
#184=PLANE('',#4438);
#185=PLANE('',#4439);
#186=PLANE('',#4440);
#187=PLANE('',#4441);
#188=PLANE('',#4442);
#189=PLANE('',#4444);
#190=PLANE('',#4446);
#191=PLANE('',#4447);
#192=PLANE('',#4451);
#193=PLANE('',#4454);
#194=PLANE('',#4455);
#195=PLANE('',#4456);
#196=PLANE('',#4457);
#197=PLANE('',#4458);
#198=PLANE('',#4459);
#199=PLANE('',#4460);
#200=PLANE('',#4461);
#201=PLANE('',#4462);
#202=PLANE('',#4463);
#203=PLANE('',#4464);
#204=PLANE('',#4467);
#205=PLANE('',#4472);
#206=PLANE('',#4473);
#207=PLANE('',#4474);
#208=PLANE('',#4475);
#209=PLANE('',#4476);
#210=PLANE('',#4477);
#211=PLANE('',#4478);
#212=PLANE('',#4479);
#213=PLANE('',#4480);
#214=PLANE('',#4481);
#215=PLANE('',#4482);
#216=PLANE('',#4483);
#217=PLANE('',#4484);
#218=PLANE('',#4485);
#219=PLANE('',#4488);
#220=PLANE('',#4491);
#221=PLANE('',#4495);
#222=PLANE('',#4499);
#223=PLANE('',#4503);
#224=PLANE('',#4504);
#225=PLANE('',#4508);
#226=PLANE('',#4512);
#227=PLANE('',#4516);
#228=PLANE('',#4517);
#229=PLANE('',#4521);
#230=PLANE('',#4522);
#231=PLANE('',#4523);
#232=PLANE('',#4524);
#233=PLANE('',#4525);
#234=PLANE('',#4526);
#235=PLANE('',#4530);
#236=PLANE('',#4531);
#237=PLANE('',#4532);
#238=PLANE('',#4533);
#239=PLANE('',#4534);
#240=PLANE('',#4535);
#241=PLANE('',#4539);
#242=PLANE('',#4540);
#243=PLANE('',#4541);
#244=PLANE('',#4542);
#245=PLANE('',#4543);
#246=PLANE('',#4544);
#247=PLANE('',#4548);
#248=PLANE('',#4549);
#249=PLANE('',#4550);
#250=PLANE('',#4551);
#251=PLANE('',#4552);
#252=PLANE('',#4553);
#253=PLANE('',#4557);
#254=PLANE('',#4561);
#255=PLANE('',#4565);
#256=PLANE('',#4566);
#257=PLANE('',#4570);
#258=PLANE('',#4574);
#259=PLANE('',#4578);
#260=PLANE('',#4579);
#261=CONICAL_SURFACE('',#4221,2.,0.785398163397451);
#262=CONICAL_SURFACE('',#4228,2.5,0.26179938779915);
#263=CONICAL_SURFACE('',#4253,3.28277279490125,0.139626340159547);
#264=CONICAL_SURFACE('',#4261,2.5,0.26179938779915);
#265=CONICAL_SURFACE('',#4270,2.5,0.26179938779915);
#266=CONICAL_SURFACE('',#4275,2.5,0.26179938779915);
#267=CONICAL_SURFACE('',#4299,2.,0.785398163397451);
#268=CONICAL_SURFACE('',#4306,2.5,0.26179938779915);
#269=CONICAL_SURFACE('',#4331,3.28277279490125,0.139626340159547);
#270=CONICAL_SURFACE('',#4339,2.5,0.26179938779915);
#271=CONICAL_SURFACE('',#4348,2.5,0.26179938779915);
#272=CONICAL_SURFACE('',#4353,2.5,0.26179938779915);
#273=FACE_OUTER_BOUND('',#503,.T.);
#274=FACE_OUTER_BOUND('',#504,.T.);
#275=FACE_OUTER_BOUND('',#505,.T.);
#276=FACE_OUTER_BOUND('',#506,.T.);
#277=FACE_OUTER_BOUND('',#507,.T.);
#278=FACE_OUTER_BOUND('',#508,.T.);
#279=FACE_OUTER_BOUND('',#509,.T.);
#280=FACE_OUTER_BOUND('',#510,.T.);
#281=FACE_OUTER_BOUND('',#511,.T.);
#282=FACE_OUTER_BOUND('',#512,.T.);
#283=FACE_OUTER_BOUND('',#513,.T.);
#284=FACE_OUTER_BOUND('',#514,.T.);
#285=FACE_OUTER_BOUND('',#515,.T.);
#286=FACE_OUTER_BOUND('',#516,.T.);
#287=FACE_OUTER_BOUND('',#517,.T.);
#288=FACE_OUTER_BOUND('',#518,.T.);
#289=FACE_OUTER_BOUND('',#519,.T.);
#290=FACE_OUTER_BOUND('',#520,.T.);
#291=FACE_OUTER_BOUND('',#521,.T.);
#292=FACE_OUTER_BOUND('',#522,.T.);
#293=FACE_OUTER_BOUND('',#524,.T.);
#294=FACE_OUTER_BOUND('',#525,.T.);
#295=FACE_OUTER_BOUND('',#526,.T.);
#296=FACE_OUTER_BOUND('',#527,.T.);
#297=FACE_OUTER_BOUND('',#528,.T.);
#298=FACE_OUTER_BOUND('',#529,.T.);
#299=FACE_OUTER_BOUND('',#530,.T.);
#300=FACE_OUTER_BOUND('',#531,.T.);
#301=FACE_OUTER_BOUND('',#532,.T.);
#302=FACE_OUTER_BOUND('',#533,.T.);
#303=FACE_OUTER_BOUND('',#534,.T.);
#304=FACE_OUTER_BOUND('',#535,.T.);
#305=FACE_OUTER_BOUND('',#536,.T.);
#306=FACE_OUTER_BOUND('',#537,.T.);
#307=FACE_OUTER_BOUND('',#538,.T.);
#308=FACE_OUTER_BOUND('',#539,.T.);
#309=FACE_OUTER_BOUND('',#540,.T.);
#310=FACE_OUTER_BOUND('',#541,.T.);
#311=FACE_OUTER_BOUND('',#542,.T.);
#312=FACE_OUTER_BOUND('',#543,.T.);
#313=FACE_OUTER_BOUND('',#544,.T.);
#314=FACE_OUTER_BOUND('',#545,.T.);
#315=FACE_OUTER_BOUND('',#546,.T.);
#316=FACE_OUTER_BOUND('',#547,.T.);
#317=FACE_OUTER_BOUND('',#548,.T.);
#318=FACE_OUTER_BOUND('',#549,.T.);
#319=FACE_OUTER_BOUND('',#550,.T.);
#320=FACE_OUTER_BOUND('',#551,.T.);
#321=FACE_OUTER_BOUND('',#552,.T.);
#322=FACE_OUTER_BOUND('',#553,.T.);
#323=FACE_OUTER_BOUND('',#554,.T.);
#324=FACE_OUTER_BOUND('',#555,.T.);
#325=FACE_OUTER_BOUND('',#556,.T.);
#326=FACE_OUTER_BOUND('',#557,.T.);
#327=FACE_OUTER_BOUND('',#558,.T.);
#328=FACE_OUTER_BOUND('',#559,.T.);
#329=FACE_OUTER_BOUND('',#560,.T.);
#330=FACE_OUTER_BOUND('',#561,.T.);
#331=FACE_OUTER_BOUND('',#562,.T.);
#332=FACE_OUTER_BOUND('',#563,.T.);
#333=FACE_OUTER_BOUND('',#564,.T.);
#334=FACE_OUTER_BOUND('',#565,.T.);
#335=FACE_OUTER_BOUND('',#566,.T.);
#336=FACE_OUTER_BOUND('',#568,.T.);
#337=FACE_OUTER_BOUND('',#569,.T.);
#338=FACE_OUTER_BOUND('',#570,.T.);
#339=FACE_OUTER_BOUND('',#571,.T.);
#340=FACE_OUTER_BOUND('',#572,.T.);
#341=FACE_OUTER_BOUND('',#573,.T.);
#342=FACE_OUTER_BOUND('',#574,.T.);
#343=FACE_OUTER_BOUND('',#575,.T.);
#344=FACE_OUTER_BOUND('',#576,.T.);
#345=FACE_OUTER_BOUND('',#577,.T.);
#346=FACE_OUTER_BOUND('',#578,.T.);
#347=FACE_OUTER_BOUND('',#579,.T.);
#348=FACE_OUTER_BOUND('',#580,.T.);
#349=FACE_OUTER_BOUND('',#581,.T.);
#350=FACE_OUTER_BOUND('',#582,.T.);
#351=FACE_OUTER_BOUND('',#583,.T.);
#352=FACE_OUTER_BOUND('',#584,.T.);
#353=FACE_OUTER_BOUND('',#585,.T.);
#354=FACE_OUTER_BOUND('',#586,.T.);
#355=FACE_OUTER_BOUND('',#587,.T.);
#356=FACE_OUTER_BOUND('',#588,.T.);
#357=FACE_OUTER_BOUND('',#589,.T.);
#358=FACE_OUTER_BOUND('',#590,.T.);
#359=FACE_OUTER_BOUND('',#591,.T.);
#360=FACE_OUTER_BOUND('',#592,.T.);
#361=FACE_OUTER_BOUND('',#593,.T.);
#362=FACE_OUTER_BOUND('',#594,.T.);
#363=FACE_OUTER_BOUND('',#595,.T.);
#364=FACE_OUTER_BOUND('',#596,.T.);
#365=FACE_OUTER_BOUND('',#597,.T.);
#366=FACE_OUTER_BOUND('',#598,.T.);
#367=FACE_OUTER_BOUND('',#600,.T.);
#368=FACE_OUTER_BOUND('',#601,.T.);
#369=FACE_OUTER_BOUND('',#602,.T.);
#370=FACE_OUTER_BOUND('',#603,.T.);
#371=FACE_OUTER_BOUND('',#604,.T.);
#372=FACE_OUTER_BOUND('',#605,.T.);
#373=FACE_OUTER_BOUND('',#606,.T.);
#374=FACE_OUTER_BOUND('',#607,.T.);
#375=FACE_OUTER_BOUND('',#608,.T.);
#376=FACE_OUTER_BOUND('',#609,.T.);
#377=FACE_OUTER_BOUND('',#610,.T.);
#378=FACE_OUTER_BOUND('',#611,.T.);
#379=FACE_OUTER_BOUND('',#612,.T.);
#380=FACE_OUTER_BOUND('',#613,.T.);
#381=FACE_OUTER_BOUND('',#614,.T.);
#382=FACE_OUTER_BOUND('',#615,.T.);
#383=FACE_OUTER_BOUND('',#616,.T.);
#384=FACE_OUTER_BOUND('',#617,.T.);
#385=FACE_OUTER_BOUND('',#618,.T.);
#386=FACE_OUTER_BOUND('',#619,.T.);
#387=FACE_OUTER_BOUND('',#620,.T.);
#388=FACE_OUTER_BOUND('',#621,.T.);
#389=FACE_OUTER_BOUND('',#622,.T.);
#390=FACE_OUTER_BOUND('',#623,.T.);
#391=FACE_OUTER_BOUND('',#624,.T.);
#392=FACE_OUTER_BOUND('',#625,.T.);
#393=FACE_OUTER_BOUND('',#626,.T.);
#394=FACE_OUTER_BOUND('',#627,.T.);
#395=FACE_OUTER_BOUND('',#628,.T.);
#396=FACE_OUTER_BOUND('',#629,.T.);
#397=FACE_OUTER_BOUND('',#630,.T.);
#398=FACE_OUTER_BOUND('',#631,.T.);
#399=FACE_OUTER_BOUND('',#632,.T.);
#400=FACE_OUTER_BOUND('',#633,.T.);
#401=FACE_OUTER_BOUND('',#634,.T.);
#402=FACE_OUTER_BOUND('',#635,.T.);
#403=FACE_OUTER_BOUND('',#636,.T.);
#404=FACE_OUTER_BOUND('',#637,.T.);
#405=FACE_OUTER_BOUND('',#638,.T.);
#406=FACE_OUTER_BOUND('',#639,.T.);
#407=FACE_OUTER_BOUND('',#640,.T.);
#408=FACE_OUTER_BOUND('',#641,.T.);
#409=FACE_OUTER_BOUND('',#642,.T.);
#410=FACE_OUTER_BOUND('',#643,.T.);
#411=FACE_OUTER_BOUND('',#644,.T.);
#412=FACE_OUTER_BOUND('',#645,.T.);
#413=FACE_OUTER_BOUND('',#648,.T.);
#414=FACE_OUTER_BOUND('',#649,.T.);
#415=FACE_OUTER_BOUND('',#650,.T.);
#416=FACE_OUTER_BOUND('',#651,.T.);
#417=FACE_OUTER_BOUND('',#652,.T.);
#418=FACE_OUTER_BOUND('',#653,.T.);
#419=FACE_OUTER_BOUND('',#654,.T.);
#420=FACE_OUTER_BOUND('',#655,.T.);
#421=FACE_OUTER_BOUND('',#656,.T.);
#422=FACE_OUTER_BOUND('',#657,.T.);
#423=FACE_OUTER_BOUND('',#658,.T.);
#424=FACE_OUTER_BOUND('',#659,.T.);
#425=FACE_OUTER_BOUND('',#660,.T.);
#426=FACE_OUTER_BOUND('',#661,.T.);
#427=FACE_OUTER_BOUND('',#662,.T.);
#428=FACE_OUTER_BOUND('',#663,.T.);
#429=FACE_OUTER_BOUND('',#664,.T.);
#430=FACE_OUTER_BOUND('',#665,.T.);
#431=FACE_OUTER_BOUND('',#667,.T.);
#432=FACE_OUTER_BOUND('',#668,.T.);
#433=FACE_OUTER_BOUND('',#669,.T.);
#434=FACE_OUTER_BOUND('',#670,.T.);
#435=FACE_OUTER_BOUND('',#671,.T.);
#436=FACE_OUTER_BOUND('',#672,.T.);
#437=FACE_OUTER_BOUND('',#673,.T.);
#438=FACE_OUTER_BOUND('',#674,.T.);
#439=FACE_OUTER_BOUND('',#675,.T.);
#440=FACE_OUTER_BOUND('',#676,.T.);
#441=FACE_OUTER_BOUND('',#677,.T.);
#442=FACE_OUTER_BOUND('',#678,.T.);
#443=FACE_OUTER_BOUND('',#679,.T.);
#444=FACE_OUTER_BOUND('',#680,.T.);
#445=FACE_OUTER_BOUND('',#681,.T.);
#446=FACE_OUTER_BOUND('',#682,.T.);
#447=FACE_OUTER_BOUND('',#684,.T.);
#448=FACE_OUTER_BOUND('',#685,.T.);
#449=FACE_OUTER_BOUND('',#686,.T.);
#450=FACE_OUTER_BOUND('',#687,.T.);
#451=FACE_OUTER_BOUND('',#688,.T.);
#452=FACE_OUTER_BOUND('',#689,.T.);
#453=FACE_OUTER_BOUND('',#691,.T.);
#454=FACE_OUTER_BOUND('',#693,.T.);
#455=FACE_OUTER_BOUND('',#694,.T.);
#456=FACE_OUTER_BOUND('',#695,.T.);
#457=FACE_OUTER_BOUND('',#696,.T.);
#458=FACE_OUTER_BOUND('',#697,.T.);
#459=FACE_OUTER_BOUND('',#698,.T.);
#460=FACE_OUTER_BOUND('',#700,.T.);
#461=FACE_OUTER_BOUND('',#702,.T.);
#462=FACE_OUTER_BOUND('',#703,.T.);
#463=FACE_OUTER_BOUND('',#704,.T.);
#464=FACE_OUTER_BOUND('',#705,.T.);
#465=FACE_OUTER_BOUND('',#706,.T.);
#466=FACE_OUTER_BOUND('',#707,.T.);
#467=FACE_OUTER_BOUND('',#709,.T.);
#468=FACE_OUTER_BOUND('',#711,.T.);
#469=FACE_OUTER_BOUND('',#712,.T.);
#470=FACE_OUTER_BOUND('',#713,.T.);
#471=FACE_OUTER_BOUND('',#714,.T.);
#472=FACE_OUTER_BOUND('',#715,.T.);
#473=FACE_OUTER_BOUND('',#716,.T.);
#474=FACE_OUTER_BOUND('',#718,.T.);
#475=FACE_OUTER_BOUND('',#720,.T.);
#476=FACE_OUTER_BOUND('',#721,.T.);
#477=FACE_OUTER_BOUND('',#722,.T.);
#478=FACE_OUTER_BOUND('',#723,.T.);
#479=FACE_OUTER_BOUND('',#724,.T.);
#480=FACE_OUTER_BOUND('',#725,.T.);
#481=FACE_OUTER_BOUND('',#727,.T.);
#482=FACE_OUTER_BOUND('',#729,.T.);
#483=FACE_OUTER_BOUND('',#730,.T.);
#484=FACE_OUTER_BOUND('',#731,.T.);
#485=FACE_OUTER_BOUND('',#732,.T.);
#486=FACE_OUTER_BOUND('',#733,.T.);
#487=FACE_OUTER_BOUND('',#734,.T.);
#488=FACE_OUTER_BOUND('',#736,.T.);
#489=FACE_OUTER_BOUND('',#738,.T.);
#490=FACE_OUTER_BOUND('',#739,.T.);
#491=FACE_OUTER_BOUND('',#740,.T.);
#492=FACE_OUTER_BOUND('',#741,.T.);
#493=FACE_OUTER_BOUND('',#742,.T.);
#494=FACE_OUTER_BOUND('',#743,.T.);
#495=FACE_OUTER_BOUND('',#745,.T.);
#496=FACE_OUTER_BOUND('',#747,.T.);
#497=FACE_OUTER_BOUND('',#748,.T.);
#498=FACE_OUTER_BOUND('',#749,.T.);
#499=FACE_OUTER_BOUND('',#750,.T.);
#500=FACE_OUTER_BOUND('',#751,.T.);
#501=FACE_OUTER_BOUND('',#752,.T.);
#502=FACE_OUTER_BOUND('',#754,.T.);
#503=EDGE_LOOP('',(#2687,#2688,#2689,#2690));
#504=EDGE_LOOP('',(#2691,#2692,#2693,#2694));
#505=EDGE_LOOP('',(#2695,#2696,#2697,#2698));
#506=EDGE_LOOP('',(#2699,#2700,#2701,#2702));
#507=EDGE_LOOP('',(#2703,#2704,#2705,#2706));
#508=EDGE_LOOP('',(#2707,#2708,#2709,#2710));
#509=EDGE_LOOP('',(#2711,#2712,#2713,#2714));
#510=EDGE_LOOP('',(#2715,#2716,#2717,#2718));
#511=EDGE_LOOP('',(#2719,#2720,#2721,#2722));
#512=EDGE_LOOP('',(#2723,#2724,#2725,#2726));
#513=EDGE_LOOP('',(#2727,#2728,#2729,#2730));
#514=EDGE_LOOP('',(#2731,#2732,#2733,#2734));
#515=EDGE_LOOP('',(#2735,#2736,#2737,#2738,#2739,#2740,#2741,#2742,#2743));
#516=EDGE_LOOP('',(#2744,#2745,#2746,#2747));
#517=EDGE_LOOP('',(#2748,#2749));
#518=EDGE_LOOP('',(#2750,#2751,#2752,#2753,#2754,#2755,#2756,#2757,#2758,
#2759,#2760,#2761,#2762,#2763,#2764,#2765));
#519=EDGE_LOOP('',(#2766,#2767,#2768,#2769));
#520=EDGE_LOOP('',(#2770,#2771,#2772,#2773,#2774,#2775,#2776,#2777,#2778,
#2779,#2780,#2781,#2782,#2783,#2784));
#521=EDGE_LOOP('',(#2785,#2786,#2787,#2788));
#522=EDGE_LOOP('',(#2789,#2790));
#523=EDGE_LOOP('',(#2791,#2792,#2793,#2794,#2795,#2796,#2797,#2798,#2799,
#2800,#2801,#2802,#2803,#2804,#2805,#2806,#2807,#2808,#2809,#2810));
#524=EDGE_LOOP('',(#2811,#2812,#2813,#2814,#2815,#2816));
#525=EDGE_LOOP('',(#2817,#2818,#2819,#2820,#2821,#2822));
#526=EDGE_LOOP('',(#2823,#2824));
#527=EDGE_LOOP('',(#2825,#2826,#2827,#2828));
#528=EDGE_LOOP('',(#2829,#2830,#2831,#2832));
#529=EDGE_LOOP('',(#2833,#2834,#2835,#2836));
#530=EDGE_LOOP('',(#2837,#2838,#2839,#2840));
#531=EDGE_LOOP('',(#2841,#2842,#2843,#2844));
#532=EDGE_LOOP('',(#2845,#2846,#2847,#2848,#2849,#2850,#2851,#2852,#2853,
#2854,#2855,#2856,#2857,#2858,#2859,#2860,#2861,#2862,#2863,#2864));
#533=EDGE_LOOP('',(#2865,#2866,#2867,#2868));
#534=EDGE_LOOP('',(#2869,#2870,#2871,#2872));
#535=EDGE_LOOP('',(#2873,#2874,#2875,#2876));
#536=EDGE_LOOP('',(#2877,#2878,#2879,#2880));
#537=EDGE_LOOP('',(#2881,#2882,#2883,#2884));
#538=EDGE_LOOP('',(#2885,#2886,#2887,#2888));
#539=EDGE_LOOP('',(#2889,#2890,#2891,#2892));
#540=EDGE_LOOP('',(#2893,#2894,#2895,#2896));
#541=EDGE_LOOP('',(#2897,#2898,#2899,#2900));
#542=EDGE_LOOP('',(#2901,#2902,#2903,#2904));
#543=EDGE_LOOP('',(#2905,#2906,#2907,#2908));
#544=EDGE_LOOP('',(#2909,#2910,#2911,#2912));
#545=EDGE_LOOP('',(#2913,#2914,#2915,#2916));
#546=EDGE_LOOP('',(#2917,#2918,#2919,#2920));
#547=EDGE_LOOP('',(#2921,#2922,#2923,#2924));
#548=EDGE_LOOP('',(#2925,#2926,#2927,#2928));
#549=EDGE_LOOP('',(#2929,#2930,#2931,#2932));
#550=EDGE_LOOP('',(#2933,#2934,#2935,#2936));
#551=EDGE_LOOP('',(#2937,#2938,#2939,#2940));
#552=EDGE_LOOP('',(#2941,#2942,#2943,#2944));
#553=EDGE_LOOP('',(#2945,#2946,#2947,#2948));
#554=EDGE_LOOP('',(#2949,#2950,#2951,#2952));
#555=EDGE_LOOP('',(#2953,#2954,#2955,#2956));
#556=EDGE_LOOP('',(#2957,#2958,#2959,#2960));
#557=EDGE_LOOP('',(#2961,#2962,#2963,#2964));
#558=EDGE_LOOP('',(#2965,#2966,#2967,#2968));
#559=EDGE_LOOP('',(#2969,#2970,#2971,#2972,#2973,#2974,#2975,#2976,#2977));
#560=EDGE_LOOP('',(#2978,#2979,#2980,#2981));
#561=EDGE_LOOP('',(#2982,#2983));
#562=EDGE_LOOP('',(#2984,#2985,#2986,#2987,#2988,#2989,#2990,#2991,#2992,
#2993,#2994,#2995,#2996,#2997,#2998,#2999));
#563=EDGE_LOOP('',(#3000,#3001,#3002,#3003));
#564=EDGE_LOOP('',(#3004,#3005,#3006,#3007,#3008,#3009,#3010,#3011,#3012,
#3013,#3014,#3015,#3016,#3017,#3018));
#565=EDGE_LOOP('',(#3019,#3020,#3021,#3022));
#566=EDGE_LOOP('',(#3023,#3024));
#567=EDGE_LOOP('',(#3025,#3026,#3027,#3028,#3029,#3030,#3031,#3032,#3033,
#3034,#3035,#3036,#3037,#3038,#3039,#3040,#3041,#3042,#3043,#3044));
#568=EDGE_LOOP('',(#3045,#3046,#3047,#3048,#3049,#3050));
#569=EDGE_LOOP('',(#3051,#3052,#3053,#3054,#3055,#3056));
#570=EDGE_LOOP('',(#3057,#3058));
#571=EDGE_LOOP('',(#3059,#3060,#3061,#3062));
#572=EDGE_LOOP('',(#3063,#3064,#3065,#3066));
#573=EDGE_LOOP('',(#3067,#3068,#3069,#3070));
#574=EDGE_LOOP('',(#3071,#3072,#3073,#3074));
#575=EDGE_LOOP('',(#3075,#3076,#3077,#3078));
#576=EDGE_LOOP('',(#3079,#3080,#3081,#3082,#3083,#3084,#3085,#3086,#3087,
#3088,#3089,#3090,#3091,#3092,#3093,#3094,#3095,#3096,#3097,#3098));
#577=EDGE_LOOP('',(#3099,#3100,#3101,#3102));
#578=EDGE_LOOP('',(#3103,#3104,#3105,#3106));
#579=EDGE_LOOP('',(#3107,#3108,#3109,#3110));
#580=EDGE_LOOP('',(#3111,#3112,#3113,#3114));
#581=EDGE_LOOP('',(#3115,#3116,#3117,#3118));
#582=EDGE_LOOP('',(#3119,#3120,#3121,#3122));
#583=EDGE_LOOP('',(#3123,#3124,#3125,#3126));
#584=EDGE_LOOP('',(#3127,#3128,#3129,#3130));
#585=EDGE_LOOP('',(#3131,#3132,#3133,#3134));
#586=EDGE_LOOP('',(#3135,#3136,#3137,#3138));
#587=EDGE_LOOP('',(#3139,#3140,#3141,#3142));
#588=EDGE_LOOP('',(#3143,#3144,#3145,#3146));
#589=EDGE_LOOP('',(#3147,#3148,#3149,#3150));
#590=EDGE_LOOP('',(#3151,#3152,#3153,#3154));
#591=EDGE_LOOP('',(#3155,#3156,#3157,#3158));
#592=EDGE_LOOP('',(#3159,#3160,#3161,#3162));
#593=EDGE_LOOP('',(#3163,#3164,#3165,#3166));
#594=EDGE_LOOP('',(#3167,#3168,#3169,#3170));
#595=EDGE_LOOP('',(#3171,#3172,#3173,#3174));
#596=EDGE_LOOP('',(#3175,#3176,#3177,#3178,#3179,#3180,#3181,#3182));
#597=EDGE_LOOP('',(#3183,#3184,#3185,#3186));
#598=EDGE_LOOP('',(#3187,#3188,#3189,#3190,#3191,#3192,#3193,#3194,#3195,
#3196,#3197,#3198,#3199,#3200,#3201,#3202,#3203,#3204,#3205,#3206,#3207,
#3208,#3209,#3210,#3211,#3212,#3213,#3214));
#599=EDGE_LOOP('',(#3215,#3216,#3217,#3218));
#600=EDGE_LOOP('',(#3219,#3220,#3221,#3222));
#601=EDGE_LOOP('',(#3223,#3224,#3225,#3226,#3227,#3228,#3229,#3230));
#602=EDGE_LOOP('',(#3231,#3232,#3233,#3234));
#603=EDGE_LOOP('',(#3235,#3236,#3237,#3238));
#604=EDGE_LOOP('',(#3239,#3240,#3241,#3242));
#605=EDGE_LOOP('',(#3243,#3244,#3245,#3246));
#606=EDGE_LOOP('',(#3247,#3248,#3249,#3250));
#607=EDGE_LOOP('',(#3251,#3252,#3253,#3254,#3255,#3256));
#608=EDGE_LOOP('',(#3257,#3258,#3259,#3260,#3261,#3262,#3263,#3264,#3265,
#3266,#3267,#3268,#3269,#3270,#3271,#3272));
#609=EDGE_LOOP('',(#3273,#3274,#3275,#3276));
#610=EDGE_LOOP('',(#3277,#3278,#3279,#3280,#3281));
#611=EDGE_LOOP('',(#3282,#3283,#3284,#3285));
#612=EDGE_LOOP('',(#3286,#3287,#3288,#3289,#3290));
#613=EDGE_LOOP('',(#3291,#3292,#3293,#3294));
#614=EDGE_LOOP('',(#3295,#3296,#3297,#3298,#3299));
#615=EDGE_LOOP('',(#3300,#3301,#3302,#3303,#3304,#3305));
#616=EDGE_LOOP('',(#3306,#3307,#3308,#3309,#3310));
#617=EDGE_LOOP('',(#3311,#3312,#3313,#3314));
#618=EDGE_LOOP('',(#3315,#3316,#3317,#3318,#3319));
#619=EDGE_LOOP('',(#3320,#3321,#3322,#3323));
#620=EDGE_LOOP('',(#3324,#3325,#3326,#3327,#3328));
#621=EDGE_LOOP('',(#3329,#3330,#3331,#3332));
#622=EDGE_LOOP('',(#3333,#3334,#3335,#3336,#3337));
#623=EDGE_LOOP('',(#3338,#3339,#3340,#3341));
#624=EDGE_LOOP('',(#3342,#3343,#3344,#3345));
#625=EDGE_LOOP('',(#3346,#3347,#3348,#3349));
#626=EDGE_LOOP('',(#3350,#3351,#3352,#3353));
#627=EDGE_LOOP('',(#3354,#3355,#3356,#3357));
#628=EDGE_LOOP('',(#3358,#3359,#3360,#3361));
#629=EDGE_LOOP('',(#3362,#3363,#3364,#3365,#3366));
#630=EDGE_LOOP('',(#3367,#3368,#3369,#3370));
#631=EDGE_LOOP('',(#3371,#3372,#3373,#3374));
#632=EDGE_LOOP('',(#3375,#3376,#3377,#3378));
#633=EDGE_LOOP('',(#3379,#3380,#3381,#3382));
#634=EDGE_LOOP('',(#3383,#3384,#3385,#3386,#3387));
#635=EDGE_LOOP('',(#3388,#3389,#3390,#3391));
#636=EDGE_LOOP('',(#3392,#3393,#3394,#3395));
#637=EDGE_LOOP('',(#3396,#3397,#3398,#3399,#3400));
#638=EDGE_LOOP('',(#3401,#3402,#3403,#3404));
#639=EDGE_LOOP('',(#3405,#3406,#3407,#3408,#3409,#3410,#3411,#3412));
#640=EDGE_LOOP('',(#3413,#3414,#3415,#3416,#3417,#3418,#3419,#3420));
#641=EDGE_LOOP('',(#3421,#3422,#3423,#3424));
#642=EDGE_LOOP('',(#3425,#3426,#3427,#3428,#3429));
#643=EDGE_LOOP('',(#3430,#3431,#3432,#3433));
#644=EDGE_LOOP('',(#3434,#3435,#3436,#3437,#3438));
#645=EDGE_LOOP('',(#3439,#3440,#3441,#3442,#3443,#3444,#3445,#3446,#3447,
#3448,#3449,#3450));
#646=EDGE_LOOP('',(#3451,#3452,#3453,#3454));
#647=EDGE_LOOP('',(#3455));
#648=EDGE_LOOP('',(#3456,#3457,#3458,#3459,#3460,#3461,#3462,#3463,#3464,
#3465,#3466,#3467));
#649=EDGE_LOOP('',(#3468,#3469,#3470,#3471));
#650=EDGE_LOOP('',(#3472,#3473,#3474,#3475));
#651=EDGE_LOOP('',(#3476,#3477,#3478,#3479));
#652=EDGE_LOOP('',(#3480,#3481,#3482,#3483,#3484,#3485));
#653=EDGE_LOOP('',(#3486,#3487,#3488,#3489));
#654=EDGE_LOOP('',(#3490,#3491,#3492,#3493));
#655=EDGE_LOOP('',(#3494,#3495,#3496,#3497));
#656=EDGE_LOOP('',(#3498,#3499,#3500,#3501));
#657=EDGE_LOOP('',(#3502,#3503,#3504,#3505));
#658=EDGE_LOOP('',(#3506,#3507,#3508,#3509,#3510,#3511,#3512,#3513,#3514,
#3515,#3516,#3517));
#659=EDGE_LOOP('',(#3518,#3519,#3520,#3521));
#660=EDGE_LOOP('',(#3522,#3523,#3524,#3525));
#661=EDGE_LOOP('',(#3526,#3527,#3528,#3529));
#662=EDGE_LOOP('',(#3530,#3531,#3532,#3533));
#663=EDGE_LOOP('',(#3534,#3535,#3536,#3537));
#664=EDGE_LOOP('',(#3538,#3539,#3540,#3541,#3542,#3543));
#665=EDGE_LOOP('',(#3544,#3545,#3546,#3547));
#666=EDGE_LOOP('',(#3548,#3549,#3550,#3551));
#667=EDGE_LOOP('',(#3552,#3553,#3554,#3555));
#668=EDGE_LOOP('',(#3556,#3557,#3558,#3559));
#669=EDGE_LOOP('',(#3560,#3561,#3562,#3563,#3564,#3565,#3566,#3567));
#670=EDGE_LOOP('',(#3568,#3569,#3570,#3571));
#671=EDGE_LOOP('',(#3572,#3573,#3574,#3575));
#672=EDGE_LOOP('',(#3576,#3577,#3578,#3579,#3580,#3581,#3582,#3583));
#673=EDGE_LOOP('',(#3584,#3585,#3586,#3587));
#674=EDGE_LOOP('',(#3588,#3589,#3590,#3591,#3592,#3593));
#675=EDGE_LOOP('',(#3594,#3595,#3596,#3597,#3598,#3599,#3600,#3601,#3602,
#3603,#3604,#3605));
#676=EDGE_LOOP('',(#3606,#3607,#3608,#3609));
#677=EDGE_LOOP('',(#3610,#3611,#3612,#3613));
#678=EDGE_LOOP('',(#3614,#3615,#3616,#3617));
#679=EDGE_LOOP('',(#3618,#3619,#3620,#3621));
#680=EDGE_LOOP('',(#3622,#3623,#3624,#3625,#3626,#3627));
#681=EDGE_LOOP('',(#3628,#3629,#3630,#3631));
#682=EDGE_LOOP('',(#3632,#3633,#3634,#3635));
#683=EDGE_LOOP('',(#3636));
#684=EDGE_LOOP('',(#3637,#3638,#3639,#3640));
#685=EDGE_LOOP('',(#3641,#3642,#3643,#3644));
#686=EDGE_LOOP('',(#3645,#3646,#3647,#3648));
#687=EDGE_LOOP('',(#3649,#3650,#3651,#3652));
#688=EDGE_LOOP('',(#3653,#3654,#3655,#3656));
#689=EDGE_LOOP('',(#3657,#3658,#3659,#3660));
#690=EDGE_LOOP('',(#3661));
#691=EDGE_LOOP('',(#3662,#3663,#3664,#3665));
#692=EDGE_LOOP('',(#3666));
#693=EDGE_LOOP('',(#3667,#3668,#3669,#3670));
#694=EDGE_LOOP('',(#3671,#3672,#3673,#3674));
#695=EDGE_LOOP('',(#3675,#3676,#3677,#3678));
#696=EDGE_LOOP('',(#3679,#3680,#3681,#3682));
#697=EDGE_LOOP('',(#3683,#3684,#3685,#3686));
#698=EDGE_LOOP('',(#3687,#3688,#3689,#3690));
#699=EDGE_LOOP('',(#3691));
#700=EDGE_LOOP('',(#3692,#3693,#3694,#3695));
#701=EDGE_LOOP('',(#3696));
#702=EDGE_LOOP('',(#3697,#3698,#3699,#3700));
#703=EDGE_LOOP('',(#3701,#3702,#3703,#3704));
#704=EDGE_LOOP('',(#3705,#3706,#3707,#3708));
#705=EDGE_LOOP('',(#3709,#3710,#3711,#3712));
#706=EDGE_LOOP('',(#3713,#3714,#3715,#3716));
#707=EDGE_LOOP('',(#3717,#3718,#3719,#3720));
#708=EDGE_LOOP('',(#3721));
#709=EDGE_LOOP('',(#3722,#3723,#3724,#3725));
#710=EDGE_LOOP('',(#3726));
#711=EDGE_LOOP('',(#3727,#3728,#3729,#3730));
#712=EDGE_LOOP('',(#3731,#3732,#3733,#3734));
#713=EDGE_LOOP('',(#3735,#3736,#3737,#3738));
#714=EDGE_LOOP('',(#3739,#3740,#3741,#3742));
#715=EDGE_LOOP('',(#3743,#3744,#3745,#3746));
#716=EDGE_LOOP('',(#3747,#3748,#3749,#3750));
#717=EDGE_LOOP('',(#3751));
#718=EDGE_LOOP('',(#3752,#3753,#3754,#3755));
#719=EDGE_LOOP('',(#3756));
#720=EDGE_LOOP('',(#3757,#3758,#3759,#3760));
#721=EDGE_LOOP('',(#3761,#3762,#3763,#3764));
#722=EDGE_LOOP('',(#3765,#3766,#3767,#3768));
#723=EDGE_LOOP('',(#3769,#3770,#3771,#3772));
#724=EDGE_LOOP('',(#3773,#3774,#3775,#3776));
#725=EDGE_LOOP('',(#3777,#3778,#3779,#3780));
#726=EDGE_LOOP('',(#3781));
#727=EDGE_LOOP('',(#3782,#3783,#3784,#3785));
#728=EDGE_LOOP('',(#3786));
#729=EDGE_LOOP('',(#3787,#3788,#3789,#3790));
#730=EDGE_LOOP('',(#3791,#3792,#3793,#3794));
#731=EDGE_LOOP('',(#3795,#3796,#3797,#3798));
#732=EDGE_LOOP('',(#3799,#3800,#3801,#3802));
#733=EDGE_LOOP('',(#3803,#3804,#3805,#3806));
#734=EDGE_LOOP('',(#3807,#3808,#3809,#3810));
#735=EDGE_LOOP('',(#3811));
#736=EDGE_LOOP('',(#3812,#3813,#3814,#3815));
#737=EDGE_LOOP('',(#3816));
#738=EDGE_LOOP('',(#3817,#3818,#3819,#3820));
#739=EDGE_LOOP('',(#3821,#3822,#3823,#3824));
#740=EDGE_LOOP('',(#3825,#3826,#3827,#3828));
#741=EDGE_LOOP('',(#3829,#3830,#3831,#3832));
#742=EDGE_LOOP('',(#3833,#3834,#3835,#3836));
#743=EDGE_LOOP('',(#3837,#3838,#3839,#3840));
#744=EDGE_LOOP('',(#3841));
#745=EDGE_LOOP('',(#3842,#3843,#3844,#3845));
#746=EDGE_LOOP('',(#3846));
#747=EDGE_LOOP('',(#3847,#3848,#3849,#3850));
#748=EDGE_LOOP('',(#3851,#3852,#3853,#3854));
#749=EDGE_LOOP('',(#3855,#3856,#3857,#3858));
#750=EDGE_LOOP('',(#3859,#3860,#3861,#3862));
#751=EDGE_LOOP('',(#3863,#3864,#3865,#3866));
#752=EDGE_LOOP('',(#3867,#3868,#3869,#3870));
#753=EDGE_LOOP('',(#3871));
#754=EDGE_LOOP('',(#3872,#3873,#3874,#3875));
#755=EDGE_LOOP('',(#3876));
#756=CIRCLE('',#4208,2.);
#757=CIRCLE('',#4220,2.);
#758=CIRCLE('',#4222,1.475);
#759=CIRCLE('',#4223,1.475);
#760=CIRCLE('',#4224,1.57018746424521);
#761=CIRCLE('',#4226,1.57018746424124);
#762=CIRCLE('',#4229,1.90783228472722);
#763=CIRCLE('',#4230,2.3896181956048);
#764=CIRCLE('',#4232,2.98535296946807);
#765=CIRCLE('',#4233,2.98535296946807);
#766=CIRCLE('',#4234,2.3896181956048);
#767=CIRCLE('',#4235,7.13567766323772);
#768=CIRCLE('',#4236,7.12981131489335);
#769=CIRCLE('',#4237,7.12981131489336);
#770=CIRCLE('',#4238,7.13567766323772);
#771=CIRCLE('',#4239,7.13567766323772);
#772=CIRCLE('',#4240,7.12981131489336);
#773=CIRCLE('',#4241,7.12981131489335);
#774=CIRCLE('',#4242,7.13567766323772);
#775=CIRCLE('',#4243,2.3896181956048);
#776=CIRCLE('',#4244,7.13567766323772);
#777=CIRCLE('',#4245,7.12981131489335);
#778=CIRCLE('',#4246,7.12981131489335);
#779=CIRCLE('',#4247,7.13567766323772);
#780=CIRCLE('',#4248,2.3896181956048);
#781=CIRCLE('',#4249,7.13567766323772);
#782=CIRCLE('',#4250,7.12981131489335);
#783=CIRCLE('',#4251,7.12981131489336);
#784=CIRCLE('',#4252,7.13567766323772);
#785=CIRCLE('',#4254,3.5);
#786=CIRCLE('',#4255,3.5);
#787=CIRCLE('',#4256,3.28277279490125);
#788=CIRCLE('',#4257,3.28277279490125);
#789=CIRCLE('',#4259,0.52);
#790=CIRCLE('',#4262,1.90783228472722);
#791=CIRCLE('',#4268,1.90783228472722);
#792=CIRCLE('',#4269,1.90783228472722);
#793=CIRCLE('',#4286,2.);
#794=CIRCLE('',#4297,2.);
#795=CIRCLE('',#4300,1.57018746424521);
#796=CIRCLE('',#4301,1.475);
#797=CIRCLE('',#4302,1.475);
#798=CIRCLE('',#4304,1.57018746424124);
#799=CIRCLE('',#4307,1.90783228472722);
#800=CIRCLE('',#4308,2.3896181956048);
#801=CIRCLE('',#4310,2.98535296946807);
#802=CIRCLE('',#4311,2.98535296946807);
#803=CIRCLE('',#4312,2.3896181956048);
#804=CIRCLE('',#4313,7.13567766323772);
#805=CIRCLE('',#4314,7.12981131489336);
#806=CIRCLE('',#4315,7.12981131489335);
#807=CIRCLE('',#4316,7.13567766323772);
#808=CIRCLE('',#4317,2.3896181956048);
#809=CIRCLE('',#4318,7.13567766323772);
#810=CIRCLE('',#4319,7.12981131489335);
#811=CIRCLE('',#4320,7.12981131489335);
#812=CIRCLE('',#4321,7.13567766323772);
#813=CIRCLE('',#4322,2.3896181956048);
#814=CIRCLE('',#4323,7.13567766323772);
#815=CIRCLE('',#4324,7.12981131489335);
#816=CIRCLE('',#4325,7.12981131489336);
#817=CIRCLE('',#4326,7.13567766323772);
#818=CIRCLE('',#4327,7.13567766323772);
#819=CIRCLE('',#4328,7.12981131489336);
#820=CIRCLE('',#4329,7.12981131489335);
#821=CIRCLE('',#4330,7.13567766323772);
#822=CIRCLE('',#4332,3.5);
#823=CIRCLE('',#4333,3.28277279490125);
#824=CIRCLE('',#4334,3.28277279490125);
#825=CIRCLE('',#4335,3.5);
#826=CIRCLE('',#4337,0.52);
#827=CIRCLE('',#4340,1.90783228472722);
#828=CIRCLE('',#4346,1.90783228472722);
#829=CIRCLE('',#4347,1.90783228472722);
#830=CIRCLE('',#4363,0.5);
#831=CIRCLE('',#4364,0.499999999999998);
#832=CIRCLE('',#4365,0.499999999999998);
#833=CIRCLE('',#4366,1.);
#834=CIRCLE('',#4367,0.5);
#835=CIRCLE('',#4369,0.499999999999998);
#836=CIRCLE('',#4370,0.499999999999998);
#837=CIRCLE('',#4371,1.);
#838=CIRCLE('',#4372,0.5);
#839=CIRCLE('',#4374,0.5);
#840=CIRCLE('',#4377,1.);
#841=CIRCLE('',#4379,5.);
#842=CIRCLE('',#4380,5.);
#843=CIRCLE('',#4382,1.);
#844=CIRCLE('',#4385,0.5);
#845=CIRCLE('',#4386,0.499999999999998);
#846=CIRCLE('',#4387,0.499999999999998);
#847=CIRCLE('',#4388,1.);
#848=CIRCLE('',#4389,0.5);
#849=CIRCLE('',#4391,0.499999999999998);
#850=CIRCLE('',#4392,0.49999999999998);
#851=CIRCLE('',#4393,1.);
#852=CIRCLE('',#4394,0.5);
#853=CIRCLE('',#4396,0.5);
#854=CIRCLE('',#4399,5.);
#855=CIRCLE('',#4400,5.);
#856=CIRCLE('',#4402,1.);
#857=CIRCLE('',#4405,1.);
#858=CIRCLE('',#4406,1.);
#859=CIRCLE('',#4409,1.);
#860=CIRCLE('',#4410,1.);
#861=CIRCLE('',#4415,1.);
#862=CIRCLE('',#4416,1.);
#863=CIRCLE('',#4419,1.);
#864=CIRCLE('',#4420,1.);
#865=CIRCLE('',#4423,1.);
#866=CIRCLE('',#4448,2.15);
#867=CIRCLE('',#4449,2.15);
#868=CIRCLE('',#4450,2.25);
#869=CIRCLE('',#4452,5.);
#870=CIRCLE('',#4453,5.);
#871=CIRCLE('',#4466,2.15);
#872=CIRCLE('',#4469,2.15);
#873=CIRCLE('',#4471,5.);
#874=CIRCLE('',#4487,2.25);
#875=CIRCLE('',#4490,5.);
#876=CIRCLE('',#4493,2.);
#877=CIRCLE('',#4494,2.);
#878=CIRCLE('',#4497,10.2664988514554);
#879=CIRCLE('',#4498,10.2664988514554);
#880=CIRCLE('',#4501,10.2664988514554);
#881=CIRCLE('',#4502,10.2664988514554);
#882=CIRCLE('',#4506,2.);
#883=CIRCLE('',#4507,2.);
#884=CIRCLE('',#4510,22.8603350986397);
#885=CIRCLE('',#4511,22.8603350986397);
#886=CIRCLE('',#4514,22.8603350986398);
#887=CIRCLE('',#4515,22.8603350986398);
#888=CIRCLE('',#4519,2.);
#889=CIRCLE('',#4520,2.);
#890=CIRCLE('',#4528,2.);
#891=CIRCLE('',#4529,2.);
#892=CIRCLE('',#4537,2.);
#893=CIRCLE('',#4538,2.);
#894=CIRCLE('',#4546,2.);
#895=CIRCLE('',#4547,2.);
#896=CIRCLE('',#4555,2.);
#897=CIRCLE('',#4556,2.);
#898=CIRCLE('',#4559,10.2664988514554);
#899=CIRCLE('',#4560,10.2664988514554);
#900=CIRCLE('',#4563,10.2664988514554);
#901=CIRCLE('',#4564,10.2664988514554);
#902=CIRCLE('',#4568,2.);
#903=CIRCLE('',#4569,2.);
#904=CIRCLE('',#4572,22.8603350986397);
#905=CIRCLE('',#4573,22.8603350986397);
#906=CIRCLE('',#4576,22.8603350986398);
#907=CIRCLE('',#4577,22.8603350986398);
#908=B_SPLINE_CURVE_WITH_KNOTS('',3,(#5714,#5715,#5716,#5717,#5718,#5719,
#5720,#5721,#5722,#5723,#5724,#5725,#5726,#5727,#5728,#5729,#5730,#5731,
#5732,#5733,#5734,#5735,#5736,#5737,#5738,#5739),.UNSPECIFIED.,.F.,.F.,
(4,2,2,2,2,2,2,2,2,2,2,2,4),(-0.833710308933868,-0.806692153688291,-0.730151068048609,
-0.650420720571384,-0.571947755463978,-0.49571888555343,-0.415962797257723,
-0.338359367268149,-0.260898609488667,-0.181199193711703,-0.104498166801199,
-0.0532514725058625,-9.99999999917733E-7),.UNSPECIFIED.);
#909=B_SPLINE_CURVE_WITH_KNOTS('',3,(#5742,#5743,#5744,#5745,#5746,#5747,
#5748,#5749,#5750,#5751,#5752,#5753,#5754,#5755,#5756,#5757,#5758,#5759,
#5760,#5761),.UNSPECIFIED.,.F.,.F.,(4,2,2,2,2,2,2,2,2,4),(-13.4829772439948,
-13.423022570853,-13.3634560183072,-13.2849079608676,-13.2051840019935,
-13.128576544461,-13.0489830503527,-12.9711287884947,-12.8936126519938,
-12.8932518905384),.UNSPECIFIED.);
#910=B_SPLINE_CURVE_WITH_KNOTS('',3,(#5766,#5767,#5768,#5769,#5770,#5771,
#5772,#5773,#5774,#5775,#5776,#5777,#5778,#5779,#5780,#5781,#5782,#5783,
#5784,#5785,#5786,#5787,#5788,#5789,#5790,#5791,#5792,#5793,#5794,#5795,
#5796,#5797,#5798,#5799,#5800,#5801),.UNSPECIFIED.,.F.,.F.,(4,2,2,2,2,2,
2,2,2,2,2,2,2,2,2,2,2,4),(-2.09794653299789,-2.05915438631113,-1.98299326396201,
-1.903250049307,-1.82517130702646,-1.74850776284166,-1.66827719859403,-1.59109586970582,
-1.5124472561363,-1.43323784081734,-1.35692339112772,-1.27713899823875,
-1.19878370438316,-1.12231007526565,-1.04177770709142,-0.964322848000947,
-0.886211668092087,-0.833710308933868),.UNSPECIFIED.);
#911=B_SPLINE_CURVE_WITH_KNOTS('',3,(#5802,#5803,#5804,#5805,#5806,#5807,
#5808,#5809,#5810,#5811,#5812,#5813,#5814,#5815,#5816,#5817,#5818,#5819,
#5820,#5821,#5822,#5823,#5824,#5825,#5826,#5827,#5828,#5829,#5830,#5831,
#5832,#5833,#5834,#5835,#5836,#5837),.UNSPECIFIED.,.F.,.F.,(4,2,2,2,2,2,
2,2,2,2,2,2,2,2,2,2,2,4),(-12.8932518905384,-12.8130085170208,-12.7366439895734,
-12.6582260533807,-12.5784817790436,-12.5021286023969,-12.4228601729923,
-12.3445365853858,-12.2673109651199,-12.1870268830464,-12.110532901237,
-12.0324096994996,-11.9527265458144,-11.8765840882675,-11.7976042496037,
-11.718662579734,-11.6416864229399,-11.6300644990728),.UNSPECIFIED.);
#912=B_SPLINE_CURVE_WITH_KNOTS('',3,(#5842,#5843,#5844,#5845,#5846,#5847,
#5848,#5849,#5850,#5851,#5852,#5853,#5854,#5855,#5856,#5857,#5858,#5859,
#5860,#5861,#5862,#5863,#5864,#5865,#5866,#5867,#5868,#5869,#5870,#5871,
#5872,#5873,#5874,#5875,#5876,#5877),.UNSPECIFIED.,.F.,.F.,(4,2,2,2,2,2,
2,2,2,2,2,2,2,2,2,2,2,4),(-3.36166760843175,-3.31153087480699,-3.2352917901622,
-3.15550499559468,-3.07783254747084,-3.00042107929485,-2.92064683112737,
-2.84387605643143,-2.76377467317043,-2.68506115564716,-2.60892138079731,
-2.529176349443,-2.45132732968968,-2.37434396922517,-2.29436825204947,-2.21741684381967,
-2.13809285495277,-2.09794653299789),.UNSPECIFIED.);
#913=B_SPLINE_CURVE_WITH_KNOTS('',3,(#5878,#5879,#5880,#5881,#5882,#5883,
#5884,#5885,#5886,#5887,#5888,#5889,#5890,#5891,#5892,#5893,#5894,#5895,
#5896,#5897,#5898,#5899,#5900,#5901,#5902,#5903,#5904,#5905,#5906,#5907,
#5908,#5909,#5910,#5911,#5912,#5913),.UNSPECIFIED.,.F.,.F.,(4,2,2,2,2,2,
2,2,2,2,2,2,2,2,2,2,2,4),(-11.6300644990728,-11.5616782810162,-11.4849197025375,
-11.4070472902943,-11.3273806805265,-11.2513166666058,-11.1725825663455,
-11.0929036257502,-11.0161301657309,-10.9363473948933,-10.859204621176,
-10.7815325697709,-10.7018413826681,-10.6257286655752,-10.5471903413318,
-10.4666967824569,-10.3900737995949,-10.3675231964915),.UNSPECIFIED.);
#914=B_SPLINE_CURVE_WITH_KNOTS('',3,(#5918,#5919,#5920,#5921,#5922,#5923,
#5924,#5925,#5926,#5927,#5928,#5929,#5930,#5931,#5932,#5933,#5934,#5935,
#5936,#5937,#5938,#5939,#5940,#5941,#5942,#5943,#5944,#5945,#5946,#5947,
#5948,#5949,#5950,#5951,#5952,#5953),.UNSPECIFIED.,.F.,.F.,(4,2,2,2,2,2,
2,2,2,2,2,2,2,2,2,2,2,4),(-4.62633891172679,-4.56518378285478,-4.48856082369802,
-4.40827075107502,-4.33103524829292,-4.25249370396961,-4.17322270055189,
-4.09685887588689,-4.01705567797295,-3.9386376600059,-3.8621787194051,-3.78157867563867,
-3.70406200225677,-3.62602906258909,-3.54644115786166,-3.46983628548713,
-3.39007241758031,-3.36166760843175),.UNSPECIFIED.);
#915=B_SPLINE_CURVE_WITH_KNOTS('',3,(#5954,#5955,#5956,#5957,#5958,#5959,
#5960,#5961,#5962,#5963,#5964,#5965,#5966,#5967,#5968,#5969,#5970,#5971,
#5972,#5973,#5974,#5975,#5976,#5977,#5978,#5979,#5980,#5981,#5982,#5983,
#5984,#5985,#5986,#5987,#5988,#5989),.UNSPECIFIED.,.F.,.F.,(4,2,2,2,2,2,
2,2,2,2,2,2,2,2,2,2,2,4),(-10.3675231964915,-10.310459828974,-10.2328433867834,
-10.1553155816668,-10.075561217379,-9.99929077670655,-9.92089192960209,
-9.84121676793259,-9.76488694031794,-9.6856400198143,-9.60751585314493,
-9.53031720451699,-9.45005744362025,-9.37368716941838,-9.29559125635322,
-9.21598712693041,-9.13989509977906,-9.10505201038599),.UNSPECIFIED.);
#916=B_SPLINE_CURVE_WITH_KNOTS('',3,(#5994,#5995,#5996,#5997,#5998,#5999,
#6000,#6001,#6002,#6003,#6004,#6005,#6006,#6007,#6008,#6009,#6010,#6011,
#6012,#6013,#6014,#6015,#6016,#6017,#6018,#6019,#6020,#6021,#6022,#6023,
#6024,#6025,#6026,#6027,#6028,#6029),.UNSPECIFIED.,.F.,.F.,(4,2,2,2,2,2,
2,2,2,2,2,2,2,2,2,2,2,4),(-5.89002065313571,-5.81782762936631,-5.74049798854049,
-5.66068417080347,-5.58387764561891,-5.50392290229213,-5.4251649536111,
-5.34902528682011,-5.26927784177542,-5.1913835884848,-5.11446425391833,
-5.03443841222844,-4.95744151351244,-4.87824823631138,-4.79925608255433,
-4.72307060063926,-4.64331711923245,-4.62633891172679),.UNSPECIFIED.);
#917=B_SPLINE_CURVE_WITH_KNOTS('',3,(#6030,#6031,#6032,#6033,#6034,#6035,
#6036,#6037,#6038,#6039,#6040,#6041,#6042,#6043,#6044,#6045,#6046,#6047,
#6048,#6049,#6050,#6051,#6052,#6053,#6054,#6055,#6056,#6057,#6058,#6059,
#6060,#6061,#6062,#6063,#6064,#6065),.UNSPECIFIED.,.F.,.F.,(4,2,2,2,2,2,
2,2,2,2,2,2,2,2,2,2,2,4),(-9.10505201038599,-9.0609446936096,-8.98223279674966,
-8.90529253102655,-8.82531830440964,-8.74871147761297,-8.6708759501127,
-8.59129749339448,-8.5153119890651,-8.43661673896644,-8.35719049542218,
-8.28046311217744,-8.20072528286237,-8.12375809158987,-8.04613393681436,
-7.96653942089276,-7.89053112428282,-7.8440109303161),.UNSPECIFIED.);
#918=B_SPLINE_CURVE_WITH_KNOTS('',3,(#6070,#6071,#6072,#6073,#6074,#6075,
#6076,#6077,#6078,#6079,#6080,#6081,#6082,#6083,#6084,#6085,#6086,#6087,
#6088,#6089,#6090,#6091,#6092,#6093,#6094,#6095,#6096,#6097,#6098,#6099,
#6100,#6101,#6102,#6103,#6104,#6105,#6106,#6107),.UNSPECIFIED.,.F.,.F.,
(4,2,2,2,2,2,2,2,2,2,2,2,2,2,2,2,2,2,4),(-7.15443591681652,-7.14820948101418,
-7.07095350009689,-6.99255374190781,-6.91325579070879,-6.83687285033471,
-6.75708648861407,-6.67863990140325,-6.60222717121913,-6.52159450433497,
-6.44404983630461,-6.36612822921228,-6.28650676688342,-6.20987177051278,
-6.13010981093368,-6.05153434041724,-5.97531668467562,-5.8955348261571,
-5.89002065313571),.UNSPECIFIED.);
#919=B_SPLINE_CURVE_WITH_KNOTS('',3,(#6108,#6109,#6110,#6111,#6112,#6113,
#6114,#6115,#6116,#6117,#6118,#6119,#6120,#6121,#6122,#6123,#6124,#6125,
#6126,#6127,#6128,#6129,#6130,#6131,#6132,#6133,#6134,#6135,#6136,#6137,
#6138,#6139,#6140,#6141,#6142,#6143),.UNSPECIFIED.,.F.,.F.,(4,2,2,2,2,2,
2,2,2,2,2,2,2,2,2,2,2,4),(-7.8440109303161,-7.81204262353249,-7.73181526667243,
-7.65524968704458,-7.57569291552572,-7.49826866118362,-7.42080089288429,
-7.34115129429485,-7.26500661096661,-7.1866698184715,-7.10704808889286,
-7.03063715723135,-6.95125467365219,-6.87315718727776,-6.79259460017387,
-6.71512075691134,-6.63740631234057,-6.58162451335457),.UNSPECIFIED.);
#920=B_SPLINE_CURVE_WITH_KNOTS('',3,(#6148,#6149,#6150,#6151,#6152,#6153,
#6154,#6155,#6156,#6157,#6158,#6159,#6160,#6161,#6162,#6163,#6164,#6165,
#6166,#6167,#6168,#6169,#6170,#6171,#6172,#6173,#6174,#6175,#6176,#6177,
#6178,#6179,#6180,#6181,#6182,#6183),.UNSPECIFIED.,.F.,.F.,(4,2,2,2,2,2,
2,2,2,2,2,2,2,2,2,2,2,4),(-8.41795554825277,-8.40020314557837,-8.32045575297921,
-8.24426402465162,-8.16524758994744,-8.08615700102463,-8.00914109201317,
-7.92909346853986,-7.85222969514534,-7.77431668822358,-7.69458086283388,
-7.61845216067422,-7.53967617604378,-7.45983627515515,-7.38301737111944,
-7.30318895672912,-7.22592828158479,-7.15443591681652),.UNSPECIFIED.);
#921=B_SPLINE_CURVE_WITH_KNOTS('',3,(#6184,#6185,#6186,#6187,#6188,#6189,
#6190,#6191,#6192,#6193,#6194,#6195,#6196,#6197,#6198,#6199,#6200,#6201,
#6202,#6203,#6204,#6205,#6206,#6207,#6208,#6209,#6210,#6211,#6212,#6213,
#6214,#6215,#6216,#6217,#6218,#6219),.UNSPECIFIED.,.F.,.F.,(4,2,2,2,2,2,
2,2,2,2,2,2,2,2,2,2,2,4),(-6.58162451335457,-6.5578529172361,-6.48128564711164,
-6.40162724803639,-6.32311836340298,-6.24701666263932,-6.1673415354186,
-6.0896990123741,-6.01254645656124,-5.93279531658755,-5.85605145649441,
-5.77634091616241,-5.69763975210098,-5.62159441806517,-5.54194641300407,
-5.46410703370806,-5.38734541475435,-5.31935876997886),.UNSPECIFIED.);
#922=B_SPLINE_CURVE_WITH_KNOTS('',3,(#6224,#6225,#6226,#6227,#6228,#6229,
#6230,#6231,#6232,#6233,#6234,#6235,#6236,#6237,#6238,#6239,#6240,#6241,
#6242,#6243,#6244,#6245,#6246,#6247,#6248,#6249,#6250,#6251,#6252,#6253,
#6254,#6255,#6256,#6257,#6258,#6259),.UNSPECIFIED.,.F.,.F.,(4,2,2,2,2,2,
2,2,2,2,2,2,2,2,2,2,2,4),(-9.68264897417752,-9.65353860771805,-9.57376468145364,
-9.4971284239009,-9.41750638075793,-9.33953832677369,-9.26199160568228,
-9.18135793739665,-9.10491984778917,-9.02647126915158,-8.9466681434249,
-8.87028082431116,-8.79098023087144,-8.71252409029888,-8.63526369870058,
-8.55494549989657,-8.47836156874387,-8.41795554825277),.UNSPECIFIED.);
#923=B_SPLINE_CURVE_WITH_KNOTS('',3,(#6260,#6261,#6262,#6263,#6264,#6265,
#6266,#6267,#6268,#6269,#6270,#6271,#6272,#6273,#6274,#6275,#6276,#6277,
#6278,#6279,#6280,#6281,#6282,#6283,#6284,#6285,#6286,#6287,#6288,#6289,
#6290,#6291,#6292,#6293,#6294,#6295),.UNSPECIFIED.,.F.,.F.,(4,2,2,2,2,2,
2,2,2,2,2,2,2,2,2,2,2,4),(-5.31935876997886,-5.30737242954873,-5.23042912572199,
-5.15146200498848,-5.07251816202764,-4.99640289848126,-4.91674109404282,
-4.83865403600843,-4.76216521133373,-4.68191941000201,-4.6047295390666,
-4.52638908324518,-4.44715927169775,-4.37084171239007,-4.29112178965041,
-4.21274270465814,-4.1363922267642,-4.05653755914308),.UNSPECIFIED.);
#924=B_SPLINE_CURVE_WITH_KNOTS('',3,(#6300,#6301,#6302,#6303,#6304,#6305,
#6306,#6307,#6308,#6309,#6310,#6311,#6312,#6313,#6314,#6315,#6316,#6317,
#6318,#6319,#6320,#6321,#6322,#6323,#6324,#6325,#6326,#6327,#6328,#6329,
#6330,#6331,#6332,#6333,#6334,#6335),.UNSPECIFIED.,.F.,.F.,(4,2,2,2,2,2,
2,2,2,2,2,2,2,2,2,2,2,4),(-10.9465676433897,-10.9056144100559,-10.8263685119735,
-10.7493751458917,-10.6693538891121,-10.592403516152,-10.5145125990892,
-10.4347545501787,-10.3586043206875,-10.2798493271479,-10.1998366114132,
-10.1230305676925,-10.0432180291891,-9.96585147761787,-9.88814432829201,
-9.80834951391148,-9.73211441595868,-9.68264897417752),.UNSPECIFIED.);
#925=B_SPLINE_CURVE_WITH_KNOTS('',3,(#6336,#6337,#6338,#6339,#6340,#6341,
#6342,#6343,#6344,#6345,#6346,#6347,#6348,#6349,#6350,#6351,#6352,#6353,
#6354,#6355,#6356,#6357,#6358,#6359,#6360,#6361,#6362,#6363,#6364,#6365,
#6366,#6367,#6368,#6369,#6370,#6371,#6372,#6373),.UNSPECIFIED.,.F.,.F.,
(4,2,2,2,2,2,2,2,2,2,2,2,2,2,2,2,2,2,4),(-4.05653755914308,-4.05582910036751,
-3.9783511454394,-3.9004899264887,-3.82093719250021,-3.74436824078918,-3.66467342039448,
-3.58616580924699,-3.5100114234087,-3.43029657177167,-3.35265654170222,
-3.27538820974796,-3.19564356371975,-3.11890349111593,-3.03900916626134,
-2.96031972656295,-2.88424429782228,-2.80456418279844,-2.79350943125446),
 .UNSPECIFIED.);
#926=B_SPLINE_CURVE_WITH_KNOTS('',3,(#6378,#6379,#6380,#6381,#6382,#6383,
#6384,#6385,#6386,#6387,#6388,#6389,#6390,#6391,#6392,#6393,#6394,#6395,
#6396,#6397,#6398,#6399,#6400,#6401,#6402,#6403,#6404,#6405,#6406,#6407,
#6408,#6409,#6410,#6411,#6412,#6413),.UNSPECIFIED.,.F.,.F.,(4,2,2,2,2,2,
2,2,2,2,2,2,2,2,2,2,2,4),(-12.2111808630758,-12.1579021588822,-12.07983366872,
-12.002325604287,-11.9217355973125,-11.8452614712106,-11.7668522290081,
-11.6870436620343,-11.6106850061797,-11.5314222885014,-11.4528358754233,
-11.3756066112742,-11.2953240456794,-11.2186776101595,-11.140550528523,
-11.0607889531895,-10.9846007261345,-10.9465676433897),.UNSPECIFIED.);
#927=B_SPLINE_CURVE_WITH_KNOTS('',3,(#6414,#6415,#6416,#6417,#6418,#6419,
#6420,#6421,#6422,#6423,#6424,#6425,#6426,#6427,#6428,#6429,#6430,#6431,
#6432,#6433,#6434,#6435,#6436,#6437,#6438,#6439,#6440,#6441,#6442,#6443,
#6444,#6445,#6446,#6447,#6448,#6449),.UNSPECIFIED.,.F.,.F.,(4,2,2,2,2,2,
2,2,2,2,2,2,2,2,2,2,2,4),(-2.79350943125446,-2.72673774933381,-2.64988027147562,
-2.56992427860806,-2.4929944528538,-2.41386174810501,-2.33493873587971,
-2.25881870490801,-2.17913293549634,-2.10106806126108,-2.02450782518109,
-1.94428826596121,-1.86712044638529,-1.78864008058123,-1.7094388248619,
-1.63314178948587,-1.55340675566783,-1.53062626547879),.UNSPECIFIED.);
#928=B_SPLINE_CURVE_WITH_KNOTS('',3,(#6454,#6455,#6456,#6457,#6458,#6459,
#6460,#6461,#6462,#6463,#6464,#6465,#6466,#6467,#6468,#6469,#6470,#6471,
#6472,#6473,#6474,#6475,#6476,#6477,#6478,#6479,#6480,#6481,#6482,#6483,
#6484,#6485,#6486,#6487,#6488,#6489,#6490,#6491),.UNSPECIFIED.,.F.,.F.,
(4,2,2,2,2,2,2,2,2,2,2,2,2,2,2,2,2,2,4),(-13.4749289842372,-13.4534245410306,
-13.4095984199138,-13.3325941351425,-13.2547592790662,-13.1750149291482,
-13.0988744127042,-13.0201748081113,-12.9400266764213,-12.8632670447775,
-12.7835051257722,-12.706067340582,-12.6284056915488,-12.5486172630275,
-12.472370840065,-12.3938398351499,-12.3140752476276,-12.2374796896273,
-12.2111808630758),.UNSPECIFIED.);
#929=B_SPLINE_CURVE_WITH_KNOTS('',3,(#6492,#6493,#6494,#6495,#6496,#6497,
#6498,#6499,#6500,#6501,#6502,#6503,#6504,#6505,#6506,#6507,#6508,#6509,
#6510,#6511,#6512,#6513,#6514,#6515,#6516,#6517,#6518,#6519,#6520,#6521,
#6522,#6523,#6524,#6525,#6526,#6527),.UNSPECIFIED.,.F.,.F.,(4,2,2,2,2,2,
2,2,2,2,2,2,2,2,2,2,2,4),(-1.53062626547879,-1.47505782206636,-1.39866270630987,
-1.31813382136525,-1.24068542807499,-1.16271462747418,-1.08319705596417,
-1.00665978002765,-0.926964738244021,-0.848492647486215,-0.772318368522626,
-0.692600282071419,-0.6149965738382,-0.53764808860492,-0.457944624810899,
-0.381241861303833,-0.301202734578481,-0.267211598030913),.UNSPECIFIED.);
#930=B_SPLINE_CURVE_WITH_KNOTS('',3,(#6530,#6531,#6532,#6533,#6534,#6535,
#6536,#6537,#6538,#6539),.UNSPECIFIED.,.F.,.F.,(4,2,2,2,4),(-0.267211598030913,
-0.222559486820443,-0.146485705488285,-0.0738067810613763,-9.99999999196088E-7),
 .UNSPECIFIED.);
#931=B_SPLINE_CURVE_WITH_KNOTS('',3,(#6542,#6543,#6544,#6545),
 .UNSPECIFIED.,.F.,.F.,(4,4),(-13.4977712075297,-13.4749289842372),
 .UNSPECIFIED.);
#932=B_SPLINE_CURVE_WITH_KNOTS('',3,(#6548,#6549,#6550,#6551,#6552,#6553,
#6554,#6555,#6556,#6557,#6558,#6559,#6560,#6561),.UNSPECIFIED.,.F.,.F.,
(4,2,2,2,2,2,4),(-4.13382135769214,-3.73167339421355,-3.30185715140553,
-2.79815502296716,-2.31615054354413,-1.95892675825353,-1.72472576441687),
 .UNSPECIFIED.);
#933=B_SPLINE_CURVE_WITH_KNOTS('',3,(#6568,#6569,#6570,#6571,#6572,#6573,
#6574,#6575,#6576,#6577,#6578,#6579,#6580,#6581,#6582,#6583,#6584,#6585,
#6586,#6587,#6588,#6589,#6590,#6591,#6592,#6593),.UNSPECIFIED.,.F.,.F.,
(4,2,2,2,2,2,2,2,2,2,2,2,4),(-1.72472576441687,-1.67953691844814,-1.42029789615669,
-1.28319972017081,-1.0398913808351,-0.778959249253542,-0.609640487657783,
-0.489190438561054,-0.361600847632785,-0.299416942325641,-0.186745782494139,
-0.0782999115597264,0.),.UNSPECIFIED.);
#934=B_SPLINE_CURVE_WITH_KNOTS('',3,(#6596,#6597,#6598,#6599,#6600,#6601,
#6602,#6603,#6604,#6605,#6606,#6607,#6608,#6609),.UNSPECIFIED.,.F.,.F.,
(4,2,2,2,2,2,4),(-0.536944909453385,-0.433613741347294,-0.331361263881328,
-0.179539089465886,-0.129005049928387,-0.0646493681328913,-1.00000011171719E-6),
 .UNSPECIFIED.);
#935=B_SPLINE_CURVE_WITH_KNOTS('',3,(#6612,#6613,#6614,#6615,#6616,#6617,
#6618,#6619,#6620,#6621,#6622,#6623,#6624,#6625,#6626,#6627,#6628,#6629),
 .UNSPECIFIED.,.F.,.F.,(4,2,2,2,2,2,2,2,4),(-0.206539010187253,-0.181867554930157,
-0.157210338451854,-0.123634091643005,-0.11040008272683,-0.0840638218666506,
-0.0713879041323907,-0.0441990681112048,0.),.UNSPECIFIED.);
#936=B_SPLINE_CURVE_WITH_KNOTS('',3,(#6631,#6632,#6633,#6634,#6635,#6636,
#6637,#6638,#6639,#6640,#6641,#6642,#6643,#6644,#6645,#6646),
 .UNSPECIFIED.,.F.,.F.,(4,2,2,2,2,2,2,4),(-0.382907179296913,-0.338086731404373,
-0.292273448586667,-0.225541095596589,-0.191243753013011,-0.119859926040695,
-0.0620478697149294,-9.99999630102444E-7),.UNSPECIFIED.);
#937=B_SPLINE_CURVE_WITH_KNOTS('',3,(#8188,#8189,#8190,#8191,#8192,#8193,
#8194,#8195,#8196,#8197,#8198,#8199,#8200,#8201,#8202,#8203,#8204,#8205,
#8206,#8207),.UNSPECIFIED.,.F.,.F.,(4,2,2,2,2,2,2,2,2,4),(-13.4829772439948,
-13.423022570853,-13.3634560183072,-13.2849079608676,-13.2051840019935,
-13.128576544461,-13.0489830503527,-12.9711287884947,-12.8936126519938,
-12.8932518905384),.UNSPECIFIED.);
#938=B_SPLINE_CURVE_WITH_KNOTS('',3,(#8210,#8211,#8212,#8213,#8214,#8215,
#8216,#8217,#8218,#8219,#8220,#8221,#8222,#8223,#8224,#8225,#8226,#8227,
#8228,#8229,#8230,#8231,#8232,#8233,#8234,#8235),.UNSPECIFIED.,.F.,.F.,
(4,2,2,2,2,2,2,2,2,2,2,2,4),(-0.833710308933868,-0.806692153688291,-0.730151068048609,
-0.650420720571384,-0.571947755463978,-0.49571888555343,-0.415962797257723,
-0.338359367268149,-0.260898609488667,-0.181199193711703,-0.104498166801199,
-0.0532514725058625,-9.99999999917733E-7),.UNSPECIFIED.);
#939=B_SPLINE_CURVE_WITH_KNOTS('',3,(#8240,#8241,#8242,#8243,#8244,#8245,
#8246,#8247,#8248,#8249,#8250,#8251,#8252,#8253,#8254,#8255,#8256,#8257,
#8258,#8259,#8260,#8261,#8262,#8263,#8264,#8265,#8266,#8267,#8268,#8269,
#8270,#8271,#8272,#8273,#8274,#8275),.UNSPECIFIED.,.F.,.F.,(4,2,2,2,2,2,
2,2,2,2,2,2,2,2,2,2,2,4),(-12.8932518905384,-12.8130085170208,-12.7366439895734,
-12.6582260533807,-12.5784817790436,-12.5021286023969,-12.4228601729923,
-12.3445365853858,-12.2673109651199,-12.1870268830464,-12.110532901237,
-12.0324096994996,-11.9527265458144,-11.8765840882675,-11.7976042496037,
-11.718662579734,-11.6416864229399,-11.6300644990728),.UNSPECIFIED.);
#940=B_SPLINE_CURVE_WITH_KNOTS('',3,(#8276,#8277,#8278,#8279,#8280,#8281,
#8282,#8283,#8284,#8285,#8286,#8287,#8288,#8289,#8290,#8291,#8292,#8293,
#8294,#8295,#8296,#8297,#8298,#8299,#8300,#8301,#8302,#8303,#8304,#8305,
#8306,#8307,#8308,#8309,#8310,#8311),.UNSPECIFIED.,.F.,.F.,(4,2,2,2,2,2,
2,2,2,2,2,2,2,2,2,2,2,4),(-2.09794653299789,-2.05915438631113,-1.98299326396201,
-1.903250049307,-1.82517130702646,-1.74850776284166,-1.66827719859403,-1.59109586970582,
-1.5124472561363,-1.43323784081734,-1.35692339112772,-1.27713899823875,
-1.19878370438316,-1.12231007526565,-1.04177770709142,-0.964322848000947,
-0.886211668092087,-0.833710308933868),.UNSPECIFIED.);
#941=B_SPLINE_CURVE_WITH_KNOTS('',3,(#8316,#8317,#8318,#8319,#8320,#8321,
#8322,#8323,#8324,#8325,#8326,#8327,#8328,#8329,#8330,#8331,#8332,#8333,
#8334,#8335,#8336,#8337,#8338,#8339,#8340,#8341,#8342,#8343,#8344,#8345,
#8346,#8347,#8348,#8349,#8350,#8351),.UNSPECIFIED.,.F.,.F.,(4,2,2,2,2,2,
2,2,2,2,2,2,2,2,2,2,2,4),(-11.6300644990728,-11.5616782810162,-11.4849197025375,
-11.4070472902943,-11.3273806805265,-11.2513166666058,-11.1725825663455,
-11.0929036257502,-11.0161301657309,-10.9363473948933,-10.859204621176,
-10.7815325697709,-10.7018413826681,-10.6257286655752,-10.5471903413318,
-10.4666967824569,-10.3900737995949,-10.3675231964915),.UNSPECIFIED.);
#942=B_SPLINE_CURVE_WITH_KNOTS('',3,(#8352,#8353,#8354,#8355,#8356,#8357,
#8358,#8359,#8360,#8361,#8362,#8363,#8364,#8365,#8366,#8367,#8368,#8369,
#8370,#8371,#8372,#8373,#8374,#8375,#8376,#8377,#8378,#8379,#8380,#8381,
#8382,#8383,#8384,#8385,#8386,#8387),.UNSPECIFIED.,.F.,.F.,(4,2,2,2,2,2,
2,2,2,2,2,2,2,2,2,2,2,4),(-3.36166760843175,-3.31153087480699,-3.2352917901622,
-3.15550499559468,-3.07783254747084,-3.00042107929485,-2.92064683112737,
-2.84387605643143,-2.76377467317043,-2.68506115564716,-2.60892138079731,
-2.529176349443,-2.45132732968968,-2.37434396922517,-2.29436825204947,-2.21741684381967,
-2.13809285495277,-2.09794653299789),.UNSPECIFIED.);
#943=B_SPLINE_CURVE_WITH_KNOTS('',3,(#8392,#8393,#8394,#8395,#8396,#8397,
#8398,#8399,#8400,#8401,#8402,#8403,#8404,#8405,#8406,#8407,#8408,#8409,
#8410,#8411,#8412,#8413,#8414,#8415,#8416,#8417,#8418,#8419,#8420,#8421,
#8422,#8423,#8424,#8425,#8426,#8427),.UNSPECIFIED.,.F.,.F.,(4,2,2,2,2,2,
2,2,2,2,2,2,2,2,2,2,2,4),(-10.3675231964915,-10.310459828974,-10.2328433867834,
-10.1553155816668,-10.075561217379,-9.99929077670655,-9.92089192960209,
-9.84121676793259,-9.76488694031794,-9.6856400198143,-9.60751585314493,
-9.53031720451699,-9.45005744362025,-9.37368716941838,-9.29559125635322,
-9.21598712693041,-9.13989509977906,-9.10505201038599),.UNSPECIFIED.);
#944=B_SPLINE_CURVE_WITH_KNOTS('',3,(#8428,#8429,#8430,#8431,#8432,#8433,
#8434,#8435,#8436,#8437,#8438,#8439,#8440,#8441,#8442,#8443,#8444,#8445,
#8446,#8447,#8448,#8449,#8450,#8451,#8452,#8453,#8454,#8455,#8456,#8457,
#8458,#8459,#8460,#8461,#8462,#8463),.UNSPECIFIED.,.F.,.F.,(4,2,2,2,2,2,
2,2,2,2,2,2,2,2,2,2,2,4),(-4.62633891172679,-4.56518378285478,-4.48856082369802,
-4.40827075107502,-4.33103524829292,-4.25249370396961,-4.17322270055189,
-4.09685887588689,-4.01705567797295,-3.9386376600059,-3.8621787194051,-3.78157867563867,
-3.70406200225677,-3.62602906258909,-3.54644115786166,-3.46983628548713,
-3.39007241758031,-3.36166760843175),.UNSPECIFIED.);
#945=B_SPLINE_CURVE_WITH_KNOTS('',3,(#8468,#8469,#8470,#8471,#8472,#8473,
#8474,#8475,#8476,#8477,#8478,#8479,#8480,#8481,#8482,#8483,#8484,#8485,
#8486,#8487,#8488,#8489,#8490,#8491,#8492,#8493,#8494,#8495,#8496,#8497,
#8498,#8499,#8500,#8501,#8502,#8503),.UNSPECIFIED.,.F.,.F.,(4,2,2,2,2,2,
2,2,2,2,2,2,2,2,2,2,2,4),(-9.10505201038599,-9.0609446936096,-8.98223279674966,
-8.90529253102655,-8.82531830440964,-8.74871147761297,-8.6708759501127,
-8.59129749339448,-8.5153119890651,-8.43661673896644,-8.35719049542218,
-8.28046311217744,-8.20072528286237,-8.12375809158987,-8.04613393681436,
-7.96653942089276,-7.89053112428282,-7.8440109303161),.UNSPECIFIED.);
#946=B_SPLINE_CURVE_WITH_KNOTS('',3,(#8504,#8505,#8506,#8507,#8508,#8509,
#8510,#8511,#8512,#8513,#8514,#8515,#8516,#8517,#8518,#8519,#8520,#8521,
#8522,#8523,#8524,#8525,#8526,#8527,#8528,#8529,#8530,#8531,#8532,#8533,
#8534,#8535,#8536,#8537,#8538,#8539),.UNSPECIFIED.,.F.,.F.,(4,2,2,2,2,2,
2,2,2,2,2,2,2,2,2,2,2,4),(-5.89002065313571,-5.81782762936631,-5.74049798854049,
-5.66068417080347,-5.58387764561891,-5.50392290229213,-5.4251649536111,
-5.34902528682011,-5.26927784177542,-5.1913835884848,-5.11446425391833,
-5.03443841222844,-4.95744151351244,-4.87824823631138,-4.79925608255433,
-4.72307060063926,-4.64331711923245,-4.62633891172679),.UNSPECIFIED.);
#947=B_SPLINE_CURVE_WITH_KNOTS('',3,(#8544,#8545,#8546,#8547,#8548,#8549,
#8550,#8551,#8552,#8553,#8554,#8555,#8556,#8557,#8558,#8559,#8560,#8561,
#8562,#8563,#8564,#8565,#8566,#8567,#8568,#8569,#8570,#8571,#8572,#8573,
#8574,#8575,#8576,#8577,#8578,#8579),.UNSPECIFIED.,.F.,.F.,(4,2,2,2,2,2,
2,2,2,2,2,2,2,2,2,2,2,4),(-7.8440109303161,-7.81204262353249,-7.73181526667243,
-7.65524968704458,-7.57569291552572,-7.49826866118362,-7.42080089288429,
-7.34115129429485,-7.26500661096661,-7.1866698184715,-7.10704808889286,
-7.03063715723135,-6.95125467365219,-6.87315718727776,-6.79259460017387,
-6.71512075691134,-6.63740631234057,-6.58162451335457),.UNSPECIFIED.);
#948=B_SPLINE_CURVE_WITH_KNOTS('',3,(#8580,#8581,#8582,#8583,#8584,#8585,
#8586,#8587,#8588,#8589,#8590,#8591,#8592,#8593,#8594,#8595,#8596,#8597,
#8598,#8599,#8600,#8601,#8602,#8603,#8604,#8605,#8606,#8607,#8608,#8609,
#8610,#8611,#8612,#8613,#8614,#8615,#8616,#8617),.UNSPECIFIED.,.F.,.F.,
(4,2,2,2,2,2,2,2,2,2,2,2,2,2,2,2,2,2,4),(-7.15443591681652,-7.14820948101418,
-7.07095350009689,-6.99255374190781,-6.91325579070879,-6.83687285033471,
-6.75708648861407,-6.67863990140325,-6.60222717121913,-6.52159450433497,
-6.44404983630461,-6.36612822921228,-6.28650676688342,-6.20987177051278,
-6.13010981093368,-6.05153434041724,-5.97531668467562,-5.8955348261571,
-5.89002065313571),.UNSPECIFIED.);
#949=B_SPLINE_CURVE_WITH_KNOTS('',3,(#8622,#8623,#8624,#8625,#8626,#8627,
#8628,#8629,#8630,#8631,#8632,#8633,#8634,#8635,#8636,#8637,#8638,#8639,
#8640,#8641,#8642,#8643,#8644,#8645,#8646,#8647,#8648,#8649,#8650,#8651,
#8652,#8653,#8654,#8655,#8656,#8657),.UNSPECIFIED.,.F.,.F.,(4,2,2,2,2,2,
2,2,2,2,2,2,2,2,2,2,2,4),(-6.58162451335457,-6.5578529172361,-6.48128564711164,
-6.40162724803639,-6.32311836340298,-6.24701666263932,-6.1673415354186,
-6.0896990123741,-6.01254645656124,-5.93279531658755,-5.85605145649441,
-5.77634091616241,-5.69763975210098,-5.62159441806517,-5.54194641300407,
-5.46410703370806,-5.38734541475435,-5.31935876997886),.UNSPECIFIED.);
#950=B_SPLINE_CURVE_WITH_KNOTS('',3,(#8658,#8659,#8660,#8661,#8662,#8663,
#8664,#8665,#8666,#8667,#8668,#8669,#8670,#8671,#8672,#8673,#8674,#8675,
#8676,#8677,#8678,#8679,#8680,#8681,#8682,#8683,#8684,#8685,#8686,#8687,
#8688,#8689,#8690,#8691,#8692,#8693),.UNSPECIFIED.,.F.,.F.,(4,2,2,2,2,2,
2,2,2,2,2,2,2,2,2,2,2,4),(-8.41795554825277,-8.40020314557837,-8.32045575297921,
-8.24426402465162,-8.16524758994744,-8.08615700102463,-8.00914109201317,
-7.92909346853986,-7.85222969514534,-7.77431668822358,-7.69458086283388,
-7.61845216067422,-7.53967617604378,-7.45983627515515,-7.38301737111944,
-7.30318895672912,-7.22592828158479,-7.15443591681652),.UNSPECIFIED.);
#951=B_SPLINE_CURVE_WITH_KNOTS('',3,(#8698,#8699,#8700,#8701,#8702,#8703,
#8704,#8705,#8706,#8707,#8708,#8709,#8710,#8711,#8712,#8713,#8714,#8715,
#8716,#8717,#8718,#8719,#8720,#8721,#8722,#8723,#8724,#8725,#8726,#8727,
#8728,#8729,#8730,#8731,#8732,#8733),.UNSPECIFIED.,.F.,.F.,(4,2,2,2,2,2,
2,2,2,2,2,2,2,2,2,2,2,4),(-5.31935876997886,-5.30737242954873,-5.23042912572199,
-5.15146200498848,-5.07251816202764,-4.99640289848126,-4.91674109404282,
-4.83865403600843,-4.76216521133373,-4.68191941000201,-4.6047295390666,
-4.52638908324518,-4.44715927169775,-4.37084171239007,-4.29112178965041,
-4.21274270465814,-4.1363922267642,-4.05653755914308),.UNSPECIFIED.);
#952=B_SPLINE_CURVE_WITH_KNOTS('',3,(#8734,#8735,#8736,#8737,#8738,#8739,
#8740,#8741,#8742,#8743,#8744,#8745,#8746,#8747,#8748,#8749,#8750,#8751,
#8752,#8753,#8754,#8755,#8756,#8757,#8758,#8759,#8760,#8761,#8762,#8763,
#8764,#8765,#8766,#8767,#8768,#8769),.UNSPECIFIED.,.F.,.F.,(4,2,2,2,2,2,
2,2,2,2,2,2,2,2,2,2,2,4),(-9.68264897417752,-9.65353860771805,-9.57376468145364,
-9.4971284239009,-9.41750638075793,-9.33953832677369,-9.26199160568228,
-9.18135793739665,-9.10491984778917,-9.02647126915158,-8.9466681434249,
-8.87028082431116,-8.79098023087144,-8.71252409029888,-8.63526369870058,
-8.55494549989657,-8.47836156874387,-8.41795554825277),.UNSPECIFIED.);
#953=B_SPLINE_CURVE_WITH_KNOTS('',3,(#8774,#8775,#8776,#8777,#8778,#8779,
#8780,#8781,#8782,#8783,#8784,#8785,#8786,#8787,#8788,#8789,#8790,#8791,
#8792,#8793,#8794,#8795,#8796,#8797,#8798,#8799,#8800,#8801,#8802,#8803,
#8804,#8805,#8806,#8807,#8808,#8809,#8810,#8811),.UNSPECIFIED.,.F.,.F.,
(4,2,2,2,2,2,2,2,2,2,2,2,2,2,2,2,2,2,4),(-4.05653755914308,-4.05582910036751,
-3.9783511454394,-3.9004899264887,-3.82093719250021,-3.74436824078918,-3.66467342039448,
-3.58616580924699,-3.5100114234087,-3.43029657177167,-3.35265654170222,
-3.27538820974796,-3.19564356371975,-3.11890349111593,-3.03900916626134,
-2.96031972656295,-2.88424429782228,-2.80456418279844,-2.79350943125446),
 .UNSPECIFIED.);
#954=B_SPLINE_CURVE_WITH_KNOTS('',3,(#8812,#8813,#8814,#8815,#8816,#8817,
#8818,#8819,#8820,#8821,#8822,#8823,#8824,#8825,#8826,#8827,#8828,#8829,
#8830,#8831,#8832,#8833,#8834,#8835,#8836,#8837,#8838,#8839,#8840,#8841,
#8842,#8843,#8844,#8845,#8846,#8847),.UNSPECIFIED.,.F.,.F.,(4,2,2,2,2,2,
2,2,2,2,2,2,2,2,2,2,2,4),(-10.9465676433897,-10.9056144100559,-10.8263685119735,
-10.7493751458917,-10.6693538891121,-10.592403516152,-10.5145125990892,
-10.4347545501787,-10.3586043206875,-10.2798493271479,-10.1998366114132,
-10.1230305676925,-10.0432180291891,-9.96585147761787,-9.88814432829201,
-9.80834951391148,-9.73211441595868,-9.68264897417752),.UNSPECIFIED.);
#955=B_SPLINE_CURVE_WITH_KNOTS('',3,(#8852,#8853,#8854,#8855,#8856,#8857,
#8858,#8859,#8860,#8861,#8862,#8863,#8864,#8865,#8866,#8867,#8868,#8869,
#8870,#8871,#8872,#8873,#8874,#8875,#8876,#8877,#8878,#8879,#8880,#8881,
#8882,#8883,#8884,#8885,#8886,#8887),.UNSPECIFIED.,.F.,.F.,(4,2,2,2,2,2,
2,2,2,2,2,2,2,2,2,2,2,4),(-2.79350943125446,-2.72673774933381,-2.64988027147562,
-2.56992427860806,-2.4929944528538,-2.41386174810501,-2.33493873587971,
-2.25881870490801,-2.17913293549634,-2.10106806126108,-2.02450782518109,
-1.94428826596121,-1.86712044638529,-1.78864008058123,-1.7094388248619,
-1.63314178948587,-1.55340675566783,-1.53062626547879),.UNSPECIFIED.);
#956=B_SPLINE_CURVE_WITH_KNOTS('',3,(#8888,#8889,#8890,#8891,#8892,#8893,
#8894,#8895,#8896,#8897,#8898,#8899,#8900,#8901,#8902,#8903,#8904,#8905,
#8906,#8907,#8908,#8909,#8910,#8911,#8912,#8913,#8914,#8915,#8916,#8917,
#8918,#8919,#8920,#8921,#8922,#8923),.UNSPECIFIED.,.F.,.F.,(4,2,2,2,2,2,
2,2,2,2,2,2,2,2,2,2,2,4),(-12.2111808630758,-12.1579021588822,-12.07983366872,
-12.002325604287,-11.9217355973125,-11.8452614712106,-11.7668522290081,
-11.6870436620343,-11.6106850061797,-11.5314222885014,-11.4528358754233,
-11.3756066112742,-11.2953240456794,-11.2186776101595,-11.140550528523,
-11.0607889531895,-10.9846007261345,-10.9465676433897),.UNSPECIFIED.);
#957=B_SPLINE_CURVE_WITH_KNOTS('',3,(#8929,#8930,#8931,#8932),
 .UNSPECIFIED.,.F.,.F.,(4,4),(-13.4977712075297,-13.4749289842372),
 .UNSPECIFIED.);
#958=B_SPLINE_CURVE_WITH_KNOTS('',3,(#8935,#8936,#8937,#8938,#8939,#8940,
#8941,#8942,#8943,#8944),.UNSPECIFIED.,.F.,.F.,(4,2,2,2,4),(-0.267211598030913,
-0.222559486820443,-0.146485705488285,-0.0738067810613763,-9.99999999196088E-7),
 .UNSPECIFIED.);
#959=B_SPLINE_CURVE_WITH_KNOTS('',3,(#8946,#8947,#8948,#8949,#8950,#8951,
#8952,#8953,#8954,#8955,#8956,#8957,#8958,#8959,#8960,#8961,#8962,#8963,
#8964,#8965,#8966,#8967,#8968,#8969,#8970,#8971,#8972,#8973,#8974,#8975,
#8976,#8977,#8978,#8979,#8980,#8981),.UNSPECIFIED.,.F.,.F.,(4,2,2,2,2,2,
2,2,2,2,2,2,2,2,2,2,2,4),(-1.53062626547879,-1.47505782206636,-1.39866270630987,
-1.31813382136525,-1.24068542807499,-1.16271462747418,-1.08319705596417,
-1.00665978002765,-0.926964738244021,-0.848492647486215,-0.772318368522626,
-0.692600282071419,-0.6149965738382,-0.53764808860492,-0.457944624810899,
-0.381241861303833,-0.301202734578481,-0.267211598030913),.UNSPECIFIED.);
#960=B_SPLINE_CURVE_WITH_KNOTS('',3,(#8982,#8983,#8984,#8985,#8986,#8987,
#8988,#8989,#8990,#8991,#8992,#8993,#8994,#8995,#8996,#8997,#8998,#8999,
#9000,#9001,#9002,#9003,#9004,#9005,#9006,#9007,#9008,#9009,#9010,#9011,
#9012,#9013,#9014,#9015,#9016,#9017,#9018,#9019),.UNSPECIFIED.,.F.,.F.,
(4,2,2,2,2,2,2,2,2,2,2,2,2,2,2,2,2,2,4),(-13.4749289842372,-13.4534245410306,
-13.4095984199138,-13.3325941351425,-13.2547592790662,-13.1750149291482,
-13.0988744127042,-13.0201748081113,-12.9400266764213,-12.8632670447775,
-12.7835051257722,-12.706067340582,-12.6284056915488,-12.5486172630275,
-12.472370840065,-12.3938398351499,-12.3140752476276,-12.2374796896273,
-12.2111808630758),.UNSPECIFIED.);
#961=B_SPLINE_CURVE_WITH_KNOTS('',3,(#9022,#9023,#9024,#9025,#9026,#9027,
#9028,#9029,#9030,#9031,#9032,#9033,#9034,#9035),.UNSPECIFIED.,.F.,.F.,
(4,2,2,2,2,2,4),(-4.13382135769214,-3.73167339421355,-3.30185715140553,
-2.79815502296716,-2.31615054354413,-1.95892675825353,-1.72472576441687),
 .UNSPECIFIED.);
#962=B_SPLINE_CURVE_WITH_KNOTS('',3,(#9037,#9038,#9039,#9040,#9041,#9042,
#9043,#9044,#9045,#9046,#9047,#9048,#9049,#9050),.UNSPECIFIED.,.F.,.F.,
(4,2,2,2,2,2,4),(-0.536944909453385,-0.433613741347294,-0.331361263881328,
-0.179539089465886,-0.129005049928387,-0.0646493681328913,-1.00000011171719E-6),
 .UNSPECIFIED.);
#963=B_SPLINE_CURVE_WITH_KNOTS('',3,(#9053,#9054,#9055,#9056,#9057,#9058,
#9059,#9060,#9061,#9062,#9063,#9064,#9065,#9066,#9067,#9068,#9069,#9070,
#9071,#9072,#9073,#9074,#9075,#9076,#9077,#9078),.UNSPECIFIED.,.F.,.F.,
(4,2,2,2,2,2,2,2,2,2,2,2,4),(-1.72472576441687,-1.67953691844814,-1.42029789615669,
-1.28319972017081,-1.0398913808351,-0.778959249253542,-0.609640487657783,
-0.489190438561054,-0.361600847632785,-0.299416942325641,-0.186745782494139,
-0.0782999115597264,0.),.UNSPECIFIED.);
#964=B_SPLINE_CURVE_WITH_KNOTS('',3,(#9086,#9087,#9088,#9089,#9090,#9091,
#9092,#9093,#9094,#9095,#9096,#9097,#9098,#9099,#9100,#9101,#9102,#9103),
 .UNSPECIFIED.,.F.,.F.,(4,2,2,2,2,2,2,2,4),(-0.206539010187253,-0.181867554930157,
-0.157210338451854,-0.123634091643005,-0.11040008272683,-0.0840638218666506,
-0.0713879041323907,-0.0441990681112048,0.),.UNSPECIFIED.);
#965=B_SPLINE_CURVE_WITH_KNOTS('',3,(#9106,#9107,#9108,#9109,#9110,#9111,
#9112,#9113,#9114,#9115,#9116,#9117,#9118,#9119,#9120,#9121),
 .UNSPECIFIED.,.F.,.F.,(4,2,2,2,2,2,2,4),(-0.382907179296913,-0.338086731404373,
-0.292273448586667,-0.225541095596589,-0.191243753013011,-0.119859926040695,
-0.0620478697149294,-9.99999630102444E-7),.UNSPECIFIED.);
#966=LINE('',#5712,#1331);
#967=LINE('',#5765,#1332);
#968=LINE('',#5841,#1333);
#969=LINE('',#5917,#1334);
#970=LINE('',#5993,#1335);
#971=LINE('',#6069,#1336);
#972=LINE('',#6147,#1337);
#973=LINE('',#6223,#1338);
#974=LINE('',#6299,#1339);
#975=LINE('',#6377,#1340);
#976=LINE('',#6453,#1341);
#977=LINE('',#6563,#1342);
#978=LINE('',#8088,#1343);
#979=LINE('',#8107,#1344);
#980=LINE('',#8108,#1345);
#981=LINE('',#8111,#1346);
#982=LINE('',#8112,#1347);
#983=LINE('',#8115,#1348);
#984=LINE('',#8116,#1349);
#985=LINE('',#8118,#1350);
#986=LINE('',#8121,#1351);
#987=LINE('',#8123,#1352);
#988=LINE('',#8125,#1353);
#989=LINE('',#8127,#1354);
#990=LINE('',#8131,#1355);
#991=LINE('',#8133,#1356);
#992=LINE('',#8135,#1357);
#993=LINE('',#8137,#1358);
#994=LINE('',#8141,#1359);
#995=LINE('',#8143,#1360);
#996=LINE('',#8145,#1361);
#997=LINE('',#8146,#1362);
#998=LINE('',#8155,#1363);
#999=LINE('',#8157,#1364);
#1000=LINE('',#8159,#1365);
#1001=LINE('',#8169,#1366);
#1002=LINE('',#8171,#1367);
#1003=LINE('',#8173,#1368);
#1004=LINE('',#8176,#1369);
#1005=LINE('',#8178,#1370);
#1006=LINE('',#8180,#1371);
#1007=LINE('',#8186,#1372);
#1008=LINE('',#8239,#1373);
#1009=LINE('',#8315,#1374);
#1010=LINE('',#8391,#1375);
#1011=LINE('',#8467,#1376);
#1012=LINE('',#8543,#1377);
#1013=LINE('',#8621,#1378);
#1014=LINE('',#8697,#1379);
#1015=LINE('',#8773,#1380);
#1016=LINE('',#8851,#1381);
#1017=LINE('',#8927,#1382);
#1018=LINE('',#9080,#1383);
#1019=LINE('',#10561,#1384);
#1020=LINE('',#10581,#1385);
#1021=LINE('',#10582,#1386);
#1022=LINE('',#10585,#1387);
#1023=LINE('',#10586,#1388);
#1024=LINE('',#10589,#1389);
#1025=LINE('',#10590,#1390);
#1026=LINE('',#10592,#1391);
#1027=LINE('',#10595,#1392);
#1028=LINE('',#10597,#1393);
#1029=LINE('',#10599,#1394);
#1030=LINE('',#10601,#1395);
#1031=LINE('',#10605,#1396);
#1032=LINE('',#10607,#1397);
#1033=LINE('',#10609,#1398);
#1034=LINE('',#10611,#1399);
#1035=LINE('',#10615,#1400);
#1036=LINE('',#10617,#1401);
#1037=LINE('',#10619,#1402);
#1038=LINE('',#10620,#1403);
#1039=LINE('',#10629,#1404);
#1040=LINE('',#10631,#1405);
#1041=LINE('',#10633,#1406);
#1042=LINE('',#10643,#1407);
#1043=LINE('',#10645,#1408);
#1044=LINE('',#10647,#1409);
#1045=LINE('',#10650,#1410);
#1046=LINE('',#10652,#1411);
#1047=LINE('',#10654,#1412);
#1048=LINE('',#10661,#1413);
#1049=LINE('',#10664,#1414);
#1050=LINE('',#10683,#1415);
#1051=LINE('',#10684,#1416);
#1052=LINE('',#10703,#1417);
#1053=LINE('',#10704,#1418);
#1054=LINE('',#10707,#1419);
#1055=LINE('',#10709,#1420);
#1056=LINE('',#10711,#1421);
#1057=LINE('',#10713,#1422);
#1058=LINE('',#10715,#1423);
#1059=LINE('',#10717,#1424);
#1060=LINE('',#10718,#1425);
#1061=LINE('',#10721,#1426);
#1062=LINE('',#10725,#1427);
#1063=LINE('',#10727,#1428);
#1064=LINE('',#10729,#1429);
#1065=LINE('',#10731,#1430);
#1066=LINE('',#10733,#1431);
#1067=LINE('',#10735,#1432);
#1068=LINE('',#10739,#1433);
#1069=LINE('',#10741,#1434);
#1070=LINE('',#10743,#1435);
#1071=LINE('',#10745,#1436);
#1072=LINE('',#10747,#1437);
#1073=LINE('',#10749,#1438);
#1074=LINE('',#10751,#1439);
#1075=LINE('',#10753,#1440);
#1076=LINE('',#10755,#1441);
#1077=LINE('',#10757,#1442);
#1078=LINE('',#10759,#1443);
#1079=LINE('',#10761,#1444);
#1080=LINE('',#10763,#1445);
#1081=LINE('',#10767,#1446);
#1082=LINE('',#10769,#1447);
#1083=LINE('',#10771,#1448);
#1084=LINE('',#10773,#1449);
#1085=LINE('',#10774,#1450);
#1086=LINE('',#10777,#1451);
#1087=LINE('',#10779,#1452);
#1088=LINE('',#10781,#1453);
#1089=LINE('',#10782,#1454);
#1090=LINE('',#10785,#1455);
#1091=LINE('',#10789,#1456);
#1092=LINE('',#10791,#1457);
#1093=LINE('',#10793,#1458);
#1094=LINE('',#10795,#1459);
#1095=LINE('',#10797,#1460);
#1096=LINE('',#10798,#1461);
#1097=LINE('',#10804,#1462);
#1098=LINE('',#10807,#1463);
#1099=LINE('',#10824,#1464);
#1100=LINE('',#10843,#1465);
#1101=LINE('',#10844,#1466);
#1102=LINE('',#10846,#1467);
#1103=LINE('',#10849,#1468);
#1104=LINE('',#10853,#1469);
#1105=LINE('',#10854,#1470);
#1106=LINE('',#10856,#1471);
#1107=LINE('',#10858,#1472);
#1108=LINE('',#10861,#1473);
#1109=LINE('',#10862,#1474);
#1110=LINE('',#10866,#1475);
#1111=LINE('',#10869,#1476);
#1112=LINE('',#10871,#1477);
#1113=LINE('',#10872,#1478);
#1114=LINE('',#10878,#1479);
#1115=LINE('',#10880,#1480);
#1116=LINE('',#10881,#1481);
#1117=LINE('',#10887,#1482);
#1118=LINE('',#10888,#1483);
#1119=LINE('',#10892,#1484);
#1120=LINE('',#10893,#1485);
#1121=LINE('',#10898,#1486);
#1122=LINE('',#10904,#1487);
#1123=LINE('',#10907,#1488);
#1124=LINE('',#10909,#1489);
#1125=LINE('',#10910,#1490);
#1126=LINE('',#10913,#1491);
#1127=LINE('',#10917,#1492);
#1128=LINE('',#10919,#1493);
#1129=LINE('',#10920,#1494);
#1130=LINE('',#10923,#1495);
#1131=LINE('',#10925,#1496);
#1132=LINE('',#10926,#1497);
#1133=LINE('',#10929,#1498);
#1134=LINE('',#10930,#1499);
#1135=LINE('',#10933,#1500);
#1136=LINE('',#10934,#1501);
#1137=LINE('',#10936,#1502);
#1138=LINE('',#10940,#1503);
#1139=LINE('',#10941,#1504);
#1140=LINE('',#10944,#1505);
#1141=LINE('',#10945,#1506);
#1142=LINE('',#10947,#1507);
#1143=LINE('',#10949,#1508);
#1144=LINE('',#10951,#1509);
#1145=LINE('',#10954,#1510);
#1146=LINE('',#10955,#1511);
#1147=LINE('',#10957,#1512);
#1148=LINE('',#10961,#1513);
#1149=LINE('',#10962,#1514);
#1150=LINE('',#10964,#1515);
#1151=LINE('',#10968,#1516);
#1152=LINE('',#10970,#1517);
#1153=LINE('',#10973,#1518);
#1154=LINE('',#10978,#1519);
#1155=LINE('',#10980,#1520);
#1156=LINE('',#10982,#1521);
#1157=LINE('',#10984,#1522);
#1158=LINE('',#10986,#1523);
#1159=LINE('',#10988,#1524);
#1160=LINE('',#10990,#1525);
#1161=LINE('',#10992,#1526);
#1162=LINE('',#10994,#1527);
#1163=LINE('',#10996,#1528);
#1164=LINE('',#10998,#1529);
#1165=LINE('',#10999,#1530);
#1166=LINE('',#11004,#1531);
#1167=LINE('',#11007,#1532);
#1168=LINE('',#11013,#1533);
#1169=LINE('',#11015,#1534);
#1170=LINE('',#11017,#1535);
#1171=LINE('',#11019,#1536);
#1172=LINE('',#11023,#1537);
#1173=LINE('',#11025,#1538);
#1174=LINE('',#11027,#1539);
#1175=LINE('',#11029,#1540);
#1176=LINE('',#11031,#1541);
#1177=LINE('',#11034,#1542);
#1178=LINE('',#11037,#1543);
#1179=LINE('',#11039,#1544);
#1180=LINE('',#11040,#1545);
#1181=LINE('',#11043,#1546);
#1182=LINE('',#11045,#1547);
#1183=LINE('',#11046,#1548);
#1184=LINE('',#11049,#1549);
#1185=LINE('',#11051,#1550);
#1186=LINE('',#11052,#1551);
#1187=LINE('',#11055,#1552);
#1188=LINE('',#11057,#1553);
#1189=LINE('',#11058,#1554);
#1190=LINE('',#11062,#1555);
#1191=LINE('',#11064,#1556);
#1192=LINE('',#11066,#1557);
#1193=LINE('',#11067,#1558);
#1194=LINE('',#11069,#1559);
#1195=LINE('',#11070,#1560);
#1196=LINE('',#11074,#1561);
#1197=LINE('',#11075,#1562);
#1198=LINE('',#11076,#1563);
#1199=LINE('',#11078,#1564);
#1200=LINE('',#11080,#1565);
#1201=LINE('',#11082,#1566);
#1202=LINE('',#11084,#1567);
#1203=LINE('',#11085,#1568);
#1204=LINE('',#11086,#1569);
#1205=LINE('',#11089,#1570);
#1206=LINE('',#11091,#1571);
#1207=LINE('',#11092,#1572);
#1208=LINE('',#11096,#1573);
#1209=LINE('',#11099,#1574);
#1210=LINE('',#11100,#1575);
#1211=LINE('',#11106,#1576);
#1212=LINE('',#11108,#1577);
#1213=LINE('',#11113,#1578);
#1214=LINE('',#11115,#1579);
#1215=LINE('',#11117,#1580);
#1216=LINE('',#11118,#1581);
#1217=LINE('',#11120,#1582);
#1218=LINE('',#11121,#1583);
#1219=LINE('',#11123,#1584);
#1220=LINE('',#11127,#1585);
#1221=LINE('',#11128,#1586);
#1222=LINE('',#11129,#1587);
#1223=LINE('',#11132,#1588);
#1224=LINE('',#11134,#1589);
#1225=LINE('',#11135,#1590);
#1226=LINE('',#11138,#1591);
#1227=LINE('',#11139,#1592);
#1228=LINE('',#11142,#1593);
#1229=LINE('',#11143,#1594);
#1230=LINE('',#11146,#1595);
#1231=LINE('',#11148,#1596);
#1232=LINE('',#11149,#1597);
#1233=LINE('',#11152,#1598);
#1234=LINE('',#11153,#1599);
#1235=LINE('',#11155,#1600);
#1236=LINE('',#11156,#1601);
#1237=LINE('',#11159,#1602);
#1238=LINE('',#11160,#1603);
#1239=LINE('',#11162,#1604);
#1240=LINE('',#11167,#1605);
#1241=LINE('',#11170,#1606);
#1242=LINE('',#11171,#1607);
#1243=LINE('',#11179,#1608);
#1244=LINE('',#11184,#1609);
#1245=LINE('',#11186,#1610);
#1246=LINE('',#11188,#1611);
#1247=LINE('',#11189,#1612);
#1248=LINE('',#11195,#1613);
#1249=LINE('',#11198,#1614);
#1250=LINE('',#11200,#1615);
#1251=LINE('',#11201,#1616);
#1252=LINE('',#11211,#1617);
#1253=LINE('',#11216,#1618);
#1254=LINE('',#11218,#1619);
#1255=LINE('',#11220,#1620);
#1256=LINE('',#11221,#1621);
#1257=LINE('',#11227,#1622);
#1258=LINE('',#11230,#1623);
#1259=LINE('',#11232,#1624);
#1260=LINE('',#11233,#1625);
#1261=LINE('',#11243,#1626);
#1262=LINE('',#11248,#1627);
#1263=LINE('',#11250,#1628);
#1264=LINE('',#11252,#1629);
#1265=LINE('',#11253,#1630);
#1266=LINE('',#11256,#1631);
#1267=LINE('',#11258,#1632);
#1268=LINE('',#11259,#1633);
#1269=LINE('',#11262,#1634);
#1270=LINE('',#11264,#1635);
#1271=LINE('',#11265,#1636);
#1272=LINE('',#11267,#1637);
#1273=LINE('',#11268,#1638);
#1274=LINE('',#11275,#1639);
#1275=LINE('',#11280,#1640);
#1276=LINE('',#11282,#1641);
#1277=LINE('',#11284,#1642);
#1278=LINE('',#11285,#1643);
#1279=LINE('',#11288,#1644);
#1280=LINE('',#11290,#1645);
#1281=LINE('',#11291,#1646);
#1282=LINE('',#11294,#1647);
#1283=LINE('',#11296,#1648);
#1284=LINE('',#11297,#1649);
#1285=LINE('',#11299,#1650);
#1286=LINE('',#11300,#1651);
#1287=LINE('',#11307,#1652);
#1288=LINE('',#11312,#1653);
#1289=LINE('',#11314,#1654);
#1290=LINE('',#11316,#1655);
#1291=LINE('',#11317,#1656);
#1292=LINE('',#11320,#1657);
#1293=LINE('',#11322,#1658);
#1294=LINE('',#11323,#1659);
#1295=LINE('',#11326,#1660);
#1296=LINE('',#11328,#1661);
#1297=LINE('',#11329,#1662);
#1298=LINE('',#11331,#1663);
#1299=LINE('',#11332,#1664);
#1300=LINE('',#11339,#1665);
#1301=LINE('',#11344,#1666);
#1302=LINE('',#11346,#1667);
#1303=LINE('',#11348,#1668);
#1304=LINE('',#11349,#1669);
#1305=LINE('',#11352,#1670);
#1306=LINE('',#11354,#1671);
#1307=LINE('',#11355,#1672);
#1308=LINE('',#11358,#1673);
#1309=LINE('',#11360,#1674);
#1310=LINE('',#11361,#1675);
#1311=LINE('',#11363,#1676);
#1312=LINE('',#11364,#1677);
#1313=LINE('',#11371,#1678);
#1314=LINE('',#11376,#1679);
#1315=LINE('',#11378,#1680);
#1316=LINE('',#11380,#1681);
#1317=LINE('',#11381,#1682);
#1318=LINE('',#11386,#1683);
#1319=LINE('',#11390,#1684);
#1320=LINE('',#11392,#1685);
#1321=LINE('',#11393,#1686);
#1322=LINE('',#11403,#1687);
#1323=LINE('',#11408,#1688);
#1324=LINE('',#11410,#1689);
#1325=LINE('',#11412,#1690);
#1326=LINE('',#11413,#1691);
#1327=LINE('',#11418,#1692);
#1328=LINE('',#11422,#1693);
#1329=LINE('',#11424,#1694);
#1330=LINE('',#11425,#1695);
#1331=VECTOR('',#4590,2.);
#1332=VECTOR('',#4595,2.);
#1333=VECTOR('',#4598,2.);
#1334=VECTOR('',#4601,2.);
#1335=VECTOR('',#4604,2.);
#1336=VECTOR('',#4607,2.);
#1337=VECTOR('',#4610,2.);
#1338=VECTOR('',#4613,2.);
#1339=VECTOR('',#4616,2.);
#1340=VECTOR('',#4619,2.);
#1341=VECTOR('',#4622,2.);
#1342=VECTOR('',#4629,2.);
#1343=VECTOR('',#4698,3.28277279490125);
#1344=VECTOR('',#4715,1000.);
#1345=VECTOR('',#4716,1000.);
#1346=VECTOR('',#4719,1000.);
#1347=VECTOR('',#4720,1000.);
#1348=VECTOR('',#4723,1000.);
#1349=VECTOR('',#4724,1000.);
#1350=VECTOR('',#4727,1000.);
#1351=VECTOR('',#4730,1000.);
#1352=VECTOR('',#4731,1000.);
#1353=VECTOR('',#4732,1000.);
#1354=VECTOR('',#4733,1000.);
#1355=VECTOR('',#4736,1000.);
#1356=VECTOR('',#4737,1000.);
#1357=VECTOR('',#4738,1000.);
#1358=VECTOR('',#4739,1000.);
#1359=VECTOR('',#4742,1000.);
#1360=VECTOR('',#4743,1000.);
#1361=VECTOR('',#4744,1000.);
#1362=VECTOR('',#4745,1000.);
#1363=VECTOR('',#4750,1000.);
#1364=VECTOR('',#4753,1000.);
#1365=VECTOR('',#4756,1000.);
#1366=VECTOR('',#4763,1000.);
#1367=VECTOR('',#4766,1000.);
#1368=VECTOR('',#4769,1000.);
#1369=VECTOR('',#4774,1000.);
#1370=VECTOR('',#4777,1000.);
#1371=VECTOR('',#4780,1000.);
#1372=VECTOR('',#4787,2.);
#1373=VECTOR('',#4792,2.);
#1374=VECTOR('',#4795,2.);
#1375=VECTOR('',#4798,2.);
#1376=VECTOR('',#4801,2.);
#1377=VECTOR('',#4804,2.);
#1378=VECTOR('',#4807,2.);
#1379=VECTOR('',#4810,2.);
#1380=VECTOR('',#4813,2.);
#1381=VECTOR('',#4816,2.);
#1382=VECTOR('',#4819,2.);
#1383=VECTOR('',#4828,2.);
#1384=VECTOR('',#4893,3.28277279490125);
#1385=VECTOR('',#4912,1000.);
#1386=VECTOR('',#4913,1000.);
#1387=VECTOR('',#4916,1000.);
#1388=VECTOR('',#4917,1000.);
#1389=VECTOR('',#4920,1000.);
#1390=VECTOR('',#4921,1000.);
#1391=VECTOR('',#4924,1000.);
#1392=VECTOR('',#4927,1000.);
#1393=VECTOR('',#4928,1000.);
#1394=VECTOR('',#4929,1000.);
#1395=VECTOR('',#4930,1000.);
#1396=VECTOR('',#4933,1000.);
#1397=VECTOR('',#4934,1000.);
#1398=VECTOR('',#4935,1000.);
#1399=VECTOR('',#4936,1000.);
#1400=VECTOR('',#4939,1000.);
#1401=VECTOR('',#4940,1000.);
#1402=VECTOR('',#4941,1000.);
#1403=VECTOR('',#4942,1000.);
#1404=VECTOR('',#4947,1000.);
#1405=VECTOR('',#4950,1000.);
#1406=VECTOR('',#4953,1000.);
#1407=VECTOR('',#4960,1000.);
#1408=VECTOR('',#4963,1000.);
#1409=VECTOR('',#4966,1000.);
#1410=VECTOR('',#4971,1000.);
#1411=VECTOR('',#4974,1000.);
#1412=VECTOR('',#4977,1000.);
#1413=VECTOR('',#4984,10.);
#1414=VECTOR('',#4987,10.);
#1415=VECTOR('',#4998,10.);
#1416=VECTOR('',#4999,10.);
#1417=VECTOR('',#5010,10.);
#1418=VECTOR('',#5011,10.);
#1419=VECTOR('',#5014,10.);
#1420=VECTOR('',#5015,10.);
#1421=VECTOR('',#5016,10.);
#1422=VECTOR('',#5017,10.);
#1423=VECTOR('',#5018,10.);
#1424=VECTOR('',#5019,10.);
#1425=VECTOR('',#5020,10.);
#1426=VECTOR('',#5023,10.);
#1427=VECTOR('',#5028,10.);
#1428=VECTOR('',#5029,10.);
#1429=VECTOR('',#5030,10.);
#1430=VECTOR('',#5031,10.);
#1431=VECTOR('',#5032,10.);
#1432=VECTOR('',#5033,10.);
#1433=VECTOR('',#5036,10.);
#1434=VECTOR('',#5037,10.);
#1435=VECTOR('',#5038,10.);
#1436=VECTOR('',#5039,10.);
#1437=VECTOR('',#5040,10.);
#1438=VECTOR('',#5041,10.);
#1439=VECTOR('',#5042,10.);
#1440=VECTOR('',#5043,10.);
#1441=VECTOR('',#5044,10.);
#1442=VECTOR('',#5045,10.);
#1443=VECTOR('',#5046,10.);
#1444=VECTOR('',#5047,10.);
#1445=VECTOR('',#5048,10.);
#1446=VECTOR('',#5051,10.);
#1447=VECTOR('',#5052,10.);
#1448=VECTOR('',#5053,10.);
#1449=VECTOR('',#5054,10.);
#1450=VECTOR('',#5055,10.);
#1451=VECTOR('',#5056,10.);
#1452=VECTOR('',#5057,10.);
#1453=VECTOR('',#5058,10.);
#1454=VECTOR('',#5059,10.);
#1455=VECTOR('',#5062,10.);
#1456=VECTOR('',#5067,10.);
#1457=VECTOR('',#5068,10.);
#1458=VECTOR('',#5069,10.);
#1459=VECTOR('',#5070,10.);
#1460=VECTOR('',#5071,10.);
#1461=VECTOR('',#5072,10.);
#1462=VECTOR('',#5077,10.);
#1463=VECTOR('',#5080,10.);
#1464=VECTOR('',#5091,10.);
#1465=VECTOR('',#5102,10.);
#1466=VECTOR('',#5103,10.);
#1467=VECTOR('',#5106,10.);
#1468=VECTOR('',#5109,10.);
#1469=VECTOR('',#5112,10.);
#1470=VECTOR('',#5113,10.);
#1471=VECTOR('',#5114,10.);
#1472=VECTOR('',#5115,10.);
#1473=VECTOR('',#5118,10.);
#1474=VECTOR('',#5119,10.);
#1475=VECTOR('',#5124,10.);
#1476=VECTOR('',#5127,10.);
#1477=VECTOR('',#5128,10.);
#1478=VECTOR('',#5129,10.);
#1479=VECTOR('',#5136,10.);
#1480=VECTOR('',#5139,10.);
#1481=VECTOR('',#5140,10.);
#1482=VECTOR('',#5149,10.);
#1483=VECTOR('',#5150,10.);
#1484=VECTOR('',#5155,10.);
#1485=VECTOR('',#5156,10.);
#1486=VECTOR('',#5165,10.);
#1487=VECTOR('',#5172,10.);
#1488=VECTOR('',#5175,10.);
#1489=VECTOR('',#5176,10.);
#1490=VECTOR('',#5177,10.);
#1491=VECTOR('',#5180,10.);
#1492=VECTOR('',#5185,10.);
#1493=VECTOR('',#5186,10.);
#1494=VECTOR('',#5187,10.);
#1495=VECTOR('',#5190,10.);
#1496=VECTOR('',#5191,10.);
#1497=VECTOR('',#5192,10.);
#1498=VECTOR('',#5195,10.);
#1499=VECTOR('',#5196,10.);
#1500=VECTOR('',#5199,10.);
#1501=VECTOR('',#5200,10.);
#1502=VECTOR('',#5203,10.);
#1503=VECTOR('',#5208,10.);
#1504=VECTOR('',#5209,10.);
#1505=VECTOR('',#5212,10.);
#1506=VECTOR('',#5213,10.);
#1507=VECTOR('',#5216,10.);
#1508=VECTOR('',#5219,10.);
#1509=VECTOR('',#5222,10.);
#1510=VECTOR('',#5225,10.);
#1511=VECTOR('',#5226,10.);
#1512=VECTOR('',#5229,10.);
#1513=VECTOR('',#5234,10.);
#1514=VECTOR('',#5235,10.);
#1515=VECTOR('',#5238,10.);
#1516=VECTOR('',#5245,10.);
#1517=VECTOR('',#5248,10.);
#1518=VECTOR('',#5253,10.);
#1519=VECTOR('',#5258,10.);
#1520=VECTOR('',#5259,10.);
#1521=VECTOR('',#5260,10.);
#1522=VECTOR('',#5261,10.);
#1523=VECTOR('',#5262,10.);
#1524=VECTOR('',#5263,10.);
#1525=VECTOR('',#5264,10.);
#1526=VECTOR('',#5265,10.);
#1527=VECTOR('',#5266,10.);
#1528=VECTOR('',#5267,10.);
#1529=VECTOR('',#5268,10.);
#1530=VECTOR('',#5269,10.);
#1531=VECTOR('',#5272,10.);
#1532=VECTOR('',#5275,10.);
#1533=VECTOR('',#5280,10.);
#1534=VECTOR('',#5281,10.);
#1535=VECTOR('',#5282,10.);
#1536=VECTOR('',#5283,10.);
#1537=VECTOR('',#5286,10.);
#1538=VECTOR('',#5287,10.);
#1539=VECTOR('',#5288,10.);
#1540=VECTOR('',#5289,10.);
#1541=VECTOR('',#5290,10.);
#1542=VECTOR('',#5293,10.);
#1543=VECTOR('',#5296,10.);
#1544=VECTOR('',#5297,10.);
#1545=VECTOR('',#5298,10.);
#1546=VECTOR('',#5301,10.);
#1547=VECTOR('',#5302,10.);
#1548=VECTOR('',#5303,10.);
#1549=VECTOR('',#5306,10.);
#1550=VECTOR('',#5307,10.);
#1551=VECTOR('',#5308,10.);
#1552=VECTOR('',#5311,10.);
#1553=VECTOR('',#5312,10.);
#1554=VECTOR('',#5313,10.);
#1555=VECTOR('',#5316,10.);
#1556=VECTOR('',#5317,10.);
#1557=VECTOR('',#5318,10.);
#1558=VECTOR('',#5319,10.);
#1559=VECTOR('',#5322,10.);
#1560=VECTOR('',#5323,10.);
#1561=VECTOR('',#5326,10.);
#1562=VECTOR('',#5327,10.);
#1563=VECTOR('',#5328,10.);
#1564=VECTOR('',#5331,10.);
#1565=VECTOR('',#5334,10.);
#1566=VECTOR('',#5337,10.);
#1567=VECTOR('',#5338,10.);
#1568=VECTOR('',#5339,10.);
#1569=VECTOR('',#5340,10.);
#1570=VECTOR('',#5343,10.);
#1571=VECTOR('',#5344,10.);
#1572=VECTOR('',#5345,10.);
#1573=VECTOR('',#5350,10.);
#1574=VECTOR('',#5353,10.);
#1575=VECTOR('',#5354,10.);
#1576=VECTOR('',#5363,10.);
#1577=VECTOR('',#5366,10.);
#1578=VECTOR('',#5371,10.);
#1579=VECTOR('',#5372,10.);
#1580=VECTOR('',#5373,10.);
#1581=VECTOR('',#5374,10.);
#1582=VECTOR('',#5377,10.);
#1583=VECTOR('',#5378,10.);
#1584=VECTOR('',#5381,10.);
#1585=VECTOR('',#5384,10.);
#1586=VECTOR('',#5385,10.);
#1587=VECTOR('',#5386,10.);
#1588=VECTOR('',#5389,10.);
#1589=VECTOR('',#5390,10.);
#1590=VECTOR('',#5391,10.);
#1591=VECTOR('',#5394,10.);
#1592=VECTOR('',#5395,10.);
#1593=VECTOR('',#5398,10.);
#1594=VECTOR('',#5399,10.);
#1595=VECTOR('',#5402,10.);
#1596=VECTOR('',#5403,10.);
#1597=VECTOR('',#5404,10.);
#1598=VECTOR('',#5407,10.);
#1599=VECTOR('',#5408,10.);
#1600=VECTOR('',#5409,10.);
#1601=VECTOR('',#5410,10.);
#1602=VECTOR('',#5413,10.);
#1603=VECTOR('',#5414,10.);
#1604=VECTOR('',#5417,10.);
#1605=VECTOR('',#5424,2.25);
#1606=VECTOR('',#5427,10.);
#1607=VECTOR('',#5428,10.);
#1608=VECTOR('',#5439,2.);
#1609=VECTOR('',#5444,10.);
#1610=VECTOR('',#5445,10.);
#1611=VECTOR('',#5446,10.);
#1612=VECTOR('',#5447,10.);
#1613=VECTOR('',#5454,10.);
#1614=VECTOR('',#5457,10.);
#1615=VECTOR('',#5458,10.);
#1616=VECTOR('',#5459,10.);
#1617=VECTOR('',#5474,2.);
#1618=VECTOR('',#5479,10.);
#1619=VECTOR('',#5480,10.);
#1620=VECTOR('',#5481,10.);
#1621=VECTOR('',#5482,10.);
#1622=VECTOR('',#5489,10.);
#1623=VECTOR('',#5492,10.);
#1624=VECTOR('',#5493,10.);
#1625=VECTOR('',#5494,10.);
#1626=VECTOR('',#5509,2.);
#1627=VECTOR('',#5514,10.);
#1628=VECTOR('',#5515,10.);
#1629=VECTOR('',#5516,10.);
#1630=VECTOR('',#5517,10.);
#1631=VECTOR('',#5520,10.);
#1632=VECTOR('',#5521,10.);
#1633=VECTOR('',#5522,10.);
#1634=VECTOR('',#5525,10.);
#1635=VECTOR('',#5526,10.);
#1636=VECTOR('',#5527,10.);
#1637=VECTOR('',#5530,10.);
#1638=VECTOR('',#5531,10.);
#1639=VECTOR('',#5540,2.);
#1640=VECTOR('',#5545,10.);
#1641=VECTOR('',#5546,10.);
#1642=VECTOR('',#5547,10.);
#1643=VECTOR('',#5548,10.);
#1644=VECTOR('',#5551,10.);
#1645=VECTOR('',#5552,10.);
#1646=VECTOR('',#5553,10.);
#1647=VECTOR('',#5556,10.);
#1648=VECTOR('',#5557,10.);
#1649=VECTOR('',#5558,10.);
#1650=VECTOR('',#5561,10.);
#1651=VECTOR('',#5562,10.);
#1652=VECTOR('',#5571,2.);
#1653=VECTOR('',#5576,10.);
#1654=VECTOR('',#5577,10.);
#1655=VECTOR('',#5578,10.);
#1656=VECTOR('',#5579,10.);
#1657=VECTOR('',#5582,10.);
#1658=VECTOR('',#5583,10.);
#1659=VECTOR('',#5584,10.);
#1660=VECTOR('',#5587,10.);
#1661=VECTOR('',#5588,10.);
#1662=VECTOR('',#5589,10.);
#1663=VECTOR('',#5592,10.);
#1664=VECTOR('',#5593,10.);
#1665=VECTOR('',#5602,2.);
#1666=VECTOR('',#5607,10.);
#1667=VECTOR('',#5608,10.);
#1668=VECTOR('',#5609,10.);
#1669=VECTOR('',#5610,10.);
#1670=VECTOR('',#5613,10.);
#1671=VECTOR('',#5614,10.);
#1672=VECTOR('',#5615,10.);
#1673=VECTOR('',#5618,10.);
#1674=VECTOR('',#5619,10.);
#1675=VECTOR('',#5620,10.);
#1676=VECTOR('',#5623,10.);
#1677=VECTOR('',#5624,10.);
#1678=VECTOR('',#5633,2.);
#1679=VECTOR('',#5638,10.);
#1680=VECTOR('',#5639,10.);
#1681=VECTOR('',#5640,10.);
#1682=VECTOR('',#5641,10.);
#1683=VECTOR('',#5646,10.);
#1684=VECTOR('',#5651,10.);
#1685=VECTOR('',#5652,10.);
#1686=VECTOR('',#5653,10.);
#1687=VECTOR('',#5668,2.);
#1688=VECTOR('',#5673,10.);
#1689=VECTOR('',#5674,10.);
#1690=VECTOR('',#5675,10.);
#1691=VECTOR('',#5676,10.);
#1692=VECTOR('',#5681,10.);
#1693=VECTOR('',#5686,10.);
#1694=VECTOR('',#5687,10.);
#1695=VECTOR('',#5688,10.);
#1696=VERTEX_POINT('',#5710);
#1697=VERTEX_POINT('',#5711);
#1698=VERTEX_POINT('',#5713);
#1699=VERTEX_POINT('',#5740);
#1700=VERTEX_POINT('',#5763);
#1701=VERTEX_POINT('',#5764);
#1702=VERTEX_POINT('',#5839);
#1703=VERTEX_POINT('',#5840);
#1704=VERTEX_POINT('',#5915);
#1705=VERTEX_POINT('',#5916);
#1706=VERTEX_POINT('',#5991);
#1707=VERTEX_POINT('',#5992);
#1708=VERTEX_POINT('',#6067);
#1709=VERTEX_POINT('',#6068);
#1710=VERTEX_POINT('',#6145);
#1711=VERTEX_POINT('',#6146);
#1712=VERTEX_POINT('',#6221);
#1713=VERTEX_POINT('',#6222);
#1714=VERTEX_POINT('',#6297);
#1715=VERTEX_POINT('',#6298);
#1716=VERTEX_POINT('',#6375);
#1717=VERTEX_POINT('',#6376);
#1718=VERTEX_POINT('',#6451);
#1719=VERTEX_POINT('',#6452);
#1720=VERTEX_POINT('',#6529);
#1721=VERTEX_POINT('',#6540);
#1722=VERTEX_POINT('',#6547);
#1723=VERTEX_POINT('',#6562);
#1724=VERTEX_POINT('',#6564);
#1725=VERTEX_POINT('',#6567);
#1726=VERTEX_POINT('',#6594);
#1727=VERTEX_POINT('',#6611);
#1728=VERTEX_POINT('',#6630);
#1729=VERTEX_POINT('',#8028);
#1730=VERTEX_POINT('',#8029);
#1731=VERTEX_POINT('',#8031);
#1732=VERTEX_POINT('',#8035);
#1733=VERTEX_POINT('',#8041);
#1734=VERTEX_POINT('',#8042);
#1735=VERTEX_POINT('',#8045);
#1736=VERTEX_POINT('',#8046);
#1737=VERTEX_POINT('',#8048);
#1738=VERTEX_POINT('',#8050);
#1739=VERTEX_POINT('',#8052);
#1740=VERTEX_POINT('',#8055);
#1741=VERTEX_POINT('',#8057);
#1742=VERTEX_POINT('',#8059);
#1743=VERTEX_POINT('',#8061);
#1744=VERTEX_POINT('',#8063);
#1745=VERTEX_POINT('',#8065);
#1746=VERTEX_POINT('',#8067);
#1747=VERTEX_POINT('',#8069);
#1748=VERTEX_POINT('',#8071);
#1749=VERTEX_POINT('',#8073);
#1750=VERTEX_POINT('',#8075);
#1751=VERTEX_POINT('',#8077);
#1752=VERTEX_POINT('',#8079);
#1753=VERTEX_POINT('',#8083);
#1754=VERTEX_POINT('',#8084);
#1755=VERTEX_POINT('',#8087);
#1756=VERTEX_POINT('',#8089);
#1757=VERTEX_POINT('',#8096);
#1758=VERTEX_POINT('',#8100);
#1759=VERTEX_POINT('',#8106);
#1760=VERTEX_POINT('',#8110);
#1761=VERTEX_POINT('',#8114);
#1762=VERTEX_POINT('',#8120);
#1763=VERTEX_POINT('',#8122);
#1764=VERTEX_POINT('',#8124);
#1765=VERTEX_POINT('',#8126);
#1766=VERTEX_POINT('',#8128);
#1767=VERTEX_POINT('',#8130);
#1768=VERTEX_POINT('',#8132);
#1769=VERTEX_POINT('',#8134);
#1770=VERTEX_POINT('',#8136);
#1771=VERTEX_POINT('',#8138);
#1772=VERTEX_POINT('',#8140);
#1773=VERTEX_POINT('',#8142);
#1774=VERTEX_POINT('',#8144);
#1775=VERTEX_POINT('',#8184);
#1776=VERTEX_POINT('',#8185);
#1777=VERTEX_POINT('',#8187);
#1778=VERTEX_POINT('',#8208);
#1779=VERTEX_POINT('',#8237);
#1780=VERTEX_POINT('',#8238);
#1781=VERTEX_POINT('',#8313);
#1782=VERTEX_POINT('',#8314);
#1783=VERTEX_POINT('',#8389);
#1784=VERTEX_POINT('',#8390);
#1785=VERTEX_POINT('',#8465);
#1786=VERTEX_POINT('',#8466);
#1787=VERTEX_POINT('',#8541);
#1788=VERTEX_POINT('',#8542);
#1789=VERTEX_POINT('',#8619);
#1790=VERTEX_POINT('',#8620);
#1791=VERTEX_POINT('',#8695);
#1792=VERTEX_POINT('',#8696);
#1793=VERTEX_POINT('',#8771);
#1794=VERTEX_POINT('',#8772);
#1795=VERTEX_POINT('',#8849);
#1796=VERTEX_POINT('',#8850);
#1797=VERTEX_POINT('',#8925);
#1798=VERTEX_POINT('',#8926);
#1799=VERTEX_POINT('',#8928);
#1800=VERTEX_POINT('',#8933);
#1801=VERTEX_POINT('',#9021);
#1802=VERTEX_POINT('',#9036);
#1803=VERTEX_POINT('',#9051);
#1804=VERTEX_POINT('',#9079);
#1805=VERTEX_POINT('',#9081);
#1806=VERTEX_POINT('',#9085);
#1807=VERTEX_POINT('',#9104);
#1808=VERTEX_POINT('',#10502);
#1809=VERTEX_POINT('',#10503);
#1810=VERTEX_POINT('',#10505);
#1811=VERTEX_POINT('',#10509);
#1812=VERTEX_POINT('',#10515);
#1813=VERTEX_POINT('',#10516);
#1814=VERTEX_POINT('',#10519);
#1815=VERTEX_POINT('',#10520);
#1816=VERTEX_POINT('',#10522);
#1817=VERTEX_POINT('',#10524);
#1818=VERTEX_POINT('',#10526);
#1819=VERTEX_POINT('',#10528);
#1820=VERTEX_POINT('',#10530);
#1821=VERTEX_POINT('',#10532);
#1822=VERTEX_POINT('',#10534);
#1823=VERTEX_POINT('',#10536);
#1824=VERTEX_POINT('',#10538);
#1825=VERTEX_POINT('',#10540);
#1826=VERTEX_POINT('',#10542);
#1827=VERTEX_POINT('',#10544);
#1828=VERTEX_POINT('',#10546);
#1829=VERTEX_POINT('',#10549);
#1830=VERTEX_POINT('',#10551);
#1831=VERTEX_POINT('',#10553);
#1832=VERTEX_POINT('',#10557);
#1833=VERTEX_POINT('',#10558);
#1834=VERTEX_POINT('',#10560);
#1835=VERTEX_POINT('',#10562);
#1836=VERTEX_POINT('',#10570);
#1837=VERTEX_POINT('',#10574);
#1838=VERTEX_POINT('',#10580);
#1839=VERTEX_POINT('',#10584);
#1840=VERTEX_POINT('',#10588);
#1841=VERTEX_POINT('',#10594);
#1842=VERTEX_POINT('',#10596);
#1843=VERTEX_POINT('',#10598);
#1844=VERTEX_POINT('',#10600);
#1845=VERTEX_POINT('',#10602);
#1846=VERTEX_POINT('',#10604);
#1847=VERTEX_POINT('',#10606);
#1848=VERTEX_POINT('',#10608);
#1849=VERTEX_POINT('',#10610);
#1850=VERTEX_POINT('',#10612);
#1851=VERTEX_POINT('',#10614);
#1852=VERTEX_POINT('',#10616);
#1853=VERTEX_POINT('',#10618);
#1854=VERTEX_POINT('',#10657);
#1855=VERTEX_POINT('',#10658);
#1856=VERTEX_POINT('',#10660);
#1857=VERTEX_POINT('',#10662);
#1858=VERTEX_POINT('',#10674);
#1859=VERTEX_POINT('',#10675);
#1860=VERTEX_POINT('',#10680);
#1861=VERTEX_POINT('',#10681);
#1862=VERTEX_POINT('',#10694);
#1863=VERTEX_POINT('',#10695);
#1864=VERTEX_POINT('',#10700);
#1865=VERTEX_POINT('',#10701);
#1866=VERTEX_POINT('',#10706);
#1867=VERTEX_POINT('',#10708);
#1868=VERTEX_POINT('',#10710);
#1869=VERTEX_POINT('',#10712);
#1870=VERTEX_POINT('',#10714);
#1871=VERTEX_POINT('',#10716);
#1872=VERTEX_POINT('',#10720);
#1873=VERTEX_POINT('',#10724);
#1874=VERTEX_POINT('',#10726);
#1875=VERTEX_POINT('',#10728);
#1876=VERTEX_POINT('',#10730);
#1877=VERTEX_POINT('',#10732);
#1878=VERTEX_POINT('',#10734);
#1879=VERTEX_POINT('',#10736);
#1880=VERTEX_POINT('',#10738);
#1881=VERTEX_POINT('',#10740);
#1882=VERTEX_POINT('',#10742);
#1883=VERTEX_POINT('',#10744);
#1884=VERTEX_POINT('',#10746);
#1885=VERTEX_POINT('',#10748);
#1886=VERTEX_POINT('',#10750);
#1887=VERTEX_POINT('',#10752);
#1888=VERTEX_POINT('',#10754);
#1889=VERTEX_POINT('',#10756);
#1890=VERTEX_POINT('',#10758);
#1891=VERTEX_POINT('',#10760);
#1892=VERTEX_POINT('',#10762);
#1893=VERTEX_POINT('',#10764);
#1894=VERTEX_POINT('',#10766);
#1895=VERTEX_POINT('',#10768);
#1896=VERTEX_POINT('',#10770);
#1897=VERTEX_POINT('',#10772);
#1898=VERTEX_POINT('',#10775);
#1899=VERTEX_POINT('',#10776);
#1900=VERTEX_POINT('',#10778);
#1901=VERTEX_POINT('',#10780);
#1902=VERTEX_POINT('',#10784);
#1903=VERTEX_POINT('',#10788);
#1904=VERTEX_POINT('',#10790);
#1905=VERTEX_POINT('',#10792);
#1906=VERTEX_POINT('',#10794);
#1907=VERTEX_POINT('',#10796);
#1908=VERTEX_POINT('',#10800);
#1909=VERTEX_POINT('',#10801);
#1910=VERTEX_POINT('',#10803);
#1911=VERTEX_POINT('',#10805);
#1912=VERTEX_POINT('',#10817);
#1913=VERTEX_POINT('',#10822);
#1914=VERTEX_POINT('',#10834);
#1915=VERTEX_POINT('',#10835);
#1916=VERTEX_POINT('',#10840);
#1917=VERTEX_POINT('',#10841);
#1918=VERTEX_POINT('',#10848);
#1919=VERTEX_POINT('',#10850);
#1920=VERTEX_POINT('',#10852);
#1921=VERTEX_POINT('',#10855);
#1922=VERTEX_POINT('',#10857);
#1923=VERTEX_POINT('',#10859);
#1924=VERTEX_POINT('',#10864);
#1925=VERTEX_POINT('',#10868);
#1926=VERTEX_POINT('',#10870);
#1927=VERTEX_POINT('',#10874);
#1928=VERTEX_POINT('',#10876);
#1929=VERTEX_POINT('',#10886);
#1930=VERTEX_POINT('',#10891);
#1931=VERTEX_POINT('',#10900);
#1932=VERTEX_POINT('',#10902);
#1933=VERTEX_POINT('',#10906);
#1934=VERTEX_POINT('',#10908);
#1935=VERTEX_POINT('',#10912);
#1936=VERTEX_POINT('',#10916);
#1937=VERTEX_POINT('',#10918);
#1938=VERTEX_POINT('',#10922);
#1939=VERTEX_POINT('',#10924);
#1940=VERTEX_POINT('',#10928);
#1941=VERTEX_POINT('',#10932);
#1942=VERTEX_POINT('',#10939);
#1943=VERTEX_POINT('',#10943);
#1944=VERTEX_POINT('',#10953);
#1945=VERTEX_POINT('',#10960);
#1946=VERTEX_POINT('',#10976);
#1947=VERTEX_POINT('',#10977);
#1948=VERTEX_POINT('',#10979);
#1949=VERTEX_POINT('',#10981);
#1950=VERTEX_POINT('',#10983);
#1951=VERTEX_POINT('',#10985);
#1952=VERTEX_POINT('',#10987);
#1953=VERTEX_POINT('',#10989);
#1954=VERTEX_POINT('',#10991);
#1955=VERTEX_POINT('',#10993);
#1956=VERTEX_POINT('',#10995);
#1957=VERTEX_POINT('',#10997);
#1958=VERTEX_POINT('',#11000);
#1959=VERTEX_POINT('',#11001);
#1960=VERTEX_POINT('',#11003);
#1961=VERTEX_POINT('',#11005);
#1962=VERTEX_POINT('',#11008);
#1963=VERTEX_POINT('',#11011);
#1964=VERTEX_POINT('',#11012);
#1965=VERTEX_POINT('',#11014);
#1966=VERTEX_POINT('',#11016);
#1967=VERTEX_POINT('',#11018);
#1968=VERTEX_POINT('',#11020);
#1969=VERTEX_POINT('',#11022);
#1970=VERTEX_POINT('',#11024);
#1971=VERTEX_POINT('',#11026);
#1972=VERTEX_POINT('',#11028);
#1973=VERTEX_POINT('',#11030);
#1974=VERTEX_POINT('',#11032);
#1975=VERTEX_POINT('',#11036);
#1976=VERTEX_POINT('',#11038);
#1977=VERTEX_POINT('',#11042);
#1978=VERTEX_POINT('',#11044);
#1979=VERTEX_POINT('',#11048);
#1980=VERTEX_POINT('',#11050);
#1981=VERTEX_POINT('',#11054);
#1982=VERTEX_POINT('',#11056);
#1983=VERTEX_POINT('',#11060);
#1984=VERTEX_POINT('',#11061);
#1985=VERTEX_POINT('',#11063);
#1986=VERTEX_POINT('',#11065);
#1987=VERTEX_POINT('',#11072);
#1988=VERTEX_POINT('',#11073);
#1989=VERTEX_POINT('',#11083);
#1990=VERTEX_POINT('',#11088);
#1991=VERTEX_POINT('',#11090);
#1992=VERTEX_POINT('',#11094);
#1993=VERTEX_POINT('',#11098);
#1994=VERTEX_POINT('',#11104);
#1995=VERTEX_POINT('',#11111);
#1996=VERTEX_POINT('',#11112);
#1997=VERTEX_POINT('',#11114);
#1998=VERTEX_POINT('',#11116);
#1999=VERTEX_POINT('',#11125);
#2000=VERTEX_POINT('',#11126);
#2001=VERTEX_POINT('',#11131);
#2002=VERTEX_POINT('',#11133);
#2003=VERTEX_POINT('',#11137);
#2004=VERTEX_POINT('',#11141);
#2005=VERTEX_POINT('',#11145);
#2006=VERTEX_POINT('',#11147);
#2007=VERTEX_POINT('',#11151);
#2008=VERTEX_POINT('',#11154);
#2009=VERTEX_POINT('',#11158);
#2010=VERTEX_POINT('',#11165);
#2011=VERTEX_POINT('',#11169);
#2012=VERTEX_POINT('',#11176);
#2013=VERTEX_POINT('',#11178);
#2014=VERTEX_POINT('',#11182);
#2015=VERTEX_POINT('',#11183);
#2016=VERTEX_POINT('',#11185);
#2017=VERTEX_POINT('',#11187);
#2018=VERTEX_POINT('',#11191);
#2019=VERTEX_POINT('',#11193);
#2020=VERTEX_POINT('',#11197);
#2021=VERTEX_POINT('',#11199);
#2022=VERTEX_POINT('',#11208);
#2023=VERTEX_POINT('',#11210);
#2024=VERTEX_POINT('',#11214);
#2025=VERTEX_POINT('',#11215);
#2026=VERTEX_POINT('',#11217);
#2027=VERTEX_POINT('',#11219);
#2028=VERTEX_POINT('',#11223);
#2029=VERTEX_POINT('',#11225);
#2030=VERTEX_POINT('',#11229);
#2031=VERTEX_POINT('',#11231);
#2032=VERTEX_POINT('',#11240);
#2033=VERTEX_POINT('',#11242);
#2034=VERTEX_POINT('',#11246);
#2035=VERTEX_POINT('',#11247);
#2036=VERTEX_POINT('',#11249);
#2037=VERTEX_POINT('',#11251);
#2038=VERTEX_POINT('',#11255);
#2039=VERTEX_POINT('',#11257);
#2040=VERTEX_POINT('',#11261);
#2041=VERTEX_POINT('',#11263);
#2042=VERTEX_POINT('',#11272);
#2043=VERTEX_POINT('',#11274);
#2044=VERTEX_POINT('',#11278);
#2045=VERTEX_POINT('',#11279);
#2046=VERTEX_POINT('',#11281);
#2047=VERTEX_POINT('',#11283);
#2048=VERTEX_POINT('',#11287);
#2049=VERTEX_POINT('',#11289);
#2050=VERTEX_POINT('',#11293);
#2051=VERTEX_POINT('',#11295);
#2052=VERTEX_POINT('',#11304);
#2053=VERTEX_POINT('',#11306);
#2054=VERTEX_POINT('',#11310);
#2055=VERTEX_POINT('',#11311);
#2056=VERTEX_POINT('',#11313);
#2057=VERTEX_POINT('',#11315);
#2058=VERTEX_POINT('',#11319);
#2059=VERTEX_POINT('',#11321);
#2060=VERTEX_POINT('',#11325);
#2061=VERTEX_POINT('',#11327);
#2062=VERTEX_POINT('',#11336);
#2063=VERTEX_POINT('',#11338);
#2064=VERTEX_POINT('',#11342);
#2065=VERTEX_POINT('',#11343);
#2066=VERTEX_POINT('',#11345);
#2067=VERTEX_POINT('',#11347);
#2068=VERTEX_POINT('',#11351);
#2069=VERTEX_POINT('',#11353);
#2070=VERTEX_POINT('',#11357);
#2071=VERTEX_POINT('',#11359);
#2072=VERTEX_POINT('',#11368);
#2073=VERTEX_POINT('',#11370);
#2074=VERTEX_POINT('',#11374);
#2075=VERTEX_POINT('',#11375);
#2076=VERTEX_POINT('',#11377);
#2077=VERTEX_POINT('',#11379);
#2078=VERTEX_POINT('',#11383);
#2079=VERTEX_POINT('',#11385);
#2080=VERTEX_POINT('',#11389);
#2081=VERTEX_POINT('',#11391);
#2082=VERTEX_POINT('',#11400);
#2083=VERTEX_POINT('',#11402);
#2084=VERTEX_POINT('',#11406);
#2085=VERTEX_POINT('',#11407);
#2086=VERTEX_POINT('',#11409);
#2087=VERTEX_POINT('',#11411);
#2088=VERTEX_POINT('',#11415);
#2089=VERTEX_POINT('',#11417);
#2090=VERTEX_POINT('',#11421);
#2091=VERTEX_POINT('',#11423);
#2092=EDGE_CURVE('',#1696,#1697,#966,.T.);
#2093=EDGE_CURVE('',#1696,#1698,#908,.T.);
#2094=EDGE_CURVE('',#1698,#1699,#756,.T.);
#2095=EDGE_CURVE('',#1699,#1697,#909,.T.);
#2096=EDGE_CURVE('',#1700,#1701,#967,.T.);
#2097=EDGE_CURVE('',#1700,#1696,#910,.T.);
#2098=EDGE_CURVE('',#1697,#1701,#911,.T.);
#2099=EDGE_CURVE('',#1702,#1703,#968,.T.);
#2100=EDGE_CURVE('',#1702,#1700,#912,.T.);
#2101=EDGE_CURVE('',#1701,#1703,#913,.T.);
#2102=EDGE_CURVE('',#1704,#1705,#969,.T.);
#2103=EDGE_CURVE('',#1704,#1702,#914,.T.);
#2104=EDGE_CURVE('',#1703,#1705,#915,.T.);
#2105=EDGE_CURVE('',#1706,#1707,#970,.T.);
#2106=EDGE_CURVE('',#1706,#1704,#916,.T.);
#2107=EDGE_CURVE('',#1705,#1707,#917,.T.);
#2108=EDGE_CURVE('',#1708,#1709,#971,.T.);
#2109=EDGE_CURVE('',#1708,#1706,#918,.T.);
#2110=EDGE_CURVE('',#1707,#1709,#919,.T.);
#2111=EDGE_CURVE('',#1710,#1711,#972,.T.);
#2112=EDGE_CURVE('',#1710,#1708,#920,.T.);
#2113=EDGE_CURVE('',#1709,#1711,#921,.T.);
#2114=EDGE_CURVE('',#1712,#1713,#973,.T.);
#2115=EDGE_CURVE('',#1712,#1710,#922,.T.);
#2116=EDGE_CURVE('',#1711,#1713,#923,.T.);
#2117=EDGE_CURVE('',#1714,#1715,#974,.T.);
#2118=EDGE_CURVE('',#1714,#1712,#924,.T.);
#2119=EDGE_CURVE('',#1713,#1715,#925,.T.);
#2120=EDGE_CURVE('',#1716,#1717,#975,.T.);
#2121=EDGE_CURVE('',#1716,#1714,#926,.T.);
#2122=EDGE_CURVE('',#1715,#1717,#927,.T.);
#2123=EDGE_CURVE('',#1718,#1719,#976,.T.);
#2124=EDGE_CURVE('',#1718,#1716,#928,.T.);
#2125=EDGE_CURVE('',#1717,#1719,#929,.T.);
#2126=EDGE_CURVE('',#1719,#1720,#930,.T.);
#2127=EDGE_CURVE('',#1721,#1720,#757,.T.);
#2128=EDGE_CURVE('',#1721,#1718,#931,.T.);
#2129=EDGE_CURVE('',#1698,#1722,#932,.T.);
#2130=EDGE_CURVE('',#1722,#1723,#977,.T.);
#2131=EDGE_CURVE('',#1724,#1723,#758,.T.);
#2132=EDGE_CURVE('',#1723,#1724,#759,.T.);
#2133=EDGE_CURVE('',#1722,#1725,#933,.T.);
#2134=EDGE_CURVE('',#1725,#1726,#760,.T.);
#2135=EDGE_CURVE('',#1726,#1699,#934,.T.);
#2136=EDGE_CURVE('',#1721,#1727,#935,.T.);
#2137=EDGE_CURVE('',#1728,#1720,#936,.T.);
#2138=EDGE_CURVE('',#1727,#1728,#761,.T.);
#2139=EDGE_CURVE('',#1725,#1727,#88,.T.);
#2140=EDGE_CURVE('',#1726,#1728,#89,.T.);
#2141=EDGE_CURVE('',#1729,#1730,#762,.T.);
#2142=EDGE_CURVE('',#1729,#1731,#90,.T.);
#2143=EDGE_CURVE('',#1732,#1731,#763,.T.);
#2144=EDGE_CURVE('',#1730,#1732,#91,.T.);
#2145=EDGE_CURVE('',#1733,#1734,#764,.T.);
#2146=EDGE_CURVE('',#1734,#1733,#765,.T.);
#2147=EDGE_CURVE('',#1735,#1736,#766,.T.);
#2148=EDGE_CURVE('',#1736,#1737,#767,.T.);
#2149=EDGE_CURVE('',#1737,#1738,#768,.T.);
#2150=EDGE_CURVE('',#1738,#1739,#769,.T.);
#2151=EDGE_CURVE('',#1739,#1732,#770,.T.);
#2152=EDGE_CURVE('',#1731,#1740,#771,.T.);
#2153=EDGE_CURVE('',#1740,#1741,#772,.T.);
#2154=EDGE_CURVE('',#1741,#1742,#773,.T.);
#2155=EDGE_CURVE('',#1742,#1743,#774,.T.);
#2156=EDGE_CURVE('',#1743,#1744,#775,.T.);
#2157=EDGE_CURVE('',#1744,#1745,#776,.T.);
#2158=EDGE_CURVE('',#1745,#1746,#777,.T.);
#2159=EDGE_CURVE('',#1746,#1747,#778,.T.);
#2160=EDGE_CURVE('',#1747,#1748,#779,.T.);
#2161=EDGE_CURVE('',#1748,#1749,#780,.T.);
#2162=EDGE_CURVE('',#1749,#1750,#781,.T.);
#2163=EDGE_CURVE('',#1750,#1751,#782,.T.);
#2164=EDGE_CURVE('',#1751,#1752,#783,.T.);
#2165=EDGE_CURVE('',#1752,#1735,#784,.T.);
#2166=EDGE_CURVE('',#1753,#1754,#785,.T.);
#2167=EDGE_CURVE('',#1754,#1753,#786,.T.);
#2168=EDGE_CURVE('',#1754,#1755,#978,.T.);
#2169=EDGE_CURVE('',#1755,#1756,#787,.T.);
#2170=EDGE_CURVE('',#1756,#1755,#788,.T.);
#2171=EDGE_CURVE('',#1755,#1734,#789,.T.);
#2172=EDGE_CURVE('',#1757,#1735,#92,.T.);
#2173=EDGE_CURVE('',#1758,#1757,#790,.T.);
#2174=EDGE_CURVE('',#1758,#1736,#93,.T.);
#2175=EDGE_CURVE('',#1759,#1758,#979,.T.);
#2176=EDGE_CURVE('',#1759,#1737,#980,.T.);
#2177=EDGE_CURVE('',#1760,#1759,#981,.T.);
#2178=EDGE_CURVE('',#1760,#1738,#982,.T.);
#2179=EDGE_CURVE('',#1761,#1760,#983,.T.);
#2180=EDGE_CURVE('',#1761,#1739,#984,.T.);
#2181=EDGE_CURVE('',#1730,#1761,#985,.T.);
#2182=EDGE_CURVE('',#1757,#1762,#986,.T.);
#2183=EDGE_CURVE('',#1762,#1763,#987,.T.);
#2184=EDGE_CURVE('',#1763,#1764,#988,.T.);
#2185=EDGE_CURVE('',#1764,#1765,#989,.T.);
#2186=EDGE_CURVE('',#1765,#1766,#791,.T.);
#2187=EDGE_CURVE('',#1766,#1767,#990,.T.);
#2188=EDGE_CURVE('',#1767,#1768,#991,.T.);
#2189=EDGE_CURVE('',#1768,#1769,#992,.T.);
#2190=EDGE_CURVE('',#1769,#1770,#993,.T.);
#2191=EDGE_CURVE('',#1770,#1771,#792,.T.);
#2192=EDGE_CURVE('',#1771,#1772,#994,.T.);
#2193=EDGE_CURVE('',#1772,#1773,#995,.T.);
#2194=EDGE_CURVE('',#1773,#1774,#996,.T.);
#2195=EDGE_CURVE('',#1774,#1729,#997,.T.);
#2196=EDGE_CURVE('',#1766,#1748,#94,.T.);
#2197=EDGE_CURVE('',#1765,#1749,#95,.T.);
#2198=EDGE_CURVE('',#1764,#1750,#998,.T.);
#2199=EDGE_CURVE('',#1763,#1751,#999,.T.);
#2200=EDGE_CURVE('',#1762,#1752,#1000,.T.);
#2201=EDGE_CURVE('',#1771,#1743,#96,.T.);
#2202=EDGE_CURVE('',#1770,#1744,#97,.T.);
#2203=EDGE_CURVE('',#1769,#1745,#1001,.T.);
#2204=EDGE_CURVE('',#1768,#1746,#1002,.T.);
#2205=EDGE_CURVE('',#1767,#1747,#1003,.T.);
#2206=EDGE_CURVE('',#1774,#1740,#1004,.T.);
#2207=EDGE_CURVE('',#1773,#1741,#1005,.T.);
#2208=EDGE_CURVE('',#1772,#1742,#1006,.T.);
#2209=EDGE_CURVE('',#1775,#1776,#1007,.T.);
#2210=EDGE_CURVE('',#1777,#1776,#937,.T.);
#2211=EDGE_CURVE('',#1778,#1777,#793,.T.);
#2212=EDGE_CURVE('',#1775,#1778,#938,.T.);
#2213=EDGE_CURVE('',#1779,#1780,#1008,.T.);
#2214=EDGE_CURVE('',#1776,#1780,#939,.T.);
#2215=EDGE_CURVE('',#1779,#1775,#940,.T.);
#2216=EDGE_CURVE('',#1781,#1782,#1009,.T.);
#2217=EDGE_CURVE('',#1780,#1782,#941,.T.);
#2218=EDGE_CURVE('',#1781,#1779,#942,.T.);
#2219=EDGE_CURVE('',#1783,#1784,#1010,.T.);
#2220=EDGE_CURVE('',#1782,#1784,#943,.T.);
#2221=EDGE_CURVE('',#1783,#1781,#944,.T.);
#2222=EDGE_CURVE('',#1785,#1786,#1011,.T.);
#2223=EDGE_CURVE('',#1784,#1786,#945,.T.);
#2224=EDGE_CURVE('',#1785,#1783,#946,.T.);
#2225=EDGE_CURVE('',#1787,#1788,#1012,.T.);
#2226=EDGE_CURVE('',#1786,#1788,#947,.T.);
#2227=EDGE_CURVE('',#1787,#1785,#948,.T.);
#2228=EDGE_CURVE('',#1789,#1790,#1013,.T.);
#2229=EDGE_CURVE('',#1788,#1790,#949,.T.);
#2230=EDGE_CURVE('',#1789,#1787,#950,.T.);
#2231=EDGE_CURVE('',#1791,#1792,#1014,.T.);
#2232=EDGE_CURVE('',#1790,#1792,#951,.T.);
#2233=EDGE_CURVE('',#1791,#1789,#952,.T.);
#2234=EDGE_CURVE('',#1793,#1794,#1015,.T.);
#2235=EDGE_CURVE('',#1792,#1794,#953,.T.);
#2236=EDGE_CURVE('',#1793,#1791,#954,.T.);
#2237=EDGE_CURVE('',#1795,#1796,#1016,.T.);
#2238=EDGE_CURVE('',#1794,#1796,#955,.T.);
#2239=EDGE_CURVE('',#1795,#1793,#956,.T.);
#2240=EDGE_CURVE('',#1797,#1798,#1017,.T.);
#2241=EDGE_CURVE('',#1799,#1797,#957,.T.);
#2242=EDGE_CURVE('',#1799,#1800,#794,.T.);
#2243=EDGE_CURVE('',#1798,#1800,#958,.T.);
#2244=EDGE_CURVE('',#1796,#1798,#959,.T.);
#2245=EDGE_CURVE('',#1797,#1795,#960,.T.);
#2246=EDGE_CURVE('',#1778,#1801,#961,.T.);
#2247=EDGE_CURVE('',#1802,#1777,#962,.T.);
#2248=EDGE_CURVE('',#1803,#1802,#795,.T.);
#2249=EDGE_CURVE('',#1801,#1803,#963,.T.);
#2250=EDGE_CURVE('',#1801,#1804,#1018,.T.);
#2251=EDGE_CURVE('',#1804,#1805,#796,.T.);
#2252=EDGE_CURVE('',#1805,#1804,#797,.T.);
#2253=EDGE_CURVE('',#1799,#1806,#964,.T.);
#2254=EDGE_CURVE('',#1806,#1807,#798,.T.);
#2255=EDGE_CURVE('',#1807,#1800,#965,.T.);
#2256=EDGE_CURVE('',#1803,#1806,#98,.T.);
#2257=EDGE_CURVE('',#1802,#1807,#99,.T.);
#2258=EDGE_CURVE('',#1808,#1809,#799,.T.);
#2259=EDGE_CURVE('',#1809,#1810,#100,.T.);
#2260=EDGE_CURVE('',#1810,#1811,#800,.T.);
#2261=EDGE_CURVE('',#1808,#1811,#101,.T.);
#2262=EDGE_CURVE('',#1812,#1813,#801,.T.);
#2263=EDGE_CURVE('',#1813,#1812,#802,.T.);
#2264=EDGE_CURVE('',#1814,#1815,#803,.T.);
#2265=EDGE_CURVE('',#1816,#1814,#804,.T.);
#2266=EDGE_CURVE('',#1817,#1816,#805,.T.);
#2267=EDGE_CURVE('',#1818,#1817,#806,.T.);
#2268=EDGE_CURVE('',#1819,#1818,#807,.T.);
#2269=EDGE_CURVE('',#1820,#1819,#808,.T.);
#2270=EDGE_CURVE('',#1821,#1820,#809,.T.);
#2271=EDGE_CURVE('',#1822,#1821,#810,.T.);
#2272=EDGE_CURVE('',#1823,#1822,#811,.T.);
#2273=EDGE_CURVE('',#1824,#1823,#812,.T.);
#2274=EDGE_CURVE('',#1825,#1824,#813,.T.);
#2275=EDGE_CURVE('',#1826,#1825,#814,.T.);
#2276=EDGE_CURVE('',#1827,#1826,#815,.T.);
#2277=EDGE_CURVE('',#1828,#1827,#816,.T.);
#2278=EDGE_CURVE('',#1811,#1828,#817,.T.);
#2279=EDGE_CURVE('',#1829,#1810,#818,.T.);
#2280=EDGE_CURVE('',#1830,#1829,#819,.T.);
#2281=EDGE_CURVE('',#1831,#1830,#820,.T.);
#2282=EDGE_CURVE('',#1815,#1831,#821,.T.);
#2283=EDGE_CURVE('',#1832,#1833,#822,.T.);
#2284=EDGE_CURVE('',#1833,#1834,#1019,.T.);
#2285=EDGE_CURVE('',#1835,#1834,#823,.T.);
#2286=EDGE_CURVE('',#1834,#1835,#824,.T.);
#2287=EDGE_CURVE('',#1833,#1832,#825,.T.);
#2288=EDGE_CURVE('',#1834,#1813,#826,.T.);
#2289=EDGE_CURVE('',#1836,#1815,#102,.T.);
#2290=EDGE_CURVE('',#1836,#1837,#827,.T.);
#2291=EDGE_CURVE('',#1837,#1814,#103,.T.);
#2292=EDGE_CURVE('',#1838,#1831,#1020,.T.);
#2293=EDGE_CURVE('',#1838,#1836,#1021,.T.);
#2294=EDGE_CURVE('',#1839,#1830,#1022,.T.);
#2295=EDGE_CURVE('',#1839,#1838,#1023,.T.);
#2296=EDGE_CURVE('',#1840,#1829,#1024,.T.);
#2297=EDGE_CURVE('',#1840,#1839,#1025,.T.);
#2298=EDGE_CURVE('',#1809,#1840,#1026,.T.);
#2299=EDGE_CURVE('',#1841,#1808,#1027,.T.);
#2300=EDGE_CURVE('',#1842,#1841,#1028,.T.);
#2301=EDGE_CURVE('',#1843,#1842,#1029,.T.);
#2302=EDGE_CURVE('',#1844,#1843,#1030,.T.);
#2303=EDGE_CURVE('',#1845,#1844,#828,.T.);
#2304=EDGE_CURVE('',#1846,#1845,#1031,.T.);
#2305=EDGE_CURVE('',#1847,#1846,#1032,.T.);
#2306=EDGE_CURVE('',#1848,#1847,#1033,.T.);
#2307=EDGE_CURVE('',#1849,#1848,#1034,.T.);
#2308=EDGE_CURVE('',#1850,#1849,#829,.T.);
#2309=EDGE_CURVE('',#1851,#1850,#1035,.T.);
#2310=EDGE_CURVE('',#1852,#1851,#1036,.T.);
#2311=EDGE_CURVE('',#1853,#1852,#1037,.T.);
#2312=EDGE_CURVE('',#1837,#1853,#1038,.T.);
#2313=EDGE_CURVE('',#1849,#1820,#104,.T.);
#2314=EDGE_CURVE('',#1850,#1819,#105,.T.);
#2315=EDGE_CURVE('',#1851,#1818,#1039,.T.);
#2316=EDGE_CURVE('',#1852,#1817,#1040,.T.);
#2317=EDGE_CURVE('',#1853,#1816,#1041,.T.);
#2318=EDGE_CURVE('',#1844,#1825,#106,.T.);
#2319=EDGE_CURVE('',#1845,#1824,#107,.T.);
#2320=EDGE_CURVE('',#1846,#1823,#1042,.T.);
#2321=EDGE_CURVE('',#1847,#1822,#1043,.T.);
#2322=EDGE_CURVE('',#1848,#1821,#1044,.T.);
#2323=EDGE_CURVE('',#1841,#1828,#1045,.T.);
#2324=EDGE_CURVE('',#1842,#1827,#1046,.T.);
#2325=EDGE_CURVE('',#1843,#1826,#1047,.T.);
#2326=EDGE_CURVE('',#1854,#1855,#830,.T.);
#2327=EDGE_CURVE('',#1855,#1856,#1048,.T.);
#2328=EDGE_CURVE('',#1856,#1857,#831,.T.);
#2329=EDGE_CURVE('',#1857,#1854,#1049,.T.);
#2330=EDGE_CURVE('',#1858,#1859,#832,.T.);
#2331=EDGE_CURVE('',#1859,#1857,#833,.T.);
#2332=EDGE_CURVE('',#1856,#1858,#834,.T.);
#2333=EDGE_CURVE('',#1860,#1861,#835,.T.);
#2334=EDGE_CURVE('',#1861,#1859,#1050,.T.);
#2335=EDGE_CURVE('',#1858,#1860,#1051,.T.);
#2336=EDGE_CURVE('',#1862,#1863,#836,.T.);
#2337=EDGE_CURVE('',#1863,#1861,#837,.T.);
#2338=EDGE_CURVE('',#1860,#1862,#838,.T.);
#2339=EDGE_CURVE('',#1864,#1865,#839,.T.);
#2340=EDGE_CURVE('',#1865,#1863,#1052,.T.);
#2341=EDGE_CURVE('',#1862,#1864,#1053,.T.);
#2342=EDGE_CURVE('',#1866,#1857,#1054,.T.);
#2343=EDGE_CURVE('',#1866,#1867,#1055,.T.);
#2344=EDGE_CURVE('',#1867,#1868,#1056,.T.);
#2345=EDGE_CURVE('',#1868,#1869,#1057,.T.);
#2346=EDGE_CURVE('',#1870,#1869,#1058,.T.);
#2347=EDGE_CURVE('',#1871,#1870,#1059,.T.);
#2348=EDGE_CURVE('',#1854,#1871,#1060,.T.);
#2349=EDGE_CURVE('',#1859,#1872,#1061,.T.);
#2350=EDGE_CURVE('',#1872,#1866,#840,.T.);
#2351=EDGE_CURVE('',#1873,#1861,#1062,.T.);
#2352=EDGE_CURVE('',#1873,#1874,#1063,.T.);
#2353=EDGE_CURVE('',#1874,#1875,#1064,.T.);
#2354=EDGE_CURVE('',#1875,#1876,#1065,.T.);
#2355=EDGE_CURVE('',#1877,#1876,#1066,.T.);
#2356=EDGE_CURVE('',#1877,#1878,#1067,.T.);
#2357=EDGE_CURVE('',#1878,#1879,#841,.T.);
#2358=EDGE_CURVE('',#1879,#1880,#1068,.T.);
#2359=EDGE_CURVE('',#1881,#1880,#1069,.T.);
#2360=EDGE_CURVE('',#1881,#1882,#1070,.T.);
#2361=EDGE_CURVE('',#1882,#1883,#1071,.T.);
#2362=EDGE_CURVE('',#1883,#1884,#1072,.T.);
#2363=EDGE_CURVE('',#1885,#1884,#1073,.T.);
#2364=EDGE_CURVE('',#1886,#1885,#1074,.T.);
#2365=EDGE_CURVE('',#1887,#1886,#1075,.T.);
#2366=EDGE_CURVE('',#1887,#1888,#1076,.T.);
#2367=EDGE_CURVE('',#1888,#1889,#1077,.T.);
#2368=EDGE_CURVE('',#1889,#1890,#1078,.T.);
#2369=EDGE_CURVE('',#1891,#1890,#1079,.T.);
#2370=EDGE_CURVE('',#1891,#1892,#1080,.T.);
#2371=EDGE_CURVE('',#1892,#1893,#842,.T.);
#2372=EDGE_CURVE('',#1893,#1894,#1081,.T.);
#2373=EDGE_CURVE('',#1895,#1894,#1082,.T.);
#2374=EDGE_CURVE('',#1895,#1896,#1083,.T.);
#2375=EDGE_CURVE('',#1896,#1897,#1084,.T.);
#2376=EDGE_CURVE('',#1897,#1872,#1085,.T.);
#2377=EDGE_CURVE('',#1898,#1899,#1086,.T.);
#2378=EDGE_CURVE('',#1899,#1900,#1087,.T.);
#2379=EDGE_CURVE('',#1900,#1901,#1088,.T.);
#2380=EDGE_CURVE('',#1901,#1898,#1089,.T.);
#2381=EDGE_CURVE('',#1863,#1902,#1090,.T.);
#2382=EDGE_CURVE('',#1902,#1873,#843,.T.);
#2383=EDGE_CURVE('',#1903,#1865,#1091,.T.);
#2384=EDGE_CURVE('',#1903,#1904,#1092,.T.);
#2385=EDGE_CURVE('',#1905,#1904,#1093,.T.);
#2386=EDGE_CURVE('',#1905,#1906,#1094,.T.);
#2387=EDGE_CURVE('',#1906,#1907,#1095,.T.);
#2388=EDGE_CURVE('',#1907,#1902,#1096,.T.);
#2389=EDGE_CURVE('',#1908,#1909,#844,.T.);
#2390=EDGE_CURVE('',#1909,#1910,#1097,.T.);
#2391=EDGE_CURVE('',#1910,#1911,#845,.T.);
#2392=EDGE_CURVE('',#1911,#1908,#1098,.T.);
#2393=EDGE_CURVE('',#1912,#1885,#846,.T.);
#2394=EDGE_CURVE('',#1885,#1911,#847,.T.);
#2395=EDGE_CURVE('',#1910,#1912,#848,.T.);
#2396=EDGE_CURVE('',#1913,#1886,#849,.T.);
#2397=EDGE_CURVE('',#1912,#1913,#1099,.T.);
#2398=EDGE_CURVE('',#1914,#1915,#850,.T.);
#2399=EDGE_CURVE('',#1915,#1886,#851,.T.);
#2400=EDGE_CURVE('',#1913,#1914,#852,.T.);
#2401=EDGE_CURVE('',#1916,#1917,#853,.T.);
#2402=EDGE_CURVE('',#1917,#1915,#1100,.T.);
#2403=EDGE_CURVE('',#1914,#1916,#1101,.T.);
#2404=EDGE_CURVE('',#1916,#1909,#1102,.T.);
#2405=EDGE_CURVE('',#1918,#1871,#1103,.T.);
#2406=EDGE_CURVE('',#1918,#1919,#854,.T.);
#2407=EDGE_CURVE('',#1920,#1919,#1104,.T.);
#2408=EDGE_CURVE('',#1917,#1920,#1105,.T.);
#2409=EDGE_CURVE('',#1908,#1921,#1106,.T.);
#2410=EDGE_CURVE('',#1921,#1922,#1107,.T.);
#2411=EDGE_CURVE('',#1922,#1923,#855,.T.);
#2412=EDGE_CURVE('',#1923,#1903,#1108,.T.);
#2413=EDGE_CURVE('',#1864,#1855,#1109,.T.);
#2414=EDGE_CURVE('',#1884,#1924,#856,.T.);
#2415=EDGE_CURVE('',#1924,#1911,#1110,.T.);
#2416=EDGE_CURVE('',#1883,#1925,#1111,.T.);
#2417=EDGE_CURVE('',#1925,#1926,#1112,.T.);
#2418=EDGE_CURVE('',#1924,#1926,#1113,.T.);
#2419=EDGE_CURVE('',#1927,#1881,#857,.T.);
#2420=EDGE_CURVE('',#1880,#1928,#858,.T.);
#2421=EDGE_CURVE('',#1928,#1927,#1114,.T.);
#2422=EDGE_CURVE('',#1922,#1879,#1115,.T.);
#2423=EDGE_CURVE('',#1921,#1928,#1116,.T.);
#2424=EDGE_CURVE('',#1904,#1877,#859,.T.);
#2425=EDGE_CURVE('',#1876,#1905,#860,.T.);
#2426=EDGE_CURVE('',#1875,#1929,#1117,.T.);
#2427=EDGE_CURVE('',#1929,#1906,#1118,.T.);
#2428=EDGE_CURVE('',#1897,#1930,#1119,.T.);
#2429=EDGE_CURVE('',#1930,#1867,#1120,.T.);
#2430=EDGE_CURVE('',#1869,#1895,#861,.T.);
#2431=EDGE_CURVE('',#1894,#1870,#862,.T.);
#2432=EDGE_CURVE('',#1918,#1893,#1121,.T.);
#2433=EDGE_CURVE('',#1931,#1891,#863,.T.);
#2434=EDGE_CURVE('',#1890,#1932,#864,.T.);
#2435=EDGE_CURVE('',#1932,#1931,#1122,.T.);
#2436=EDGE_CURVE('',#1889,#1933,#1123,.T.);
#2437=EDGE_CURVE('',#1933,#1934,#1124,.T.);
#2438=EDGE_CURVE('',#1932,#1934,#1125,.T.);
#2439=EDGE_CURVE('',#1915,#1935,#1126,.T.);
#2440=EDGE_CURVE('',#1935,#1887,#865,.T.);
#2441=EDGE_CURVE('',#1936,#1935,#1127,.T.);
#2442=EDGE_CURVE('',#1936,#1937,#1128,.T.);
#2443=EDGE_CURVE('',#1888,#1937,#1129,.T.);
#2444=EDGE_CURVE('',#1898,#1938,#1130,.T.);
#2445=EDGE_CURVE('',#1938,#1939,#1131,.T.);
#2446=EDGE_CURVE('',#1899,#1939,#1132,.T.);
#2447=EDGE_CURVE('',#1901,#1940,#1133,.T.);
#2448=EDGE_CURVE('',#1940,#1938,#1134,.T.);
#2449=EDGE_CURVE('',#1900,#1941,#1135,.T.);
#2450=EDGE_CURVE('',#1941,#1940,#1136,.T.);
#2451=EDGE_CURVE('',#1939,#1941,#1137,.T.);
#2452=EDGE_CURVE('',#1882,#1942,#1138,.T.);
#2453=EDGE_CURVE('',#1942,#1925,#1139,.T.);
#2454=EDGE_CURVE('',#1943,#1927,#1140,.T.);
#2455=EDGE_CURVE('',#1943,#1942,#1141,.T.);
#2456=EDGE_CURVE('',#1926,#1943,#1142,.T.);
#2457=EDGE_CURVE('',#1937,#1933,#1143,.T.);
#2458=EDGE_CURVE('',#1934,#1936,#1144,.T.);
#2459=EDGE_CURVE('',#1874,#1944,#1145,.T.);
#2460=EDGE_CURVE('',#1944,#1929,#1146,.T.);
#2461=EDGE_CURVE('',#1907,#1944,#1147,.T.);
#2462=EDGE_CURVE('',#1896,#1945,#1148,.T.);
#2463=EDGE_CURVE('',#1945,#1930,#1149,.T.);
#2464=EDGE_CURVE('',#1868,#1945,#1150,.T.);
#2465=EDGE_CURVE('',#1920,#1931,#1151,.T.);
#2466=EDGE_CURVE('',#1923,#1878,#1152,.T.);
#2467=EDGE_CURVE('',#1919,#1892,#1153,.T.);
#2468=EDGE_CURVE('',#1946,#1947,#1154,.T.);
#2469=EDGE_CURVE('',#1947,#1948,#1155,.T.);
#2470=EDGE_CURVE('',#1948,#1949,#1156,.T.);
#2471=EDGE_CURVE('',#1949,#1950,#1157,.T.);
#2472=EDGE_CURVE('',#1950,#1951,#1158,.T.);
#2473=EDGE_CURVE('',#1951,#1952,#1159,.T.);
#2474=EDGE_CURVE('',#1952,#1953,#1160,.T.);
#2475=EDGE_CURVE('',#1953,#1954,#1161,.T.);
#2476=EDGE_CURVE('',#1954,#1955,#1162,.T.);
#2477=EDGE_CURVE('',#1955,#1956,#1163,.T.);
#2478=EDGE_CURVE('',#1956,#1957,#1164,.T.);
#2479=EDGE_CURVE('',#1957,#1946,#1165,.T.);
#2480=EDGE_CURVE('',#1958,#1959,#866,.T.);
#2481=EDGE_CURVE('',#1959,#1960,#1166,.T.);
#2482=EDGE_CURVE('',#1960,#1961,#867,.T.);
#2483=EDGE_CURVE('',#1961,#1958,#1167,.T.);
#2484=EDGE_CURVE('',#1962,#1962,#868,.T.);
#2485=EDGE_CURVE('',#1963,#1964,#1168,.T.);
#2486=EDGE_CURVE('',#1965,#1963,#1169,.T.);
#2487=EDGE_CURVE('',#1966,#1965,#1170,.T.);
#2488=EDGE_CURVE('',#1967,#1966,#1171,.T.);
#2489=EDGE_CURVE('',#1968,#1967,#869,.T.);
#2490=EDGE_CURVE('',#1969,#1968,#1172,.T.);
#2491=EDGE_CURVE('',#1970,#1969,#1173,.T.);
#2492=EDGE_CURVE('',#1971,#1970,#1174,.T.);
#2493=EDGE_CURVE('',#1972,#1971,#1175,.T.);
#2494=EDGE_CURVE('',#1972,#1973,#1176,.T.);
#2495=EDGE_CURVE('',#1974,#1973,#870,.T.);
#2496=EDGE_CURVE('',#1974,#1964,#1177,.T.);
#2497=EDGE_CURVE('',#1966,#1975,#1178,.T.);
#2498=EDGE_CURVE('',#1965,#1976,#1179,.T.);
#2499=EDGE_CURVE('',#1975,#1976,#1180,.T.);
#2500=EDGE_CURVE('',#1975,#1977,#1181,.T.);
#2501=EDGE_CURVE('',#1976,#1978,#1182,.T.);
#2502=EDGE_CURVE('',#1978,#1977,#1183,.T.);
#2503=EDGE_CURVE('',#1954,#1979,#1184,.T.);
#2504=EDGE_CURVE('',#1979,#1980,#1185,.T.);
#2505=EDGE_CURVE('',#1955,#1980,#1186,.T.);
#2506=EDGE_CURVE('',#1977,#1981,#1187,.T.);
#2507=EDGE_CURVE('',#1982,#1981,#1188,.T.);
#2508=EDGE_CURVE('',#1967,#1982,#1189,.T.);
#2509=EDGE_CURVE('',#1983,#1984,#1190,.T.);
#2510=EDGE_CURVE('',#1983,#1985,#1191,.T.);
#2511=EDGE_CURVE('',#1985,#1986,#1192,.T.);
#2512=EDGE_CURVE('',#1986,#1984,#1193,.T.);
#2513=EDGE_CURVE('',#1984,#1969,#1194,.T.);
#2514=EDGE_CURVE('',#1970,#1986,#1195,.T.);
#2515=EDGE_CURVE('',#1987,#1988,#1196,.T.);
#2516=EDGE_CURVE('',#1953,#1988,#1197,.T.);
#2517=EDGE_CURVE('',#1987,#1952,#1198,.T.);
#2518=EDGE_CURVE('',#1988,#1979,#1199,.T.);
#2519=EDGE_CURVE('',#1980,#1987,#1200,.T.);
#2520=EDGE_CURVE('',#1951,#1985,#1201,.T.);
#2521=EDGE_CURVE('',#1983,#1989,#1202,.T.);
#2522=EDGE_CURVE('',#1981,#1989,#1203,.T.);
#2523=EDGE_CURVE('',#1956,#1978,#1204,.T.);
#2524=EDGE_CURVE('',#1990,#1959,#1205,.T.);
#2525=EDGE_CURVE('',#1991,#1990,#1206,.T.);
#2526=EDGE_CURVE('',#1960,#1991,#1207,.T.);
#2527=EDGE_CURVE('',#1992,#1991,#871,.T.);
#2528=EDGE_CURVE('',#1961,#1992,#1208,.T.);
#2529=EDGE_CURVE('',#1993,#1992,#1209,.T.);
#2530=EDGE_CURVE('',#1958,#1993,#1210,.T.);
#2531=EDGE_CURVE('',#1990,#1993,#872,.T.);
#2532=EDGE_CURVE('',#1994,#1982,#873,.T.);
#2533=EDGE_CURVE('',#1968,#1994,#1211,.T.);
#2534=EDGE_CURVE('',#1989,#1994,#1212,.T.);
#2535=EDGE_CURVE('',#1995,#1996,#1213,.T.);
#2536=EDGE_CURVE('',#1995,#1997,#1214,.T.);
#2537=EDGE_CURVE('',#1997,#1998,#1215,.T.);
#2538=EDGE_CURVE('',#1998,#1996,#1216,.T.);
#2539=EDGE_CURVE('',#1996,#1964,#1217,.T.);
#2540=EDGE_CURVE('',#1963,#1998,#1218,.T.);
#2541=EDGE_CURVE('',#1997,#1957,#1219,.T.);
#2542=EDGE_CURVE('',#1999,#2000,#1220,.T.);
#2543=EDGE_CURVE('',#1947,#2000,#1221,.T.);
#2544=EDGE_CURVE('',#1999,#1946,#1222,.T.);
#2545=EDGE_CURVE('',#1972,#2001,#1223,.T.);
#2546=EDGE_CURVE('',#1971,#2002,#1224,.T.);
#2547=EDGE_CURVE('',#2001,#2002,#1225,.T.);
#2548=EDGE_CURVE('',#1950,#2003,#1226,.T.);
#2549=EDGE_CURVE('',#2002,#2003,#1227,.T.);
#2550=EDGE_CURVE('',#2001,#2004,#1228,.T.);
#2551=EDGE_CURVE('',#2003,#2004,#1229,.T.);
#2552=EDGE_CURVE('',#2004,#2005,#1230,.T.);
#2553=EDGE_CURVE('',#2006,#2005,#1231,.T.);
#2554=EDGE_CURVE('',#1973,#2006,#1232,.T.);
#2555=EDGE_CURVE('',#1995,#2007,#1233,.T.);
#2556=EDGE_CURVE('',#2005,#2007,#1234,.T.);
#2557=EDGE_CURVE('',#1949,#2008,#1235,.T.);
#2558=EDGE_CURVE('',#2008,#1999,#1236,.T.);
#2559=EDGE_CURVE('',#1948,#2009,#1237,.T.);
#2560=EDGE_CURVE('',#2009,#2008,#1238,.T.);
#2561=EDGE_CURVE('',#2000,#2009,#1239,.T.);
#2562=EDGE_CURVE('',#2010,#2010,#874,.T.);
#2563=EDGE_CURVE('',#2010,#1962,#1240,.T.);
#2564=EDGE_CURVE('',#1974,#2011,#1241,.T.);
#2565=EDGE_CURVE('',#2007,#2011,#1242,.T.);
#2566=EDGE_CURVE('',#2011,#2006,#875,.T.);
#2567=EDGE_CURVE('',#2012,#2012,#876,.T.);
#2568=EDGE_CURVE('',#2012,#2013,#1243,.T.);
#2569=EDGE_CURVE('',#2013,#2013,#877,.T.);
#2570=EDGE_CURVE('',#2014,#2015,#1244,.T.);
#2571=EDGE_CURVE('',#2014,#2016,#1245,.T.);
#2572=EDGE_CURVE('',#2017,#2016,#1246,.T.);
#2573=EDGE_CURVE('',#2015,#2017,#1247,.T.);
#2574=EDGE_CURVE('',#2018,#2015,#878,.T.);
#2575=EDGE_CURVE('',#2019,#2017,#879,.T.);
#2576=EDGE_CURVE('',#2018,#2019,#1248,.T.);
#2577=EDGE_CURVE('',#2018,#2020,#1249,.T.);
#2578=EDGE_CURVE('',#2021,#2019,#1250,.T.);
#2579=EDGE_CURVE('',#2020,#2021,#1251,.T.);
#2580=EDGE_CURVE('',#2014,#2020,#880,.T.);
#2581=EDGE_CURVE('',#2016,#2021,#881,.T.);
#2582=EDGE_CURVE('',#2022,#2022,#882,.T.);
#2583=EDGE_CURVE('',#2022,#2023,#1252,.T.);
#2584=EDGE_CURVE('',#2023,#2023,#883,.T.);
#2585=EDGE_CURVE('',#2024,#2025,#1253,.T.);
#2586=EDGE_CURVE('',#2024,#2026,#1254,.T.);
#2587=EDGE_CURVE('',#2027,#2026,#1255,.T.);
#2588=EDGE_CURVE('',#2025,#2027,#1256,.T.);
#2589=EDGE_CURVE('',#2028,#2025,#884,.T.);
#2590=EDGE_CURVE('',#2029,#2027,#885,.T.);
#2591=EDGE_CURVE('',#2028,#2029,#1257,.T.);
#2592=EDGE_CURVE('',#2028,#2030,#1258,.T.);
#2593=EDGE_CURVE('',#2031,#2029,#1259,.T.);
#2594=EDGE_CURVE('',#2030,#2031,#1260,.T.);
#2595=EDGE_CURVE('',#2024,#2030,#886,.T.);
#2596=EDGE_CURVE('',#2026,#2031,#887,.T.);
#2597=EDGE_CURVE('',#2032,#2032,#888,.T.);
#2598=EDGE_CURVE('',#2032,#2033,#1261,.T.);
#2599=EDGE_CURVE('',#2033,#2033,#889,.T.);
#2600=EDGE_CURVE('',#2034,#2035,#1262,.T.);
#2601=EDGE_CURVE('',#2034,#2036,#1263,.T.);
#2602=EDGE_CURVE('',#2037,#2036,#1264,.T.);
#2603=EDGE_CURVE('',#2035,#2037,#1265,.T.);
#2604=EDGE_CURVE('',#2035,#2038,#1266,.T.);
#2605=EDGE_CURVE('',#2039,#2037,#1267,.T.);
#2606=EDGE_CURVE('',#2038,#2039,#1268,.T.);
#2607=EDGE_CURVE('',#2038,#2040,#1269,.T.);
#2608=EDGE_CURVE('',#2041,#2039,#1270,.T.);
#2609=EDGE_CURVE('',#2040,#2041,#1271,.T.);
#2610=EDGE_CURVE('',#2040,#2034,#1272,.T.);
#2611=EDGE_CURVE('',#2036,#2041,#1273,.T.);
#2612=EDGE_CURVE('',#2042,#2042,#890,.T.);
#2613=EDGE_CURVE('',#2042,#2043,#1274,.T.);
#2614=EDGE_CURVE('',#2043,#2043,#891,.T.);
#2615=EDGE_CURVE('',#2044,#2045,#1275,.T.);
#2616=EDGE_CURVE('',#2044,#2046,#1276,.T.);
#2617=EDGE_CURVE('',#2047,#2046,#1277,.T.);
#2618=EDGE_CURVE('',#2045,#2047,#1278,.T.);
#2619=EDGE_CURVE('',#2045,#2048,#1279,.T.);
#2620=EDGE_CURVE('',#2049,#2047,#1280,.T.);
#2621=EDGE_CURVE('',#2048,#2049,#1281,.T.);
#2622=EDGE_CURVE('',#2048,#2050,#1282,.T.);
#2623=EDGE_CURVE('',#2051,#2049,#1283,.T.);
#2624=EDGE_CURVE('',#2050,#2051,#1284,.T.);
#2625=EDGE_CURVE('',#2050,#2044,#1285,.T.);
#2626=EDGE_CURVE('',#2046,#2051,#1286,.T.);
#2627=EDGE_CURVE('',#2052,#2052,#892,.T.);
#2628=EDGE_CURVE('',#2052,#2053,#1287,.T.);
#2629=EDGE_CURVE('',#2053,#2053,#893,.T.);
#2630=EDGE_CURVE('',#2054,#2055,#1288,.T.);
#2631=EDGE_CURVE('',#2055,#2056,#1289,.T.);
#2632=EDGE_CURVE('',#2056,#2057,#1290,.T.);
#2633=EDGE_CURVE('',#2054,#2057,#1291,.T.);
#2634=EDGE_CURVE('',#2055,#2058,#1292,.T.);
#2635=EDGE_CURVE('',#2058,#2059,#1293,.T.);
#2636=EDGE_CURVE('',#2059,#2056,#1294,.T.);
#2637=EDGE_CURVE('',#2058,#2060,#1295,.T.);
#2638=EDGE_CURVE('',#2060,#2061,#1296,.T.);
#2639=EDGE_CURVE('',#2061,#2059,#1297,.T.);
#2640=EDGE_CURVE('',#2060,#2054,#1298,.T.);
#2641=EDGE_CURVE('',#2057,#2061,#1299,.T.);
#2642=EDGE_CURVE('',#2062,#2062,#894,.T.);
#2643=EDGE_CURVE('',#2062,#2063,#1300,.T.);
#2644=EDGE_CURVE('',#2063,#2063,#895,.T.);
#2645=EDGE_CURVE('',#2064,#2065,#1301,.T.);
#2646=EDGE_CURVE('',#2065,#2066,#1302,.T.);
#2647=EDGE_CURVE('',#2066,#2067,#1303,.T.);
#2648=EDGE_CURVE('',#2064,#2067,#1304,.T.);
#2649=EDGE_CURVE('',#2065,#2068,#1305,.T.);
#2650=EDGE_CURVE('',#2068,#2069,#1306,.T.);
#2651=EDGE_CURVE('',#2069,#2066,#1307,.T.);
#2652=EDGE_CURVE('',#2068,#2070,#1308,.T.);
#2653=EDGE_CURVE('',#2070,#2071,#1309,.T.);
#2654=EDGE_CURVE('',#2071,#2069,#1310,.T.);
#2655=EDGE_CURVE('',#2070,#2064,#1311,.T.);
#2656=EDGE_CURVE('',#2067,#2071,#1312,.T.);
#2657=EDGE_CURVE('',#2072,#2072,#896,.T.);
#2658=EDGE_CURVE('',#2072,#2073,#1313,.T.);
#2659=EDGE_CURVE('',#2073,#2073,#897,.T.);
#2660=EDGE_CURVE('',#2074,#2075,#1314,.T.);
#2661=EDGE_CURVE('',#2075,#2076,#1315,.T.);
#2662=EDGE_CURVE('',#2076,#2077,#1316,.T.);
#2663=EDGE_CURVE('',#2074,#2077,#1317,.T.);
#2664=EDGE_CURVE('',#2078,#2075,#898,.T.);
#2665=EDGE_CURVE('',#2078,#2079,#1318,.T.);
#2666=EDGE_CURVE('',#2079,#2076,#899,.T.);
#2667=EDGE_CURVE('',#2078,#2080,#1319,.T.);
#2668=EDGE_CURVE('',#2080,#2081,#1320,.T.);
#2669=EDGE_CURVE('',#2081,#2079,#1321,.T.);
#2670=EDGE_CURVE('',#2074,#2080,#900,.T.);
#2671=EDGE_CURVE('',#2077,#2081,#901,.T.);
#2672=EDGE_CURVE('',#2082,#2082,#902,.T.);
#2673=EDGE_CURVE('',#2082,#2083,#1322,.T.);
#2674=EDGE_CURVE('',#2083,#2083,#903,.T.);
#2675=EDGE_CURVE('',#2084,#2085,#1323,.T.);
#2676=EDGE_CURVE('',#2085,#2086,#1324,.T.);
#2677=EDGE_CURVE('',#2086,#2087,#1325,.T.);
#2678=EDGE_CURVE('',#2084,#2087,#1326,.T.);
#2679=EDGE_CURVE('',#2088,#2085,#904,.T.);
#2680=EDGE_CURVE('',#2088,#2089,#1327,.T.);
#2681=EDGE_CURVE('',#2089,#2086,#905,.T.);
#2682=EDGE_CURVE('',#2088,#2090,#1328,.T.);
#2683=EDGE_CURVE('',#2090,#2091,#1329,.T.);
#2684=EDGE_CURVE('',#2091,#2089,#1330,.T.);
#2685=EDGE_CURVE('',#2084,#2090,#906,.T.);
#2686=EDGE_CURVE('',#2087,#2091,#907,.T.);
#2687=ORIENTED_EDGE('',*,*,#2092,.F.);
#2688=ORIENTED_EDGE('',*,*,#2093,.T.);
#2689=ORIENTED_EDGE('',*,*,#2094,.T.);
#2690=ORIENTED_EDGE('',*,*,#2095,.T.);
#2691=ORIENTED_EDGE('',*,*,#2096,.F.);
#2692=ORIENTED_EDGE('',*,*,#2097,.T.);
#2693=ORIENTED_EDGE('',*,*,#2092,.T.);
#2694=ORIENTED_EDGE('',*,*,#2098,.T.);
#2695=ORIENTED_EDGE('',*,*,#2099,.F.);
#2696=ORIENTED_EDGE('',*,*,#2100,.T.);
#2697=ORIENTED_EDGE('',*,*,#2096,.T.);
#2698=ORIENTED_EDGE('',*,*,#2101,.T.);
#2699=ORIENTED_EDGE('',*,*,#2102,.F.);
#2700=ORIENTED_EDGE('',*,*,#2103,.T.);
#2701=ORIENTED_EDGE('',*,*,#2099,.T.);
#2702=ORIENTED_EDGE('',*,*,#2104,.T.);
#2703=ORIENTED_EDGE('',*,*,#2105,.F.);
#2704=ORIENTED_EDGE('',*,*,#2106,.T.);
#2705=ORIENTED_EDGE('',*,*,#2102,.T.);
#2706=ORIENTED_EDGE('',*,*,#2107,.T.);
#2707=ORIENTED_EDGE('',*,*,#2108,.F.);
#2708=ORIENTED_EDGE('',*,*,#2109,.T.);
#2709=ORIENTED_EDGE('',*,*,#2105,.T.);
#2710=ORIENTED_EDGE('',*,*,#2110,.T.);
#2711=ORIENTED_EDGE('',*,*,#2111,.F.);
#2712=ORIENTED_EDGE('',*,*,#2112,.T.);
#2713=ORIENTED_EDGE('',*,*,#2108,.T.);
#2714=ORIENTED_EDGE('',*,*,#2113,.T.);
#2715=ORIENTED_EDGE('',*,*,#2114,.F.);
#2716=ORIENTED_EDGE('',*,*,#2115,.T.);
#2717=ORIENTED_EDGE('',*,*,#2111,.T.);
#2718=ORIENTED_EDGE('',*,*,#2116,.T.);
#2719=ORIENTED_EDGE('',*,*,#2117,.F.);
#2720=ORIENTED_EDGE('',*,*,#2118,.T.);
#2721=ORIENTED_EDGE('',*,*,#2114,.T.);
#2722=ORIENTED_EDGE('',*,*,#2119,.T.);
#2723=ORIENTED_EDGE('',*,*,#2120,.F.);
#2724=ORIENTED_EDGE('',*,*,#2121,.T.);
#2725=ORIENTED_EDGE('',*,*,#2117,.T.);
#2726=ORIENTED_EDGE('',*,*,#2122,.T.);
#2727=ORIENTED_EDGE('',*,*,#2123,.F.);
#2728=ORIENTED_EDGE('',*,*,#2124,.T.);
#2729=ORIENTED_EDGE('',*,*,#2120,.T.);
#2730=ORIENTED_EDGE('',*,*,#2125,.T.);
#2731=ORIENTED_EDGE('',*,*,#2123,.T.);
#2732=ORIENTED_EDGE('',*,*,#2126,.T.);
#2733=ORIENTED_EDGE('',*,*,#2127,.F.);
#2734=ORIENTED_EDGE('',*,*,#2128,.T.);
#2735=ORIENTED_EDGE('',*,*,#2129,.T.);
#2736=ORIENTED_EDGE('',*,*,#2130,.T.);
#2737=ORIENTED_EDGE('',*,*,#2131,.F.);
#2738=ORIENTED_EDGE('',*,*,#2132,.F.);
#2739=ORIENTED_EDGE('',*,*,#2130,.F.);
#2740=ORIENTED_EDGE('',*,*,#2133,.T.);
#2741=ORIENTED_EDGE('',*,*,#2134,.T.);
#2742=ORIENTED_EDGE('',*,*,#2135,.T.);
#2743=ORIENTED_EDGE('',*,*,#2094,.F.);
#2744=ORIENTED_EDGE('',*,*,#2136,.F.);
#2745=ORIENTED_EDGE('',*,*,#2127,.T.);
#2746=ORIENTED_EDGE('',*,*,#2137,.F.);
#2747=ORIENTED_EDGE('',*,*,#2138,.F.);
#2748=ORIENTED_EDGE('',*,*,#2131,.T.);
#2749=ORIENTED_EDGE('',*,*,#2132,.T.);
#2750=ORIENTED_EDGE('',*,*,#2136,.T.);
#2751=ORIENTED_EDGE('',*,*,#2139,.F.);
#2752=ORIENTED_EDGE('',*,*,#2133,.F.);
#2753=ORIENTED_EDGE('',*,*,#2129,.F.);
#2754=ORIENTED_EDGE('',*,*,#2093,.F.);
#2755=ORIENTED_EDGE('',*,*,#2097,.F.);
#2756=ORIENTED_EDGE('',*,*,#2100,.F.);
#2757=ORIENTED_EDGE('',*,*,#2103,.F.);
#2758=ORIENTED_EDGE('',*,*,#2106,.F.);
#2759=ORIENTED_EDGE('',*,*,#2109,.F.);
#2760=ORIENTED_EDGE('',*,*,#2112,.F.);
#2761=ORIENTED_EDGE('',*,*,#2115,.F.);
#2762=ORIENTED_EDGE('',*,*,#2118,.F.);
#2763=ORIENTED_EDGE('',*,*,#2121,.F.);
#2764=ORIENTED_EDGE('',*,*,#2124,.F.);
#2765=ORIENTED_EDGE('',*,*,#2128,.F.);
#2766=ORIENTED_EDGE('',*,*,#2138,.T.);
#2767=ORIENTED_EDGE('',*,*,#2140,.F.);
#2768=ORIENTED_EDGE('',*,*,#2134,.F.);
#2769=ORIENTED_EDGE('',*,*,#2139,.T.);
#2770=ORIENTED_EDGE('',*,*,#2137,.T.);
#2771=ORIENTED_EDGE('',*,*,#2126,.F.);
#2772=ORIENTED_EDGE('',*,*,#2125,.F.);
#2773=ORIENTED_EDGE('',*,*,#2122,.F.);
#2774=ORIENTED_EDGE('',*,*,#2119,.F.);
#2775=ORIENTED_EDGE('',*,*,#2116,.F.);
#2776=ORIENTED_EDGE('',*,*,#2113,.F.);
#2777=ORIENTED_EDGE('',*,*,#2110,.F.);
#2778=ORIENTED_EDGE('',*,*,#2107,.F.);
#2779=ORIENTED_EDGE('',*,*,#2104,.F.);
#2780=ORIENTED_EDGE('',*,*,#2101,.F.);
#2781=ORIENTED_EDGE('',*,*,#2098,.F.);
#2782=ORIENTED_EDGE('',*,*,#2095,.F.);
#2783=ORIENTED_EDGE('',*,*,#2135,.F.);
#2784=ORIENTED_EDGE('',*,*,#2140,.T.);
#2785=ORIENTED_EDGE('',*,*,#2141,.F.);
#2786=ORIENTED_EDGE('',*,*,#2142,.T.);
#2787=ORIENTED_EDGE('',*,*,#2143,.F.);
#2788=ORIENTED_EDGE('',*,*,#2144,.F.);
#2789=ORIENTED_EDGE('',*,*,#2145,.F.);
#2790=ORIENTED_EDGE('',*,*,#2146,.F.);
#2791=ORIENTED_EDGE('',*,*,#2147,.T.);
#2792=ORIENTED_EDGE('',*,*,#2148,.T.);
#2793=ORIENTED_EDGE('',*,*,#2149,.T.);
#2794=ORIENTED_EDGE('',*,*,#2150,.T.);
#2795=ORIENTED_EDGE('',*,*,#2151,.T.);
#2796=ORIENTED_EDGE('',*,*,#2143,.T.);
#2797=ORIENTED_EDGE('',*,*,#2152,.T.);
#2798=ORIENTED_EDGE('',*,*,#2153,.T.);
#2799=ORIENTED_EDGE('',*,*,#2154,.T.);
#2800=ORIENTED_EDGE('',*,*,#2155,.T.);
#2801=ORIENTED_EDGE('',*,*,#2156,.T.);
#2802=ORIENTED_EDGE('',*,*,#2157,.T.);
#2803=ORIENTED_EDGE('',*,*,#2158,.T.);
#2804=ORIENTED_EDGE('',*,*,#2159,.T.);
#2805=ORIENTED_EDGE('',*,*,#2160,.T.);
#2806=ORIENTED_EDGE('',*,*,#2161,.T.);
#2807=ORIENTED_EDGE('',*,*,#2162,.T.);
#2808=ORIENTED_EDGE('',*,*,#2163,.T.);
#2809=ORIENTED_EDGE('',*,*,#2164,.T.);
#2810=ORIENTED_EDGE('',*,*,#2165,.T.);
#2811=ORIENTED_EDGE('',*,*,#2166,.F.);
#2812=ORIENTED_EDGE('',*,*,#2167,.F.);
#2813=ORIENTED_EDGE('',*,*,#2168,.T.);
#2814=ORIENTED_EDGE('',*,*,#2169,.T.);
#2815=ORIENTED_EDGE('',*,*,#2170,.T.);
#2816=ORIENTED_EDGE('',*,*,#2168,.F.);
#2817=ORIENTED_EDGE('',*,*,#2170,.F.);
#2818=ORIENTED_EDGE('',*,*,#2169,.F.);
#2819=ORIENTED_EDGE('',*,*,#2171,.T.);
#2820=ORIENTED_EDGE('',*,*,#2146,.T.);
#2821=ORIENTED_EDGE('',*,*,#2145,.T.);
#2822=ORIENTED_EDGE('',*,*,#2171,.F.);
#2823=ORIENTED_EDGE('',*,*,#2166,.T.);
#2824=ORIENTED_EDGE('',*,*,#2167,.T.);
#2825=ORIENTED_EDGE('',*,*,#2147,.F.);
#2826=ORIENTED_EDGE('',*,*,#2172,.F.);
#2827=ORIENTED_EDGE('',*,*,#2173,.F.);
#2828=ORIENTED_EDGE('',*,*,#2174,.T.);
#2829=ORIENTED_EDGE('',*,*,#2174,.F.);
#2830=ORIENTED_EDGE('',*,*,#2175,.F.);
#2831=ORIENTED_EDGE('',*,*,#2176,.T.);
#2832=ORIENTED_EDGE('',*,*,#2148,.F.);
#2833=ORIENTED_EDGE('',*,*,#2176,.F.);
#2834=ORIENTED_EDGE('',*,*,#2177,.F.);
#2835=ORIENTED_EDGE('',*,*,#2178,.T.);
#2836=ORIENTED_EDGE('',*,*,#2149,.F.);
#2837=ORIENTED_EDGE('',*,*,#2178,.F.);
#2838=ORIENTED_EDGE('',*,*,#2179,.F.);
#2839=ORIENTED_EDGE('',*,*,#2180,.T.);
#2840=ORIENTED_EDGE('',*,*,#2150,.F.);
#2841=ORIENTED_EDGE('',*,*,#2180,.F.);
#2842=ORIENTED_EDGE('',*,*,#2181,.F.);
#2843=ORIENTED_EDGE('',*,*,#2144,.T.);
#2844=ORIENTED_EDGE('',*,*,#2151,.F.);
#2845=ORIENTED_EDGE('',*,*,#2173,.T.);
#2846=ORIENTED_EDGE('',*,*,#2182,.T.);
#2847=ORIENTED_EDGE('',*,*,#2183,.T.);
#2848=ORIENTED_EDGE('',*,*,#2184,.T.);
#2849=ORIENTED_EDGE('',*,*,#2185,.T.);
#2850=ORIENTED_EDGE('',*,*,#2186,.T.);
#2851=ORIENTED_EDGE('',*,*,#2187,.T.);
#2852=ORIENTED_EDGE('',*,*,#2188,.T.);
#2853=ORIENTED_EDGE('',*,*,#2189,.T.);
#2854=ORIENTED_EDGE('',*,*,#2190,.T.);
#2855=ORIENTED_EDGE('',*,*,#2191,.T.);
#2856=ORIENTED_EDGE('',*,*,#2192,.T.);
#2857=ORIENTED_EDGE('',*,*,#2193,.T.);
#2858=ORIENTED_EDGE('',*,*,#2194,.T.);
#2859=ORIENTED_EDGE('',*,*,#2195,.T.);
#2860=ORIENTED_EDGE('',*,*,#2141,.T.);
#2861=ORIENTED_EDGE('',*,*,#2181,.T.);
#2862=ORIENTED_EDGE('',*,*,#2179,.T.);
#2863=ORIENTED_EDGE('',*,*,#2177,.T.);
#2864=ORIENTED_EDGE('',*,*,#2175,.T.);
#2865=ORIENTED_EDGE('',*,*,#2196,.F.);
#2866=ORIENTED_EDGE('',*,*,#2186,.F.);
#2867=ORIENTED_EDGE('',*,*,#2197,.T.);
#2868=ORIENTED_EDGE('',*,*,#2161,.F.);
#2869=ORIENTED_EDGE('',*,*,#2197,.F.);
#2870=ORIENTED_EDGE('',*,*,#2185,.F.);
#2871=ORIENTED_EDGE('',*,*,#2198,.T.);
#2872=ORIENTED_EDGE('',*,*,#2162,.F.);
#2873=ORIENTED_EDGE('',*,*,#2198,.F.);
#2874=ORIENTED_EDGE('',*,*,#2184,.F.);
#2875=ORIENTED_EDGE('',*,*,#2199,.T.);
#2876=ORIENTED_EDGE('',*,*,#2163,.F.);
#2877=ORIENTED_EDGE('',*,*,#2199,.F.);
#2878=ORIENTED_EDGE('',*,*,#2183,.F.);
#2879=ORIENTED_EDGE('',*,*,#2200,.T.);
#2880=ORIENTED_EDGE('',*,*,#2164,.F.);
#2881=ORIENTED_EDGE('',*,*,#2200,.F.);
#2882=ORIENTED_EDGE('',*,*,#2182,.F.);
#2883=ORIENTED_EDGE('',*,*,#2172,.T.);
#2884=ORIENTED_EDGE('',*,*,#2165,.F.);
#2885=ORIENTED_EDGE('',*,*,#2201,.F.);
#2886=ORIENTED_EDGE('',*,*,#2191,.F.);
#2887=ORIENTED_EDGE('',*,*,#2202,.T.);
#2888=ORIENTED_EDGE('',*,*,#2156,.F.);
#2889=ORIENTED_EDGE('',*,*,#2202,.F.);
#2890=ORIENTED_EDGE('',*,*,#2190,.F.);
#2891=ORIENTED_EDGE('',*,*,#2203,.T.);
#2892=ORIENTED_EDGE('',*,*,#2157,.F.);
#2893=ORIENTED_EDGE('',*,*,#2203,.F.);
#2894=ORIENTED_EDGE('',*,*,#2189,.F.);
#2895=ORIENTED_EDGE('',*,*,#2204,.T.);
#2896=ORIENTED_EDGE('',*,*,#2158,.F.);
#2897=ORIENTED_EDGE('',*,*,#2204,.F.);
#2898=ORIENTED_EDGE('',*,*,#2188,.F.);
#2899=ORIENTED_EDGE('',*,*,#2205,.T.);
#2900=ORIENTED_EDGE('',*,*,#2159,.F.);
#2901=ORIENTED_EDGE('',*,*,#2205,.F.);
#2902=ORIENTED_EDGE('',*,*,#2187,.F.);
#2903=ORIENTED_EDGE('',*,*,#2196,.T.);
#2904=ORIENTED_EDGE('',*,*,#2160,.F.);
#2905=ORIENTED_EDGE('',*,*,#2142,.F.);
#2906=ORIENTED_EDGE('',*,*,#2195,.F.);
#2907=ORIENTED_EDGE('',*,*,#2206,.T.);
#2908=ORIENTED_EDGE('',*,*,#2152,.F.);
#2909=ORIENTED_EDGE('',*,*,#2206,.F.);
#2910=ORIENTED_EDGE('',*,*,#2194,.F.);
#2911=ORIENTED_EDGE('',*,*,#2207,.T.);
#2912=ORIENTED_EDGE('',*,*,#2153,.F.);
#2913=ORIENTED_EDGE('',*,*,#2207,.F.);
#2914=ORIENTED_EDGE('',*,*,#2193,.F.);
#2915=ORIENTED_EDGE('',*,*,#2208,.T.);
#2916=ORIENTED_EDGE('',*,*,#2154,.F.);
#2917=ORIENTED_EDGE('',*,*,#2208,.F.);
#2918=ORIENTED_EDGE('',*,*,#2192,.F.);
#2919=ORIENTED_EDGE('',*,*,#2201,.T.);
#2920=ORIENTED_EDGE('',*,*,#2155,.F.);
#2921=ORIENTED_EDGE('',*,*,#2209,.T.);
#2922=ORIENTED_EDGE('',*,*,#2210,.F.);
#2923=ORIENTED_EDGE('',*,*,#2211,.F.);
#2924=ORIENTED_EDGE('',*,*,#2212,.F.);
#2925=ORIENTED_EDGE('',*,*,#2213,.T.);
#2926=ORIENTED_EDGE('',*,*,#2214,.F.);
#2927=ORIENTED_EDGE('',*,*,#2209,.F.);
#2928=ORIENTED_EDGE('',*,*,#2215,.F.);
#2929=ORIENTED_EDGE('',*,*,#2216,.T.);
#2930=ORIENTED_EDGE('',*,*,#2217,.F.);
#2931=ORIENTED_EDGE('',*,*,#2213,.F.);
#2932=ORIENTED_EDGE('',*,*,#2218,.F.);
#2933=ORIENTED_EDGE('',*,*,#2219,.T.);
#2934=ORIENTED_EDGE('',*,*,#2220,.F.);
#2935=ORIENTED_EDGE('',*,*,#2216,.F.);
#2936=ORIENTED_EDGE('',*,*,#2221,.F.);
#2937=ORIENTED_EDGE('',*,*,#2222,.T.);
#2938=ORIENTED_EDGE('',*,*,#2223,.F.);
#2939=ORIENTED_EDGE('',*,*,#2219,.F.);
#2940=ORIENTED_EDGE('',*,*,#2224,.F.);
#2941=ORIENTED_EDGE('',*,*,#2225,.T.);
#2942=ORIENTED_EDGE('',*,*,#2226,.F.);
#2943=ORIENTED_EDGE('',*,*,#2222,.F.);
#2944=ORIENTED_EDGE('',*,*,#2227,.F.);
#2945=ORIENTED_EDGE('',*,*,#2228,.T.);
#2946=ORIENTED_EDGE('',*,*,#2229,.F.);
#2947=ORIENTED_EDGE('',*,*,#2225,.F.);
#2948=ORIENTED_EDGE('',*,*,#2230,.F.);
#2949=ORIENTED_EDGE('',*,*,#2231,.T.);
#2950=ORIENTED_EDGE('',*,*,#2232,.F.);
#2951=ORIENTED_EDGE('',*,*,#2228,.F.);
#2952=ORIENTED_EDGE('',*,*,#2233,.F.);
#2953=ORIENTED_EDGE('',*,*,#2234,.T.);
#2954=ORIENTED_EDGE('',*,*,#2235,.F.);
#2955=ORIENTED_EDGE('',*,*,#2231,.F.);
#2956=ORIENTED_EDGE('',*,*,#2236,.F.);
#2957=ORIENTED_EDGE('',*,*,#2237,.T.);
#2958=ORIENTED_EDGE('',*,*,#2238,.F.);
#2959=ORIENTED_EDGE('',*,*,#2234,.F.);
#2960=ORIENTED_EDGE('',*,*,#2239,.F.);
#2961=ORIENTED_EDGE('',*,*,#2240,.F.);
#2962=ORIENTED_EDGE('',*,*,#2241,.F.);
#2963=ORIENTED_EDGE('',*,*,#2242,.T.);
#2964=ORIENTED_EDGE('',*,*,#2243,.F.);
#2965=ORIENTED_EDGE('',*,*,#2240,.T.);
#2966=ORIENTED_EDGE('',*,*,#2244,.F.);
#2967=ORIENTED_EDGE('',*,*,#2237,.F.);
#2968=ORIENTED_EDGE('',*,*,#2245,.F.);
#2969=ORIENTED_EDGE('',*,*,#2246,.F.);
#2970=ORIENTED_EDGE('',*,*,#2211,.T.);
#2971=ORIENTED_EDGE('',*,*,#2247,.F.);
#2972=ORIENTED_EDGE('',*,*,#2248,.F.);
#2973=ORIENTED_EDGE('',*,*,#2249,.F.);
#2974=ORIENTED_EDGE('',*,*,#2250,.T.);
#2975=ORIENTED_EDGE('',*,*,#2251,.T.);
#2976=ORIENTED_EDGE('',*,*,#2252,.T.);
#2977=ORIENTED_EDGE('',*,*,#2250,.F.);
#2978=ORIENTED_EDGE('',*,*,#2253,.T.);
#2979=ORIENTED_EDGE('',*,*,#2254,.T.);
#2980=ORIENTED_EDGE('',*,*,#2255,.T.);
#2981=ORIENTED_EDGE('',*,*,#2242,.F.);
#2982=ORIENTED_EDGE('',*,*,#2252,.F.);
#2983=ORIENTED_EDGE('',*,*,#2251,.F.);
#2984=ORIENTED_EDGE('',*,*,#2253,.F.);
#2985=ORIENTED_EDGE('',*,*,#2241,.T.);
#2986=ORIENTED_EDGE('',*,*,#2245,.T.);
#2987=ORIENTED_EDGE('',*,*,#2239,.T.);
#2988=ORIENTED_EDGE('',*,*,#2236,.T.);
#2989=ORIENTED_EDGE('',*,*,#2233,.T.);
#2990=ORIENTED_EDGE('',*,*,#2230,.T.);
#2991=ORIENTED_EDGE('',*,*,#2227,.T.);
#2992=ORIENTED_EDGE('',*,*,#2224,.T.);
#2993=ORIENTED_EDGE('',*,*,#2221,.T.);
#2994=ORIENTED_EDGE('',*,*,#2218,.T.);
#2995=ORIENTED_EDGE('',*,*,#2215,.T.);
#2996=ORIENTED_EDGE('',*,*,#2212,.T.);
#2997=ORIENTED_EDGE('',*,*,#2246,.T.);
#2998=ORIENTED_EDGE('',*,*,#2249,.T.);
#2999=ORIENTED_EDGE('',*,*,#2256,.T.);
#3000=ORIENTED_EDGE('',*,*,#2254,.F.);
#3001=ORIENTED_EDGE('',*,*,#2256,.F.);
#3002=ORIENTED_EDGE('',*,*,#2248,.T.);
#3003=ORIENTED_EDGE('',*,*,#2257,.T.);
#3004=ORIENTED_EDGE('',*,*,#2255,.F.);
#3005=ORIENTED_EDGE('',*,*,#2257,.F.);
#3006=ORIENTED_EDGE('',*,*,#2247,.T.);
#3007=ORIENTED_EDGE('',*,*,#2210,.T.);
#3008=ORIENTED_EDGE('',*,*,#2214,.T.);
#3009=ORIENTED_EDGE('',*,*,#2217,.T.);
#3010=ORIENTED_EDGE('',*,*,#2220,.T.);
#3011=ORIENTED_EDGE('',*,*,#2223,.T.);
#3012=ORIENTED_EDGE('',*,*,#2226,.T.);
#3013=ORIENTED_EDGE('',*,*,#2229,.T.);
#3014=ORIENTED_EDGE('',*,*,#2232,.T.);
#3015=ORIENTED_EDGE('',*,*,#2235,.T.);
#3016=ORIENTED_EDGE('',*,*,#2238,.T.);
#3017=ORIENTED_EDGE('',*,*,#2244,.T.);
#3018=ORIENTED_EDGE('',*,*,#2243,.T.);
#3019=ORIENTED_EDGE('',*,*,#2258,.T.);
#3020=ORIENTED_EDGE('',*,*,#2259,.T.);
#3021=ORIENTED_EDGE('',*,*,#2260,.T.);
#3022=ORIENTED_EDGE('',*,*,#2261,.F.);
#3023=ORIENTED_EDGE('',*,*,#2262,.T.);
#3024=ORIENTED_EDGE('',*,*,#2263,.T.);
#3025=ORIENTED_EDGE('',*,*,#2264,.F.);
#3026=ORIENTED_EDGE('',*,*,#2265,.F.);
#3027=ORIENTED_EDGE('',*,*,#2266,.F.);
#3028=ORIENTED_EDGE('',*,*,#2267,.F.);
#3029=ORIENTED_EDGE('',*,*,#2268,.F.);
#3030=ORIENTED_EDGE('',*,*,#2269,.F.);
#3031=ORIENTED_EDGE('',*,*,#2270,.F.);
#3032=ORIENTED_EDGE('',*,*,#2271,.F.);
#3033=ORIENTED_EDGE('',*,*,#2272,.F.);
#3034=ORIENTED_EDGE('',*,*,#2273,.F.);
#3035=ORIENTED_EDGE('',*,*,#2274,.F.);
#3036=ORIENTED_EDGE('',*,*,#2275,.F.);
#3037=ORIENTED_EDGE('',*,*,#2276,.F.);
#3038=ORIENTED_EDGE('',*,*,#2277,.F.);
#3039=ORIENTED_EDGE('',*,*,#2278,.F.);
#3040=ORIENTED_EDGE('',*,*,#2260,.F.);
#3041=ORIENTED_EDGE('',*,*,#2279,.F.);
#3042=ORIENTED_EDGE('',*,*,#2280,.F.);
#3043=ORIENTED_EDGE('',*,*,#2281,.F.);
#3044=ORIENTED_EDGE('',*,*,#2282,.F.);
#3045=ORIENTED_EDGE('',*,*,#2283,.T.);
#3046=ORIENTED_EDGE('',*,*,#2284,.T.);
#3047=ORIENTED_EDGE('',*,*,#2285,.F.);
#3048=ORIENTED_EDGE('',*,*,#2286,.F.);
#3049=ORIENTED_EDGE('',*,*,#2284,.F.);
#3050=ORIENTED_EDGE('',*,*,#2287,.T.);
#3051=ORIENTED_EDGE('',*,*,#2285,.T.);
#3052=ORIENTED_EDGE('',*,*,#2288,.T.);
#3053=ORIENTED_EDGE('',*,*,#2262,.F.);
#3054=ORIENTED_EDGE('',*,*,#2263,.F.);
#3055=ORIENTED_EDGE('',*,*,#2288,.F.);
#3056=ORIENTED_EDGE('',*,*,#2286,.T.);
#3057=ORIENTED_EDGE('',*,*,#2283,.F.);
#3058=ORIENTED_EDGE('',*,*,#2287,.F.);
#3059=ORIENTED_EDGE('',*,*,#2264,.T.);
#3060=ORIENTED_EDGE('',*,*,#2289,.F.);
#3061=ORIENTED_EDGE('',*,*,#2290,.T.);
#3062=ORIENTED_EDGE('',*,*,#2291,.T.);
#3063=ORIENTED_EDGE('',*,*,#2289,.T.);
#3064=ORIENTED_EDGE('',*,*,#2282,.T.);
#3065=ORIENTED_EDGE('',*,*,#2292,.F.);
#3066=ORIENTED_EDGE('',*,*,#2293,.T.);
#3067=ORIENTED_EDGE('',*,*,#2292,.T.);
#3068=ORIENTED_EDGE('',*,*,#2281,.T.);
#3069=ORIENTED_EDGE('',*,*,#2294,.F.);
#3070=ORIENTED_EDGE('',*,*,#2295,.T.);
#3071=ORIENTED_EDGE('',*,*,#2294,.T.);
#3072=ORIENTED_EDGE('',*,*,#2280,.T.);
#3073=ORIENTED_EDGE('',*,*,#2296,.F.);
#3074=ORIENTED_EDGE('',*,*,#2297,.T.);
#3075=ORIENTED_EDGE('',*,*,#2296,.T.);
#3076=ORIENTED_EDGE('',*,*,#2279,.T.);
#3077=ORIENTED_EDGE('',*,*,#2259,.F.);
#3078=ORIENTED_EDGE('',*,*,#2298,.T.);
#3079=ORIENTED_EDGE('',*,*,#2290,.F.);
#3080=ORIENTED_EDGE('',*,*,#2293,.F.);
#3081=ORIENTED_EDGE('',*,*,#2295,.F.);
#3082=ORIENTED_EDGE('',*,*,#2297,.F.);
#3083=ORIENTED_EDGE('',*,*,#2298,.F.);
#3084=ORIENTED_EDGE('',*,*,#2258,.F.);
#3085=ORIENTED_EDGE('',*,*,#2299,.F.);
#3086=ORIENTED_EDGE('',*,*,#2300,.F.);
#3087=ORIENTED_EDGE('',*,*,#2301,.F.);
#3088=ORIENTED_EDGE('',*,*,#2302,.F.);
#3089=ORIENTED_EDGE('',*,*,#2303,.F.);
#3090=ORIENTED_EDGE('',*,*,#2304,.F.);
#3091=ORIENTED_EDGE('',*,*,#2305,.F.);
#3092=ORIENTED_EDGE('',*,*,#2306,.F.);
#3093=ORIENTED_EDGE('',*,*,#2307,.F.);
#3094=ORIENTED_EDGE('',*,*,#2308,.F.);
#3095=ORIENTED_EDGE('',*,*,#2309,.F.);
#3096=ORIENTED_EDGE('',*,*,#2310,.F.);
#3097=ORIENTED_EDGE('',*,*,#2311,.F.);
#3098=ORIENTED_EDGE('',*,*,#2312,.F.);
#3099=ORIENTED_EDGE('',*,*,#2313,.T.);
#3100=ORIENTED_EDGE('',*,*,#2269,.T.);
#3101=ORIENTED_EDGE('',*,*,#2314,.F.);
#3102=ORIENTED_EDGE('',*,*,#2308,.T.);
#3103=ORIENTED_EDGE('',*,*,#2314,.T.);
#3104=ORIENTED_EDGE('',*,*,#2268,.T.);
#3105=ORIENTED_EDGE('',*,*,#2315,.F.);
#3106=ORIENTED_EDGE('',*,*,#2309,.T.);
#3107=ORIENTED_EDGE('',*,*,#2315,.T.);
#3108=ORIENTED_EDGE('',*,*,#2267,.T.);
#3109=ORIENTED_EDGE('',*,*,#2316,.F.);
#3110=ORIENTED_EDGE('',*,*,#2310,.T.);
#3111=ORIENTED_EDGE('',*,*,#2316,.T.);
#3112=ORIENTED_EDGE('',*,*,#2266,.T.);
#3113=ORIENTED_EDGE('',*,*,#2317,.F.);
#3114=ORIENTED_EDGE('',*,*,#2311,.T.);
#3115=ORIENTED_EDGE('',*,*,#2317,.T.);
#3116=ORIENTED_EDGE('',*,*,#2265,.T.);
#3117=ORIENTED_EDGE('',*,*,#2291,.F.);
#3118=ORIENTED_EDGE('',*,*,#2312,.T.);
#3119=ORIENTED_EDGE('',*,*,#2318,.T.);
#3120=ORIENTED_EDGE('',*,*,#2274,.T.);
#3121=ORIENTED_EDGE('',*,*,#2319,.F.);
#3122=ORIENTED_EDGE('',*,*,#2303,.T.);
#3123=ORIENTED_EDGE('',*,*,#2319,.T.);
#3124=ORIENTED_EDGE('',*,*,#2273,.T.);
#3125=ORIENTED_EDGE('',*,*,#2320,.F.);
#3126=ORIENTED_EDGE('',*,*,#2304,.T.);
#3127=ORIENTED_EDGE('',*,*,#2320,.T.);
#3128=ORIENTED_EDGE('',*,*,#2272,.T.);
#3129=ORIENTED_EDGE('',*,*,#2321,.F.);
#3130=ORIENTED_EDGE('',*,*,#2305,.T.);
#3131=ORIENTED_EDGE('',*,*,#2321,.T.);
#3132=ORIENTED_EDGE('',*,*,#2271,.T.);
#3133=ORIENTED_EDGE('',*,*,#2322,.F.);
#3134=ORIENTED_EDGE('',*,*,#2306,.T.);
#3135=ORIENTED_EDGE('',*,*,#2322,.T.);
#3136=ORIENTED_EDGE('',*,*,#2270,.T.);
#3137=ORIENTED_EDGE('',*,*,#2313,.F.);
#3138=ORIENTED_EDGE('',*,*,#2307,.T.);
#3139=ORIENTED_EDGE('',*,*,#2261,.T.);
#3140=ORIENTED_EDGE('',*,*,#2278,.T.);
#3141=ORIENTED_EDGE('',*,*,#2323,.F.);
#3142=ORIENTED_EDGE('',*,*,#2299,.T.);
#3143=ORIENTED_EDGE('',*,*,#2323,.T.);
#3144=ORIENTED_EDGE('',*,*,#2277,.T.);
#3145=ORIENTED_EDGE('',*,*,#2324,.F.);
#3146=ORIENTED_EDGE('',*,*,#2300,.T.);
#3147=ORIENTED_EDGE('',*,*,#2324,.T.);
#3148=ORIENTED_EDGE('',*,*,#2276,.T.);
#3149=ORIENTED_EDGE('',*,*,#2325,.F.);
#3150=ORIENTED_EDGE('',*,*,#2301,.T.);
#3151=ORIENTED_EDGE('',*,*,#2325,.T.);
#3152=ORIENTED_EDGE('',*,*,#2275,.T.);
#3153=ORIENTED_EDGE('',*,*,#2318,.F.);
#3154=ORIENTED_EDGE('',*,*,#2302,.T.);
#3155=ORIENTED_EDGE('',*,*,#2326,.T.);
#3156=ORIENTED_EDGE('',*,*,#2327,.T.);
#3157=ORIENTED_EDGE('',*,*,#2328,.T.);
#3158=ORIENTED_EDGE('',*,*,#2329,.T.);
#3159=ORIENTED_EDGE('',*,*,#2330,.T.);
#3160=ORIENTED_EDGE('',*,*,#2331,.T.);
#3161=ORIENTED_EDGE('',*,*,#2328,.F.);
#3162=ORIENTED_EDGE('',*,*,#2332,.T.);
#3163=ORIENTED_EDGE('',*,*,#2333,.T.);
#3164=ORIENTED_EDGE('',*,*,#2334,.T.);
#3165=ORIENTED_EDGE('',*,*,#2330,.F.);
#3166=ORIENTED_EDGE('',*,*,#2335,.T.);
#3167=ORIENTED_EDGE('',*,*,#2336,.T.);
#3168=ORIENTED_EDGE('',*,*,#2337,.T.);
#3169=ORIENTED_EDGE('',*,*,#2333,.F.);
#3170=ORIENTED_EDGE('',*,*,#2338,.T.);
#3171=ORIENTED_EDGE('',*,*,#2339,.T.);
#3172=ORIENTED_EDGE('',*,*,#2340,.T.);
#3173=ORIENTED_EDGE('',*,*,#2336,.F.);
#3174=ORIENTED_EDGE('',*,*,#2341,.T.);
#3175=ORIENTED_EDGE('',*,*,#2329,.F.);
#3176=ORIENTED_EDGE('',*,*,#2342,.F.);
#3177=ORIENTED_EDGE('',*,*,#2343,.T.);
#3178=ORIENTED_EDGE('',*,*,#2344,.T.);
#3179=ORIENTED_EDGE('',*,*,#2345,.T.);
#3180=ORIENTED_EDGE('',*,*,#2346,.F.);
#3181=ORIENTED_EDGE('',*,*,#2347,.F.);
#3182=ORIENTED_EDGE('',*,*,#2348,.F.);
#3183=ORIENTED_EDGE('',*,*,#2331,.F.);
#3184=ORIENTED_EDGE('',*,*,#2349,.T.);
#3185=ORIENTED_EDGE('',*,*,#2350,.T.);
#3186=ORIENTED_EDGE('',*,*,#2342,.T.);
#3187=ORIENTED_EDGE('',*,*,#2334,.F.);
#3188=ORIENTED_EDGE('',*,*,#2351,.F.);
#3189=ORIENTED_EDGE('',*,*,#2352,.T.);
#3190=ORIENTED_EDGE('',*,*,#2353,.T.);
#3191=ORIENTED_EDGE('',*,*,#2354,.T.);
#3192=ORIENTED_EDGE('',*,*,#2355,.F.);
#3193=ORIENTED_EDGE('',*,*,#2356,.T.);
#3194=ORIENTED_EDGE('',*,*,#2357,.T.);
#3195=ORIENTED_EDGE('',*,*,#2358,.T.);
#3196=ORIENTED_EDGE('',*,*,#2359,.F.);
#3197=ORIENTED_EDGE('',*,*,#2360,.T.);
#3198=ORIENTED_EDGE('',*,*,#2361,.T.);
#3199=ORIENTED_EDGE('',*,*,#2362,.T.);
#3200=ORIENTED_EDGE('',*,*,#2363,.F.);
#3201=ORIENTED_EDGE('',*,*,#2364,.F.);
#3202=ORIENTED_EDGE('',*,*,#2365,.F.);
#3203=ORIENTED_EDGE('',*,*,#2366,.T.);
#3204=ORIENTED_EDGE('',*,*,#2367,.T.);
#3205=ORIENTED_EDGE('',*,*,#2368,.T.);
#3206=ORIENTED_EDGE('',*,*,#2369,.F.);
#3207=ORIENTED_EDGE('',*,*,#2370,.T.);
#3208=ORIENTED_EDGE('',*,*,#2371,.T.);
#3209=ORIENTED_EDGE('',*,*,#2372,.T.);
#3210=ORIENTED_EDGE('',*,*,#2373,.F.);
#3211=ORIENTED_EDGE('',*,*,#2374,.T.);
#3212=ORIENTED_EDGE('',*,*,#2375,.T.);
#3213=ORIENTED_EDGE('',*,*,#2376,.T.);
#3214=ORIENTED_EDGE('',*,*,#2349,.F.);
#3215=ORIENTED_EDGE('',*,*,#2377,.T.);
#3216=ORIENTED_EDGE('',*,*,#2378,.T.);
#3217=ORIENTED_EDGE('',*,*,#2379,.T.);
#3218=ORIENTED_EDGE('',*,*,#2380,.T.);
#3219=ORIENTED_EDGE('',*,*,#2337,.F.);
#3220=ORIENTED_EDGE('',*,*,#2381,.T.);
#3221=ORIENTED_EDGE('',*,*,#2382,.T.);
#3222=ORIENTED_EDGE('',*,*,#2351,.T.);
#3223=ORIENTED_EDGE('',*,*,#2340,.F.);
#3224=ORIENTED_EDGE('',*,*,#2383,.F.);
#3225=ORIENTED_EDGE('',*,*,#2384,.T.);
#3226=ORIENTED_EDGE('',*,*,#2385,.F.);
#3227=ORIENTED_EDGE('',*,*,#2386,.T.);
#3228=ORIENTED_EDGE('',*,*,#2387,.T.);
#3229=ORIENTED_EDGE('',*,*,#2388,.T.);
#3230=ORIENTED_EDGE('',*,*,#2381,.F.);
#3231=ORIENTED_EDGE('',*,*,#2389,.T.);
#3232=ORIENTED_EDGE('',*,*,#2390,.T.);
#3233=ORIENTED_EDGE('',*,*,#2391,.T.);
#3234=ORIENTED_EDGE('',*,*,#2392,.T.);
#3235=ORIENTED_EDGE('',*,*,#2393,.T.);
#3236=ORIENTED_EDGE('',*,*,#2394,.T.);
#3237=ORIENTED_EDGE('',*,*,#2391,.F.);
#3238=ORIENTED_EDGE('',*,*,#2395,.T.);
#3239=ORIENTED_EDGE('',*,*,#2396,.T.);
#3240=ORIENTED_EDGE('',*,*,#2364,.T.);
#3241=ORIENTED_EDGE('',*,*,#2393,.F.);
#3242=ORIENTED_EDGE('',*,*,#2397,.T.);
#3243=ORIENTED_EDGE('',*,*,#2398,.T.);
#3244=ORIENTED_EDGE('',*,*,#2399,.T.);
#3245=ORIENTED_EDGE('',*,*,#2396,.F.);
#3246=ORIENTED_EDGE('',*,*,#2400,.T.);
#3247=ORIENTED_EDGE('',*,*,#2401,.T.);
#3248=ORIENTED_EDGE('',*,*,#2402,.T.);
#3249=ORIENTED_EDGE('',*,*,#2398,.F.);
#3250=ORIENTED_EDGE('',*,*,#2403,.T.);
#3251=ORIENTED_EDGE('',*,*,#2403,.F.);
#3252=ORIENTED_EDGE('',*,*,#2400,.F.);
#3253=ORIENTED_EDGE('',*,*,#2397,.F.);
#3254=ORIENTED_EDGE('',*,*,#2395,.F.);
#3255=ORIENTED_EDGE('',*,*,#2390,.F.);
#3256=ORIENTED_EDGE('',*,*,#2404,.F.);
#3257=ORIENTED_EDGE('',*,*,#2326,.F.);
#3258=ORIENTED_EDGE('',*,*,#2348,.T.);
#3259=ORIENTED_EDGE('',*,*,#2405,.F.);
#3260=ORIENTED_EDGE('',*,*,#2406,.T.);
#3261=ORIENTED_EDGE('',*,*,#2407,.F.);
#3262=ORIENTED_EDGE('',*,*,#2408,.F.);
#3263=ORIENTED_EDGE('',*,*,#2401,.F.);
#3264=ORIENTED_EDGE('',*,*,#2404,.T.);
#3265=ORIENTED_EDGE('',*,*,#2389,.F.);
#3266=ORIENTED_EDGE('',*,*,#2409,.T.);
#3267=ORIENTED_EDGE('',*,*,#2410,.T.);
#3268=ORIENTED_EDGE('',*,*,#2411,.T.);
#3269=ORIENTED_EDGE('',*,*,#2412,.T.);
#3270=ORIENTED_EDGE('',*,*,#2383,.T.);
#3271=ORIENTED_EDGE('',*,*,#2339,.F.);
#3272=ORIENTED_EDGE('',*,*,#2413,.T.);
#3273=ORIENTED_EDGE('',*,*,#2394,.F.);
#3274=ORIENTED_EDGE('',*,*,#2363,.T.);
#3275=ORIENTED_EDGE('',*,*,#2414,.T.);
#3276=ORIENTED_EDGE('',*,*,#2415,.T.);
#3277=ORIENTED_EDGE('',*,*,#2414,.F.);
#3278=ORIENTED_EDGE('',*,*,#2362,.F.);
#3279=ORIENTED_EDGE('',*,*,#2416,.T.);
#3280=ORIENTED_EDGE('',*,*,#2417,.T.);
#3281=ORIENTED_EDGE('',*,*,#2418,.F.);
#3282=ORIENTED_EDGE('',*,*,#2419,.T.);
#3283=ORIENTED_EDGE('',*,*,#2359,.T.);
#3284=ORIENTED_EDGE('',*,*,#2420,.T.);
#3285=ORIENTED_EDGE('',*,*,#2421,.T.);
#3286=ORIENTED_EDGE('',*,*,#2420,.F.);
#3287=ORIENTED_EDGE('',*,*,#2358,.F.);
#3288=ORIENTED_EDGE('',*,*,#2422,.F.);
#3289=ORIENTED_EDGE('',*,*,#2410,.F.);
#3290=ORIENTED_EDGE('',*,*,#2423,.T.);
#3291=ORIENTED_EDGE('',*,*,#2424,.T.);
#3292=ORIENTED_EDGE('',*,*,#2355,.T.);
#3293=ORIENTED_EDGE('',*,*,#2425,.T.);
#3294=ORIENTED_EDGE('',*,*,#2385,.T.);
#3295=ORIENTED_EDGE('',*,*,#2425,.F.);
#3296=ORIENTED_EDGE('',*,*,#2354,.F.);
#3297=ORIENTED_EDGE('',*,*,#2426,.T.);
#3298=ORIENTED_EDGE('',*,*,#2427,.T.);
#3299=ORIENTED_EDGE('',*,*,#2386,.F.);
#3300=ORIENTED_EDGE('',*,*,#2327,.F.);
#3301=ORIENTED_EDGE('',*,*,#2413,.F.);
#3302=ORIENTED_EDGE('',*,*,#2341,.F.);
#3303=ORIENTED_EDGE('',*,*,#2338,.F.);
#3304=ORIENTED_EDGE('',*,*,#2335,.F.);
#3305=ORIENTED_EDGE('',*,*,#2332,.F.);
#3306=ORIENTED_EDGE('',*,*,#2350,.F.);
#3307=ORIENTED_EDGE('',*,*,#2376,.F.);
#3308=ORIENTED_EDGE('',*,*,#2428,.T.);
#3309=ORIENTED_EDGE('',*,*,#2429,.T.);
#3310=ORIENTED_EDGE('',*,*,#2343,.F.);
#3311=ORIENTED_EDGE('',*,*,#2430,.T.);
#3312=ORIENTED_EDGE('',*,*,#2373,.T.);
#3313=ORIENTED_EDGE('',*,*,#2431,.T.);
#3314=ORIENTED_EDGE('',*,*,#2346,.T.);
#3315=ORIENTED_EDGE('',*,*,#2431,.F.);
#3316=ORIENTED_EDGE('',*,*,#2372,.F.);
#3317=ORIENTED_EDGE('',*,*,#2432,.F.);
#3318=ORIENTED_EDGE('',*,*,#2405,.T.);
#3319=ORIENTED_EDGE('',*,*,#2347,.T.);
#3320=ORIENTED_EDGE('',*,*,#2433,.T.);
#3321=ORIENTED_EDGE('',*,*,#2369,.T.);
#3322=ORIENTED_EDGE('',*,*,#2434,.T.);
#3323=ORIENTED_EDGE('',*,*,#2435,.T.);
#3324=ORIENTED_EDGE('',*,*,#2434,.F.);
#3325=ORIENTED_EDGE('',*,*,#2368,.F.);
#3326=ORIENTED_EDGE('',*,*,#2436,.T.);
#3327=ORIENTED_EDGE('',*,*,#2437,.T.);
#3328=ORIENTED_EDGE('',*,*,#2438,.F.);
#3329=ORIENTED_EDGE('',*,*,#2399,.F.);
#3330=ORIENTED_EDGE('',*,*,#2439,.T.);
#3331=ORIENTED_EDGE('',*,*,#2440,.T.);
#3332=ORIENTED_EDGE('',*,*,#2365,.T.);
#3333=ORIENTED_EDGE('',*,*,#2440,.F.);
#3334=ORIENTED_EDGE('',*,*,#2441,.F.);
#3335=ORIENTED_EDGE('',*,*,#2442,.T.);
#3336=ORIENTED_EDGE('',*,*,#2443,.F.);
#3337=ORIENTED_EDGE('',*,*,#2366,.F.);
#3338=ORIENTED_EDGE('',*,*,#2377,.F.);
#3339=ORIENTED_EDGE('',*,*,#2444,.T.);
#3340=ORIENTED_EDGE('',*,*,#2445,.T.);
#3341=ORIENTED_EDGE('',*,*,#2446,.F.);
#3342=ORIENTED_EDGE('',*,*,#2380,.F.);
#3343=ORIENTED_EDGE('',*,*,#2447,.T.);
#3344=ORIENTED_EDGE('',*,*,#2448,.T.);
#3345=ORIENTED_EDGE('',*,*,#2444,.F.);
#3346=ORIENTED_EDGE('',*,*,#2379,.F.);
#3347=ORIENTED_EDGE('',*,*,#2449,.T.);
#3348=ORIENTED_EDGE('',*,*,#2450,.T.);
#3349=ORIENTED_EDGE('',*,*,#2447,.F.);
#3350=ORIENTED_EDGE('',*,*,#2378,.F.);
#3351=ORIENTED_EDGE('',*,*,#2446,.T.);
#3352=ORIENTED_EDGE('',*,*,#2451,.T.);
#3353=ORIENTED_EDGE('',*,*,#2449,.F.);
#3354=ORIENTED_EDGE('',*,*,#2451,.F.);
#3355=ORIENTED_EDGE('',*,*,#2445,.F.);
#3356=ORIENTED_EDGE('',*,*,#2448,.F.);
#3357=ORIENTED_EDGE('',*,*,#2450,.F.);
#3358=ORIENTED_EDGE('',*,*,#2361,.F.);
#3359=ORIENTED_EDGE('',*,*,#2452,.T.);
#3360=ORIENTED_EDGE('',*,*,#2453,.T.);
#3361=ORIENTED_EDGE('',*,*,#2416,.F.);
#3362=ORIENTED_EDGE('',*,*,#2419,.F.);
#3363=ORIENTED_EDGE('',*,*,#2454,.F.);
#3364=ORIENTED_EDGE('',*,*,#2455,.T.);
#3365=ORIENTED_EDGE('',*,*,#2452,.F.);
#3366=ORIENTED_EDGE('',*,*,#2360,.F.);
#3367=ORIENTED_EDGE('',*,*,#2417,.F.);
#3368=ORIENTED_EDGE('',*,*,#2453,.F.);
#3369=ORIENTED_EDGE('',*,*,#2455,.F.);
#3370=ORIENTED_EDGE('',*,*,#2456,.F.);
#3371=ORIENTED_EDGE('',*,*,#2367,.F.);
#3372=ORIENTED_EDGE('',*,*,#2443,.T.);
#3373=ORIENTED_EDGE('',*,*,#2457,.T.);
#3374=ORIENTED_EDGE('',*,*,#2436,.F.);
#3375=ORIENTED_EDGE('',*,*,#2457,.F.);
#3376=ORIENTED_EDGE('',*,*,#2442,.F.);
#3377=ORIENTED_EDGE('',*,*,#2458,.F.);
#3378=ORIENTED_EDGE('',*,*,#2437,.F.);
#3379=ORIENTED_EDGE('',*,*,#2353,.F.);
#3380=ORIENTED_EDGE('',*,*,#2459,.T.);
#3381=ORIENTED_EDGE('',*,*,#2460,.T.);
#3382=ORIENTED_EDGE('',*,*,#2426,.F.);
#3383=ORIENTED_EDGE('',*,*,#2382,.F.);
#3384=ORIENTED_EDGE('',*,*,#2388,.F.);
#3385=ORIENTED_EDGE('',*,*,#2461,.T.);
#3386=ORIENTED_EDGE('',*,*,#2459,.F.);
#3387=ORIENTED_EDGE('',*,*,#2352,.F.);
#3388=ORIENTED_EDGE('',*,*,#2387,.F.);
#3389=ORIENTED_EDGE('',*,*,#2427,.F.);
#3390=ORIENTED_EDGE('',*,*,#2460,.F.);
#3391=ORIENTED_EDGE('',*,*,#2461,.F.);
#3392=ORIENTED_EDGE('',*,*,#2375,.F.);
#3393=ORIENTED_EDGE('',*,*,#2462,.T.);
#3394=ORIENTED_EDGE('',*,*,#2463,.T.);
#3395=ORIENTED_EDGE('',*,*,#2428,.F.);
#3396=ORIENTED_EDGE('',*,*,#2430,.F.);
#3397=ORIENTED_EDGE('',*,*,#2345,.F.);
#3398=ORIENTED_EDGE('',*,*,#2464,.T.);
#3399=ORIENTED_EDGE('',*,*,#2462,.F.);
#3400=ORIENTED_EDGE('',*,*,#2374,.F.);
#3401=ORIENTED_EDGE('',*,*,#2429,.F.);
#3402=ORIENTED_EDGE('',*,*,#2463,.F.);
#3403=ORIENTED_EDGE('',*,*,#2464,.F.);
#3404=ORIENTED_EDGE('',*,*,#2344,.F.);
#3405=ORIENTED_EDGE('',*,*,#2392,.F.);
#3406=ORIENTED_EDGE('',*,*,#2415,.F.);
#3407=ORIENTED_EDGE('',*,*,#2418,.T.);
#3408=ORIENTED_EDGE('',*,*,#2456,.T.);
#3409=ORIENTED_EDGE('',*,*,#2454,.T.);
#3410=ORIENTED_EDGE('',*,*,#2421,.F.);
#3411=ORIENTED_EDGE('',*,*,#2423,.F.);
#3412=ORIENTED_EDGE('',*,*,#2409,.F.);
#3413=ORIENTED_EDGE('',*,*,#2402,.F.);
#3414=ORIENTED_EDGE('',*,*,#2408,.T.);
#3415=ORIENTED_EDGE('',*,*,#2465,.T.);
#3416=ORIENTED_EDGE('',*,*,#2435,.F.);
#3417=ORIENTED_EDGE('',*,*,#2438,.T.);
#3418=ORIENTED_EDGE('',*,*,#2458,.T.);
#3419=ORIENTED_EDGE('',*,*,#2441,.T.);
#3420=ORIENTED_EDGE('',*,*,#2439,.F.);
#3421=ORIENTED_EDGE('',*,*,#2411,.F.);
#3422=ORIENTED_EDGE('',*,*,#2422,.T.);
#3423=ORIENTED_EDGE('',*,*,#2357,.F.);
#3424=ORIENTED_EDGE('',*,*,#2466,.F.);
#3425=ORIENTED_EDGE('',*,*,#2424,.F.);
#3426=ORIENTED_EDGE('',*,*,#2384,.F.);
#3427=ORIENTED_EDGE('',*,*,#2412,.F.);
#3428=ORIENTED_EDGE('',*,*,#2466,.T.);
#3429=ORIENTED_EDGE('',*,*,#2356,.F.);
#3430=ORIENTED_EDGE('',*,*,#2406,.F.);
#3431=ORIENTED_EDGE('',*,*,#2432,.T.);
#3432=ORIENTED_EDGE('',*,*,#2371,.F.);
#3433=ORIENTED_EDGE('',*,*,#2467,.F.);
#3434=ORIENTED_EDGE('',*,*,#2433,.F.);
#3435=ORIENTED_EDGE('',*,*,#2465,.F.);
#3436=ORIENTED_EDGE('',*,*,#2407,.T.);
#3437=ORIENTED_EDGE('',*,*,#2467,.T.);
#3438=ORIENTED_EDGE('',*,*,#2370,.F.);
#3439=ORIENTED_EDGE('',*,*,#2468,.T.);
#3440=ORIENTED_EDGE('',*,*,#2469,.T.);
#3441=ORIENTED_EDGE('',*,*,#2470,.T.);
#3442=ORIENTED_EDGE('',*,*,#2471,.T.);
#3443=ORIENTED_EDGE('',*,*,#2472,.T.);
#3444=ORIENTED_EDGE('',*,*,#2473,.T.);
#3445=ORIENTED_EDGE('',*,*,#2474,.T.);
#3446=ORIENTED_EDGE('',*,*,#2475,.T.);
#3447=ORIENTED_EDGE('',*,*,#2476,.T.);
#3448=ORIENTED_EDGE('',*,*,#2477,.T.);
#3449=ORIENTED_EDGE('',*,*,#2478,.T.);
#3450=ORIENTED_EDGE('',*,*,#2479,.T.);
#3451=ORIENTED_EDGE('',*,*,#2480,.T.);
#3452=ORIENTED_EDGE('',*,*,#2481,.T.);
#3453=ORIENTED_EDGE('',*,*,#2482,.T.);
#3454=ORIENTED_EDGE('',*,*,#2483,.T.);
#3455=ORIENTED_EDGE('',*,*,#2484,.T.);
#3456=ORIENTED_EDGE('',*,*,#2485,.F.);
#3457=ORIENTED_EDGE('',*,*,#2486,.F.);
#3458=ORIENTED_EDGE('',*,*,#2487,.F.);
#3459=ORIENTED_EDGE('',*,*,#2488,.F.);
#3460=ORIENTED_EDGE('',*,*,#2489,.F.);
#3461=ORIENTED_EDGE('',*,*,#2490,.F.);
#3462=ORIENTED_EDGE('',*,*,#2491,.F.);
#3463=ORIENTED_EDGE('',*,*,#2492,.F.);
#3464=ORIENTED_EDGE('',*,*,#2493,.F.);
#3465=ORIENTED_EDGE('',*,*,#2494,.T.);
#3466=ORIENTED_EDGE('',*,*,#2495,.F.);
#3467=ORIENTED_EDGE('',*,*,#2496,.T.);
#3468=ORIENTED_EDGE('',*,*,#2497,.F.);
#3469=ORIENTED_EDGE('',*,*,#2487,.T.);
#3470=ORIENTED_EDGE('',*,*,#2498,.T.);
#3471=ORIENTED_EDGE('',*,*,#2499,.F.);
#3472=ORIENTED_EDGE('',*,*,#2500,.F.);
#3473=ORIENTED_EDGE('',*,*,#2499,.T.);
#3474=ORIENTED_EDGE('',*,*,#2501,.T.);
#3475=ORIENTED_EDGE('',*,*,#2502,.T.);
#3476=ORIENTED_EDGE('',*,*,#2503,.T.);
#3477=ORIENTED_EDGE('',*,*,#2504,.T.);
#3478=ORIENTED_EDGE('',*,*,#2505,.F.);
#3479=ORIENTED_EDGE('',*,*,#2476,.F.);
#3480=ORIENTED_EDGE('',*,*,#2497,.T.);
#3481=ORIENTED_EDGE('',*,*,#2500,.T.);
#3482=ORIENTED_EDGE('',*,*,#2506,.T.);
#3483=ORIENTED_EDGE('',*,*,#2507,.F.);
#3484=ORIENTED_EDGE('',*,*,#2508,.F.);
#3485=ORIENTED_EDGE('',*,*,#2488,.T.);
#3486=ORIENTED_EDGE('',*,*,#2509,.F.);
#3487=ORIENTED_EDGE('',*,*,#2510,.T.);
#3488=ORIENTED_EDGE('',*,*,#2511,.T.);
#3489=ORIENTED_EDGE('',*,*,#2512,.T.);
#3490=ORIENTED_EDGE('',*,*,#2513,.F.);
#3491=ORIENTED_EDGE('',*,*,#2512,.F.);
#3492=ORIENTED_EDGE('',*,*,#2514,.F.);
#3493=ORIENTED_EDGE('',*,*,#2491,.T.);
#3494=ORIENTED_EDGE('',*,*,#2515,.T.);
#3495=ORIENTED_EDGE('',*,*,#2516,.F.);
#3496=ORIENTED_EDGE('',*,*,#2474,.F.);
#3497=ORIENTED_EDGE('',*,*,#2517,.F.);
#3498=ORIENTED_EDGE('',*,*,#2516,.T.);
#3499=ORIENTED_EDGE('',*,*,#2518,.T.);
#3500=ORIENTED_EDGE('',*,*,#2503,.F.);
#3501=ORIENTED_EDGE('',*,*,#2475,.F.);
#3502=ORIENTED_EDGE('',*,*,#2519,.F.);
#3503=ORIENTED_EDGE('',*,*,#2504,.F.);
#3504=ORIENTED_EDGE('',*,*,#2518,.F.);
#3505=ORIENTED_EDGE('',*,*,#2515,.F.);
#3506=ORIENTED_EDGE('',*,*,#2519,.T.);
#3507=ORIENTED_EDGE('',*,*,#2517,.T.);
#3508=ORIENTED_EDGE('',*,*,#2473,.F.);
#3509=ORIENTED_EDGE('',*,*,#2520,.T.);
#3510=ORIENTED_EDGE('',*,*,#2510,.F.);
#3511=ORIENTED_EDGE('',*,*,#2521,.T.);
#3512=ORIENTED_EDGE('',*,*,#2522,.F.);
#3513=ORIENTED_EDGE('',*,*,#2506,.F.);
#3514=ORIENTED_EDGE('',*,*,#2502,.F.);
#3515=ORIENTED_EDGE('',*,*,#2523,.F.);
#3516=ORIENTED_EDGE('',*,*,#2477,.F.);
#3517=ORIENTED_EDGE('',*,*,#2505,.T.);
#3518=ORIENTED_EDGE('',*,*,#2524,.F.);
#3519=ORIENTED_EDGE('',*,*,#2525,.F.);
#3520=ORIENTED_EDGE('',*,*,#2526,.F.);
#3521=ORIENTED_EDGE('',*,*,#2481,.F.);
#3522=ORIENTED_EDGE('',*,*,#2526,.T.);
#3523=ORIENTED_EDGE('',*,*,#2527,.F.);
#3524=ORIENTED_EDGE('',*,*,#2528,.F.);
#3525=ORIENTED_EDGE('',*,*,#2482,.F.);
#3526=ORIENTED_EDGE('',*,*,#2528,.T.);
#3527=ORIENTED_EDGE('',*,*,#2529,.F.);
#3528=ORIENTED_EDGE('',*,*,#2530,.F.);
#3529=ORIENTED_EDGE('',*,*,#2483,.F.);
#3530=ORIENTED_EDGE('',*,*,#2530,.T.);
#3531=ORIENTED_EDGE('',*,*,#2531,.F.);
#3532=ORIENTED_EDGE('',*,*,#2524,.T.);
#3533=ORIENTED_EDGE('',*,*,#2480,.F.);
#3534=ORIENTED_EDGE('',*,*,#2489,.T.);
#3535=ORIENTED_EDGE('',*,*,#2508,.T.);
#3536=ORIENTED_EDGE('',*,*,#2532,.F.);
#3537=ORIENTED_EDGE('',*,*,#2533,.F.);
#3538=ORIENTED_EDGE('',*,*,#2513,.T.);
#3539=ORIENTED_EDGE('',*,*,#2490,.T.);
#3540=ORIENTED_EDGE('',*,*,#2533,.T.);
#3541=ORIENTED_EDGE('',*,*,#2534,.F.);
#3542=ORIENTED_EDGE('',*,*,#2521,.F.);
#3543=ORIENTED_EDGE('',*,*,#2509,.T.);
#3544=ORIENTED_EDGE('',*,*,#2534,.T.);
#3545=ORIENTED_EDGE('',*,*,#2532,.T.);
#3546=ORIENTED_EDGE('',*,*,#2507,.T.);
#3547=ORIENTED_EDGE('',*,*,#2522,.T.);
#3548=ORIENTED_EDGE('',*,*,#2531,.T.);
#3549=ORIENTED_EDGE('',*,*,#2529,.T.);
#3550=ORIENTED_EDGE('',*,*,#2527,.T.);
#3551=ORIENTED_EDGE('',*,*,#2525,.T.);
#3552=ORIENTED_EDGE('',*,*,#2535,.F.);
#3553=ORIENTED_EDGE('',*,*,#2536,.T.);
#3554=ORIENTED_EDGE('',*,*,#2537,.T.);
#3555=ORIENTED_EDGE('',*,*,#2538,.T.);
#3556=ORIENTED_EDGE('',*,*,#2539,.F.);
#3557=ORIENTED_EDGE('',*,*,#2538,.F.);
#3558=ORIENTED_EDGE('',*,*,#2540,.F.);
#3559=ORIENTED_EDGE('',*,*,#2485,.T.);
#3560=ORIENTED_EDGE('',*,*,#2540,.T.);
#3561=ORIENTED_EDGE('',*,*,#2537,.F.);
#3562=ORIENTED_EDGE('',*,*,#2541,.T.);
#3563=ORIENTED_EDGE('',*,*,#2478,.F.);
#3564=ORIENTED_EDGE('',*,*,#2523,.T.);
#3565=ORIENTED_EDGE('',*,*,#2501,.F.);
#3566=ORIENTED_EDGE('',*,*,#2498,.F.);
#3567=ORIENTED_EDGE('',*,*,#2486,.T.);
#3568=ORIENTED_EDGE('',*,*,#2542,.T.);
#3569=ORIENTED_EDGE('',*,*,#2543,.F.);
#3570=ORIENTED_EDGE('',*,*,#2468,.F.);
#3571=ORIENTED_EDGE('',*,*,#2544,.F.);
#3572=ORIENTED_EDGE('',*,*,#2545,.F.);
#3573=ORIENTED_EDGE('',*,*,#2493,.T.);
#3574=ORIENTED_EDGE('',*,*,#2546,.T.);
#3575=ORIENTED_EDGE('',*,*,#2547,.F.);
#3576=ORIENTED_EDGE('',*,*,#2548,.T.);
#3577=ORIENTED_EDGE('',*,*,#2549,.F.);
#3578=ORIENTED_EDGE('',*,*,#2546,.F.);
#3579=ORIENTED_EDGE('',*,*,#2492,.T.);
#3580=ORIENTED_EDGE('',*,*,#2514,.T.);
#3581=ORIENTED_EDGE('',*,*,#2511,.F.);
#3582=ORIENTED_EDGE('',*,*,#2520,.F.);
#3583=ORIENTED_EDGE('',*,*,#2472,.F.);
#3584=ORIENTED_EDGE('',*,*,#2550,.F.);
#3585=ORIENTED_EDGE('',*,*,#2547,.T.);
#3586=ORIENTED_EDGE('',*,*,#2549,.T.);
#3587=ORIENTED_EDGE('',*,*,#2551,.T.);
#3588=ORIENTED_EDGE('',*,*,#2545,.T.);
#3589=ORIENTED_EDGE('',*,*,#2550,.T.);
#3590=ORIENTED_EDGE('',*,*,#2552,.T.);
#3591=ORIENTED_EDGE('',*,*,#2553,.F.);
#3592=ORIENTED_EDGE('',*,*,#2554,.F.);
#3593=ORIENTED_EDGE('',*,*,#2494,.F.);
#3594=ORIENTED_EDGE('',*,*,#2555,.T.);
#3595=ORIENTED_EDGE('',*,*,#2556,.F.);
#3596=ORIENTED_EDGE('',*,*,#2552,.F.);
#3597=ORIENTED_EDGE('',*,*,#2551,.F.);
#3598=ORIENTED_EDGE('',*,*,#2548,.F.);
#3599=ORIENTED_EDGE('',*,*,#2471,.F.);
#3600=ORIENTED_EDGE('',*,*,#2557,.T.);
#3601=ORIENTED_EDGE('',*,*,#2558,.T.);
#3602=ORIENTED_EDGE('',*,*,#2544,.T.);
#3603=ORIENTED_EDGE('',*,*,#2479,.F.);
#3604=ORIENTED_EDGE('',*,*,#2541,.F.);
#3605=ORIENTED_EDGE('',*,*,#2536,.F.);
#3606=ORIENTED_EDGE('',*,*,#2559,.T.);
#3607=ORIENTED_EDGE('',*,*,#2560,.T.);
#3608=ORIENTED_EDGE('',*,*,#2557,.F.);
#3609=ORIENTED_EDGE('',*,*,#2470,.F.);
#3610=ORIENTED_EDGE('',*,*,#2543,.T.);
#3611=ORIENTED_EDGE('',*,*,#2561,.T.);
#3612=ORIENTED_EDGE('',*,*,#2559,.F.);
#3613=ORIENTED_EDGE('',*,*,#2469,.F.);
#3614=ORIENTED_EDGE('',*,*,#2542,.F.);
#3615=ORIENTED_EDGE('',*,*,#2558,.F.);
#3616=ORIENTED_EDGE('',*,*,#2560,.F.);
#3617=ORIENTED_EDGE('',*,*,#2561,.F.);
#3618=ORIENTED_EDGE('',*,*,#2562,.F.);
#3619=ORIENTED_EDGE('',*,*,#2563,.T.);
#3620=ORIENTED_EDGE('',*,*,#2484,.F.);
#3621=ORIENTED_EDGE('',*,*,#2563,.F.);
#3622=ORIENTED_EDGE('',*,*,#2539,.T.);
#3623=ORIENTED_EDGE('',*,*,#2496,.F.);
#3624=ORIENTED_EDGE('',*,*,#2564,.T.);
#3625=ORIENTED_EDGE('',*,*,#2565,.F.);
#3626=ORIENTED_EDGE('',*,*,#2555,.F.);
#3627=ORIENTED_EDGE('',*,*,#2535,.T.);
#3628=ORIENTED_EDGE('',*,*,#2495,.T.);
#3629=ORIENTED_EDGE('',*,*,#2554,.T.);
#3630=ORIENTED_EDGE('',*,*,#2566,.F.);
#3631=ORIENTED_EDGE('',*,*,#2564,.F.);
#3632=ORIENTED_EDGE('',*,*,#2566,.T.);
#3633=ORIENTED_EDGE('',*,*,#2553,.T.);
#3634=ORIENTED_EDGE('',*,*,#2556,.T.);
#3635=ORIENTED_EDGE('',*,*,#2565,.T.);
#3636=ORIENTED_EDGE('',*,*,#2562,.T.);
#3637=ORIENTED_EDGE('',*,*,#2567,.F.);
#3638=ORIENTED_EDGE('',*,*,#2568,.T.);
#3639=ORIENTED_EDGE('',*,*,#2569,.T.);
#3640=ORIENTED_EDGE('',*,*,#2568,.F.);
#3641=ORIENTED_EDGE('',*,*,#2570,.F.);
#3642=ORIENTED_EDGE('',*,*,#2571,.T.);
#3643=ORIENTED_EDGE('',*,*,#2572,.F.);
#3644=ORIENTED_EDGE('',*,*,#2573,.F.);
#3645=ORIENTED_EDGE('',*,*,#2574,.T.);
#3646=ORIENTED_EDGE('',*,*,#2573,.T.);
#3647=ORIENTED_EDGE('',*,*,#2575,.F.);
#3648=ORIENTED_EDGE('',*,*,#2576,.F.);
#3649=ORIENTED_EDGE('',*,*,#2577,.F.);
#3650=ORIENTED_EDGE('',*,*,#2576,.T.);
#3651=ORIENTED_EDGE('',*,*,#2578,.F.);
#3652=ORIENTED_EDGE('',*,*,#2579,.F.);
#3653=ORIENTED_EDGE('',*,*,#2580,.T.);
#3654=ORIENTED_EDGE('',*,*,#2579,.T.);
#3655=ORIENTED_EDGE('',*,*,#2581,.F.);
#3656=ORIENTED_EDGE('',*,*,#2571,.F.);
#3657=ORIENTED_EDGE('',*,*,#2581,.T.);
#3658=ORIENTED_EDGE('',*,*,#2578,.T.);
#3659=ORIENTED_EDGE('',*,*,#2575,.T.);
#3660=ORIENTED_EDGE('',*,*,#2572,.T.);
#3661=ORIENTED_EDGE('',*,*,#2567,.T.);
#3662=ORIENTED_EDGE('',*,*,#2580,.F.);
#3663=ORIENTED_EDGE('',*,*,#2570,.T.);
#3664=ORIENTED_EDGE('',*,*,#2574,.F.);
#3665=ORIENTED_EDGE('',*,*,#2577,.T.);
#3666=ORIENTED_EDGE('',*,*,#2569,.F.);
#3667=ORIENTED_EDGE('',*,*,#2582,.F.);
#3668=ORIENTED_EDGE('',*,*,#2583,.T.);
#3669=ORIENTED_EDGE('',*,*,#2584,.T.);
#3670=ORIENTED_EDGE('',*,*,#2583,.F.);
#3671=ORIENTED_EDGE('',*,*,#2585,.F.);
#3672=ORIENTED_EDGE('',*,*,#2586,.T.);
#3673=ORIENTED_EDGE('',*,*,#2587,.F.);
#3674=ORIENTED_EDGE('',*,*,#2588,.F.);
#3675=ORIENTED_EDGE('',*,*,#2589,.T.);
#3676=ORIENTED_EDGE('',*,*,#2588,.T.);
#3677=ORIENTED_EDGE('',*,*,#2590,.F.);
#3678=ORIENTED_EDGE('',*,*,#2591,.F.);
#3679=ORIENTED_EDGE('',*,*,#2592,.F.);
#3680=ORIENTED_EDGE('',*,*,#2591,.T.);
#3681=ORIENTED_EDGE('',*,*,#2593,.F.);
#3682=ORIENTED_EDGE('',*,*,#2594,.F.);
#3683=ORIENTED_EDGE('',*,*,#2595,.T.);
#3684=ORIENTED_EDGE('',*,*,#2594,.T.);
#3685=ORIENTED_EDGE('',*,*,#2596,.F.);
#3686=ORIENTED_EDGE('',*,*,#2586,.F.);
#3687=ORIENTED_EDGE('',*,*,#2596,.T.);
#3688=ORIENTED_EDGE('',*,*,#2593,.T.);
#3689=ORIENTED_EDGE('',*,*,#2590,.T.);
#3690=ORIENTED_EDGE('',*,*,#2587,.T.);
#3691=ORIENTED_EDGE('',*,*,#2582,.T.);
#3692=ORIENTED_EDGE('',*,*,#2595,.F.);
#3693=ORIENTED_EDGE('',*,*,#2585,.T.);
#3694=ORIENTED_EDGE('',*,*,#2589,.F.);
#3695=ORIENTED_EDGE('',*,*,#2592,.T.);
#3696=ORIENTED_EDGE('',*,*,#2584,.F.);
#3697=ORIENTED_EDGE('',*,*,#2597,.F.);
#3698=ORIENTED_EDGE('',*,*,#2598,.T.);
#3699=ORIENTED_EDGE('',*,*,#2599,.F.);
#3700=ORIENTED_EDGE('',*,*,#2598,.F.);
#3701=ORIENTED_EDGE('',*,*,#2600,.F.);
#3702=ORIENTED_EDGE('',*,*,#2601,.T.);
#3703=ORIENTED_EDGE('',*,*,#2602,.F.);
#3704=ORIENTED_EDGE('',*,*,#2603,.F.);
#3705=ORIENTED_EDGE('',*,*,#2604,.F.);
#3706=ORIENTED_EDGE('',*,*,#2603,.T.);
#3707=ORIENTED_EDGE('',*,*,#2605,.F.);
#3708=ORIENTED_EDGE('',*,*,#2606,.F.);
#3709=ORIENTED_EDGE('',*,*,#2607,.F.);
#3710=ORIENTED_EDGE('',*,*,#2606,.T.);
#3711=ORIENTED_EDGE('',*,*,#2608,.F.);
#3712=ORIENTED_EDGE('',*,*,#2609,.F.);
#3713=ORIENTED_EDGE('',*,*,#2610,.F.);
#3714=ORIENTED_EDGE('',*,*,#2609,.T.);
#3715=ORIENTED_EDGE('',*,*,#2611,.F.);
#3716=ORIENTED_EDGE('',*,*,#2601,.F.);
#3717=ORIENTED_EDGE('',*,*,#2611,.T.);
#3718=ORIENTED_EDGE('',*,*,#2608,.T.);
#3719=ORIENTED_EDGE('',*,*,#2605,.T.);
#3720=ORIENTED_EDGE('',*,*,#2602,.T.);
#3721=ORIENTED_EDGE('',*,*,#2597,.T.);
#3722=ORIENTED_EDGE('',*,*,#2610,.T.);
#3723=ORIENTED_EDGE('',*,*,#2600,.T.);
#3724=ORIENTED_EDGE('',*,*,#2604,.T.);
#3725=ORIENTED_EDGE('',*,*,#2607,.T.);
#3726=ORIENTED_EDGE('',*,*,#2599,.T.);
#3727=ORIENTED_EDGE('',*,*,#2612,.F.);
#3728=ORIENTED_EDGE('',*,*,#2613,.T.);
#3729=ORIENTED_EDGE('',*,*,#2614,.F.);
#3730=ORIENTED_EDGE('',*,*,#2613,.F.);
#3731=ORIENTED_EDGE('',*,*,#2615,.F.);
#3732=ORIENTED_EDGE('',*,*,#2616,.T.);
#3733=ORIENTED_EDGE('',*,*,#2617,.F.);
#3734=ORIENTED_EDGE('',*,*,#2618,.F.);
#3735=ORIENTED_EDGE('',*,*,#2619,.F.);
#3736=ORIENTED_EDGE('',*,*,#2618,.T.);
#3737=ORIENTED_EDGE('',*,*,#2620,.F.);
#3738=ORIENTED_EDGE('',*,*,#2621,.F.);
#3739=ORIENTED_EDGE('',*,*,#2622,.F.);
#3740=ORIENTED_EDGE('',*,*,#2621,.T.);
#3741=ORIENTED_EDGE('',*,*,#2623,.F.);
#3742=ORIENTED_EDGE('',*,*,#2624,.F.);
#3743=ORIENTED_EDGE('',*,*,#2625,.F.);
#3744=ORIENTED_EDGE('',*,*,#2624,.T.);
#3745=ORIENTED_EDGE('',*,*,#2626,.F.);
#3746=ORIENTED_EDGE('',*,*,#2616,.F.);
#3747=ORIENTED_EDGE('',*,*,#2626,.T.);
#3748=ORIENTED_EDGE('',*,*,#2623,.T.);
#3749=ORIENTED_EDGE('',*,*,#2620,.T.);
#3750=ORIENTED_EDGE('',*,*,#2617,.T.);
#3751=ORIENTED_EDGE('',*,*,#2612,.T.);
#3752=ORIENTED_EDGE('',*,*,#2625,.T.);
#3753=ORIENTED_EDGE('',*,*,#2615,.T.);
#3754=ORIENTED_EDGE('',*,*,#2619,.T.);
#3755=ORIENTED_EDGE('',*,*,#2622,.T.);
#3756=ORIENTED_EDGE('',*,*,#2614,.T.);
#3757=ORIENTED_EDGE('',*,*,#2627,.T.);
#3758=ORIENTED_EDGE('',*,*,#2628,.T.);
#3759=ORIENTED_EDGE('',*,*,#2629,.T.);
#3760=ORIENTED_EDGE('',*,*,#2628,.F.);
#3761=ORIENTED_EDGE('',*,*,#2630,.T.);
#3762=ORIENTED_EDGE('',*,*,#2631,.T.);
#3763=ORIENTED_EDGE('',*,*,#2632,.T.);
#3764=ORIENTED_EDGE('',*,*,#2633,.F.);
#3765=ORIENTED_EDGE('',*,*,#2634,.T.);
#3766=ORIENTED_EDGE('',*,*,#2635,.T.);
#3767=ORIENTED_EDGE('',*,*,#2636,.T.);
#3768=ORIENTED_EDGE('',*,*,#2631,.F.);
#3769=ORIENTED_EDGE('',*,*,#2637,.T.);
#3770=ORIENTED_EDGE('',*,*,#2638,.T.);
#3771=ORIENTED_EDGE('',*,*,#2639,.T.);
#3772=ORIENTED_EDGE('',*,*,#2635,.F.);
#3773=ORIENTED_EDGE('',*,*,#2640,.T.);
#3774=ORIENTED_EDGE('',*,*,#2633,.T.);
#3775=ORIENTED_EDGE('',*,*,#2641,.T.);
#3776=ORIENTED_EDGE('',*,*,#2638,.F.);
#3777=ORIENTED_EDGE('',*,*,#2641,.F.);
#3778=ORIENTED_EDGE('',*,*,#2632,.F.);
#3779=ORIENTED_EDGE('',*,*,#2636,.F.);
#3780=ORIENTED_EDGE('',*,*,#2639,.F.);
#3781=ORIENTED_EDGE('',*,*,#2627,.F.);
#3782=ORIENTED_EDGE('',*,*,#2640,.F.);
#3783=ORIENTED_EDGE('',*,*,#2637,.F.);
#3784=ORIENTED_EDGE('',*,*,#2634,.F.);
#3785=ORIENTED_EDGE('',*,*,#2630,.F.);
#3786=ORIENTED_EDGE('',*,*,#2629,.F.);
#3787=ORIENTED_EDGE('',*,*,#2642,.T.);
#3788=ORIENTED_EDGE('',*,*,#2643,.T.);
#3789=ORIENTED_EDGE('',*,*,#2644,.T.);
#3790=ORIENTED_EDGE('',*,*,#2643,.F.);
#3791=ORIENTED_EDGE('',*,*,#2645,.T.);
#3792=ORIENTED_EDGE('',*,*,#2646,.T.);
#3793=ORIENTED_EDGE('',*,*,#2647,.T.);
#3794=ORIENTED_EDGE('',*,*,#2648,.F.);
#3795=ORIENTED_EDGE('',*,*,#2649,.T.);
#3796=ORIENTED_EDGE('',*,*,#2650,.T.);
#3797=ORIENTED_EDGE('',*,*,#2651,.T.);
#3798=ORIENTED_EDGE('',*,*,#2646,.F.);
#3799=ORIENTED_EDGE('',*,*,#2652,.T.);
#3800=ORIENTED_EDGE('',*,*,#2653,.T.);
#3801=ORIENTED_EDGE('',*,*,#2654,.T.);
#3802=ORIENTED_EDGE('',*,*,#2650,.F.);
#3803=ORIENTED_EDGE('',*,*,#2655,.T.);
#3804=ORIENTED_EDGE('',*,*,#2648,.T.);
#3805=ORIENTED_EDGE('',*,*,#2656,.T.);
#3806=ORIENTED_EDGE('',*,*,#2653,.F.);
#3807=ORIENTED_EDGE('',*,*,#2656,.F.);
#3808=ORIENTED_EDGE('',*,*,#2647,.F.);
#3809=ORIENTED_EDGE('',*,*,#2651,.F.);
#3810=ORIENTED_EDGE('',*,*,#2654,.F.);
#3811=ORIENTED_EDGE('',*,*,#2642,.F.);
#3812=ORIENTED_EDGE('',*,*,#2655,.F.);
#3813=ORIENTED_EDGE('',*,*,#2652,.F.);
#3814=ORIENTED_EDGE('',*,*,#2649,.F.);
#3815=ORIENTED_EDGE('',*,*,#2645,.F.);
#3816=ORIENTED_EDGE('',*,*,#2644,.F.);
#3817=ORIENTED_EDGE('',*,*,#2657,.T.);
#3818=ORIENTED_EDGE('',*,*,#2658,.T.);
#3819=ORIENTED_EDGE('',*,*,#2659,.F.);
#3820=ORIENTED_EDGE('',*,*,#2658,.F.);
#3821=ORIENTED_EDGE('',*,*,#2660,.T.);
#3822=ORIENTED_EDGE('',*,*,#2661,.T.);
#3823=ORIENTED_EDGE('',*,*,#2662,.T.);
#3824=ORIENTED_EDGE('',*,*,#2663,.F.);
#3825=ORIENTED_EDGE('',*,*,#2664,.F.);
#3826=ORIENTED_EDGE('',*,*,#2665,.T.);
#3827=ORIENTED_EDGE('',*,*,#2666,.T.);
#3828=ORIENTED_EDGE('',*,*,#2661,.F.);
#3829=ORIENTED_EDGE('',*,*,#2667,.T.);
#3830=ORIENTED_EDGE('',*,*,#2668,.T.);
#3831=ORIENTED_EDGE('',*,*,#2669,.T.);
#3832=ORIENTED_EDGE('',*,*,#2665,.F.);
#3833=ORIENTED_EDGE('',*,*,#2670,.F.);
#3834=ORIENTED_EDGE('',*,*,#2663,.T.);
#3835=ORIENTED_EDGE('',*,*,#2671,.T.);
#3836=ORIENTED_EDGE('',*,*,#2668,.F.);
#3837=ORIENTED_EDGE('',*,*,#2671,.F.);
#3838=ORIENTED_EDGE('',*,*,#2662,.F.);
#3839=ORIENTED_EDGE('',*,*,#2666,.F.);
#3840=ORIENTED_EDGE('',*,*,#2669,.F.);
#3841=ORIENTED_EDGE('',*,*,#2657,.F.);
#3842=ORIENTED_EDGE('',*,*,#2670,.T.);
#3843=ORIENTED_EDGE('',*,*,#2667,.F.);
#3844=ORIENTED_EDGE('',*,*,#2664,.T.);
#3845=ORIENTED_EDGE('',*,*,#2660,.F.);
#3846=ORIENTED_EDGE('',*,*,#2659,.T.);
#3847=ORIENTED_EDGE('',*,*,#2672,.T.);
#3848=ORIENTED_EDGE('',*,*,#2673,.T.);
#3849=ORIENTED_EDGE('',*,*,#2674,.F.);
#3850=ORIENTED_EDGE('',*,*,#2673,.F.);
#3851=ORIENTED_EDGE('',*,*,#2675,.T.);
#3852=ORIENTED_EDGE('',*,*,#2676,.T.);
#3853=ORIENTED_EDGE('',*,*,#2677,.T.);
#3854=ORIENTED_EDGE('',*,*,#2678,.F.);
#3855=ORIENTED_EDGE('',*,*,#2679,.F.);
#3856=ORIENTED_EDGE('',*,*,#2680,.T.);
#3857=ORIENTED_EDGE('',*,*,#2681,.T.);
#3858=ORIENTED_EDGE('',*,*,#2676,.F.);
#3859=ORIENTED_EDGE('',*,*,#2682,.T.);
#3860=ORIENTED_EDGE('',*,*,#2683,.T.);
#3861=ORIENTED_EDGE('',*,*,#2684,.T.);
#3862=ORIENTED_EDGE('',*,*,#2680,.F.);
#3863=ORIENTED_EDGE('',*,*,#2685,.F.);
#3864=ORIENTED_EDGE('',*,*,#2678,.T.);
#3865=ORIENTED_EDGE('',*,*,#2686,.T.);
#3866=ORIENTED_EDGE('',*,*,#2683,.F.);
#3867=ORIENTED_EDGE('',*,*,#2686,.F.);
#3868=ORIENTED_EDGE('',*,*,#2677,.F.);
#3869=ORIENTED_EDGE('',*,*,#2681,.F.);
#3870=ORIENTED_EDGE('',*,*,#2684,.F.);
#3871=ORIENTED_EDGE('',*,*,#2672,.F.);
#3872=ORIENTED_EDGE('',*,*,#2685,.T.);
#3873=ORIENTED_EDGE('',*,*,#2682,.F.);
#3874=ORIENTED_EDGE('',*,*,#2679,.T.);
#3875=ORIENTED_EDGE('',*,*,#2675,.F.);
#3876=ORIENTED_EDGE('',*,*,#2674,.T.);
#3877=CYLINDRICAL_SURFACE('',#4207,2.);
#3878=CYLINDRICAL_SURFACE('',#4209,2.);
#3879=CYLINDRICAL_SURFACE('',#4210,2.);
#3880=CYLINDRICAL_SURFACE('',#4211,2.);
#3881=CYLINDRICAL_SURFACE('',#4212,2.);
#3882=CYLINDRICAL_SURFACE('',#4213,2.);
#3883=CYLINDRICAL_SURFACE('',#4214,2.);
#3884=CYLINDRICAL_SURFACE('',#4215,2.);
#3885=CYLINDRICAL_SURFACE('',#4216,2.);
#3886=CYLINDRICAL_SURFACE('',#4217,2.);
#3887=CYLINDRICAL_SURFACE('',#4218,2.);
#3888=CYLINDRICAL_SURFACE('',#4219,2.);
#3889=CYLINDRICAL_SURFACE('',#4285,2.);
#3890=CYLINDRICAL_SURFACE('',#4287,2.);
#3891=CYLINDRICAL_SURFACE('',#4288,2.);
#3892=CYLINDRICAL_SURFACE('',#4289,2.);
#3893=CYLINDRICAL_SURFACE('',#4290,2.);
#3894=CYLINDRICAL_SURFACE('',#4291,2.);
#3895=CYLINDRICAL_SURFACE('',#4292,2.);
#3896=CYLINDRICAL_SURFACE('',#4293,2.);
#3897=CYLINDRICAL_SURFACE('',#4294,2.);
#3898=CYLINDRICAL_SURFACE('',#4295,2.);
#3899=CYLINDRICAL_SURFACE('',#4296,2.);
#3900=CYLINDRICAL_SURFACE('',#4298,2.);
#3901=CYLINDRICAL_SURFACE('',#4362,0.5);
#3902=CYLINDRICAL_SURFACE('',#4368,0.5);
#3903=CYLINDRICAL_SURFACE('',#4373,0.5);
#3904=CYLINDRICAL_SURFACE('',#4376,1.);
#3905=CYLINDRICAL_SURFACE('',#4381,1.);
#3906=CYLINDRICAL_SURFACE('',#4384,0.5);
#3907=CYLINDRICAL_SURFACE('',#4390,0.5);
#3908=CYLINDRICAL_SURFACE('',#4395,0.5);
#3909=CYLINDRICAL_SURFACE('',#4401,1.);
#3910=CYLINDRICAL_SURFACE('',#4404,1.);
#3911=CYLINDRICAL_SURFACE('',#4408,1.);
#3912=CYLINDRICAL_SURFACE('',#4414,1.);
#3913=CYLINDRICAL_SURFACE('',#4418,1.);
#3914=CYLINDRICAL_SURFACE('',#4422,1.);
#3915=CYLINDRICAL_SURFACE('',#4443,5.);
#3916=CYLINDRICAL_SURFACE('',#4445,5.);
#3917=CYLINDRICAL_SURFACE('',#4465,2.15);
#3918=CYLINDRICAL_SURFACE('',#4468,2.15);
#3919=CYLINDRICAL_SURFACE('',#4470,5.);
#3920=CYLINDRICAL_SURFACE('',#4486,2.25);
#3921=CYLINDRICAL_SURFACE('',#4489,5.);
#3922=CYLINDRICAL_SURFACE('',#4492,2.);
#3923=CYLINDRICAL_SURFACE('',#4496,10.2664988514554);
#3924=CYLINDRICAL_SURFACE('',#4500,10.2664988514554);
#3925=CYLINDRICAL_SURFACE('',#4505,2.);
#3926=CYLINDRICAL_SURFACE('',#4509,22.8603350986397);
#3927=CYLINDRICAL_SURFACE('',#4513,22.8603350986398);
#3928=CYLINDRICAL_SURFACE('',#4518,2.);
#3929=CYLINDRICAL_SURFACE('',#4527,2.);
#3930=CYLINDRICAL_SURFACE('',#4536,2.);
#3931=CYLINDRICAL_SURFACE('',#4545,2.);
#3932=CYLINDRICAL_SURFACE('',#4554,2.);
#3933=CYLINDRICAL_SURFACE('',#4558,10.2664988514554);
#3934=CYLINDRICAL_SURFACE('',#4562,10.2664988514554);
#3935=CYLINDRICAL_SURFACE('',#4567,2.);
#3936=CYLINDRICAL_SURFACE('',#4571,22.8603350986397);
#3937=CYLINDRICAL_SURFACE('',#4575,22.8603350986398);
#3938=ADVANCED_FACE('',(#273),#3877,.T.);
#3939=ADVANCED_FACE('',(#274),#3878,.T.);
#3940=ADVANCED_FACE('',(#275),#3879,.T.);
#3941=ADVANCED_FACE('',(#276),#3880,.T.);
#3942=ADVANCED_FACE('',(#277),#3881,.T.);
#3943=ADVANCED_FACE('',(#278),#3882,.T.);
#3944=ADVANCED_FACE('',(#279),#3883,.T.);
#3945=ADVANCED_FACE('',(#280),#3884,.T.);
#3946=ADVANCED_FACE('',(#281),#3885,.T.);
#3947=ADVANCED_FACE('',(#282),#3886,.T.);
#3948=ADVANCED_FACE('',(#283),#3887,.T.);
#3949=ADVANCED_FACE('',(#284),#3888,.T.);
#3950=ADVANCED_FACE('',(#285),#261,.T.);
#3951=ADVANCED_FACE('',(#286),#118,.F.);
#3952=ADVANCED_FACE('',(#287),#119,.F.);
#3953=ADVANCED_FACE('',(#288),#108,.T.);
#3954=ADVANCED_FACE('',(#289),#109,.T.);
#3955=ADVANCED_FACE('',(#290),#110,.T.);
#3956=ADVANCED_FACE('',(#291),#262,.F.);
#3957=ADVANCED_FACE('',(#292,#35),#58,.T.);
#3958=ADVANCED_FACE('',(#293),#263,.T.);
#3959=ADVANCED_FACE('',(#294),#33,.T.);
#3960=ADVANCED_FACE('',(#295),#120,.F.);
#3961=ADVANCED_FACE('',(#296),#264,.F.);
#3962=ADVANCED_FACE('',(#297),#121,.T.);
#3963=ADVANCED_FACE('',(#298),#122,.T.);
#3964=ADVANCED_FACE('',(#299),#123,.T.);
#3965=ADVANCED_FACE('',(#300),#124,.T.);
#3966=ADVANCED_FACE('',(#301),#125,.T.);
#3967=ADVANCED_FACE('',(#302),#265,.F.);
#3968=ADVANCED_FACE('',(#303),#126,.T.);
#3969=ADVANCED_FACE('',(#304),#127,.T.);
#3970=ADVANCED_FACE('',(#305),#128,.T.);
#3971=ADVANCED_FACE('',(#306),#129,.T.);
#3972=ADVANCED_FACE('',(#307),#266,.F.);
#3973=ADVANCED_FACE('',(#308),#130,.T.);
#3974=ADVANCED_FACE('',(#309),#131,.T.);
#3975=ADVANCED_FACE('',(#310),#132,.T.);
#3976=ADVANCED_FACE('',(#311),#133,.T.);
#3977=ADVANCED_FACE('',(#312),#134,.T.);
#3978=ADVANCED_FACE('',(#313),#135,.T.);
#3979=ADVANCED_FACE('',(#314),#136,.T.);
#3980=ADVANCED_FACE('',(#315),#137,.T.);
#3981=ADVANCED_FACE('',(#316),#3889,.T.);
#3982=ADVANCED_FACE('',(#317),#3890,.T.);
#3983=ADVANCED_FACE('',(#318),#3891,.T.);
#3984=ADVANCED_FACE('',(#319),#3892,.T.);
#3985=ADVANCED_FACE('',(#320),#3893,.T.);
#3986=ADVANCED_FACE('',(#321),#3894,.T.);
#3987=ADVANCED_FACE('',(#322),#3895,.T.);
#3988=ADVANCED_FACE('',(#323),#3896,.T.);
#3989=ADVANCED_FACE('',(#324),#3897,.T.);
#3990=ADVANCED_FACE('',(#325),#3898,.T.);
#3991=ADVANCED_FACE('',(#326),#3899,.T.);
#3992=ADVANCED_FACE('',(#327),#3900,.T.);
#3993=ADVANCED_FACE('',(#328),#267,.T.);
#3994=ADVANCED_FACE('',(#329),#138,.T.);
#3995=ADVANCED_FACE('',(#330),#139,.T.);
#3996=ADVANCED_FACE('',(#331),#111,.F.);
#3997=ADVANCED_FACE('',(#332),#112,.F.);
#3998=ADVANCED_FACE('',(#333),#113,.F.);
#3999=ADVANCED_FACE('',(#334),#268,.F.);
#4000=ADVANCED_FACE('',(#335,#36),#59,.T.);
#4001=ADVANCED_FACE('',(#336),#269,.T.);
#4002=ADVANCED_FACE('',(#337),#34,.T.);
#4003=ADVANCED_FACE('',(#338),#140,.T.);
#4004=ADVANCED_FACE('',(#339),#270,.F.);
#4005=ADVANCED_FACE('',(#340),#141,.F.);
#4006=ADVANCED_FACE('',(#341),#142,.F.);
#4007=ADVANCED_FACE('',(#342),#143,.F.);
#4008=ADVANCED_FACE('',(#343),#144,.F.);
#4009=ADVANCED_FACE('',(#344),#145,.F.);
#4010=ADVANCED_FACE('',(#345),#271,.F.);
#4011=ADVANCED_FACE('',(#346),#146,.F.);
#4012=ADVANCED_FACE('',(#347),#147,.F.);
#4013=ADVANCED_FACE('',(#348),#148,.F.);
#4014=ADVANCED_FACE('',(#349),#149,.F.);
#4015=ADVANCED_FACE('',(#350),#272,.F.);
#4016=ADVANCED_FACE('',(#351),#150,.F.);
#4017=ADVANCED_FACE('',(#352),#151,.F.);
#4018=ADVANCED_FACE('',(#353),#152,.F.);
#4019=ADVANCED_FACE('',(#354),#153,.F.);
#4020=ADVANCED_FACE('',(#355),#154,.F.);
#4021=ADVANCED_FACE('',(#356),#155,.F.);
#4022=ADVANCED_FACE('',(#357),#156,.F.);
#4023=ADVANCED_FACE('',(#358),#157,.F.);
#4024=ADVANCED_FACE('',(#359),#3901,.T.);
#4025=ADVANCED_FACE('',(#360),#114,.F.);
#4026=ADVANCED_FACE('',(#361),#3902,.T.);
#4027=ADVANCED_FACE('',(#362),#115,.F.);
#4028=ADVANCED_FACE('',(#363),#3903,.T.);
#4029=ADVANCED_FACE('',(#364),#158,.T.);
#4030=ADVANCED_FACE('',(#365),#3904,.T.);
#4031=ADVANCED_FACE('',(#366,#37),#159,.T.);
#4032=ADVANCED_FACE('',(#367),#3905,.T.);
#4033=ADVANCED_FACE('',(#368),#160,.T.);
#4034=ADVANCED_FACE('',(#369),#3906,.T.);
#4035=ADVANCED_FACE('',(#370),#116,.F.);
#4036=ADVANCED_FACE('',(#371),#3907,.T.);
#4037=ADVANCED_FACE('',(#372),#117,.F.);
#4038=ADVANCED_FACE('',(#373),#3908,.T.);
#4039=ADVANCED_FACE('',(#374),#161,.T.);
#4040=ADVANCED_FACE('',(#375),#162,.F.);
#4041=ADVANCED_FACE('',(#376),#3909,.T.);
#4042=ADVANCED_FACE('',(#377),#163,.F.);
#4043=ADVANCED_FACE('',(#378),#3910,.T.);
#4044=ADVANCED_FACE('',(#379),#164,.T.);
#4045=ADVANCED_FACE('',(#380),#3911,.T.);
#4046=ADVANCED_FACE('',(#381),#165,.F.);
#4047=ADVANCED_FACE('',(#382),#166,.T.);
#4048=ADVANCED_FACE('',(#383),#167,.F.);
#4049=ADVANCED_FACE('',(#384),#3912,.T.);
#4050=ADVANCED_FACE('',(#385),#168,.T.);
#4051=ADVANCED_FACE('',(#386),#3913,.T.);
#4052=ADVANCED_FACE('',(#387),#169,.F.);
#4053=ADVANCED_FACE('',(#388),#3914,.T.);
#4054=ADVANCED_FACE('',(#389),#170,.F.);
#4055=ADVANCED_FACE('',(#390),#171,.F.);
#4056=ADVANCED_FACE('',(#391),#172,.F.);
#4057=ADVANCED_FACE('',(#392),#173,.F.);
#4058=ADVANCED_FACE('',(#393),#174,.F.);
#4059=ADVANCED_FACE('',(#394),#175,.F.);
#4060=ADVANCED_FACE('',(#395),#176,.F.);
#4061=ADVANCED_FACE('',(#396),#177,.F.);
#4062=ADVANCED_FACE('',(#397),#178,.F.);
#4063=ADVANCED_FACE('',(#398),#179,.F.);
#4064=ADVANCED_FACE('',(#399),#180,.F.);
#4065=ADVANCED_FACE('',(#400),#181,.F.);
#4066=ADVANCED_FACE('',(#401),#182,.F.);
#4067=ADVANCED_FACE('',(#402),#183,.F.);
#4068=ADVANCED_FACE('',(#403),#184,.F.);
#4069=ADVANCED_FACE('',(#404),#185,.F.);
#4070=ADVANCED_FACE('',(#405),#186,.F.);
#4071=ADVANCED_FACE('',(#406),#187,.T.);
#4072=ADVANCED_FACE('',(#407),#188,.T.);
#4073=ADVANCED_FACE('',(#408),#3915,.F.);
#4074=ADVANCED_FACE('',(#409),#189,.T.);
#4075=ADVANCED_FACE('',(#410),#3916,.F.);
#4076=ADVANCED_FACE('',(#411),#190,.T.);
#4077=ADVANCED_FACE('',(#412,#38,#39),#191,.F.);
#4078=ADVANCED_FACE('',(#413),#192,.T.);
#4079=ADVANCED_FACE('',(#414),#193,.T.);
#4080=ADVANCED_FACE('',(#415),#194,.T.);
#4081=ADVANCED_FACE('',(#416),#195,.F.);
#4082=ADVANCED_FACE('',(#417),#196,.T.);
#4083=ADVANCED_FACE('',(#418),#197,.T.);
#4084=ADVANCED_FACE('',(#419),#198,.T.);
#4085=ADVANCED_FACE('',(#420),#199,.F.);
#4086=ADVANCED_FACE('',(#421),#200,.F.);
#4087=ADVANCED_FACE('',(#422),#201,.F.);
#4088=ADVANCED_FACE('',(#423),#202,.T.);
#4089=ADVANCED_FACE('',(#424),#203,.T.);
#4090=ADVANCED_FACE('',(#425),#3917,.F.);
#4091=ADVANCED_FACE('',(#426),#204,.T.);
#4092=ADVANCED_FACE('',(#427),#3918,.F.);
#4093=ADVANCED_FACE('',(#428),#3919,.T.);
#4094=ADVANCED_FACE('',(#429),#205,.T.);
#4095=ADVANCED_FACE('',(#430,#40),#206,.T.);
#4096=ADVANCED_FACE('',(#431),#207,.T.);
#4097=ADVANCED_FACE('',(#432),#208,.T.);
#4098=ADVANCED_FACE('',(#433),#209,.T.);
#4099=ADVANCED_FACE('',(#434),#210,.F.);
#4100=ADVANCED_FACE('',(#435),#211,.T.);
#4101=ADVANCED_FACE('',(#436),#212,.T.);
#4102=ADVANCED_FACE('',(#437),#213,.T.);
#4103=ADVANCED_FACE('',(#438),#214,.T.);
#4104=ADVANCED_FACE('',(#439),#215,.T.);
#4105=ADVANCED_FACE('',(#440),#216,.F.);
#4106=ADVANCED_FACE('',(#441),#217,.F.);
#4107=ADVANCED_FACE('',(#442),#218,.F.);
#4108=ADVANCED_FACE('',(#443),#3920,.F.);
#4109=ADVANCED_FACE('',(#444),#219,.T.);
#4110=ADVANCED_FACE('',(#445),#3921,.T.);
#4111=ADVANCED_FACE('',(#446,#41),#220,.T.);
#4112=ADVANCED_FACE('',(#447),#3922,.F.);
#4113=ADVANCED_FACE('',(#448),#221,.T.);
#4114=ADVANCED_FACE('',(#449),#3923,.T.);
#4115=ADVANCED_FACE('',(#450),#222,.T.);
#4116=ADVANCED_FACE('',(#451),#3924,.T.);
#4117=ADVANCED_FACE('',(#452,#42),#223,.T.);
#4118=ADVANCED_FACE('',(#453,#43),#224,.F.);
#4119=ADVANCED_FACE('',(#454),#3925,.F.);
#4120=ADVANCED_FACE('',(#455),#225,.T.);
#4121=ADVANCED_FACE('',(#456),#3926,.T.);
#4122=ADVANCED_FACE('',(#457),#226,.T.);
#4123=ADVANCED_FACE('',(#458),#3927,.T.);
#4124=ADVANCED_FACE('',(#459,#44),#227,.T.);
#4125=ADVANCED_FACE('',(#460,#45),#228,.F.);
#4126=ADVANCED_FACE('',(#461),#3928,.F.);
#4127=ADVANCED_FACE('',(#462),#229,.T.);
#4128=ADVANCED_FACE('',(#463),#230,.T.);
#4129=ADVANCED_FACE('',(#464),#231,.T.);
#4130=ADVANCED_FACE('',(#465),#232,.T.);
#4131=ADVANCED_FACE('',(#466,#46),#233,.T.);
#4132=ADVANCED_FACE('',(#467,#47),#234,.F.);
#4133=ADVANCED_FACE('',(#468),#3929,.F.);
#4134=ADVANCED_FACE('',(#469),#235,.T.);
#4135=ADVANCED_FACE('',(#470),#236,.T.);
#4136=ADVANCED_FACE('',(#471),#237,.T.);
#4137=ADVANCED_FACE('',(#472),#238,.T.);
#4138=ADVANCED_FACE('',(#473,#48),#239,.T.);
#4139=ADVANCED_FACE('',(#474,#49),#240,.F.);
#4140=ADVANCED_FACE('',(#475),#3930,.F.);
#4141=ADVANCED_FACE('',(#476),#241,.F.);
#4142=ADVANCED_FACE('',(#477),#242,.F.);
#4143=ADVANCED_FACE('',(#478),#243,.F.);
#4144=ADVANCED_FACE('',(#479),#244,.F.);
#4145=ADVANCED_FACE('',(#480,#50),#245,.F.);
#4146=ADVANCED_FACE('',(#481,#51),#246,.T.);
#4147=ADVANCED_FACE('',(#482),#3931,.F.);
#4148=ADVANCED_FACE('',(#483),#247,.F.);
#4149=ADVANCED_FACE('',(#484),#248,.F.);
#4150=ADVANCED_FACE('',(#485),#249,.F.);
#4151=ADVANCED_FACE('',(#486),#250,.F.);
#4152=ADVANCED_FACE('',(#487,#52),#251,.F.);
#4153=ADVANCED_FACE('',(#488,#53),#252,.T.);
#4154=ADVANCED_FACE('',(#489),#3932,.F.);
#4155=ADVANCED_FACE('',(#490),#253,.F.);
#4156=ADVANCED_FACE('',(#491),#3933,.T.);
#4157=ADVANCED_FACE('',(#492),#254,.F.);
#4158=ADVANCED_FACE('',(#493),#3934,.T.);
#4159=ADVANCED_FACE('',(#494,#54),#255,.F.);
#4160=ADVANCED_FACE('',(#495,#55),#256,.T.);
#4161=ADVANCED_FACE('',(#496),#3935,.F.);
#4162=ADVANCED_FACE('',(#497),#257,.F.);
#4163=ADVANCED_FACE('',(#498),#3936,.T.);
#4164=ADVANCED_FACE('',(#499),#258,.F.);
#4165=ADVANCED_FACE('',(#500),#3937,.T.);
#4166=ADVANCED_FACE('',(#501,#56),#259,.F.);
#4167=ADVANCED_FACE('',(#502,#57),#260,.T.);
#4168=CLOSED_SHELL('',(#3938,#3939,#3940,#3941,#3942,#3943,#3944,#3945,
#3946,#3947,#3948,#3949,#3950,#3951,#3952,#3953,#3954,#3955));
#4169=CLOSED_SHELL('',(#3956,#3957,#3958,#3959,#3960,#3961,#3962,#3963,
#3964,#3965,#3966,#3967,#3968,#3969,#3970,#3971,#3972,#3973,#3974,#3975,
#3976,#3977,#3978,#3979,#3980));
#4170=CLOSED_SHELL('',(#3981,#3982,#3983,#3984,#3985,#3986,#3987,#3988,
#3989,#3990,#3991,#3992,#3993,#3994,#3995,#3996,#3997,#3998));
#4171=CLOSED_SHELL('',(#3999,#4000,#4001,#4002,#4003,#4004,#4005,#4006,
#4007,#4008,#4009,#4010,#4011,#4012,#4013,#4014,#4015,#4016,#4017,#4018,
#4019,#4020,#4021,#4022,#4023));
#4172=CLOSED_SHELL('',(#4024,#4025,#4026,#4027,#4028,#4029,#4030,#4031,
#4032,#4033,#4034,#4035,#4036,#4037,#4038,#4039,#4040,#4041,#4042,#4043,
#4044,#4045,#4046,#4047,#4048,#4049,#4050,#4051,#4052,#4053,#4054,#4055,
#4056,#4057,#4058,#4059,#4060,#4061,#4062,#4063,#4064,#4065,#4066,#4067,
#4068,#4069,#4070,#4071,#4072,#4073,#4074,#4075,#4076));
#4173=CLOSED_SHELL('',(#4077,#4078,#4079,#4080,#4081,#4082,#4083,#4084,
#4085,#4086,#4087,#4088,#4089,#4090,#4091,#4092,#4093,#4094,#4095,#4096,
#4097,#4098,#4099,#4100,#4101,#4102,#4103,#4104,#4105,#4106,#4107,#4108,
#4109,#4110,#4111));
#4174=CLOSED_SHELL('',(#4112,#4113,#4114,#4115,#4116,#4117,#4118));
#4175=CLOSED_SHELL('',(#4119,#4120,#4121,#4122,#4123,#4124,#4125));
#4176=CLOSED_SHELL('',(#4126,#4127,#4128,#4129,#4130,#4131,#4132));
#4177=CLOSED_SHELL('',(#4133,#4134,#4135,#4136,#4137,#4138,#4139));
#4178=CLOSED_SHELL('',(#4140,#4141,#4142,#4143,#4144,#4145,#4146));
#4179=CLOSED_SHELL('',(#4147,#4148,#4149,#4150,#4151,#4152,#4153));
#4180=CLOSED_SHELL('',(#4154,#4155,#4156,#4157,#4158,#4159,#4160));
#4181=CLOSED_SHELL('',(#4161,#4162,#4163,#4164,#4165,#4166,#4167));
#4182=DERIVED_UNIT_ELEMENT(#4186,1.);
#4183=DERIVED_UNIT_ELEMENT(#11444,3.);
#4184=DERIVED_UNIT_ELEMENT(#4186,1.);
#4185=DERIVED_UNIT_ELEMENT(#11444,3.);
#4186=(
MASS_UNIT()
NAMED_UNIT(*)
SI_UNIT(.KILO.,.GRAM.)
);
#4187=DERIVED_UNIT((#4182,#4183));
#4188=DERIVED_UNIT((#4184,#4185));
#4189=MEASURE_REPRESENTATION_ITEM('density measure',
POSITIVE_RATIO_MEASURE(1060.),#4187);
#4190=MEASURE_REPRESENTATION_ITEM('density measure',
POSITIVE_RATIO_MEASURE(1060.),#4188);
#4191=PROPERTY_DEFINITION_REPRESENTATION(#4201,#4195);
#4192=PROPERTY_DEFINITION_REPRESENTATION(#4202,#4196);
#4193=PROPERTY_DEFINITION_REPRESENTATION(#4203,#4197);
#4194=PROPERTY_DEFINITION_REPRESENTATION(#4204,#4198);
#4195=REPRESENTATION('material name',(#4199),#11440);
#4196=REPRESENTATION('density',(#4189),#11440);
#4197=REPRESENTATION('material name',(#4200),#11441);
#4198=REPRESENTATION('density',(#4190),#11441);
#4199=DESCRIPTIVE_REPRESENTATION_ITEM('ABS Plastic','ABS Plastic');
#4200=DESCRIPTIVE_REPRESENTATION_ITEM('ABS Plastic','ABS Plastic');
#4201=PROPERTY_DEFINITION('material property','material name',#11462);
#4202=PROPERTY_DEFINITION('material property','density of part',#11462);
#4203=PROPERTY_DEFINITION('material property','material name',#11463);
#4204=PROPERTY_DEFINITION('material property','density of part',#11463);
#4205=AXIS2_PLACEMENT_3D('placement',#5707,#4584,#4585);
#4206=AXIS2_PLACEMENT_3D('placement',#5708,#4586,#4587);
#4207=AXIS2_PLACEMENT_3D('',#5709,#4588,#4589);
#4208=AXIS2_PLACEMENT_3D('',#5741,#4591,#4592);
#4209=AXIS2_PLACEMENT_3D('',#5762,#4593,#4594);
#4210=AXIS2_PLACEMENT_3D('',#5838,#4596,#4597);
#4211=AXIS2_PLACEMENT_3D('',#5914,#4599,#4600);
#4212=AXIS2_PLACEMENT_3D('',#5990,#4602,#4603);
#4213=AXIS2_PLACEMENT_3D('',#6066,#4605,#4606);
#4214=AXIS2_PLACEMENT_3D('',#6144,#4608,#4609);
#4215=AXIS2_PLACEMENT_3D('',#6220,#4611,#4612);
#4216=AXIS2_PLACEMENT_3D('',#6296,#4614,#4615);
#4217=AXIS2_PLACEMENT_3D('',#6374,#4617,#4618);
#4218=AXIS2_PLACEMENT_3D('',#6450,#4620,#4621);
#4219=AXIS2_PLACEMENT_3D('',#6528,#4623,#4624);
#4220=AXIS2_PLACEMENT_3D('',#6541,#4625,#4626);
#4221=AXIS2_PLACEMENT_3D('',#6546,#4627,#4628);
#4222=AXIS2_PLACEMENT_3D('',#6565,#4630,#4631);
#4223=AXIS2_PLACEMENT_3D('',#6566,#4632,#4633);
#4224=AXIS2_PLACEMENT_3D('',#6595,#4634,#4635);
#4225=AXIS2_PLACEMENT_3D('',#6610,#4636,#4637);
#4226=AXIS2_PLACEMENT_3D('',#6647,#4638,#4639);
#4227=AXIS2_PLACEMENT_3D('',#6648,#4640,#4641);
#4228=AXIS2_PLACEMENT_3D('',#8027,#4642,#4643);
#4229=AXIS2_PLACEMENT_3D('',#8030,#4644,#4645);
#4230=AXIS2_PLACEMENT_3D('',#8036,#4646,#4647);
#4231=AXIS2_PLACEMENT_3D('',#8040,#4648,#4649);
#4232=AXIS2_PLACEMENT_3D('',#8043,#4650,#4651);
#4233=AXIS2_PLACEMENT_3D('',#8044,#4652,#4653);
#4234=AXIS2_PLACEMENT_3D('',#8047,#4654,#4655);
#4235=AXIS2_PLACEMENT_3D('',#8049,#4656,#4657);
#4236=AXIS2_PLACEMENT_3D('',#8051,#4658,#4659);
#4237=AXIS2_PLACEMENT_3D('',#8053,#4660,#4661);
#4238=AXIS2_PLACEMENT_3D('',#8054,#4662,#4663);
#4239=AXIS2_PLACEMENT_3D('',#8056,#4664,#4665);
#4240=AXIS2_PLACEMENT_3D('',#8058,#4666,#4667);
#4241=AXIS2_PLACEMENT_3D('',#8060,#4668,#4669);
#4242=AXIS2_PLACEMENT_3D('',#8062,#4670,#4671);
#4243=AXIS2_PLACEMENT_3D('',#8064,#4672,#4673);
#4244=AXIS2_PLACEMENT_3D('',#8066,#4674,#4675);
#4245=AXIS2_PLACEMENT_3D('',#8068,#4676,#4677);
#4246=AXIS2_PLACEMENT_3D('',#8070,#4678,#4679);
#4247=AXIS2_PLACEMENT_3D('',#8072,#4680,#4681);
#4248=AXIS2_PLACEMENT_3D('',#8074,#4682,#4683);
#4249=AXIS2_PLACEMENT_3D('',#8076,#4684,#4685);
#4250=AXIS2_PLACEMENT_3D('',#8078,#4686,#4687);
#4251=AXIS2_PLACEMENT_3D('',#8080,#4688,#4689);
#4252=AXIS2_PLACEMENT_3D('',#8081,#4690,#4691);
#4253=AXIS2_PLACEMENT_3D('',#8082,#4692,#4693);
#4254=AXIS2_PLACEMENT_3D('',#8085,#4694,#4695);
#4255=AXIS2_PLACEMENT_3D('',#8086,#4696,#4697);
#4256=AXIS2_PLACEMENT_3D('',#8090,#4699,#4700);
#4257=AXIS2_PLACEMENT_3D('',#8091,#4701,#4702);
#4258=AXIS2_PLACEMENT_3D('',#8092,#4703,#4704);
#4259=AXIS2_PLACEMENT_3D('',#8093,#4705,#4706);
#4260=AXIS2_PLACEMENT_3D('',#8094,#4707,#4708);
#4261=AXIS2_PLACEMENT_3D('',#8095,#4709,#4710);
#4262=AXIS2_PLACEMENT_3D('',#8101,#4711,#4712);
#4263=AXIS2_PLACEMENT_3D('',#8105,#4713,#4714);
#4264=AXIS2_PLACEMENT_3D('',#8109,#4717,#4718);
#4265=AXIS2_PLACEMENT_3D('',#8113,#4721,#4722);
#4266=AXIS2_PLACEMENT_3D('',#8117,#4725,#4726);
#4267=AXIS2_PLACEMENT_3D('',#8119,#4728,#4729);
#4268=AXIS2_PLACEMENT_3D('',#8129,#4734,#4735);
#4269=AXIS2_PLACEMENT_3D('',#8139,#4740,#4741);
#4270=AXIS2_PLACEMENT_3D('',#8147,#4746,#4747);
#4271=AXIS2_PLACEMENT_3D('',#8154,#4748,#4749);
#4272=AXIS2_PLACEMENT_3D('',#8156,#4751,#4752);
#4273=AXIS2_PLACEMENT_3D('',#8158,#4754,#4755);
#4274=AXIS2_PLACEMENT_3D('',#8160,#4757,#4758);
#4275=AXIS2_PLACEMENT_3D('',#8161,#4759,#4760);
#4276=AXIS2_PLACEMENT_3D('',#8168,#4761,#4762);
#4277=AXIS2_PLACEMENT_3D('',#8170,#4764,#4765);
#4278=AXIS2_PLACEMENT_3D('',#8172,#4767,#4768);
#4279=AXIS2_PLACEMENT_3D('',#8174,#4770,#4771);
#4280=AXIS2_PLACEMENT_3D('',#8175,#4772,#4773);
#4281=AXIS2_PLACEMENT_3D('',#8177,#4775,#4776);
#4282=AXIS2_PLACEMENT_3D('',#8179,#4778,#4779);
#4283=AXIS2_PLACEMENT_3D('',#8181,#4781,#4782);
#4284=AXIS2_PLACEMENT_3D('placement',#8182,#4783,#4784);
#4285=AXIS2_PLACEMENT_3D('',#8183,#4785,#4786);
#4286=AXIS2_PLACEMENT_3D('',#8209,#4788,#4789);
#4287=AXIS2_PLACEMENT_3D('',#8236,#4790,#4791);
#4288=AXIS2_PLACEMENT_3D('',#8312,#4793,#4794);
#4289=AXIS2_PLACEMENT_3D('',#8388,#4796,#4797);
#4290=AXIS2_PLACEMENT_3D('',#8464,#4799,#4800);
#4291=AXIS2_PLACEMENT_3D('',#8540,#4802,#4803);
#4292=AXIS2_PLACEMENT_3D('',#8618,#4805,#4806);
#4293=AXIS2_PLACEMENT_3D('',#8694,#4808,#4809);
#4294=AXIS2_PLACEMENT_3D('',#8770,#4811,#4812);
#4295=AXIS2_PLACEMENT_3D('',#8848,#4814,#4815);
#4296=AXIS2_PLACEMENT_3D('',#8924,#4817,#4818);
#4297=AXIS2_PLACEMENT_3D('',#8934,#4820,#4821);
#4298=AXIS2_PLACEMENT_3D('',#8945,#4822,#4823);
#4299=AXIS2_PLACEMENT_3D('',#9020,#4824,#4825);
#4300=AXIS2_PLACEMENT_3D('',#9052,#4826,#4827);
#4301=AXIS2_PLACEMENT_3D('',#9082,#4829,#4830);
#4302=AXIS2_PLACEMENT_3D('',#9083,#4831,#4832);
#4303=AXIS2_PLACEMENT_3D('',#9084,#4833,#4834);
#4304=AXIS2_PLACEMENT_3D('',#9105,#4835,#4836);
#4305=AXIS2_PLACEMENT_3D('',#9122,#4837,#4838);
#4306=AXIS2_PLACEMENT_3D('',#10501,#4839,#4840);
#4307=AXIS2_PLACEMENT_3D('',#10504,#4841,#4842);
#4308=AXIS2_PLACEMENT_3D('',#10510,#4843,#4844);
#4309=AXIS2_PLACEMENT_3D('',#10514,#4845,#4846);
#4310=AXIS2_PLACEMENT_3D('',#10517,#4847,#4848);
#4311=AXIS2_PLACEMENT_3D('',#10518,#4849,#4850);
#4312=AXIS2_PLACEMENT_3D('',#10521,#4851,#4852);
#4313=AXIS2_PLACEMENT_3D('',#10523,#4853,#4854);
#4314=AXIS2_PLACEMENT_3D('',#10525,#4855,#4856);
#4315=AXIS2_PLACEMENT_3D('',#10527,#4857,#4858);
#4316=AXIS2_PLACEMENT_3D('',#10529,#4859,#4860);
#4317=AXIS2_PLACEMENT_3D('',#10531,#4861,#4862);
#4318=AXIS2_PLACEMENT_3D('',#10533,#4863,#4864);
#4319=AXIS2_PLACEMENT_3D('',#10535,#4865,#4866);
#4320=AXIS2_PLACEMENT_3D('',#10537,#4867,#4868);
#4321=AXIS2_PLACEMENT_3D('',#10539,#4869,#4870);
#4322=AXIS2_PLACEMENT_3D('',#10541,#4871,#4872);
#4323=AXIS2_PLACEMENT_3D('',#10543,#4873,#4874);
#4324=AXIS2_PLACEMENT_3D('',#10545,#4875,#4876);
#4325=AXIS2_PLACEMENT_3D('',#10547,#4877,#4878);
#4326=AXIS2_PLACEMENT_3D('',#10548,#4879,#4880);
#4327=AXIS2_PLACEMENT_3D('',#10550,#4881,#4882);
#4328=AXIS2_PLACEMENT_3D('',#10552,#4883,#4884);
#4329=AXIS2_PLACEMENT_3D('',#10554,#4885,#4886);
#4330=AXIS2_PLACEMENT_3D('',#10555,#4887,#4888);
#4331=AXIS2_PLACEMENT_3D('',#10556,#4889,#4890);
#4332=AXIS2_PLACEMENT_3D('',#10559,#4891,#4892);
#4333=AXIS2_PLACEMENT_3D('',#10563,#4894,#4895);
#4334=AXIS2_PLACEMENT_3D('',#10564,#4896,#4897);
#4335=AXIS2_PLACEMENT_3D('',#10565,#4898,#4899);
#4336=AXIS2_PLACEMENT_3D('',#10566,#4900,#4901);
#4337=AXIS2_PLACEMENT_3D('',#10567,#4902,#4903);
#4338=AXIS2_PLACEMENT_3D('',#10568,#4904,#4905);
#4339=AXIS2_PLACEMENT_3D('',#10569,#4906,#4907);
#4340=AXIS2_PLACEMENT_3D('',#10575,#4908,#4909);
#4341=AXIS2_PLACEMENT_3D('',#10579,#4910,#4911);
#4342=AXIS2_PLACEMENT_3D('',#10583,#4914,#4915);
#4343=AXIS2_PLACEMENT_3D('',#10587,#4918,#4919);
#4344=AXIS2_PLACEMENT_3D('',#10591,#4922,#4923);
#4345=AXIS2_PLACEMENT_3D('',#10593,#4925,#4926);
#4346=AXIS2_PLACEMENT_3D('',#10603,#4931,#4932);
#4347=AXIS2_PLACEMENT_3D('',#10613,#4937,#4938);
#4348=AXIS2_PLACEMENT_3D('',#10621,#4943,#4944);
#4349=AXIS2_PLACEMENT_3D('',#10628,#4945,#4946);
#4350=AXIS2_PLACEMENT_3D('',#10630,#4948,#4949);
#4351=AXIS2_PLACEMENT_3D('',#10632,#4951,#4952);
#4352=AXIS2_PLACEMENT_3D('',#10634,#4954,#4955);
#4353=AXIS2_PLACEMENT_3D('',#10635,#4956,#4957);
#4354=AXIS2_PLACEMENT_3D('',#10642,#4958,#4959);
#4355=AXIS2_PLACEMENT_3D('',#10644,#4961,#4962);
#4356=AXIS2_PLACEMENT_3D('',#10646,#4964,#4965);
#4357=AXIS2_PLACEMENT_3D('',#10648,#4967,#4968);
#4358=AXIS2_PLACEMENT_3D('',#10649,#4969,#4970);
#4359=AXIS2_PLACEMENT_3D('',#10651,#4972,#4973);
#4360=AXIS2_PLACEMENT_3D('',#10653,#4975,#4976);
#4361=AXIS2_PLACEMENT_3D('',#10655,#4978,#4979);
#4362=AXIS2_PLACEMENT_3D('',#10656,#4980,#4981);
#4363=AXIS2_PLACEMENT_3D('',#10659,#4982,#4983);
#4364=AXIS2_PLACEMENT_3D('',#10663,#4985,#4986);
#4365=AXIS2_PLACEMENT_3D('',#10676,#4988,#4989);
#4366=AXIS2_PLACEMENT_3D('',#10677,#4990,#4991);
#4367=AXIS2_PLACEMENT_3D('',#10678,#4992,#4993);
#4368=AXIS2_PLACEMENT_3D('',#10679,#4994,#4995);
#4369=AXIS2_PLACEMENT_3D('',#10682,#4996,#4997);
#4370=AXIS2_PLACEMENT_3D('',#10696,#5000,#5001);
#4371=AXIS2_PLACEMENT_3D('',#10697,#5002,#5003);
#4372=AXIS2_PLACEMENT_3D('',#10698,#5004,#5005);
#4373=AXIS2_PLACEMENT_3D('',#10699,#5006,#5007);
#4374=AXIS2_PLACEMENT_3D('',#10702,#5008,#5009);
#4375=AXIS2_PLACEMENT_3D('',#10705,#5012,#5013);
#4376=AXIS2_PLACEMENT_3D('',#10719,#5021,#5022);
#4377=AXIS2_PLACEMENT_3D('',#10722,#5024,#5025);
#4378=AXIS2_PLACEMENT_3D('',#10723,#5026,#5027);
#4379=AXIS2_PLACEMENT_3D('',#10737,#5034,#5035);
#4380=AXIS2_PLACEMENT_3D('',#10765,#5049,#5050);
#4381=AXIS2_PLACEMENT_3D('',#10783,#5060,#5061);
#4382=AXIS2_PLACEMENT_3D('',#10786,#5063,#5064);
#4383=AXIS2_PLACEMENT_3D('',#10787,#5065,#5066);
#4384=AXIS2_PLACEMENT_3D('',#10799,#5073,#5074);
#4385=AXIS2_PLACEMENT_3D('',#10802,#5075,#5076);
#4386=AXIS2_PLACEMENT_3D('',#10806,#5078,#5079);
#4387=AXIS2_PLACEMENT_3D('',#10818,#5081,#5082);
#4388=AXIS2_PLACEMENT_3D('',#10819,#5083,#5084);
#4389=AXIS2_PLACEMENT_3D('',#10820,#5085,#5086);
#4390=AXIS2_PLACEMENT_3D('',#10821,#5087,#5088);
#4391=AXIS2_PLACEMENT_3D('',#10823,#5089,#5090);
#4392=AXIS2_PLACEMENT_3D('',#10836,#5092,#5093);
#4393=AXIS2_PLACEMENT_3D('',#10837,#5094,#5095);
#4394=AXIS2_PLACEMENT_3D('',#10838,#5096,#5097);
#4395=AXIS2_PLACEMENT_3D('',#10839,#5098,#5099);
#4396=AXIS2_PLACEMENT_3D('',#10842,#5100,#5101);
#4397=AXIS2_PLACEMENT_3D('',#10845,#5104,#5105);
#4398=AXIS2_PLACEMENT_3D('',#10847,#5107,#5108);
#4399=AXIS2_PLACEMENT_3D('',#10851,#5110,#5111);
#4400=AXIS2_PLACEMENT_3D('',#10860,#5116,#5117);
#4401=AXIS2_PLACEMENT_3D('',#10863,#5120,#5121);
#4402=AXIS2_PLACEMENT_3D('',#10865,#5122,#5123);
#4403=AXIS2_PLACEMENT_3D('',#10867,#5125,#5126);
#4404=AXIS2_PLACEMENT_3D('',#10873,#5130,#5131);
#4405=AXIS2_PLACEMENT_3D('',#10875,#5132,#5133);
#4406=AXIS2_PLACEMENT_3D('',#10877,#5134,#5135);
#4407=AXIS2_PLACEMENT_3D('',#10879,#5137,#5138);
#4408=AXIS2_PLACEMENT_3D('',#10882,#5141,#5142);
#4409=AXIS2_PLACEMENT_3D('',#10883,#5143,#5144);
#4410=AXIS2_PLACEMENT_3D('',#10884,#5145,#5146);
#4411=AXIS2_PLACEMENT_3D('',#10885,#5147,#5148);
#4412=AXIS2_PLACEMENT_3D('',#10889,#5151,#5152);
#4413=AXIS2_PLACEMENT_3D('',#10890,#5153,#5154);
#4414=AXIS2_PLACEMENT_3D('',#10894,#5157,#5158);
#4415=AXIS2_PLACEMENT_3D('',#10895,#5159,#5160);
#4416=AXIS2_PLACEMENT_3D('',#10896,#5161,#5162);
#4417=AXIS2_PLACEMENT_3D('',#10897,#5163,#5164);
#4418=AXIS2_PLACEMENT_3D('',#10899,#5166,#5167);
#4419=AXIS2_PLACEMENT_3D('',#10901,#5168,#5169);
#4420=AXIS2_PLACEMENT_3D('',#10903,#5170,#5171);
#4421=AXIS2_PLACEMENT_3D('',#10905,#5173,#5174);
#4422=AXIS2_PLACEMENT_3D('',#10911,#5178,#5179);
#4423=AXIS2_PLACEMENT_3D('',#10914,#5181,#5182);
#4424=AXIS2_PLACEMENT_3D('',#10915,#5183,#5184);
#4425=AXIS2_PLACEMENT_3D('',#10921,#5188,#5189);
#4426=AXIS2_PLACEMENT_3D('',#10927,#5193,#5194);
#4427=AXIS2_PLACEMENT_3D('',#10931,#5197,#5198);
#4428=AXIS2_PLACEMENT_3D('',#10935,#5201,#5202);
#4429=AXIS2_PLACEMENT_3D('',#10937,#5204,#5205);
#4430=AXIS2_PLACEMENT_3D('',#10938,#5206,#5207);
#4431=AXIS2_PLACEMENT_3D('',#10942,#5210,#5211);
#4432=AXIS2_PLACEMENT_3D('',#10946,#5214,#5215);
#4433=AXIS2_PLACEMENT_3D('',#10948,#5217,#5218);
#4434=AXIS2_PLACEMENT_3D('',#10950,#5220,#5221);
#4435=AXIS2_PLACEMENT_3D('',#10952,#5223,#5224);
#4436=AXIS2_PLACEMENT_3D('',#10956,#5227,#5228);
#4437=AXIS2_PLACEMENT_3D('',#10958,#5230,#5231);
#4438=AXIS2_PLACEMENT_3D('',#10959,#5232,#5233);
#4439=AXIS2_PLACEMENT_3D('',#10963,#5236,#5237);
#4440=AXIS2_PLACEMENT_3D('',#10965,#5239,#5240);
#4441=AXIS2_PLACEMENT_3D('',#10966,#5241,#5242);
#4442=AXIS2_PLACEMENT_3D('',#10967,#5243,#5244);
#4443=AXIS2_PLACEMENT_3D('',#10969,#5246,#5247);
#4444=AXIS2_PLACEMENT_3D('',#10971,#5249,#5250);
#4445=AXIS2_PLACEMENT_3D('',#10972,#5251,#5252);
#4446=AXIS2_PLACEMENT_3D('',#10974,#5254,#5255);
#4447=AXIS2_PLACEMENT_3D('',#10975,#5256,#5257);
#4448=AXIS2_PLACEMENT_3D('',#11002,#5270,#5271);
#4449=AXIS2_PLACEMENT_3D('',#11006,#5273,#5274);
#4450=AXIS2_PLACEMENT_3D('',#11009,#5276,#5277);
#4451=AXIS2_PLACEMENT_3D('',#11010,#5278,#5279);
#4452=AXIS2_PLACEMENT_3D('',#11021,#5284,#5285);
#4453=AXIS2_PLACEMENT_3D('',#11033,#5291,#5292);
#4454=AXIS2_PLACEMENT_3D('',#11035,#5294,#5295);
#4455=AXIS2_PLACEMENT_3D('',#11041,#5299,#5300);
#4456=AXIS2_PLACEMENT_3D('',#11047,#5304,#5305);
#4457=AXIS2_PLACEMENT_3D('',#11053,#5309,#5310);
#4458=AXIS2_PLACEMENT_3D('',#11059,#5314,#5315);
#4459=AXIS2_PLACEMENT_3D('',#11068,#5320,#5321);
#4460=AXIS2_PLACEMENT_3D('',#11071,#5324,#5325);
#4461=AXIS2_PLACEMENT_3D('',#11077,#5329,#5330);
#4462=AXIS2_PLACEMENT_3D('',#11079,#5332,#5333);
#4463=AXIS2_PLACEMENT_3D('',#11081,#5335,#5336);
#4464=AXIS2_PLACEMENT_3D('',#11087,#5341,#5342);
#4465=AXIS2_PLACEMENT_3D('',#11093,#5346,#5347);
#4466=AXIS2_PLACEMENT_3D('',#11095,#5348,#5349);
#4467=AXIS2_PLACEMENT_3D('',#11097,#5351,#5352);
#4468=AXIS2_PLACEMENT_3D('',#11101,#5355,#5356);
#4469=AXIS2_PLACEMENT_3D('',#11102,#5357,#5358);
#4470=AXIS2_PLACEMENT_3D('',#11103,#5359,#5360);
#4471=AXIS2_PLACEMENT_3D('',#11105,#5361,#5362);
#4472=AXIS2_PLACEMENT_3D('',#11107,#5364,#5365);
#4473=AXIS2_PLACEMENT_3D('',#11109,#5367,#5368);
#4474=AXIS2_PLACEMENT_3D('',#11110,#5369,#5370);
#4475=AXIS2_PLACEMENT_3D('',#11119,#5375,#5376);
#4476=AXIS2_PLACEMENT_3D('',#11122,#5379,#5380);
#4477=AXIS2_PLACEMENT_3D('',#11124,#5382,#5383);
#4478=AXIS2_PLACEMENT_3D('',#11130,#5387,#5388);
#4479=AXIS2_PLACEMENT_3D('',#11136,#5392,#5393);
#4480=AXIS2_PLACEMENT_3D('',#11140,#5396,#5397);
#4481=AXIS2_PLACEMENT_3D('',#11144,#5400,#5401);
#4482=AXIS2_PLACEMENT_3D('',#11150,#5405,#5406);
#4483=AXIS2_PLACEMENT_3D('',#11157,#5411,#5412);
#4484=AXIS2_PLACEMENT_3D('',#11161,#5415,#5416);
#4485=AXIS2_PLACEMENT_3D('',#11163,#5418,#5419);
#4486=AXIS2_PLACEMENT_3D('',#11164,#5420,#5421);
#4487=AXIS2_PLACEMENT_3D('',#11166,#5422,#5423);
#4488=AXIS2_PLACEMENT_3D('',#11168,#5425,#5426);
#4489=AXIS2_PLACEMENT_3D('',#11172,#5429,#5430);
#4490=AXIS2_PLACEMENT_3D('',#11173,#5431,#5432);
#4491=AXIS2_PLACEMENT_3D('',#11174,#5433,#5434);
#4492=AXIS2_PLACEMENT_3D('',#11175,#5435,#5436);
#4493=AXIS2_PLACEMENT_3D('',#11177,#5437,#5438);
#4494=AXIS2_PLACEMENT_3D('',#11180,#5440,#5441);
#4495=AXIS2_PLACEMENT_3D('',#11181,#5442,#5443);
#4496=AXIS2_PLACEMENT_3D('',#11190,#5448,#5449);
#4497=AXIS2_PLACEMENT_3D('',#11192,#5450,#5451);
#4498=AXIS2_PLACEMENT_3D('',#11194,#5452,#5453);
#4499=AXIS2_PLACEMENT_3D('',#11196,#5455,#5456);
#4500=AXIS2_PLACEMENT_3D('',#11202,#5460,#5461);
#4501=AXIS2_PLACEMENT_3D('',#11203,#5462,#5463);
#4502=AXIS2_PLACEMENT_3D('',#11204,#5464,#5465);
#4503=AXIS2_PLACEMENT_3D('',#11205,#5466,#5467);
#4504=AXIS2_PLACEMENT_3D('',#11206,#5468,#5469);
#4505=AXIS2_PLACEMENT_3D('',#11207,#5470,#5471);
#4506=AXIS2_PLACEMENT_3D('',#11209,#5472,#5473);
#4507=AXIS2_PLACEMENT_3D('',#11212,#5475,#5476);
#4508=AXIS2_PLACEMENT_3D('',#11213,#5477,#5478);
#4509=AXIS2_PLACEMENT_3D('',#11222,#5483,#5484);
#4510=AXIS2_PLACEMENT_3D('',#11224,#5485,#5486);
#4511=AXIS2_PLACEMENT_3D('',#11226,#5487,#5488);
#4512=AXIS2_PLACEMENT_3D('',#11228,#5490,#5491);
#4513=AXIS2_PLACEMENT_3D('',#11234,#5495,#5496);
#4514=AXIS2_PLACEMENT_3D('',#11235,#5497,#5498);
#4515=AXIS2_PLACEMENT_3D('',#11236,#5499,#5500);
#4516=AXIS2_PLACEMENT_3D('',#11237,#5501,#5502);
#4517=AXIS2_PLACEMENT_3D('',#11238,#5503,#5504);
#4518=AXIS2_PLACEMENT_3D('',#11239,#5505,#5506);
#4519=AXIS2_PLACEMENT_3D('',#11241,#5507,#5508);
#4520=AXIS2_PLACEMENT_3D('',#11244,#5510,#5511);
#4521=AXIS2_PLACEMENT_3D('',#11245,#5512,#5513);
#4522=AXIS2_PLACEMENT_3D('',#11254,#5518,#5519);
#4523=AXIS2_PLACEMENT_3D('',#11260,#5523,#5524);
#4524=AXIS2_PLACEMENT_3D('',#11266,#5528,#5529);
#4525=AXIS2_PLACEMENT_3D('',#11269,#5532,#5533);
#4526=AXIS2_PLACEMENT_3D('',#11270,#5534,#5535);
#4527=AXIS2_PLACEMENT_3D('',#11271,#5536,#5537);
#4528=AXIS2_PLACEMENT_3D('',#11273,#5538,#5539);
#4529=AXIS2_PLACEMENT_3D('',#11276,#5541,#5542);
#4530=AXIS2_PLACEMENT_3D('',#11277,#5543,#5544);
#4531=AXIS2_PLACEMENT_3D('',#11286,#5549,#5550);
#4532=AXIS2_PLACEMENT_3D('',#11292,#5554,#5555);
#4533=AXIS2_PLACEMENT_3D('',#11298,#5559,#5560);
#4534=AXIS2_PLACEMENT_3D('',#11301,#5563,#5564);
#4535=AXIS2_PLACEMENT_3D('',#11302,#5565,#5566);
#4536=AXIS2_PLACEMENT_3D('',#11303,#5567,#5568);
#4537=AXIS2_PLACEMENT_3D('',#11305,#5569,#5570);
#4538=AXIS2_PLACEMENT_3D('',#11308,#5572,#5573);
#4539=AXIS2_PLACEMENT_3D('',#11309,#5574,#5575);
#4540=AXIS2_PLACEMENT_3D('',#11318,#5580,#5581);
#4541=AXIS2_PLACEMENT_3D('',#11324,#5585,#5586);
#4542=AXIS2_PLACEMENT_3D('',#11330,#5590,#5591);
#4543=AXIS2_PLACEMENT_3D('',#11333,#5594,#5595);
#4544=AXIS2_PLACEMENT_3D('',#11334,#5596,#5597);
#4545=AXIS2_PLACEMENT_3D('',#11335,#5598,#5599);
#4546=AXIS2_PLACEMENT_3D('',#11337,#5600,#5601);
#4547=AXIS2_PLACEMENT_3D('',#11340,#5603,#5604);
#4548=AXIS2_PLACEMENT_3D('',#11341,#5605,#5606);
#4549=AXIS2_PLACEMENT_3D('',#11350,#5611,#5612);
#4550=AXIS2_PLACEMENT_3D('',#11356,#5616,#5617);
#4551=AXIS2_PLACEMENT_3D('',#11362,#5621,#5622);
#4552=AXIS2_PLACEMENT_3D('',#11365,#5625,#5626);
#4553=AXIS2_PLACEMENT_3D('',#11366,#5627,#5628);
#4554=AXIS2_PLACEMENT_3D('',#11367,#5629,#5630);
#4555=AXIS2_PLACEMENT_3D('',#11369,#5631,#5632);
#4556=AXIS2_PLACEMENT_3D('',#11372,#5634,#5635);
#4557=AXIS2_PLACEMENT_3D('',#11373,#5636,#5637);
#4558=AXIS2_PLACEMENT_3D('',#11382,#5642,#5643);
#4559=AXIS2_PLACEMENT_3D('',#11384,#5644,#5645);
#4560=AXIS2_PLACEMENT_3D('',#11387,#5647,#5648);
#4561=AXIS2_PLACEMENT_3D('',#11388,#5649,#5650);
#4562=AXIS2_PLACEMENT_3D('',#11394,#5654,#5655);
#4563=AXIS2_PLACEMENT_3D('',#11395,#5656,#5657);
#4564=AXIS2_PLACEMENT_3D('',#11396,#5658,#5659);
#4565=AXIS2_PLACEMENT_3D('',#11397,#5660,#5661);
#4566=AXIS2_PLACEMENT_3D('',#11398,#5662,#5663);
#4567=AXIS2_PLACEMENT_3D('',#11399,#5664,#5665);
#4568=AXIS2_PLACEMENT_3D('',#11401,#5666,#5667);
#4569=AXIS2_PLACEMENT_3D('',#11404,#5669,#5670);
#4570=AXIS2_PLACEMENT_3D('',#11405,#5671,#5672);
#4571=AXIS2_PLACEMENT_3D('',#11414,#5677,#5678);
#4572=AXIS2_PLACEMENT_3D('',#11416,#5679,#5680);
#4573=AXIS2_PLACEMENT_3D('',#11419,#5682,#5683);
#4574=AXIS2_PLACEMENT_3D('',#11420,#5684,#5685);
#4575=AXIS2_PLACEMENT_3D('',#11426,#5689,#5690);
#4576=AXIS2_PLACEMENT_3D('',#11427,#5691,#5692);
#4577=AXIS2_PLACEMENT_3D('',#11428,#5693,#5694);
#4578=AXIS2_PLACEMENT_3D('',#11429,#5695,#5696);
#4579=AXIS2_PLACEMENT_3D('',#11430,#5697,#5698);
#4580=AXIS2_PLACEMENT_3D('',#11431,#5699,#5700);
#4581=AXIS2_PLACEMENT_3D('',#11432,#5701,#5702);
#4582=AXIS2_PLACEMENT_3D('',#11433,#5703,#5704);
#4583=AXIS2_PLACEMENT_3D('',#11434,#5705,#5706);
#4584=DIRECTION('axis',(0.,0.,1.));
#4585=DIRECTION('refdir',(1.,0.,0.));
#4586=DIRECTION('axis',(0.,0.,1.));
#4587=DIRECTION('refdir',(1.,0.,0.));
#4588=DIRECTION('center_axis',(0.,0.,1.));
#4589=DIRECTION('ref_axis',(1.,0.,0.));
#4590=DIRECTION('',(0.,0.,-1.));
#4591=DIRECTION('center_axis',(0.,0.,1.));
#4592=DIRECTION('ref_axis',(1.,0.,0.));
#4593=DIRECTION('center_axis',(0.,0.,1.));
#4594=DIRECTION('ref_axis',(1.,0.,0.));
#4595=DIRECTION('',(0.,0.,-1.));
#4596=DIRECTION('center_axis',(0.,0.,1.));
#4597=DIRECTION('ref_axis',(1.,0.,0.));
#4598=DIRECTION('',(0.,0.,-1.));
#4599=DIRECTION('center_axis',(0.,0.,1.));
#4600=DIRECTION('ref_axis',(1.,0.,0.));
#4601=DIRECTION('',(0.,0.,-1.));
#4602=DIRECTION('center_axis',(0.,0.,1.));
#4603=DIRECTION('ref_axis',(1.,0.,0.));
#4604=DIRECTION('',(0.,0.,-1.));
#4605=DIRECTION('center_axis',(0.,0.,1.));
#4606=DIRECTION('ref_axis',(1.,0.,0.));
#4607=DIRECTION('',(0.,0.,-1.));
#4608=DIRECTION('center_axis',(0.,0.,1.));
#4609=DIRECTION('ref_axis',(1.,0.,0.));
#4610=DIRECTION('',(0.,0.,-1.));
#4611=DIRECTION('center_axis',(0.,0.,1.));
#4612=DIRECTION('ref_axis',(1.,0.,0.));
#4613=DIRECTION('',(0.,0.,-1.));
#4614=DIRECTION('center_axis',(0.,0.,1.));
#4615=DIRECTION('ref_axis',(1.,0.,0.));
#4616=DIRECTION('',(0.,0.,-1.));
#4617=DIRECTION('center_axis',(0.,0.,1.));
#4618=DIRECTION('ref_axis',(1.,0.,0.));
#4619=DIRECTION('',(0.,0.,-1.));
#4620=DIRECTION('center_axis',(0.,0.,1.));
#4621=DIRECTION('ref_axis',(1.,0.,0.));
#4622=DIRECTION('',(0.,0.,-1.));
#4623=DIRECTION('center_axis',(0.,0.,1.));
#4624=DIRECTION('ref_axis',(1.,0.,0.));
#4625=DIRECTION('center_axis',(0.,0.,1.));
#4626=DIRECTION('ref_axis',(1.,0.,0.));
#4627=DIRECTION('center_axis',(0.,0.,1.));
#4628=DIRECTION('ref_axis',(1.,0.,0.));
#4629=DIRECTION('',(0.707106781186549,8.65956056235495E-17,-0.707106781186546));
#4630=DIRECTION('center_axis',(0.,0.,-1.));
#4631=DIRECTION('ref_axis',(1.,0.,0.));
#4632=DIRECTION('center_axis',(0.,0.,-1.));
#4633=DIRECTION('ref_axis',(1.,0.,0.));
#4634=DIRECTION('center_axis',(-6.82815365476476E-13,2.48782842357212E-12,
-1.));
#4635=DIRECTION('ref_axis',(0.0744824711362638,-0.997222323001965,-2.53199617352302E-12));
#4636=DIRECTION('center_axis',(0.,0.,-1.));
#4637=DIRECTION('ref_axis',(-1.,0.,0.));
#4638=DIRECTION('center_axis',(-1.02265091325163E-13,-1.38569430787218E-13,
-1.));
#4639=DIRECTION('ref_axis',(0.946933827397221,0.321428571428942,-1.4137844851932E-13));
#4640=DIRECTION('center_axis',(0.,0.,1.));
#4641=DIRECTION('ref_axis',(1.,0.,0.));
#4642=DIRECTION('center_axis',(0.,0.,1.));
#4643=DIRECTION('ref_axis',(1.,0.,0.));
#4644=DIRECTION('center_axis',(0.,0.,1.));
#4645=DIRECTION('ref_axis',(1.,0.,0.));
#4646=DIRECTION('center_axis',(0.,0.,-1.));
#4647=DIRECTION('ref_axis',(-1.,0.,0.));
#4648=DIRECTION('center_axis',(1.,6.12323399573677E-17,0.));
#4649=DIRECTION('ref_axis',(0.,1.,1.2445132451017E-16));
#4650=DIRECTION('center_axis',(0.,1.22464679914735E-16,-1.));
#4651=DIRECTION('ref_axis',(0.,1.,1.22464679914735E-16));
#4652=DIRECTION('center_axis',(0.,1.22464679914735E-16,-1.));
#4653=DIRECTION('ref_axis',(0.,1.,1.22464679914735E-16));
#4654=DIRECTION('center_axis',(0.,0.,-1.));
#4655=DIRECTION('ref_axis',(-1.,0.,0.));
#4656=DIRECTION('center_axis',(0.996194698091746,2.70133978815902E-16,-0.0871557427476584));
#4657=DIRECTION('ref_axis',(0.0871557427476584,1.59872115546023E-14,0.996194698091746));
#4658=DIRECTION('center_axis',(0.920363891963228,0.381227206369645,-0.0871557427476584));
#4659=DIRECTION('ref_axis',(0.38268343236508,-0.923879532511291,-1.24032728532342E-14));
#4660=DIRECTION('center_axis',(0.381227206369648,0.920363891963227,-0.0871557427476584));
#4661=DIRECTION('ref_axis',(0.923879532511289,-0.382683432365085,-1.24067423001861E-14));
#4662=DIRECTION('center_axis',(0.,0.996194698091746,-0.0871557427476584));
#4663=DIRECTION('ref_axis',(0.,-0.0871557427476584,-0.996194698091746));
#4664=DIRECTION('center_axis',(1.07047195735413E-14,-0.996194698091746,
-0.0871557427476584));
#4665=DIRECTION('ref_axis',(7.99360577730113E-15,-0.0871557427476584,0.996194698091746));
#4666=DIRECTION('center_axis',(0.381227206369655,-0.920363891963224,-0.0871557427476584));
#4667=DIRECTION('ref_axis',(-0.923879532511287,-0.38268343236509,-1.241368119409E-14));
#4668=DIRECTION('center_axis',(0.920363891963231,-0.381227206369638,-0.0871557427476583));
#4669=DIRECTION('ref_axis',(-0.382683432365075,-0.923879532511293,-1.24102117471381E-14));
#4670=DIRECTION('center_axis',(0.996194698091746,1.04345855947254E-14,-0.0871557427476584));
#4671=DIRECTION('ref_axis',(0.0871557427476584,0.,0.996194698091746));
#4672=DIRECTION('center_axis',(0.,0.,-1.));
#4673=DIRECTION('ref_axis',(-1.,0.,0.));
#4674=DIRECTION('center_axis',(-0.996194698091746,-7.2265243752995E-15,
-0.0871557427476584));
#4675=DIRECTION('ref_axis',(0.0871557427476584,0.,-0.996194698091746));
#4676=DIRECTION('center_axis',(-0.920363891963225,-0.381227206369652,-0.0871557427476584));
#4677=DIRECTION('ref_axis',(-0.382683432365087,0.923879532511288,-1.24032728532342E-14));
#4678=DIRECTION('center_axis',(-0.381227206369641,-0.920363891963229,-0.0871557427476583));
#4679=DIRECTION('ref_axis',(-0.923879532511292,0.382683432365078,-3.46944695195361E-18));
#4680=DIRECTION('center_axis',(6.9563903964836E-15,-0.996194698091746,-0.0871557427476584));
#4681=DIRECTION('ref_axis',(0.,-0.0871557427476584,0.996194698091746));
#4682=DIRECTION('center_axis',(0.,0.,-1.));
#4683=DIRECTION('ref_axis',(-1.,0.,0.));
#4684=DIRECTION('center_axis',(-3.7483291770577E-15,0.996194698091746,-0.0871557427476584));
#4685=DIRECTION('ref_axis',(-9.86076131526265E-32,-0.0871557427476584,-0.996194698091746));
#4686=DIRECTION('center_axis',(-0.381227206369649,0.920363891963227,-0.0871557427476584));
#4687=DIRECTION('ref_axis',(0.923879532511289,0.382683432365084,-1.23998034062822E-14));
#4688=DIRECTION('center_axis',(-0.920363891963228,0.381227206369645,-0.0871557427476584));
#4689=DIRECTION('ref_axis',(0.382683432365082,0.92387953251129,-1.24067423001861E-14));
#4690=DIRECTION('center_axis',(-0.996194698091746,-3.4781951982418E-15,
-0.0871557427476584));
#4691=DIRECTION('ref_axis',(0.0871557427476584,0.,-0.996194698091746));
#4692=DIRECTION('center_axis',(0.,1.22464679914735E-16,-1.));
#4693=DIRECTION('ref_axis',(0.,1.,1.22464679914735E-16));
#4694=DIRECTION('center_axis',(0.,1.22464679914735E-16,-1.));
#4695=DIRECTION('ref_axis',(0.,1.,1.22464679914735E-16));
#4696=DIRECTION('center_axis',(0.,1.22464679914735E-16,-1.));
#4697=DIRECTION('ref_axis',(0.,1.,1.22464679914735E-16));
#4698=DIRECTION('',(1.70437892618156E-17,0.139173100960066,0.99026806874157));
#4699=DIRECTION('center_axis',(0.,1.22464679914735E-16,-1.));
#4700=DIRECTION('ref_axis',(0.,1.,1.22464679914735E-16));
#4701=DIRECTION('center_axis',(0.,1.22464679914735E-16,-1.));
#4702=DIRECTION('ref_axis',(0.,1.,1.22464679914735E-16));
#4703=DIRECTION('center_axis',(0.,1.22464679914735E-16,-1.));
#4704=DIRECTION('ref_axis',(0.,1.,1.35070472233815E-16));
#4705=DIRECTION('center_axis',(-1.,1.22464679914735E-16,1.49975978266186E-32));
#4706=DIRECTION('ref_axis',(-1.22464679914735E-16,-1.,-8.44190451461347E-17));
#4707=DIRECTION('center_axis',(0.,0.,1.));
#4708=DIRECTION('ref_axis',(1.,0.,0.));
#4709=DIRECTION('center_axis',(0.,0.,1.));
#4710=DIRECTION('ref_axis',(1.,0.,0.));
#4711=DIRECTION('center_axis',(0.,0.,1.));
#4712=DIRECTION('ref_axis',(1.,0.,0.));
#4713=DIRECTION('center_axis',(-0.996194698091746,-2.70133978815902E-16,
0.0871557427476584));
#4714=DIRECTION('ref_axis',(0.0871557427476584,-3.08148791101958E-33,0.996194698091746));
#4715=DIRECTION('',(-2.71165846729917E-16,1.,0.));
#4716=DIRECTION('',(0.0871426484044397,0.0173337504938599,0.996045029063886));
#4717=DIRECTION('center_axis',(-0.920363891963228,-0.381227206369645,0.0871557427476584));
#4718=DIRECTION('ref_axis',(0.382683432365082,-0.92387953251129,0.));
#4719=DIRECTION('',(-0.382683432365081,0.92387953251129,0.));
#4720=DIRECTION('',(0.0666626913468327,0.0666626913468325,0.995546167269401));
#4721=DIRECTION('center_axis',(-0.381227206369648,-0.920363891963227,0.0871557427476583));
#4722=DIRECTION('ref_axis',(0.923879532511289,-0.382683432365084,3.46944695195362E-18));
#4723=DIRECTION('',(-0.923879532511289,0.382683432365084,0.));
#4724=DIRECTION('',(0.01733375049386,0.0871426484044397,0.996045029063886));
#4725=DIRECTION('center_axis',(0.,-0.996194698091746,0.0871557427476584));
#4726=DIRECTION('ref_axis',(0.,-0.0871557427476584,-0.996194698091746));
#4727=DIRECTION('',(-1.,0.,0.));
#4728=DIRECTION('center_axis',(0.,0.,1.));
#4729=DIRECTION('ref_axis',(1.,0.,0.));
#4730=DIRECTION('',(3.49148133884313E-15,-1.,0.));
#4731=DIRECTION('',(-0.382683432365081,-0.923879532511291,0.));
#4732=DIRECTION('',(-0.923879532511289,-0.382683432365085,0.));
#4733=DIRECTION('',(-1.,-3.76264718557305E-15,0.));
#4734=DIRECTION('center_axis',(0.,0.,1.));
#4735=DIRECTION('ref_axis',(1.,0.,0.));
#4736=DIRECTION('',(1.,6.98296267768627E-15,0.));
#4737=DIRECTION('',(0.923879532511292,-0.382683432365078,0.));
#4738=DIRECTION('',(0.382683432365088,-0.923879532511288,0.));
#4739=DIRECTION('',(7.25412852441619E-15,-1.,0.));
#4740=DIRECTION('center_axis',(0.,0.,1.));
#4741=DIRECTION('ref_axis',(1.,0.,0.));
#4742=DIRECTION('',(-1.04744440165294E-14,1.,0.));
#4743=DIRECTION('',(0.382683432365074,0.923879532511293,0.));
#4744=DIRECTION('',(0.923879532511286,0.382683432365091,0.));
#4745=DIRECTION('',(1.,1.07456098632593E-14,0.));
#4746=DIRECTION('center_axis',(0.,0.,1.));
#4747=DIRECTION('ref_axis',(-1.,-4.56335677841536E-15,0.));
#4748=DIRECTION('center_axis',(3.7483291770577E-15,-0.996194698091746,0.0871557427476584));
#4749=DIRECTION('ref_axis',(0.,-0.0871557427476584,-0.996194698091746));
#4750=DIRECTION('',(-0.0173337504938601,0.0871426484044396,0.996045029063886));
#4751=DIRECTION('center_axis',(0.381227206369648,-0.920363891963226,0.0871557427476584));
#4752=DIRECTION('ref_axis',(0.923879532511289,0.382683432365085,0.));
#4753=DIRECTION('',(-0.0666626913468327,0.0666626913468324,0.995546167269401));
#4754=DIRECTION('center_axis',(0.920363891963228,-0.381227206369645,0.0871557427476584));
#4755=DIRECTION('ref_axis',(0.382683432365081,0.923879532511291,0.));
#4756=DIRECTION('',(-0.0871426484044397,0.0173337504938597,0.996045029063886));
#4757=DIRECTION('center_axis',(0.996194698091746,3.4781951982418E-15,0.0871557427476584));
#4758=DIRECTION('ref_axis',(0.0871557427476584,0.,-0.996194698091746));
#4759=DIRECTION('center_axis',(0.,0.,1.));
#4760=DIRECTION('ref_axis',(1.,0.,0.));
#4761=DIRECTION('center_axis',(0.996194698091746,7.2265243752995E-15,0.0871557427476584));
#4762=DIRECTION('ref_axis',(0.0871557427476584,9.86076131526265E-32,-0.996194698091746));
#4763=DIRECTION('',(-0.0871426484044396,-0.0173337504938605,0.996045029063886));
#4764=DIRECTION('center_axis',(0.920363891963225,0.381227206369652,0.0871557427476583));
#4765=DIRECTION('ref_axis',(-0.382683432365088,0.923879532511288,-3.46944695195361E-18));
#4766=DIRECTION('',(-0.0666626913468322,-0.0666626913468329,0.995546167269401));
#4767=DIRECTION('center_axis',(0.381227206369641,0.920363891963229,0.0871557427476583));
#4768=DIRECTION('ref_axis',(-0.923879532511292,0.382683432365078,0.));
#4769=DIRECTION('',(-0.0173337504938593,-0.0871426484044398,0.996045029063886));
#4770=DIRECTION('center_axis',(-6.9563903964836E-15,0.996194698091746,0.0871557427476584));
#4771=DIRECTION('ref_axis',(0.,-0.0871557427476584,0.996194698091746));
#4772=DIRECTION('center_axis',(-1.07047195735413E-14,0.996194698091746,
0.0871557427476584));
#4773=DIRECTION('ref_axis',(0.,-0.0871557427476584,0.996194698091746));
#4774=DIRECTION('',(0.0173337504938608,-0.0871426484044395,0.996045029063886));
#4775=DIRECTION('center_axis',(-0.381227206369655,0.920363891963224,0.0871557427476584));
#4776=DIRECTION('ref_axis',(-0.923879532511286,-0.382683432365091,3.46944695195361E-18));
#4777=DIRECTION('',(0.0666626913468332,-0.066662691346832,0.995546167269401));
#4778=DIRECTION('center_axis',(-0.920363891963231,0.381227206369638,0.0871557427476583));
#4779=DIRECTION('ref_axis',(-0.382683432365075,-0.923879532511293,0.));
#4780=DIRECTION('',(0.0871426484044398,-0.017333750493859,0.996045029063886));
#4781=DIRECTION('center_axis',(-0.996194698091746,-1.04345855947254E-14,
0.0871557427476584));
#4782=DIRECTION('ref_axis',(0.0871557427476584,0.,0.996194698091746));
#4783=DIRECTION('axis',(0.,0.,1.));
#4784=DIRECTION('refdir',(1.,0.,0.));
#4785=DIRECTION('center_axis',(0.,0.,1.));
#4786=DIRECTION('ref_axis',(1.,0.,0.));
#4787=DIRECTION('',(0.,0.,1.));
#4788=DIRECTION('center_axis',(0.,0.,1.));
#4789=DIRECTION('ref_axis',(1.,0.,0.));
#4790=DIRECTION('center_axis',(0.,0.,1.));
#4791=DIRECTION('ref_axis',(1.,0.,0.));
#4792=DIRECTION('',(0.,0.,1.));
#4793=DIRECTION('center_axis',(0.,0.,1.));
#4794=DIRECTION('ref_axis',(1.,0.,0.));
#4795=DIRECTION('',(0.,0.,1.));
#4796=DIRECTION('center_axis',(0.,0.,1.));
#4797=DIRECTION('ref_axis',(1.,0.,0.));
#4798=DIRECTION('',(0.,0.,1.));
#4799=DIRECTION('center_axis',(0.,0.,1.));
#4800=DIRECTION('ref_axis',(1.,0.,0.));
#4801=DIRECTION('',(0.,0.,1.));
#4802=DIRECTION('center_axis',(0.,0.,1.));
#4803=DIRECTION('ref_axis',(1.,0.,0.));
#4804=DIRECTION('',(0.,0.,1.));
#4805=DIRECTION('center_axis',(0.,0.,1.));
#4806=DIRECTION('ref_axis',(1.,0.,0.));
#4807=DIRECTION('',(0.,0.,1.));
#4808=DIRECTION('center_axis',(0.,0.,1.));
#4809=DIRECTION('ref_axis',(1.,0.,0.));
#4810=DIRECTION('',(0.,0.,1.));
#4811=DIRECTION('center_axis',(0.,0.,1.));
#4812=DIRECTION('ref_axis',(1.,0.,0.));
#4813=DIRECTION('',(0.,0.,1.));
#4814=DIRECTION('center_axis',(0.,0.,1.));
#4815=DIRECTION('ref_axis',(1.,0.,0.));
#4816=DIRECTION('',(0.,0.,1.));
#4817=DIRECTION('center_axis',(0.,0.,1.));
#4818=DIRECTION('ref_axis',(1.,0.,0.));
#4819=DIRECTION('',(0.,0.,1.));
#4820=DIRECTION('center_axis',(0.,0.,1.));
#4821=DIRECTION('ref_axis',(1.,0.,0.));
#4822=DIRECTION('center_axis',(0.,0.,1.));
#4823=DIRECTION('ref_axis',(1.,0.,0.));
#4824=DIRECTION('center_axis',(0.,0.,-1.));
#4825=DIRECTION('ref_axis',(1.,0.,0.));
#4826=DIRECTION('center_axis',(6.82815365476476E-13,-2.48782842357212E-12,
-1.));
#4827=DIRECTION('ref_axis',(0.0744824711362638,-0.997222323001965,2.53199617352302E-12));
#4828=DIRECTION('',(0.707106781186549,8.65956056235495E-17,0.707106781186546));
#4829=DIRECTION('center_axis',(0.,0.,-1.));
#4830=DIRECTION('ref_axis',(1.,0.,0.));
#4831=DIRECTION('center_axis',(0.,0.,-1.));
#4832=DIRECTION('ref_axis',(1.,0.,0.));
#4833=DIRECTION('center_axis',(0.,0.,-1.));
#4834=DIRECTION('ref_axis',(-1.,0.,0.));
#4835=DIRECTION('center_axis',(1.02265091325163E-13,1.38569430787218E-13,
-1.));
#4836=DIRECTION('ref_axis',(0.946933827397221,0.321428571428942,1.4137844851932E-13));
#4837=DIRECTION('center_axis',(0.,0.,1.));
#4838=DIRECTION('ref_axis',(1.,0.,0.));
#4839=DIRECTION('center_axis',(0.,0.,-1.));
#4840=DIRECTION('ref_axis',(1.,0.,0.));
#4841=DIRECTION('center_axis',(0.,0.,1.));
#4842=DIRECTION('ref_axis',(1.,0.,0.));
#4843=DIRECTION('center_axis',(0.,0.,-1.));
#4844=DIRECTION('ref_axis',(-1.,0.,0.));
#4845=DIRECTION('center_axis',(1.,6.12323399573677E-17,0.));
#4846=DIRECTION('ref_axis',(0.,1.,-1.2445132451017E-16));
#4847=DIRECTION('center_axis',(0.,-1.22464679914735E-16,-1.));
#4848=DIRECTION('ref_axis',(0.,1.,-1.22464679914735E-16));
#4849=DIRECTION('center_axis',(0.,-1.22464679914735E-16,-1.));
#4850=DIRECTION('ref_axis',(0.,1.,-1.22464679914735E-16));
#4851=DIRECTION('center_axis',(0.,0.,-1.));
#4852=DIRECTION('ref_axis',(-1.,0.,0.));
#4853=DIRECTION('center_axis',(0.996194698091746,3.4781951982418E-15,-0.0871557427476584));
#4854=DIRECTION('ref_axis',(0.0871557427476584,0.,0.996194698091746));
#4855=DIRECTION('center_axis',(0.920363891963228,-0.381227206369645,-0.0871557427476584));
#4856=DIRECTION('ref_axis',(0.382683432365082,0.92387953251129,1.24067423001861E-14));
#4857=DIRECTION('center_axis',(0.381227206369649,-0.920363891963227,-0.0871557427476584));
#4858=DIRECTION('ref_axis',(0.923879532511289,0.382683432365084,1.23998034062822E-14));
#4859=DIRECTION('center_axis',(3.7483291770577E-15,-0.996194698091746,-0.0871557427476584));
#4860=DIRECTION('ref_axis',(-9.86076131526265E-32,-0.0871557427476584,0.996194698091746));
#4861=DIRECTION('center_axis',(0.,0.,-1.));
#4862=DIRECTION('ref_axis',(-1.,0.,0.));
#4863=DIRECTION('center_axis',(-6.9563903964836E-15,0.996194698091746,-0.0871557427476584));
#4864=DIRECTION('ref_axis',(0.,-0.0871557427476584,-0.996194698091746));
#4865=DIRECTION('center_axis',(0.381227206369641,0.920363891963229,-0.0871557427476583));
#4866=DIRECTION('ref_axis',(-0.923879532511292,0.382683432365078,3.46944695195361E-18));
#4867=DIRECTION('center_axis',(0.920363891963225,0.381227206369652,-0.0871557427476584));
#4868=DIRECTION('ref_axis',(-0.382683432365087,0.923879532511288,1.24032728532342E-14));
#4869=DIRECTION('center_axis',(0.996194698091746,7.2265243752995E-15,-0.0871557427476584));
#4870=DIRECTION('ref_axis',(0.0871557427476584,0.,0.996194698091746));
#4871=DIRECTION('center_axis',(0.,0.,-1.));
#4872=DIRECTION('ref_axis',(-1.,0.,0.));
#4873=DIRECTION('center_axis',(-0.996194698091746,-1.04345855947254E-14,
-0.0871557427476584));
#4874=DIRECTION('ref_axis',(0.0871557427476584,0.,-0.996194698091746));
#4875=DIRECTION('center_axis',(-0.920363891963231,0.381227206369638,-0.0871557427476583));
#4876=DIRECTION('ref_axis',(-0.382683432365075,-0.923879532511293,1.24102117471381E-14));
#4877=DIRECTION('center_axis',(-0.381227206369655,0.920363891963224,-0.0871557427476584));
#4878=DIRECTION('ref_axis',(-0.923879532511287,-0.38268343236509,1.241368119409E-14));
#4879=DIRECTION('center_axis',(-1.07047195735413E-14,0.996194698091746,
-0.0871557427476584));
#4880=DIRECTION('ref_axis',(7.99360577730113E-15,-0.0871557427476584,-0.996194698091746));
#4881=DIRECTION('center_axis',(0.,-0.996194698091746,-0.0871557427476584));
#4882=DIRECTION('ref_axis',(0.,-0.0871557427476584,0.996194698091746));
#4883=DIRECTION('center_axis',(-0.381227206369648,-0.920363891963227,-0.0871557427476584));
#4884=DIRECTION('ref_axis',(0.923879532511289,-0.382683432365085,1.24067423001861E-14));
#4885=DIRECTION('center_axis',(-0.920363891963228,-0.381227206369645,-0.0871557427476584));
#4886=DIRECTION('ref_axis',(0.38268343236508,-0.923879532511291,1.24032728532342E-14));
#4887=DIRECTION('center_axis',(-0.996194698091746,-2.70133978815902E-16,
-0.0871557427476584));
#4888=DIRECTION('ref_axis',(0.0871557427476584,1.59872115546023E-14,-0.996194698091746));
#4889=DIRECTION('center_axis',(0.,1.22464679914735E-16,1.));
#4890=DIRECTION('ref_axis',(0.,1.,-1.22464679914735E-16));
#4891=DIRECTION('center_axis',(0.,-1.22464679914735E-16,-1.));
#4892=DIRECTION('ref_axis',(0.,1.,-1.22464679914735E-16));
#4893=DIRECTION('',(1.70437892618156E-17,0.139173100960066,-0.99026806874157));
#4894=DIRECTION('center_axis',(0.,-1.22464679914735E-16,-1.));
#4895=DIRECTION('ref_axis',(0.,1.,-1.22464679914735E-16));
#4896=DIRECTION('center_axis',(0.,-1.22464679914735E-16,-1.));
#4897=DIRECTION('ref_axis',(0.,1.,-1.22464679914735E-16));
#4898=DIRECTION('center_axis',(0.,-1.22464679914735E-16,-1.));
#4899=DIRECTION('ref_axis',(0.,1.,-1.22464679914735E-16));
#4900=DIRECTION('center_axis',(0.,1.22464679914735E-16,1.));
#4901=DIRECTION('ref_axis',(0.,1.,-1.35070472233815E-16));
#4902=DIRECTION('center_axis',(1.,-1.22464679914735E-16,1.49975978266186E-32));
#4903=DIRECTION('ref_axis',(-1.22464679914735E-16,-1.,8.44190451461347E-17));
#4904=DIRECTION('center_axis',(0.,0.,1.));
#4905=DIRECTION('ref_axis',(1.,0.,0.));
#4906=DIRECTION('center_axis',(0.,0.,-1.));
#4907=DIRECTION('ref_axis',(1.,0.,0.));
#4908=DIRECTION('center_axis',(0.,0.,1.));
#4909=DIRECTION('ref_axis',(1.,0.,0.));
#4910=DIRECTION('center_axis',(0.996194698091746,2.70133978815902E-16,0.0871557427476584));
#4911=DIRECTION('ref_axis',(0.0871557427476584,-3.08148791101958E-33,-0.996194698091746));
#4912=DIRECTION('',(0.0871426484044397,0.0173337504938599,-0.996045029063886));
#4913=DIRECTION('',(-2.71165846729917E-16,1.,0.));
#4914=DIRECTION('center_axis',(0.920363891963228,0.381227206369645,0.0871557427476584));
#4915=DIRECTION('ref_axis',(0.382683432365082,-0.92387953251129,0.));
#4916=DIRECTION('',(0.0666626913468327,0.0666626913468325,-0.995546167269401));
#4917=DIRECTION('',(-0.382683432365081,0.92387953251129,0.));
#4918=DIRECTION('center_axis',(0.381227206369648,0.920363891963227,0.0871557427476583));
#4919=DIRECTION('ref_axis',(0.923879532511289,-0.382683432365084,-3.46944695195362E-18));
#4920=DIRECTION('',(0.01733375049386,0.0871426484044397,-0.996045029063886));
#4921=DIRECTION('',(-0.923879532511289,0.382683432365084,0.));
#4922=DIRECTION('center_axis',(0.,0.996194698091746,0.0871557427476584));
#4923=DIRECTION('ref_axis',(0.,-0.0871557427476584,0.996194698091746));
#4924=DIRECTION('',(-1.,0.,0.));
#4925=DIRECTION('center_axis',(0.,0.,1.));
#4926=DIRECTION('ref_axis',(1.,0.,0.));
#4927=DIRECTION('',(1.,1.07456098632593E-14,0.));
#4928=DIRECTION('',(0.923879532511286,0.382683432365091,0.));
#4929=DIRECTION('',(0.382683432365074,0.923879532511293,0.));
#4930=DIRECTION('',(-1.04744440165294E-14,1.,0.));
#4931=DIRECTION('center_axis',(0.,0.,1.));
#4932=DIRECTION('ref_axis',(1.,0.,0.));
#4933=DIRECTION('',(7.25412852441619E-15,-1.,0.));
#4934=DIRECTION('',(0.382683432365088,-0.923879532511288,0.));
#4935=DIRECTION('',(0.923879532511292,-0.382683432365078,0.));
#4936=DIRECTION('',(1.,6.98296267768627E-15,0.));
#4937=DIRECTION('center_axis',(0.,0.,1.));
#4938=DIRECTION('ref_axis',(1.,0.,0.));
#4939=DIRECTION('',(-1.,-3.76264718557305E-15,0.));
#4940=DIRECTION('',(-0.923879532511289,-0.382683432365085,0.));
#4941=DIRECTION('',(-0.382683432365081,-0.923879532511291,0.));
#4942=DIRECTION('',(3.49148133884313E-15,-1.,0.));
#4943=DIRECTION('center_axis',(0.,0.,-1.));
#4944=DIRECTION('ref_axis',(-1.,-4.56335677841536E-15,0.));
#4945=DIRECTION('center_axis',(-3.7483291770577E-15,0.996194698091746,0.0871557427476584));
#4946=DIRECTION('ref_axis',(0.,-0.0871557427476584,0.996194698091746));
#4947=DIRECTION('',(-0.0173337504938601,0.0871426484044396,-0.996045029063886));
#4948=DIRECTION('center_axis',(-0.381227206369648,0.920363891963226,0.0871557427476584));
#4949=DIRECTION('ref_axis',(0.923879532511289,0.382683432365085,0.));
#4950=DIRECTION('',(-0.0666626913468327,0.0666626913468324,-0.995546167269401));
#4951=DIRECTION('center_axis',(-0.920363891963228,0.381227206369645,0.0871557427476584));
#4952=DIRECTION('ref_axis',(0.382683432365081,0.923879532511291,0.));
#4953=DIRECTION('',(-0.0871426484044397,0.0173337504938597,-0.996045029063886));
#4954=DIRECTION('center_axis',(-0.996194698091746,-3.4781951982418E-15,
0.0871557427476584));
#4955=DIRECTION('ref_axis',(0.0871557427476584,0.,0.996194698091746));
#4956=DIRECTION('center_axis',(0.,0.,-1.));
#4957=DIRECTION('ref_axis',(1.,0.,0.));
#4958=DIRECTION('center_axis',(-0.996194698091746,-7.2265243752995E-15,
0.0871557427476584));
#4959=DIRECTION('ref_axis',(0.0871557427476584,9.86076131526265E-32,0.996194698091746));
#4960=DIRECTION('',(-0.0871426484044396,-0.0173337504938605,-0.996045029063886));
#4961=DIRECTION('center_axis',(-0.920363891963225,-0.381227206369652,0.0871557427476583));
#4962=DIRECTION('ref_axis',(-0.382683432365088,0.923879532511288,3.46944695195361E-18));
#4963=DIRECTION('',(-0.0666626913468322,-0.0666626913468329,-0.995546167269401));
#4964=DIRECTION('center_axis',(-0.381227206369641,-0.920363891963229,0.0871557427476583));
#4965=DIRECTION('ref_axis',(-0.923879532511292,0.382683432365078,0.));
#4966=DIRECTION('',(-0.0173337504938593,-0.0871426484044398,-0.996045029063886));
#4967=DIRECTION('center_axis',(6.9563903964836E-15,-0.996194698091746,0.0871557427476584));
#4968=DIRECTION('ref_axis',(0.,-0.0871557427476584,-0.996194698091746));
#4969=DIRECTION('center_axis',(1.07047195735413E-14,-0.996194698091746,
0.0871557427476584));
#4970=DIRECTION('ref_axis',(0.,-0.0871557427476584,-0.996194698091746));
#4971=DIRECTION('',(0.0173337504938608,-0.0871426484044395,-0.996045029063886));
#4972=DIRECTION('center_axis',(0.381227206369655,-0.920363891963224,0.0871557427476584));
#4973=DIRECTION('ref_axis',(-0.923879532511286,-0.382683432365091,-3.46944695195361E-18));
#4974=DIRECTION('',(0.0666626913468332,-0.066662691346832,-0.995546167269401));
#4975=DIRECTION('center_axis',(0.920363891963231,-0.381227206369638,0.0871557427476583));
#4976=DIRECTION('ref_axis',(-0.382683432365075,-0.923879532511293,0.));
#4977=DIRECTION('',(0.0871426484044398,-0.017333750493859,-0.996045029063886));
#4978=DIRECTION('center_axis',(0.996194698091746,1.04345855947254E-14,0.0871557427476584));
#4979=DIRECTION('ref_axis',(0.0871557427476584,0.,-0.996194698091746));
#4980=DIRECTION('center_axis',(0.,1.,0.));
#4981=DIRECTION('ref_axis',(0.707106781186548,0.,0.707106781186548));
#4982=DIRECTION('center_axis',(0.,1.,0.));
#4983=DIRECTION('ref_axis',(0.707106781186548,0.,0.707106781186548));
#4984=DIRECTION('',(0.,1.,0.));
#4985=DIRECTION('center_axis',(0.,-1.,0.));
#4986=DIRECTION('ref_axis',(1.,0.,0.));
#4987=DIRECTION('',(0.,-1.,0.));
#4988=DIRECTION('center_axis',(0.,0.,1.));
#4989=DIRECTION('ref_axis',(1.,0.,0.));
#4990=DIRECTION('center_axis',(1.,0.,0.));
#4991=DIRECTION('ref_axis',(0.,0.707106781186548,0.707106781186548));
#4992=DIRECTION('center_axis',(-1.,0.,0.));
#4993=DIRECTION('ref_axis',(0.,0.707106781186548,0.707106781186548));
#4994=DIRECTION('center_axis',(0.,0.,-1.));
#4995=DIRECTION('ref_axis',(0.707106781186548,0.707106781186548,0.));
#4996=DIRECTION('center_axis',(0.,-8.88178419700128E-15,1.));
#4997=DIRECTION('ref_axis',(1.,0.,0.));
#4998=DIRECTION('',(0.,0.,1.));
#4999=DIRECTION('',(0.,0.,-1.));
#5000=DIRECTION('center_axis',(0.,1.,0.));
#5001=DIRECTION('ref_axis',(1.,0.,0.));
#5002=DIRECTION('center_axis',(1.,0.,0.));
#5003=DIRECTION('ref_axis',(0.,0.707106781186548,-0.707106781186548));
#5004=DIRECTION('center_axis',(-1.,0.,0.));
#5005=DIRECTION('ref_axis',(0.,0.707106781186548,-0.707106781186548));
#5006=DIRECTION('center_axis',(0.,1.,0.));
#5007=DIRECTION('ref_axis',(0.707106781186548,0.,-0.707106781186548));
#5008=DIRECTION('center_axis',(0.,1.,0.));
#5009=DIRECTION('ref_axis',(0.707106781186548,0.,-0.707106781186548));
#5010=DIRECTION('',(0.,1.,0.));
#5011=DIRECTION('',(0.,-1.,0.));
#5012=DIRECTION('center_axis',(0.,0.,1.));
#5013=DIRECTION('ref_axis',(1.,0.,0.));
#5014=DIRECTION('',(1.,0.,0.));
#5015=DIRECTION('',(0.,-1.,0.));
#5016=DIRECTION('',(-1.,0.,0.));
#5017=DIRECTION('',(0.,1.,0.));
#5018=DIRECTION('',(1.,0.,0.));
#5019=DIRECTION('',(0.,1.,0.));
#5020=DIRECTION('',(-1.,0.,0.));
#5021=DIRECTION('center_axis',(1.,0.,0.));
#5022=DIRECTION('ref_axis',(0.,0.707106781186548,0.707106781186548));
#5023=DIRECTION('',(-1.,0.,0.));
#5024=DIRECTION('center_axis',(1.,0.,-4.44089209850062E-15));
#5025=DIRECTION('ref_axis',(0.,0.707106781186548,0.707106781186548));
#5026=DIRECTION('center_axis',(0.,1.,0.));
#5027=DIRECTION('ref_axis',(1.,0.,0.));
#5028=DIRECTION('',(1.,0.,0.));
#5029=DIRECTION('',(1.42742960308949E-15,0.,1.));
#5030=DIRECTION('',(-1.,0.,3.5527136788005E-16));
#5031=DIRECTION('',(-3.1720657846433E-16,0.,-1.));
#5032=DIRECTION('',(1.,0.,0.));
#5033=DIRECTION('',(2.56205313375036E-16,0.,1.));
#5034=DIRECTION('center_axis',(0.,-1.,0.));
#5035=DIRECTION('ref_axis',(-1.,0.,0.));
#5036=DIRECTION('',(-1.70803542250024E-16,0.,-1.));
#5037=DIRECTION('',(1.,0.,0.));
#5038=DIRECTION('',(-6.34413156928661E-16,0.,1.));
#5039=DIRECTION('',(-1.,0.,0.));
#5040=DIRECTION('',(7.93016446160826E-16,0.,-1.));
#5041=DIRECTION('',(1.,0.,0.));
#5042=DIRECTION('',(-2.96059473233375E-16,0.,-1.));
#5043=DIRECTION('',(-1.,0.,0.));
#5044=DIRECTION('',(3.63345717150051E-15,0.,-1.));
#5045=DIRECTION('',(1.,0.,-6.3441315692866E-16));
#5046=DIRECTION('',(-1.00929365875014E-15,0.,1.));
#5047=DIRECTION('',(-1.,0.,0.));
#5048=DIRECTION('',(0.,0.,-1.));
#5049=DIRECTION('center_axis',(0.,-1.,0.));
#5050=DIRECTION('ref_axis',(1.,0.,-8.88178419700125E-16));
#5051=DIRECTION('',(-6.05576195250085E-16,0.,1.));
#5052=DIRECTION('',(-1.,0.,0.));
#5053=DIRECTION('',(0.,0.,-1.));
#5054=DIRECTION('',(1.,0.,0.));
#5055=DIRECTION('',(4.44089209850062E-15,0.,1.));
#5056=DIRECTION('',(1.,0.,-1.03276560430247E-16));
#5057=DIRECTION('',(0.,0.,1.));
#5058=DIRECTION('',(-1.,0.,0.));
#5059=DIRECTION('',(-2.96059473233375E-16,0.,-1.));
#5060=DIRECTION('center_axis',(-1.,0.,0.));
#5061=DIRECTION('ref_axis',(0.,0.707106781186548,-0.707106781186548));
#5062=DIRECTION('',(-1.,0.,0.));
#5063=DIRECTION('center_axis',(1.,0.,-1.42742960308949E-15));
#5064=DIRECTION('ref_axis',(0.,0.707106781186548,-0.707106781186548));
#5065=DIRECTION('center_axis',(0.,0.,-1.));
#5066=DIRECTION('ref_axis',(-1.,0.,0.));
#5067=DIRECTION('',(1.,0.,0.));
#5068=DIRECTION('',(0.,1.,0.));
#5069=DIRECTION('',(-1.,0.,0.));
#5070=DIRECTION('',(0.,-1.,0.));
#5071=DIRECTION('',(1.,0.,0.));
#5072=DIRECTION('',(0.,1.,0.));
#5073=DIRECTION('center_axis',(0.,1.,0.));
#5074=DIRECTION('ref_axis',(-0.707106781186548,0.,-0.707106781186548));
#5075=DIRECTION('center_axis',(0.,1.,0.));
#5076=DIRECTION('ref_axis',(-0.707106781186548,0.,-0.707106781186548));
#5077=DIRECTION('',(0.,1.,0.));
#5078=DIRECTION('center_axis',(0.,-1.,0.));
#5079=DIRECTION('ref_axis',(-1.,0.,0.));
#5080=DIRECTION('',(0.,-1.,0.));
#5081=DIRECTION('center_axis',(0.,0.,-1.));
#5082=DIRECTION('ref_axis',(-1.,0.,0.));
#5083=DIRECTION('center_axis',(-1.,0.,2.96059473233375E-16));
#5084=DIRECTION('ref_axis',(-2.08166817117217E-16,0.707106781186548,-0.707106781186548));
#5085=DIRECTION('center_axis',(1.,0.,-2.96059473233375E-16));
#5086=DIRECTION('ref_axis',(-2.09345661157837E-16,0.707106781186548,-0.707106781186548));
#5087=DIRECTION('center_axis',(2.96059473233375E-16,0.,1.));
#5088=DIRECTION('ref_axis',(-0.707106781186548,0.707106781186548,0.));
#5089=DIRECTION('center_axis',(0.,8.88178419700128E-15,-1.));
#5090=DIRECTION('ref_axis',(-1.,0.,0.));
#5091=DIRECTION('',(2.96059473233375E-16,0.,1.));
#5092=DIRECTION('center_axis',(0.,1.,0.));
#5093=DIRECTION('ref_axis',(-1.,0.,0.));
#5094=DIRECTION('center_axis',(-1.,0.,2.96059473233375E-16));
#5095=DIRECTION('ref_axis',(2.08166817117217E-16,0.707106781186548,0.707106781186548));
#5096=DIRECTION('center_axis',(1.,0.,-2.96059473233375E-16));
#5097=DIRECTION('ref_axis',(2.09345661157837E-16,0.707106781186548,0.707106781186548));
#5098=DIRECTION('center_axis',(0.,1.,0.));
#5099=DIRECTION('ref_axis',(-0.707106781186548,0.,0.707106781186548));
#5100=DIRECTION('center_axis',(0.,1.,0.));
#5101=DIRECTION('ref_axis',(-0.707106781186548,0.,0.707106781186548));
#5102=DIRECTION('',(0.,1.,0.));
#5103=DIRECTION('',(0.,-1.,0.));
#5104=DIRECTION('center_axis',(-1.,0.,2.96059473233375E-16));
#5105=DIRECTION('ref_axis',(2.96059473233375E-16,0.,1.));
#5106=DIRECTION('',(-2.96059473233375E-16,0.,-1.));
#5107=DIRECTION('center_axis',(0.,1.,0.));
#5108=DIRECTION('ref_axis',(1.,0.,0.));
#5109=DIRECTION('',(-6.05576195250085E-16,0.,1.));
#5110=DIRECTION('center_axis',(0.,1.,0.));
#5111=DIRECTION('ref_axis',(1.,0.,-8.88178419700125E-16));
#5112=DIRECTION('',(0.,0.,-1.));
#5113=DIRECTION('',(1.,0.,0.));
#5114=DIRECTION('',(1.,0.,0.));
#5115=DIRECTION('',(1.70803542250024E-16,0.,1.));
#5116=DIRECTION('center_axis',(0.,1.,0.));
#5117=DIRECTION('ref_axis',(-1.,0.,0.));
#5118=DIRECTION('',(-2.56205313375036E-16,0.,-1.));
#5119=DIRECTION('',(0.,0.,1.));
#5120=DIRECTION('center_axis',(-1.,0.,0.));
#5121=DIRECTION('ref_axis',(0.,0.707106781186548,-0.707106781186548));
#5122=DIRECTION('center_axis',(-1.,0.,-7.93016446160826E-16));
#5123=DIRECTION('ref_axis',(0.,0.707106781186548,-0.707106781186548));
#5124=DIRECTION('',(-1.,0.,0.));
#5125=DIRECTION('center_axis',(-1.,0.,-7.93016446160826E-16));
#5126=DIRECTION('ref_axis',(7.93016446160826E-16,0.,-1.));
#5127=DIRECTION('',(0.,-1.,0.));
#5128=DIRECTION('',(7.93016446160826E-16,0.,-1.));
#5129=DIRECTION('',(0.,-1.,0.));
#5130=DIRECTION('center_axis',(-1.,0.,0.));
#5131=DIRECTION('ref_axis',(0.,0.707106781186548,-0.707106781186548));
#5132=DIRECTION('center_axis',(1.,0.,6.34413156928661E-16));
#5133=DIRECTION('ref_axis',(0.,0.707106781186548,-0.707106781186548));
#5134=DIRECTION('center_axis',(-1.,0.,1.70803542250024E-16));
#5135=DIRECTION('ref_axis',(0.,0.707106781186548,-0.707106781186548));
#5136=DIRECTION('',(-1.,0.,0.));
#5137=DIRECTION('center_axis',(1.,0.,-1.70803542250024E-16));
#5138=DIRECTION('ref_axis',(-1.70803542250024E-16,0.,-1.));
#5139=DIRECTION('',(0.,1.,0.));
#5140=DIRECTION('',(0.,1.,0.));
#5141=DIRECTION('center_axis',(-1.,0.,0.));
#5142=DIRECTION('ref_axis',(0.,0.707106781186548,-0.707106781186548));
#5143=DIRECTION('center_axis',(1.,0.,-2.56205313375036E-16));
#5144=DIRECTION('ref_axis',(0.,0.707106781186548,-0.707106781186548));
#5145=DIRECTION('center_axis',(-1.,0.,3.1720657846433E-16));
#5146=DIRECTION('ref_axis',(0.,0.707106781186548,-0.707106781186548));
#5147=DIRECTION('center_axis',(-1.,0.,3.1720657846433E-16));
#5148=DIRECTION('ref_axis',(-3.1720657846433E-16,0.,-1.));
#5149=DIRECTION('',(0.,-1.,0.));
#5150=DIRECTION('',(-3.1720657846433E-16,0.,-1.));
#5151=DIRECTION('center_axis',(1.,0.,0.));
#5152=DIRECTION('ref_axis',(0.,0.,-1.));
#5153=DIRECTION('center_axis',(1.,0.,-4.44089209850062E-15));
#5154=DIRECTION('ref_axis',(4.44089209850062E-15,0.,1.));
#5155=DIRECTION('',(0.,-1.,0.));
#5156=DIRECTION('',(4.44089209850062E-15,0.,1.));
#5157=DIRECTION('center_axis',(1.,0.,0.));
#5158=DIRECTION('ref_axis',(0.,0.707106781186548,0.707106781186548));
#5159=DIRECTION('center_axis',(-1.,0.,0.));
#5160=DIRECTION('ref_axis',(0.,0.707106781186548,0.707106781186548));
#5161=DIRECTION('center_axis',(1.,0.,6.05576195250085E-16));
#5162=DIRECTION('ref_axis',(0.,0.707106781186548,0.707106781186548));
#5163=DIRECTION('center_axis',(-1.,0.,-6.05576195250085E-16));
#5164=DIRECTION('ref_axis',(-6.05576195250085E-16,0.,1.));
#5165=DIRECTION('',(0.,1.,0.));
#5166=DIRECTION('center_axis',(1.,0.,0.));
#5167=DIRECTION('ref_axis',(0.,0.707106781186548,0.707106781186548));
#5168=DIRECTION('center_axis',(-1.,0.,0.));
#5169=DIRECTION('ref_axis',(0.,0.707106781186548,0.707106781186548));
#5170=DIRECTION('center_axis',(1.,0.,1.00929365875014E-15));
#5171=DIRECTION('ref_axis',(0.,0.707106781186548,0.707106781186548));
#5172=DIRECTION('',(1.,0.,0.));
#5173=DIRECTION('center_axis',(1.,0.,1.00929365875014E-15));
#5174=DIRECTION('ref_axis',(-1.00929365875014E-15,0.,1.));
#5175=DIRECTION('',(0.,-1.,0.));
#5176=DIRECTION('',(-1.00929365875014E-15,0.,1.));
#5177=DIRECTION('',(0.,-1.,0.));
#5178=DIRECTION('center_axis',(1.,0.,0.));
#5179=DIRECTION('ref_axis',(0.,0.707106781186548,0.707106781186548));
#5180=DIRECTION('',(1.,0.,0.));
#5181=DIRECTION('center_axis',(-1.,0.,-3.63345717150051E-15));
#5182=DIRECTION('ref_axis',(0.,0.707106781186548,0.707106781186548));
#5183=DIRECTION('center_axis',(-1.,0.,-3.63345717150051E-15));
#5184=DIRECTION('ref_axis',(3.63345717150051E-15,0.,-1.));
#5185=DIRECTION('',(0.,1.,0.));
#5186=DIRECTION('',(3.63345717150051E-15,0.,-1.));
#5187=DIRECTION('',(0.,-1.,0.));
#5188=DIRECTION('center_axis',(-1.03276560430247E-16,0.,-1.));
#5189=DIRECTION('ref_axis',(1.,0.,-1.03276560430247E-16));
#5190=DIRECTION('',(0.,-1.,0.));
#5191=DIRECTION('',(1.,0.,-1.03276560430247E-16));
#5192=DIRECTION('',(0.,-1.,0.));
#5193=DIRECTION('center_axis',(-1.,0.,2.96059473233375E-16));
#5194=DIRECTION('ref_axis',(-2.96059473233375E-16,0.,-1.));
#5195=DIRECTION('',(0.,-1.,0.));
#5196=DIRECTION('',(-2.96059473233375E-16,0.,-1.));
#5197=DIRECTION('center_axis',(0.,0.,1.));
#5198=DIRECTION('ref_axis',(-1.,0.,0.));
#5199=DIRECTION('',(0.,-1.,0.));
#5200=DIRECTION('',(-1.,0.,0.));
#5201=DIRECTION('center_axis',(1.,0.,0.));
#5202=DIRECTION('ref_axis',(0.,0.,1.));
#5203=DIRECTION('',(0.,0.,1.));
#5204=DIRECTION('center_axis',(0.,-1.,0.));
#5205=DIRECTION('ref_axis',(0.,0.,-1.));
#5206=DIRECTION('center_axis',(0.,0.,1.));
#5207=DIRECTION('ref_axis',(-1.,0.,0.));
#5208=DIRECTION('',(0.,-1.,0.));
#5209=DIRECTION('',(-1.,0.,0.));
#5210=DIRECTION('center_axis',(1.,0.,6.34413156928661E-16));
#5211=DIRECTION('ref_axis',(-6.34413156928661E-16,0.,1.));
#5212=DIRECTION('',(0.,1.,0.));
#5213=DIRECTION('',(-6.34413156928661E-16,0.,1.));
#5214=DIRECTION('center_axis',(0.,-1.,0.));
#5215=DIRECTION('ref_axis',(0.,0.,-1.));
#5216=DIRECTION('',(1.,0.,0.));
#5217=DIRECTION('center_axis',(-6.3441315692866E-16,0.,-1.));
#5218=DIRECTION('ref_axis',(1.,0.,-6.3441315692866E-16));
#5219=DIRECTION('',(1.,0.,-6.3441315692866E-16));
#5220=DIRECTION('center_axis',(0.,-1.,0.));
#5221=DIRECTION('ref_axis',(0.,0.,-1.));
#5222=DIRECTION('',(-1.,0.,0.));
#5223=DIRECTION('center_axis',(3.5527136788005E-16,0.,1.));
#5224=DIRECTION('ref_axis',(-1.,0.,3.5527136788005E-16));
#5225=DIRECTION('',(0.,-1.,0.));
#5226=DIRECTION('',(-1.,0.,3.5527136788005E-16));
#5227=DIRECTION('center_axis',(1.,0.,-1.42742960308949E-15));
#5228=DIRECTION('ref_axis',(1.42742960308949E-15,0.,1.));
#5229=DIRECTION('',(1.42742960308949E-15,0.,1.));
#5230=DIRECTION('center_axis',(0.,-1.,0.));
#5231=DIRECTION('ref_axis',(0.,0.,-1.));
#5232=DIRECTION('center_axis',(0.,0.,-1.));
#5233=DIRECTION('ref_axis',(1.,0.,0.));
#5234=DIRECTION('',(0.,-1.,0.));
#5235=DIRECTION('',(1.,0.,0.));
#5236=DIRECTION('center_axis',(-1.,0.,0.));
#5237=DIRECTION('ref_axis',(0.,0.,-1.));
#5238=DIRECTION('',(0.,0.,-1.));
#5239=DIRECTION('center_axis',(0.,-1.,0.));
#5240=DIRECTION('ref_axis',(0.,0.,-1.));
#5241=DIRECTION('center_axis',(0.,0.,-1.));
#5242=DIRECTION('ref_axis',(-1.,0.,0.));
#5243=DIRECTION('center_axis',(0.,0.,1.));
#5244=DIRECTION('ref_axis',(1.,0.,0.));
#5245=DIRECTION('',(0.,1.,0.));
#5246=DIRECTION('center_axis',(0.,1.,0.));
#5247=DIRECTION('ref_axis',(-1.,0.,0.));
#5248=DIRECTION('',(0.,1.,0.));
#5249=DIRECTION('center_axis',(-1.,0.,2.56205313375036E-16));
#5250=DIRECTION('ref_axis',(2.56205313375036E-16,0.,1.));
#5251=DIRECTION('center_axis',(0.,1.,0.));
#5252=DIRECTION('ref_axis',(1.,0.,-8.88178419700125E-16));
#5253=DIRECTION('',(0.,1.,0.));
#5254=DIRECTION('center_axis',(1.,0.,0.));
#5255=DIRECTION('ref_axis',(0.,0.,-1.));
#5256=DIRECTION('center_axis',(0.,1.,0.));
#5257=DIRECTION('ref_axis',(1.,0.,0.));
#5258=DIRECTION('',(0.,0.,-1.));
#5259=DIRECTION('',(-1.,0.,0.));
#5260=DIRECTION('',(7.40148683083438E-16,0.,1.));
#5261=DIRECTION('',(-1.,0.,0.));
#5262=DIRECTION('',(0.,0.,-1.));
#5263=DIRECTION('',(1.,0.,0.));
#5264=DIRECTION('',(-1.8503717077086E-16,0.,1.));
#5265=DIRECTION('',(1.,0.,0.));
#5266=DIRECTION('',(-1.8503717077086E-16,0.,-1.));
#5267=DIRECTION('',(1.,0.,0.));
#5268=DIRECTION('',(1.38777878078145E-16,0.,1.));
#5269=DIRECTION('',(-1.,0.,0.));
#5270=DIRECTION('center_axis',(0.,1.,0.));
#5271=DIRECTION('ref_axis',(-1.,0.,0.));
#5272=DIRECTION('',(8.88178419700125E-16,0.,-1.));
#5273=DIRECTION('center_axis',(0.,1.,0.));
#5274=DIRECTION('ref_axis',(1.,0.,0.));
#5275=DIRECTION('',(-7.21644966006352E-16,0.,1.));
#5276=DIRECTION('center_axis',(0.,1.,0.));
#5277=DIRECTION('ref_axis',(1.,0.,0.));
#5278=DIRECTION('center_axis',(0.,1.,0.));
#5279=DIRECTION('ref_axis',(1.,0.,0.));
#5280=DIRECTION('',(-1.,0.,0.));
#5281=DIRECTION('',(1.38777878078145E-16,0.,1.));
#5282=DIRECTION('',(1.,0.,0.));
#5283=DIRECTION('',(-2.56205313375036E-16,0.,-1.));
#5284=DIRECTION('center_axis',(0.,1.,0.));
#5285=DIRECTION('ref_axis',(-1.,0.,0.));
#5286=DIRECTION('',(1.70803542250024E-16,0.,1.));
#5287=DIRECTION('',(1.,0.,0.));
#5288=DIRECTION('',(0.,0.,-1.));
#5289=DIRECTION('',(-1.,0.,0.));
#5290=DIRECTION('',(0.,0.,-1.));
#5291=DIRECTION('center_axis',(0.,1.,0.));
#5292=DIRECTION('ref_axis',(1.,0.,-8.88178419700125E-16));
#5293=DIRECTION('',(0.,0.,1.));
#5294=DIRECTION('center_axis',(0.,0.,1.));
#5295=DIRECTION('ref_axis',(1.,0.,0.));
#5296=DIRECTION('',(0.,1.,0.));
#5297=DIRECTION('',(0.,1.,0.));
#5298=DIRECTION('',(1.,0.,0.));
#5299=DIRECTION('center_axis',(0.,1.,0.));
#5300=DIRECTION('ref_axis',(0.,0.,1.));
#5301=DIRECTION('',(-2.56205313375036E-16,0.,-1.));
#5302=DIRECTION('',(-1.38777878078145E-16,0.,-1.));
#5303=DIRECTION('',(-1.,0.,0.));
#5304=DIRECTION('center_axis',(1.,0.,-1.8503717077086E-16));
#5305=DIRECTION('ref_axis',(-1.8503717077086E-16,0.,-1.));
#5306=DIRECTION('',(0.,1.,0.));
#5307=DIRECTION('',(-1.8503717077086E-16,0.,-1.));
#5308=DIRECTION('',(0.,1.,0.));
#5309=DIRECTION('center_axis',(1.,0.,-2.56205313375036E-16));
#5310=DIRECTION('ref_axis',(-2.56205313375036E-16,0.,-1.));
#5311=DIRECTION('',(0.,1.,0.));
#5312=DIRECTION('',(-2.56205313375036E-16,0.,-1.));
#5313=DIRECTION('',(0.,1.,0.));
#5314=DIRECTION('center_axis',(0.,1.,0.));
#5315=DIRECTION('ref_axis',(0.,0.,1.));
#5316=DIRECTION('',(1.70803542250024E-16,0.,1.));
#5317=DIRECTION('',(-1.,0.,0.));
#5318=DIRECTION('',(0.,0.,1.));
#5319=DIRECTION('',(1.,0.,0.));
#5320=DIRECTION('center_axis',(0.,0.,1.));
#5321=DIRECTION('ref_axis',(1.,0.,0.));
#5322=DIRECTION('',(0.,-1.,0.));
#5323=DIRECTION('',(0.,1.,0.));
#5324=DIRECTION('center_axis',(-1.,0.,-1.8503717077086E-16));
#5325=DIRECTION('ref_axis',(-1.8503717077086E-16,0.,1.));
#5326=DIRECTION('',(-1.8503717077086E-16,0.,1.));
#5327=DIRECTION('',(0.,1.,0.));
#5328=DIRECTION('',(0.,-1.,0.));
#5329=DIRECTION('center_axis',(0.,0.,1.));
#5330=DIRECTION('ref_axis',(1.,0.,0.));
#5331=DIRECTION('',(1.,0.,0.));
#5332=DIRECTION('center_axis',(0.,1.,0.));
#5333=DIRECTION('ref_axis',(0.,0.,1.));
#5334=DIRECTION('',(-1.,0.,0.));
#5335=DIRECTION('center_axis',(0.,0.,-1.));
#5336=DIRECTION('ref_axis',(-1.,0.,0.));
#5337=DIRECTION('',(0.,1.,0.));
#5338=DIRECTION('',(0.,1.,0.));
#5339=DIRECTION('',(-1.,0.,0.));
#5340=DIRECTION('',(0.,1.,0.));
#5341=DIRECTION('center_axis',(-1.,0.,-8.88178419700125E-16));
#5342=DIRECTION('ref_axis',(-8.88178419700125E-16,0.,1.));
#5343=DIRECTION('',(0.,-1.,0.));
#5344=DIRECTION('',(-8.88178419700125E-16,0.,1.));
#5345=DIRECTION('',(0.,1.,0.));
#5346=DIRECTION('center_axis',(0.,1.,0.));
#5347=DIRECTION('ref_axis',(1.,0.,0.));
#5348=DIRECTION('center_axis',(0.,-1.,0.));
#5349=DIRECTION('ref_axis',(1.,0.,0.));
#5350=DIRECTION('',(0.,1.,0.));
#5351=DIRECTION('center_axis',(1.,0.,7.21644966006352E-16));
#5352=DIRECTION('ref_axis',(7.21644966006352E-16,0.,-1.));
#5353=DIRECTION('',(7.21644966006352E-16,0.,-1.));
#5354=DIRECTION('',(0.,1.,0.));
#5355=DIRECTION('center_axis',(0.,1.,0.));
#5356=DIRECTION('ref_axis',(-1.,0.,0.));
#5357=DIRECTION('center_axis',(0.,-1.,0.));
#5358=DIRECTION('ref_axis',(-1.,0.,0.));
#5359=DIRECTION('center_axis',(0.,1.,0.));
#5360=DIRECTION('ref_axis',(-1.,0.,0.));
#5361=DIRECTION('center_axis',(0.,1.,0.));
#5362=DIRECTION('ref_axis',(-1.,0.,0.));
#5363=DIRECTION('',(0.,1.,0.));
#5364=DIRECTION('center_axis',(-1.,0.,1.70803542250024E-16));
#5365=DIRECTION('ref_axis',(1.70803542250024E-16,0.,1.));
#5366=DIRECTION('',(1.70803542250024E-16,0.,1.));
#5367=DIRECTION('center_axis',(0.,1.,0.));
#5368=DIRECTION('ref_axis',(1.,0.,0.));
#5369=DIRECTION('center_axis',(0.,1.,0.));
#5370=DIRECTION('ref_axis',(0.,0.,1.));
#5371=DIRECTION('',(0.,0.,-1.));
#5372=DIRECTION('',(1.,0.,0.));
#5373=DIRECTION('',(-1.38777878078145E-16,0.,-1.));
#5374=DIRECTION('',(-1.,0.,0.));
#5375=DIRECTION('center_axis',(0.,0.,-1.));
#5376=DIRECTION('ref_axis',(-1.,0.,0.));
#5377=DIRECTION('',(0.,-1.,0.));
#5378=DIRECTION('',(0.,1.,0.));
#5379=DIRECTION('center_axis',(1.,0.,-1.38777878078145E-16));
#5380=DIRECTION('ref_axis',(-1.38777878078145E-16,0.,-1.));
#5381=DIRECTION('',(0.,-1.,0.));
#5382=DIRECTION('center_axis',(1.,0.,0.));
#5383=DIRECTION('ref_axis',(0.,0.,-1.));
#5384=DIRECTION('',(0.,0.,-1.));
#5385=DIRECTION('',(0.,1.,0.));
#5386=DIRECTION('',(0.,-1.,0.));
#5387=DIRECTION('center_axis',(0.,0.,-1.));
#5388=DIRECTION('ref_axis',(-1.,0.,0.));
#5389=DIRECTION('',(0.,1.,0.));
#5390=DIRECTION('',(0.,1.,0.));
#5391=DIRECTION('',(-1.,0.,0.));
#5392=DIRECTION('center_axis',(-1.,0.,0.));
#5393=DIRECTION('ref_axis',(0.,0.,1.));
#5394=DIRECTION('',(0.,1.,0.));
#5395=DIRECTION('',(0.,0.,1.));
#5396=DIRECTION('center_axis',(0.,1.,0.));
#5397=DIRECTION('ref_axis',(0.,0.,1.));
#5398=DIRECTION('',(0.,0.,1.));
#5399=DIRECTION('',(1.,0.,0.));
#5400=DIRECTION('center_axis',(-1.,0.,0.));
#5401=DIRECTION('ref_axis',(0.,0.,1.));
#5402=DIRECTION('',(0.,1.,0.));
#5403=DIRECTION('',(0.,0.,1.));
#5404=DIRECTION('',(0.,1.,0.));
#5405=DIRECTION('center_axis',(0.,0.,1.));
#5406=DIRECTION('ref_axis',(1.,0.,0.));
#5407=DIRECTION('',(0.,1.,0.));
#5408=DIRECTION('',(1.,0.,0.));
#5409=DIRECTION('',(0.,1.,0.));
#5410=DIRECTION('',(1.,0.,0.));
#5411=DIRECTION('center_axis',(-1.,0.,7.40148683083438E-16));
#5412=DIRECTION('ref_axis',(7.40148683083438E-16,0.,1.));
#5413=DIRECTION('',(0.,1.,0.));
#5414=DIRECTION('',(7.40148683083438E-16,0.,1.));
#5415=DIRECTION('center_axis',(0.,0.,-1.));
#5416=DIRECTION('ref_axis',(-1.,0.,0.));
#5417=DIRECTION('',(-1.,0.,0.));
#5418=DIRECTION('center_axis',(0.,1.,0.));
#5419=DIRECTION('ref_axis',(0.,0.,1.));
#5420=DIRECTION('center_axis',(0.,1.,0.));
#5421=DIRECTION('ref_axis',(1.,0.,0.));
#5422=DIRECTION('center_axis',(0.,-1.,0.));
#5423=DIRECTION('ref_axis',(1.,0.,0.));
#5424=DIRECTION('',(0.,-1.,0.));
#5425=DIRECTION('center_axis',(1.,0.,0.));
#5426=DIRECTION('ref_axis',(0.,0.,-1.));
#5427=DIRECTION('',(0.,1.,0.));
#5428=DIRECTION('',(0.,0.,-1.));
#5429=DIRECTION('center_axis',(0.,1.,0.));
#5430=DIRECTION('ref_axis',(1.,0.,-8.88178419700125E-16));
#5431=DIRECTION('center_axis',(0.,1.,0.));
#5432=DIRECTION('ref_axis',(1.,0.,-8.88178419700125E-16));
#5433=DIRECTION('center_axis',(0.,1.,0.));
#5434=DIRECTION('ref_axis',(1.,0.,0.));
#5435=DIRECTION('center_axis',(0.,1.,0.));
#5436=DIRECTION('ref_axis',(-1.,0.,0.));
#5437=DIRECTION('center_axis',(0.,-1.,0.));
#5438=DIRECTION('ref_axis',(-1.,0.,0.));
#5439=DIRECTION('',(0.,-1.,0.));
#5440=DIRECTION('center_axis',(0.,-1.,0.));
#5441=DIRECTION('ref_axis',(-1.,0.,0.));
#5442=DIRECTION('center_axis',(0.,0.,-1.));
#5443=DIRECTION('ref_axis',(-1.,0.,0.));
#5444=DIRECTION('',(1.,0.,0.));
#5445=DIRECTION('',(0.,1.,0.));
#5446=DIRECTION('',(-1.,0.,0.));
#5447=DIRECTION('',(0.,1.,0.));
#5448=DIRECTION('center_axis',(0.,1.,0.));
#5449=DIRECTION('ref_axis',(0.920977079938929,0.,0.389616758144671));
#5450=DIRECTION('center_axis',(0.,1.,0.));
#5451=DIRECTION('ref_axis',(0.920977079938929,0.,0.389616758144671));
#5452=DIRECTION('center_axis',(0.,1.,0.));
#5453=DIRECTION('ref_axis',(0.920977079938929,0.,0.389616758144671));
#5454=DIRECTION('',(0.,1.,0.));
#5455=DIRECTION('center_axis',(0.,0.,1.));
#5456=DIRECTION('ref_axis',(1.,0.,0.));
#5457=DIRECTION('',(-1.,0.,0.));
#5458=DIRECTION('',(1.,0.,0.));
#5459=DIRECTION('',(0.,1.,0.));
#5460=DIRECTION('center_axis',(0.,1.,0.));
#5461=DIRECTION('ref_axis',(-0.920977079938931,0.,-0.389616758144667));
#5462=DIRECTION('center_axis',(0.,1.,0.));
#5463=DIRECTION('ref_axis',(-0.920977079938931,0.,-0.389616758144667));
#5464=DIRECTION('center_axis',(0.,1.,0.));
#5465=DIRECTION('ref_axis',(-0.920977079938931,0.,-0.389616758144667));
#5466=DIRECTION('center_axis',(0.,1.,0.));
#5467=DIRECTION('ref_axis',(-1.,0.,0.));
#5468=DIRECTION('center_axis',(0.,1.,0.));
#5469=DIRECTION('ref_axis',(-1.,0.,0.));
#5470=DIRECTION('center_axis',(0.,1.,0.));
#5471=DIRECTION('ref_axis',(-1.,0.,0.));
#5472=DIRECTION('center_axis',(0.,-1.,0.));
#5473=DIRECTION('ref_axis',(-1.,0.,0.));
#5474=DIRECTION('',(0.,-1.,0.));
#5475=DIRECTION('center_axis',(0.,-1.,0.));
#5476=DIRECTION('ref_axis',(-1.,0.,0.));
#5477=DIRECTION('center_axis',(0.,0.,-1.));
#5478=DIRECTION('ref_axis',(-1.,0.,0.));
#5479=DIRECTION('',(1.,0.,0.));
#5480=DIRECTION('',(0.,1.,0.));
#5481=DIRECTION('',(-1.,0.,0.));
#5482=DIRECTION('',(0.,1.,0.));
#5483=DIRECTION('center_axis',(0.,1.,0.));
#5484=DIRECTION('ref_axis',(0.975787784640202,0.,0.218719453517438));
#5485=DIRECTION('center_axis',(0.,1.,0.));
#5486=DIRECTION('ref_axis',(0.975787784640202,0.,0.218719453517438));
#5487=DIRECTION('center_axis',(0.,1.,0.));
#5488=DIRECTION('ref_axis',(0.975787784640202,0.,0.218719453517438));
#5489=DIRECTION('',(0.,1.,0.));
#5490=DIRECTION('center_axis',(0.,0.,1.));
#5491=DIRECTION('ref_axis',(1.,0.,0.));
#5492=DIRECTION('',(-1.,0.,0.));
#5493=DIRECTION('',(1.,0.,0.));
#5494=DIRECTION('',(0.,1.,0.));
#5495=DIRECTION('center_axis',(0.,1.,0.));
#5496=DIRECTION('ref_axis',(-0.975787784640202,0.,-0.218719453517438));
#5497=DIRECTION('center_axis',(0.,1.,0.));
#5498=DIRECTION('ref_axis',(-0.975787784640202,0.,-0.218719453517438));
#5499=DIRECTION('center_axis',(0.,1.,0.));
#5500=DIRECTION('ref_axis',(-0.975787784640202,0.,-0.218719453517438));
#5501=DIRECTION('center_axis',(0.,1.,0.));
#5502=DIRECTION('ref_axis',(-1.,0.,0.));
#5503=DIRECTION('center_axis',(0.,1.,0.));
#5504=DIRECTION('ref_axis',(-1.,0.,0.));
#5505=DIRECTION('center_axis',(0.,1.,0.));
#5506=DIRECTION('ref_axis',(-1.,0.,0.));
#5507=DIRECTION('center_axis',(0.,-1.,0.));
#5508=DIRECTION('ref_axis',(-1.,0.,0.));
#5509=DIRECTION('',(0.,-1.,0.));
#5510=DIRECTION('center_axis',(0.,1.,0.));
#5511=DIRECTION('ref_axis',(-1.,0.,0.));
#5512=DIRECTION('center_axis',(0.,0.,1.));
#5513=DIRECTION('ref_axis',(1.,0.,0.));
#5514=DIRECTION('',(-1.,0.,0.));
#5515=DIRECTION('',(0.,1.,0.));
#5516=DIRECTION('',(1.,0.,0.));
#5517=DIRECTION('',(0.,1.,0.));
#5518=DIRECTION('center_axis',(-1.,0.,0.));
#5519=DIRECTION('ref_axis',(0.,0.,1.));
#5520=DIRECTION('',(0.,0.,-1.));
#5521=DIRECTION('',(0.,0.,1.));
#5522=DIRECTION('',(0.,1.,0.));
#5523=DIRECTION('center_axis',(0.,0.,-1.));
#5524=DIRECTION('ref_axis',(-1.,0.,0.));
#5525=DIRECTION('',(1.,0.,0.));
#5526=DIRECTION('',(-1.,0.,0.));
#5527=DIRECTION('',(0.,1.,0.));
#5528=DIRECTION('center_axis',(1.,0.,0.));
#5529=DIRECTION('ref_axis',(0.,0.,-1.));
#5530=DIRECTION('',(0.,0.,1.));
#5531=DIRECTION('',(0.,0.,-1.));
#5532=DIRECTION('center_axis',(0.,1.,0.));
#5533=DIRECTION('ref_axis',(0.,0.,1.));
#5534=DIRECTION('center_axis',(0.,1.,0.));
#5535=DIRECTION('ref_axis',(0.,0.,1.));
#5536=DIRECTION('center_axis',(0.,1.,0.));
#5537=DIRECTION('ref_axis',(-1.,0.,0.));
#5538=DIRECTION('center_axis',(0.,-1.,0.));
#5539=DIRECTION('ref_axis',(-1.,0.,0.));
#5540=DIRECTION('',(0.,-1.,0.));
#5541=DIRECTION('center_axis',(0.,1.,0.));
#5542=DIRECTION('ref_axis',(-1.,0.,0.));
#5543=DIRECTION('center_axis',(0.,0.,1.));
#5544=DIRECTION('ref_axis',(1.,0.,0.));
#5545=DIRECTION('',(-1.,0.,0.));
#5546=DIRECTION('',(0.,1.,0.));
#5547=DIRECTION('',(1.,0.,0.));
#5548=DIRECTION('',(0.,1.,0.));
#5549=DIRECTION('center_axis',(-1.,0.,-3.70074341541719E-16));
#5550=DIRECTION('ref_axis',(-3.70074341541719E-16,0.,1.));
#5551=DIRECTION('',(3.70074341541719E-16,0.,-1.));
#5552=DIRECTION('',(-3.70074341541719E-16,0.,1.));
#5553=DIRECTION('',(0.,1.,0.));
#5554=DIRECTION('center_axis',(0.,0.,-1.));
#5555=DIRECTION('ref_axis',(-1.,0.,0.));
#5556=DIRECTION('',(1.,0.,0.));
#5557=DIRECTION('',(-1.,0.,0.));
#5558=DIRECTION('',(0.,1.,0.));
#5559=DIRECTION('center_axis',(1.,0.,4.62592926927148E-16));
#5560=DIRECTION('ref_axis',(4.62592926927148E-16,0.,-1.));
#5561=DIRECTION('',(-4.62592926927148E-16,0.,1.));
#5562=DIRECTION('',(4.62592926927148E-16,0.,-1.));
#5563=DIRECTION('center_axis',(0.,1.,0.));
#5564=DIRECTION('ref_axis',(0.,0.,1.));
#5565=DIRECTION('center_axis',(0.,1.,0.));
#5566=DIRECTION('ref_axis',(0.,0.,1.));
#5567=DIRECTION('center_axis',(0.,-1.,0.));
#5568=DIRECTION('ref_axis',(1.,0.,0.));
#5569=DIRECTION('center_axis',(0.,1.,0.));
#5570=DIRECTION('ref_axis',(1.,0.,0.));
#5571=DIRECTION('',(0.,-1.,0.));
#5572=DIRECTION('center_axis',(0.,-1.,0.));
#5573=DIRECTION('ref_axis',(1.,0.,0.));
#5574=DIRECTION('center_axis',(0.,0.,-1.));
#5575=DIRECTION('ref_axis',(-1.,0.,0.));
#5576=DIRECTION('',(1.,0.,0.));
#5577=DIRECTION('',(0.,1.,0.));
#5578=DIRECTION('',(-1.,0.,0.));
#5579=DIRECTION('',(0.,1.,0.));
#5580=DIRECTION('center_axis',(-1.,0.,0.));
#5581=DIRECTION('ref_axis',(0.,0.,1.));
#5582=DIRECTION('',(0.,0.,-1.));
#5583=DIRECTION('',(0.,1.,0.));
#5584=DIRECTION('',(0.,0.,1.));
#5585=DIRECTION('center_axis',(0.,0.,1.));
#5586=DIRECTION('ref_axis',(1.,0.,0.));
#5587=DIRECTION('',(-1.,0.,0.));
#5588=DIRECTION('',(0.,1.,0.));
#5589=DIRECTION('',(1.,0.,0.));
#5590=DIRECTION('center_axis',(1.,0.,0.));
#5591=DIRECTION('ref_axis',(0.,0.,-1.));
#5592=DIRECTION('',(0.,0.,1.));
#5593=DIRECTION('',(0.,0.,-1.));
#5594=DIRECTION('center_axis',(0.,-1.,0.));
#5595=DIRECTION('ref_axis',(0.,0.,1.));
#5596=DIRECTION('center_axis',(0.,-1.,0.));
#5597=DIRECTION('ref_axis',(0.,0.,1.));
#5598=DIRECTION('center_axis',(0.,-1.,0.));
#5599=DIRECTION('ref_axis',(1.,0.,0.));
#5600=DIRECTION('center_axis',(0.,1.,0.));
#5601=DIRECTION('ref_axis',(1.,0.,0.));
#5602=DIRECTION('',(0.,-1.,0.));
#5603=DIRECTION('center_axis',(0.,-1.,0.));
#5604=DIRECTION('ref_axis',(1.,0.,0.));
#5605=DIRECTION('center_axis',(0.,0.,-1.));
#5606=DIRECTION('ref_axis',(-1.,0.,0.));
#5607=DIRECTION('',(1.,0.,0.));
#5608=DIRECTION('',(0.,1.,0.));
#5609=DIRECTION('',(-1.,0.,0.));
#5610=DIRECTION('',(0.,1.,0.));
#5611=DIRECTION('center_axis',(-1.,0.,3.70074341541719E-16));
#5612=DIRECTION('ref_axis',(3.70074341541719E-16,0.,1.));
#5613=DIRECTION('',(-3.70074341541719E-16,0.,-1.));
#5614=DIRECTION('',(0.,1.,0.));
#5615=DIRECTION('',(3.70074341541719E-16,0.,1.));
#5616=DIRECTION('center_axis',(0.,0.,1.));
#5617=DIRECTION('ref_axis',(1.,0.,0.));
#5618=DIRECTION('',(-1.,0.,0.));
#5619=DIRECTION('',(0.,1.,0.));
#5620=DIRECTION('',(1.,0.,0.));
#5621=DIRECTION('center_axis',(1.,0.,-4.62592926927148E-16));
#5622=DIRECTION('ref_axis',(-4.62592926927148E-16,0.,-1.));
#5623=DIRECTION('',(4.62592926927148E-16,0.,1.));
#5624=DIRECTION('',(-4.62592926927148E-16,0.,-1.));
#5625=DIRECTION('center_axis',(0.,-1.,0.));
#5626=DIRECTION('ref_axis',(0.,0.,1.));
#5627=DIRECTION('center_axis',(0.,-1.,0.));
#5628=DIRECTION('ref_axis',(0.,0.,1.));
#5629=DIRECTION('center_axis',(0.,-1.,0.));
#5630=DIRECTION('ref_axis',(1.,0.,0.));
#5631=DIRECTION('center_axis',(0.,1.,0.));
#5632=DIRECTION('ref_axis',(1.,0.,0.));
#5633=DIRECTION('',(0.,-1.,0.));
#5634=DIRECTION('center_axis',(0.,1.,0.));
#5635=DIRECTION('ref_axis',(1.,0.,0.));
#5636=DIRECTION('center_axis',(0.,0.,1.));
#5637=DIRECTION('ref_axis',(1.,0.,0.));
#5638=DIRECTION('',(-1.,0.,0.));
#5639=DIRECTION('',(0.,1.,0.));
#5640=DIRECTION('',(1.,0.,0.));
#5641=DIRECTION('',(0.,1.,0.));
#5642=DIRECTION('center_axis',(0.,-1.,0.));
#5643=DIRECTION('ref_axis',(-0.920977079938929,0.,0.389616758144671));
#5644=DIRECTION('center_axis',(0.,-1.,0.));
#5645=DIRECTION('ref_axis',(-0.920977079938929,0.,0.389616758144671));
#5646=DIRECTION('',(0.,1.,0.));
#5647=DIRECTION('center_axis',(0.,-1.,0.));
#5648=DIRECTION('ref_axis',(-0.920977079938929,0.,0.389616758144671));
#5649=DIRECTION('center_axis',(0.,0.,-1.));
#5650=DIRECTION('ref_axis',(-1.,0.,0.));
#5651=DIRECTION('',(1.,0.,0.));
#5652=DIRECTION('',(0.,1.,0.));
#5653=DIRECTION('',(-1.,0.,0.));
#5654=DIRECTION('center_axis',(0.,-1.,0.));
#5655=DIRECTION('ref_axis',(0.920977079938931,0.,-0.389616758144667));
#5656=DIRECTION('center_axis',(0.,-1.,0.));
#5657=DIRECTION('ref_axis',(0.920977079938931,0.,-0.389616758144667));
#5658=DIRECTION('center_axis',(0.,-1.,0.));
#5659=DIRECTION('ref_axis',(0.920977079938931,0.,-0.389616758144667));
#5660=DIRECTION('center_axis',(0.,-1.,0.));
#5661=DIRECTION('ref_axis',(1.,0.,0.));
#5662=DIRECTION('center_axis',(0.,-1.,0.));
#5663=DIRECTION('ref_axis',(1.,0.,0.));
#5664=DIRECTION('center_axis',(0.,-1.,0.));
#5665=DIRECTION('ref_axis',(1.,0.,0.));
#5666=DIRECTION('center_axis',(0.,1.,0.));
#5667=DIRECTION('ref_axis',(1.,0.,0.));
#5668=DIRECTION('',(0.,-1.,0.));
#5669=DIRECTION('center_axis',(0.,1.,0.));
#5670=DIRECTION('ref_axis',(1.,0.,0.));
#5671=DIRECTION('center_axis',(0.,0.,1.));
#5672=DIRECTION('ref_axis',(1.,0.,0.));
#5673=DIRECTION('',(-1.,0.,0.));
#5674=DIRECTION('',(0.,1.,0.));
#5675=DIRECTION('',(1.,0.,0.));
#5676=DIRECTION('',(0.,1.,0.));
#5677=DIRECTION('center_axis',(0.,-1.,0.));
#5678=DIRECTION('ref_axis',(-0.975787784640202,0.,0.218719453517438));
#5679=DIRECTION('center_axis',(0.,-1.,0.));
#5680=DIRECTION('ref_axis',(-0.975787784640202,0.,0.218719453517438));
#5681=DIRECTION('',(0.,1.,0.));
#5682=DIRECTION('center_axis',(0.,-1.,0.));
#5683=DIRECTION('ref_axis',(-0.975787784640202,0.,0.218719453517438));
#5684=DIRECTION('center_axis',(0.,0.,-1.));
#5685=DIRECTION('ref_axis',(-1.,0.,0.));
#5686=DIRECTION('',(1.,0.,0.));
#5687=DIRECTION('',(0.,1.,0.));
#5688=DIRECTION('',(-1.,0.,0.));
#5689=DIRECTION('center_axis',(0.,-1.,0.));
#5690=DIRECTION('ref_axis',(0.975787784640202,0.,-0.218719453517438));
#5691=DIRECTION('center_axis',(0.,-1.,0.));
#5692=DIRECTION('ref_axis',(0.975787784640202,0.,-0.218719453517438));
#5693=DIRECTION('center_axis',(0.,-1.,0.));
#5694=DIRECTION('ref_axis',(0.975787784640202,0.,-0.218719453517438));
#5695=DIRECTION('center_axis',(0.,-1.,0.));
#5696=DIRECTION('ref_axis',(1.,0.,0.));
#5697=DIRECTION('center_axis',(0.,-1.,0.));
#5698=DIRECTION('ref_axis',(1.,0.,0.));
#5699=DIRECTION('',(0.,1.,-1.22464679914735E-16));
#5700=DIRECTION('',(1.,0.,0.));
#5701=DIRECTION('',(0.,1.,-1.22464679914735E-16));
#5702=DIRECTION('',(1.,0.,0.));
#5703=DIRECTION('',(0.,-1.,1.22464679914735E-16));
#5704=DIRECTION('',(-1.,0.,0.));
#5705=DIRECTION('',(0.,-1.,1.22464679914735E-16));
#5706=DIRECTION('',(-1.,0.,0.));
#5707=CARTESIAN_POINT('',(0.,0.,0.));
#5708=CARTESIAN_POINT('',(0.,0.,0.));
#5709=CARTESIAN_POINT('Origin',(0.,0.,0.));
#5710=CARTESIAN_POINT('',(-2.,-5.73492783668705E-16,-7.01324897899894));
#5711=CARTESIAN_POINT('',(-2.,2.68778735116769E-15,-7.14925102100106));
#5712=CARTESIAN_POINT('',(-2.,-2.44929359829471E-16,0.));
#5713=CARTESIAN_POINT('',(1.07209037607738,-1.68837857885081,-7.475));
#5714=CARTESIAN_POINT('Ctrl Pts',(-2.,3.64983465221201E-16,-7.01324897899894));
#5715=CARTESIAN_POINT('Ctrl Pts',(-2.,0.0893729251577451,-7.01846239963314));
#5716=CARTESIAN_POINT('Ctrl Pts',(-1.99400952323953,0.178837543207363,-7.02368116901938));
#5717=CARTESIAN_POINT('Ctrl Pts',(-1.94794370243904,0.519784958407537,-7.04356976823939));
#5718=CARTESIAN_POINT('Ctrl Pts',(-1.86614117553428,0.763036995625609,-7.05775947041045));
#5719=CARTESIAN_POINT('Ctrl Pts',(-1.61049750429716,1.21511765815979,-7.08413084239161));
#5720=CARTESIAN_POINT('Ctrl Pts',(-1.43546457156953,1.41766167418657,-7.09874709869204));
#5721=CARTESIAN_POINT('Ctrl Pts',(-1.01972006012891,1.74019929712142,-7.12915708901715));
#5722=CARTESIAN_POINT('Ctrl Pts',(-0.784154874371425,1.8582878222075,-7.14450165471376));
#5723=CARTESIAN_POINT('Ctrl Pts',(-0.288153578800816,1.99530923760708,-7.17355517979557));
#5724=CARTESIAN_POINT('Ctrl Pts',(-0.0331968532480118,2.01573082651477,
-7.1861131196617));
#5725=CARTESIAN_POINT('Ctrl Pts',(0.48246167948089,1.95897654973825,-7.21381856709393));
#5726=CARTESIAN_POINT('Ctrl Pts',(0.737695407537053,1.87779844871571,-7.22908019709704));
#5727=CARTESIAN_POINT('Ctrl Pts',(1.19530102456092,1.62414044593948,-7.25959594405135));
#5728=CARTESIAN_POINT('Ctrl Pts',(1.39467190428216,1.45653528497861,-7.27455627563183));
#5729=CARTESIAN_POINT('Ctrl Pts',(1.71843328490178,1.05515265467485,-7.30261909453791));
#5730=CARTESIAN_POINT('Ctrl Pts',(1.83989268908188,0.825324839361948,-7.31510503003618));
#5731=CARTESIAN_POINT('Ctrl Pts',(1.99113729958689,0.325007572472904,-7.34429020393804));
#5732=CARTESIAN_POINT('Ctrl Pts',(2.01663353672943,0.0585675296332971,-7.35983253977035));
#5733=CARTESIAN_POINT('Ctrl Pts',(1.96330724816284,-0.458780928618972,-7.39001119983506));
#5734=CARTESIAN_POINT('Ctrl Pts',(1.88885633796385,-0.705209698725156,-7.40438621142459));
#5735=CARTESIAN_POINT('Ctrl Pts',(1.69072680607839,-1.08189805427851,-7.42635969883187));
#5736=CARTESIAN_POINT('Ctrl Pts',(1.59240282952634,-1.22202433368019,-7.43511277936466));
#5737=CARTESIAN_POINT('Ctrl Pts',(1.35799149243055,-1.4789417564182,-7.45444823094469));
#5738=CARTESIAN_POINT('Ctrl Pts',(1.22168163859669,-1.59339078707176,-7.46467244911743));
#5739=CARTESIAN_POINT('Ctrl Pts',(1.07209037607669,-1.68837857885124,-7.47500000000005));
#5740=CARTESIAN_POINT('',(1.9563146679295,0.415731788589556,-7.475));
#5741=CARTESIAN_POINT('Origin',(0.,0.,-7.475));
#5742=CARTESIAN_POINT('Ctrl Pts',(1.95631466792951,0.415731788589548,-7.475));
#5743=CARTESIAN_POINT('Ctrl Pts',(1.91489832436326,0.610625233436633,-7.46363121571726));
#5744=CARTESIAN_POINT('Ctrl Pts',(1.84458713172561,0.798262154830364,-7.45268572863593));
#5745=CARTESIAN_POINT('Ctrl Pts',(1.65140091629327,1.14546345153301,-7.43243231966161));
#5746=CARTESIAN_POINT('Ctrl Pts',(1.52992415844475,1.30330422688888,-7.42186025029625));
#5747=CARTESIAN_POINT('Ctrl Pts',(1.19892632666153,1.62199279487537,-7.3958437694262));
#5748=CARTESIAN_POINT('Ctrl Pts',(0.976979436056852,1.76459290812618,-7.3804722534657));
#5749=CARTESIAN_POINT('Ctrl Pts',(0.487200388538221,1.95779782138336,-7.35009437948114));
#5750=CARTESIAN_POINT('Ctrl Pts',(0.223672185514359,2.0050470121488,-7.33569773021727));
#5751=CARTESIAN_POINT('Ctrl Pts',(-0.295923547001775,1.99431382178568,-7.30913566442836));
#5752=CARTESIAN_POINT('Ctrl Pts',(-0.547161220779829,1.94047082926035,-7.29487318168674));
#5753=CARTESIAN_POINT('Ctrl Pts',(-1.02498058071932,1.73763583403343,-7.26481861158518));
#5754=CARTESIAN_POINT('Ctrl Pts',(-1.24556376360664,1.5869932485028,-7.24928141550556));
#5755=CARTESIAN_POINT('Ctrl Pts',(-1.61128396969307,1.21273074531665,-7.21988991812899));
#5756=CARTESIAN_POINT('Ctrl Pts',(-1.75446691698454,0.994377817745096,-7.20725639370284));
#5757=CARTESIAN_POINT('Ctrl Pts',(-1.94932720332191,0.516221525906721,-7.1793639433456));
#5758=CARTESIAN_POINT('Ctrl Pts',(-1.99953373382488,0.261142331006135,-7.16448432364306));
#5759=CARTESIAN_POINT('Ctrl Pts',(-1.99999892265934,0.00239709648094593,
-7.1493908516291));
#5760=CARTESIAN_POINT('Ctrl Pts',(-2.,0.00119852170903344,-7.14932093476742));
#5761=CARTESIAN_POINT('Ctrl Pts',(-2.,5.97130027906701E-15,-7.14925102100106));
#5762=CARTESIAN_POINT('Origin',(0.,0.,0.));
#5763=CARTESIAN_POINT('',(-2.,-1.07827950586181E-16,-6.31324897899894));
#5764=CARTESIAN_POINT('',(-2.,-3.92150909230394E-15,-6.44925102100106));
#5765=CARTESIAN_POINT('',(-2.,-2.44929359829471E-16,0.));
#5766=CARTESIAN_POINT('Ctrl Pts',(-2.,9.0205620750794E-16,-6.31324897899894));
#5767=CARTESIAN_POINT('Ctrl Pts',(-2.,0.128443011706164,-6.32074148801513));
#5768=CARTESIAN_POINT('Ctrl Pts',(-1.9876268179131,0.256896071688473,-6.32823458318077));
#5769=CARTESIAN_POINT('Ctrl Pts',(-1.91428293082515,0.632236411259719,-6.35012943632243));
#5770=CARTESIAN_POINT('Ctrl Pts',(-1.8188935686355,0.86935106213452,-6.36338458280679));
#5771=CARTESIAN_POINT('Ctrl Pts',(-1.53832703879799,1.30532401452752,-6.39027416221856));
#5772=CARTESIAN_POINT('Ctrl Pts',(-1.35191939950429,1.49752743786298,-6.40529706421264));
#5773=CARTESIAN_POINT('Ctrl Pts',(-0.919665078253259,1.79487815341304,-6.43580648143029));
#5774=CARTESIAN_POINT('Ctrl Pts',(-0.679195663622382,1.89896909156392,-6.45099053673739));
#5775=CARTESIAN_POINT('Ctrl Pts',(-0.176488624603379,2.0084375341053,-6.47957919518787));
#5776=CARTESIAN_POINT('Ctrl Pts',(0.0805899427954589,2.01456473430125,-6.4918954289506));
#5777=CARTESIAN_POINT('Ctrl Pts',(0.594982564554634,1.92799058304372,-6.52040667124344));
#5778=CARTESIAN_POINT('Ctrl Pts',(0.846503040656106,1.8315449192392,-6.53592601854716));
#5779=CARTESIAN_POINT('Ctrl Pts',(1.28829098548231,1.55116955307811,-6.56642194241966));
#5780=CARTESIAN_POINT('Ctrl Pts',(1.47647432992339,1.37327358850541,-6.58111724886958));
#5781=CARTESIAN_POINT('Ctrl Pts',(1.77819398915214,0.952056051424261,-6.60864507893439));
#5782=CARTESIAN_POINT('Ctrl Pts',(1.88730897773504,0.71167032716681,-6.62173487658089));
#5783=CARTESIAN_POINT('Ctrl Pts',(2.00727481676762,0.200590899566989,-6.65154784319088));
#5784=CARTESIAN_POINT('Ctrl Pts',(2.01621613723222,-0.0652347807748433,
-6.66705434121082));
#5785=CARTESIAN_POINT('Ctrl Pts',(1.93213781593993,-0.575541108786725,-6.69682221034484));
#5786=CARTESIAN_POINT('Ctrl Pts',(1.84361334654643,-0.815724068750513,-6.7105716647537));
#5787=CARTESIAN_POINT('Ctrl Pts',(1.57571069978268,-1.25993390764781,-6.73706173076212));
#5788=CARTESIAN_POINT('Ctrl Pts',(1.39501861968677,-1.45745328459161,-6.75195094193448));
#5789=CARTESIAN_POINT('Ctrl Pts',(0.971078515557983,-1.76769894199488,-6.78241644276716));
#5790=CARTESIAN_POINT('Ctrl Pts',(0.73300946359014,-1.87895304301661,-6.7976881617804));
#5791=CARTESIAN_POINT('Ctrl Pts',(0.233671130163902,-2.00248582819246,-6.82651684945481));
#5792=CARTESIAN_POINT('Ctrl Pts',(-0.0222773139682974,-2.01594781715052,
-6.8389092429885));
#5793=CARTESIAN_POINT('Ctrl Pts',(-0.538946997536117,-1.94450784791344,
-6.86709410458579));
#5794=CARTESIAN_POINT('Ctrl Pts',(-0.793900205078765,-1.85506447956141,
-6.88258263350904));
#5795=CARTESIAN_POINT('Ctrl Pts',(-1.24468076476149,-1.5864892546702,-6.91318867684771));
#5796=CARTESIAN_POINT('Ctrl Pts',(-1.43824164217349,-1.41339015255177,-6.92801573781886));
#5797=CARTESIAN_POINT('Ctrl Pts',(-1.75048455208525,-1.00156947694429,-6.95580110789863));
#5798=CARTESIAN_POINT('Ctrl Pts',(-1.86551982144552,-0.766281485979918,
-6.96854922565012));
#5799=CARTESIAN_POINT('Ctrl Pts',(-1.97737832192905,-0.346990172197826,
-6.99300788562075));
#5800=CARTESIAN_POINT('Ctrl Pts',(-2.,-0.173668200955405,-7.00311833394321));
#5801=CARTESIAN_POINT('Ctrl Pts',(-2.,6.24500451351651E-16,-7.01324897899894));
#5802=CARTESIAN_POINT('Ctrl Pts',(-2.,5.96744875736022E-15,-7.14925102100106));
#5803=CARTESIAN_POINT('Ctrl Pts',(-2.,-0.266584083210659,-7.13370028281377));
#5804=CARTESIAN_POINT('Ctrl Pts',(-1.94669942332596,-0.530542935725936,
-7.1183026830837));
#5805=CARTESIAN_POINT('Ctrl Pts',(-1.74468280820593,-1.01019175514775,-7.09032316861742));
#5806=CARTESIAN_POINT('Ctrl Pts',(-1.60258289665497,-1.22317081144528,-7.07786805984402));
#5807=CARTESIAN_POINT('Ctrl Pts',(-1.24146129518752,-1.58956081683904,-7.04893848997767));
#5808=CARTESIAN_POINT('Ctrl Pts',(-1.02398115471556,-1.73763630700989,-7.03363292747043));
#5809=CARTESIAN_POINT('Ctrl Pts',(-0.540449818890698,-1.94374592771887,
-7.00319428901266));
#5810=CARTESIAN_POINT('Ctrl Pts',(-0.278369597967273,-1.99819844143832,
-6.98836628316214));
#5811=CARTESIAN_POINT('Ctrl Pts',(0.240577588648768,-2.00163891358246,-6.96204968499274));
#5812=CARTESIAN_POINT('Ctrl Pts',(0.492538012544728,-1.95498006730389,-6.94805583114447));
#5813=CARTESIAN_POINT('Ctrl Pts',(0.974702117031079,-1.76621604278436,-6.91819217590476));
#5814=CARTESIAN_POINT('Ctrl Pts',(1.19887951697257,-1.62242390542824,-6.90267321137249));
#5815=CARTESIAN_POINT('Ctrl Pts',(1.57624722906238,-1.25831930211434,-6.87298957563696));
#5816=CARTESIAN_POINT('Ctrl Pts',(1.72659178567332,-1.04248931133618,-6.86006289749565));
#5817=CARTESIAN_POINT('Ctrl Pts',(1.93460126122211,-0.568621739241204,-6.83242062245678));
#5818=CARTESIAN_POINT('Ctrl Pts',(1.99156279745949,-0.315683128456418,-6.817665870161));
#5819=CARTESIAN_POINT('Ctrl Pts',(2.00700006537583,0.207986710249248,-6.78711846290317));
#5820=CARTESIAN_POINT('Ctrl Pts',(1.96133272948284,0.473826627683586,-6.77161113438617));
#5821=CARTESIAN_POINT('Ctrl Pts',(1.77281982710472,0.960141179220659,-6.74324278554651));
#5822=CARTESIAN_POINT('Ctrl Pts',(1.6364271018475,1.17765601407677,-6.73090532135288));
#5823=CARTESIAN_POINT('Ctrl Pts',(1.28565053548809,1.5539170971554,-6.70221045707445));
#5824=CARTESIAN_POINT('Ctrl Pts',(1.07305441988091,1.70765714249316,-6.6869864102685));
#5825=CARTESIAN_POINT('Ctrl Pts',(0.596286086048387,1.92735719089621,-6.65649303867563));
#5826=CARTESIAN_POINT('Ctrl Pts',(0.335834031453529,1.98935331367075,-6.6415272628428));
#5827=CARTESIAN_POINT('Ctrl Pts',(-0.182383018737001,2.0077195668084,-6.61481221453483));
#5828=CARTESIAN_POINT('Ctrl Pts',(-0.435074048061254,1.96849724835366,-6.6013530553527));
#5829=CARTESIAN_POINT('Ctrl Pts',(-0.921364385778764,1.79450209028591,-6.5717117090545));
#5830=CARTESIAN_POINT('Ctrl Pts',(-1.14907425852565,1.657944898961,-6.55622530979553));
#5831=CARTESIAN_POINT('Ctrl Pts',(-1.53850390886135,1.30464241795237,-6.52624738917241));
#5832=CARTESIAN_POINT('Ctrl Pts',(-1.69641420096737,1.09143518834583,-6.51291807365455));
#5833=CARTESIAN_POINT('Ctrl Pts',(-1.91798203532578,0.622094109357331,-6.48553984404689));
#5834=CARTESIAN_POINT('Ctrl Pts',(-1.98181101032437,0.371541476402834,-6.47092427379121));
#5835=CARTESIAN_POINT('Ctrl Pts',(-1.99888363608285,0.0772009349502425,
-6.45375440887315));
#5836=CARTESIAN_POINT('Ctrl Pts',(-2.,0.0385811757609951,-6.45150158958712));
#5837=CARTESIAN_POINT('Ctrl Pts',(-2.,-5.38663966087686E-15,-6.44925102100106));
#5838=CARTESIAN_POINT('Origin',(0.,0.,0.));
#5839=CARTESIAN_POINT('',(-2.,-8.8574300934453E-16,-5.61324897899894));
#5840=CARTESIAN_POINT('',(-2.,2.02859243029651E-15,-5.74925102100106));
#5841=CARTESIAN_POINT('',(-2.,-2.44929359829471E-16,0.));
#5842=CARTESIAN_POINT('Ctrl Pts',(-2.,2.04697370165263E-15,-5.61324897899894));
#5843=CARTESIAN_POINT('Ctrl Pts',(-2.,0.165969564565222,-5.62293053693191));
#5844=CARTESIAN_POINT('Ctrl Pts',(-1.97933968099413,0.331669328469947,-5.63259635649302));
#5845=CARTESIAN_POINT('Ctrl Pts',(-1.87571396531696,0.738888402960715,-5.65635080250498));
#5846=CARTESIAN_POINT('Ctrl Pts',(-1.76708991725039,0.970376991485812,-5.66894819696918));
#5847=CARTESIAN_POINT('Ctrl Pts',(-1.46224059848225,1.39003897240813,-5.69658876125156));
#5848=CARTESIAN_POINT('Ctrl Pts',(-1.26522780806875,1.57146964496207,-5.71183321061422));
#5849=CARTESIAN_POINT('Ctrl Pts',(-0.818000597222825,1.84323514348006,-5.74235279499594));
#5850=CARTESIAN_POINT('Ctrl Pts',(-0.573484027608697,1.93333498299948,-5.75733323136963));
#5851=CARTESIAN_POINT('Ctrl Pts',(-0.0645307177778996,2.01545444381583,
-5.78543976122323));
#5852=CARTESIAN_POINT('Ctrl Pts',(0.195002559807102,2.00703761846016,-5.79789488341195));
#5853=CARTESIAN_POINT('Ctrl Pts',(0.704394875895223,1.89054444606583,-5.82702615763658));
#5854=CARTESIAN_POINT('Ctrl Pts',(0.948579454313077,1.78059255971244,-5.84256884046235));
#5855=CARTESIAN_POINT('Ctrl Pts',(1.37168501595097,1.47770031482783,-5.8727777072217));
#5856=CARTESIAN_POINT('Ctrl Pts',(1.54888032609243,1.29078690839551,-5.88718092724346));
#5857=CARTESIAN_POINT('Ctrl Pts',(1.82939497582704,0.851029756898938,-5.91417825824233));
#5858=CARTESIAN_POINT('Ctrl Pts',(1.92637242523157,0.600078199293286,-5.9282444173735));
#5859=CARTESIAN_POINT('Ctrl Pts',(2.01550771198842,0.0793350030856795,-5.95862110381895));
#5860=CARTESIAN_POINT('Ctrl Pts',(2.0085727479038,-0.184946897439028,-5.97403754801622));
#5861=CARTESIAN_POINT('Ctrl Pts',(1.89514119490835,-0.687458262420493,-6.00335071097347));
#5862=CARTESIAN_POINT('Ctrl Pts',(1.79296028324598,-0.921638478004065,-6.01621973400012));
#5863=CARTESIAN_POINT('Ctrl Pts',(1.49990192332063,-1.34930895846332,-6.04349822210858));
#5864=CARTESIAN_POINT('Ctrl Pts',(1.30797722695209,-1.53606446638584,-6.05864093807866));
#5865=CARTESIAN_POINT('Ctrl Pts',(0.867855976760936,-1.82039045048031,-6.08916788998039));
#5866=CARTESIAN_POINT('Ctrl Pts',(0.625211546965588,-1.91732344792506,-6.10425304975609));
#5867=CARTESIAN_POINT('Ctrl Pts',(0.119258294241428,-2.01278761186329,-6.13259724278683));
#5868=CARTESIAN_POINT('Ctrl Pts',(-0.139039266537165,-2.01151816423776,
-6.14493703886379));
#5869=CARTESIAN_POINT('Ctrl Pts',(-0.650968681474901,-1.90970440808286,
-6.17376833298468));
#5870=CARTESIAN_POINT('Ctrl Pts',(-0.898841915948398,-1.80631995619405,
-6.18930580971315));
#5871=CARTESIAN_POINT('Ctrl Pts',(-1.33125926466111,-1.51433507519681,-6.21966695926853));
#5872=CARTESIAN_POINT('Ctrl Pts',(-1.51390222246053,-1.33176641663232,-6.23421866255114));
#5873=CARTESIAN_POINT('Ctrl Pts',(-1.804888746273,-0.901099180167829,-6.26147989071855));
#5874=CARTESIAN_POINT('Ctrl Pts',(-1.90789957799739,-0.655412060251543,
-6.27501660881761));
#5875=CARTESIAN_POINT('Ctrl Pts',(-1.98674781951013,-0.265842764553118,
-6.29774148440001));
#5876=CARTESIAN_POINT('Ctrl Pts',(-2.,-0.132926763307209,-6.30549491780602));
#5877=CARTESIAN_POINT('Ctrl Pts',(-2.,-4.85722573273506E-16,-6.31324897899894));
#5878=CARTESIAN_POINT('Ctrl Pts',(-2.,-5.96744875736022E-15,-6.44925102100106));
#5879=CARTESIAN_POINT('Ctrl Pts',(-2.,-0.227020993138315,-6.43600812973466));
#5880=CARTESIAN_POINT('Ctrl Pts',(-1.96134278931959,-0.452706061715365,
-6.42284316740098));
#5881=CARTESIAN_POINT('Ctrl Pts',(-1.80016334280009,-0.908120212220172,
-6.39627734195487));
#5882=CARTESIAN_POINT('Ctrl Pts',(-1.66959229824418,-1.13036855769718,-6.38395998314901));
#5883=CARTESIAN_POINT('Ctrl Pts',(-1.32937502589665,-1.51655583348898,-6.35550904089996));
#5884=CARTESIAN_POINT('Ctrl Pts',(-1.12187233373478,-1.67587607211968,-6.34037954877856));
#5885=CARTESIAN_POINT('Ctrl Pts',(-0.652345453932845,-1.90911861308436,
-6.30985701266979));
#5886=CARTESIAN_POINT('Ctrl Pts',(-0.393770743061725,-1.97870588315588,
-6.29476466830325));
#5887=CARTESIAN_POINT('Ctrl Pts',(0.123560053241514,-2.01217497297987,-6.26765389249746));
#5888=CARTESIAN_POINT('Ctrl Pts',(0.377075469832821,-1.98039713227035,-6.25463011609115));
#5889=CARTESIAN_POINT('Ctrl Pts',(0.867333643151326,-1.82111901498925,-6.22521756910755));
#5890=CARTESIAN_POINT('Ctrl Pts',(1.09834193705391,-1.69185838920783,-6.20977735621366));
#5891=CARTESIAN_POINT('Ctrl Pts',(1.4997058084601,-1.34954881983475,-6.17951716742701));
#5892=CARTESIAN_POINT('Ctrl Pts',(1.66526330045598,-1.13896540608256,-6.1656906696892));
#5893=CARTESIAN_POINT('Ctrl Pts',(1.9002027454305,-0.674193553050524,-6.13857897826233));
#5894=CARTESIAN_POINT('Ctrl Pts',(1.97069744393452,-0.426165825332159,-6.12411069414543));
#5895=CARTESIAN_POINT('Ctrl Pts',(2.01540511840234,0.0928692028760966,-6.09383365083328));
#5896=CARTESIAN_POINT('Ctrl Pts',(1.98529701668611,0.359302063997222,-6.07829173393455));
#5897=CARTESIAN_POINT('Ctrl Pts',(1.82546375764143,0.856501997623096,-6.04928840447304));
#5898=CARTESIAN_POINT('Ctrl Pts',(1.70059119624228,1.08346667643932,-6.03689396161979));
#5899=CARTESIAN_POINT('Ctrl Pts',(1.37067876937273,1.47920846897973,-6.00868492768025));
#5900=CARTESIAN_POINT('Ctrl Pts',(1.16824304500091,1.64377631141138,-5.99365835427953));
#5901=CARTESIAN_POINT('Ctrl Pts',(0.706095133325165,1.88990470557611,-5.96313275259372));
#5902=CARTESIAN_POINT('Ctrl Pts',(0.449555122938802,1.96678668105248,-5.94793043528756));
#5903=CARTESIAN_POINT('Ctrl Pts',(-0.0667705064706426,2.01487349902595,
-5.92044408824788));
#5904=CARTESIAN_POINT('Ctrl Pts',(-0.321166643743678,1.99023908374826,-5.90774158339111));
#5905=CARTESIAN_POINT('Ctrl Pts',(-0.815080761942904,1.84499324751624,-5.87855361970486));
#5906=CARTESIAN_POINT('Ctrl Pts',(-1.04902328907054,1.7227593418643,-5.8631701207848));
#5907=CARTESIAN_POINT('Ctrl Pts',(-1.46167609556786,1.3911499312842,-5.83265172386298));
#5908=CARTESIAN_POINT('Ctrl Pts',(-1.63462616877539,1.18309296975271,-5.81826477756996));
#5909=CARTESIAN_POINT('Ctrl Pts',(-1.88218979791413,0.722732643873498,-5.79141042522701));
#5910=CARTESIAN_POINT('Ctrl Pts',(-1.95887179092655,0.477239371588028,-5.77708998434369));
#5911=CARTESIAN_POINT('Ctrl Pts',(-1.99581474564336,0.149492502922773,-5.75797141700488));
#5912=CARTESIAN_POINT('Ctrl Pts',(-2.,0.0747027155839575,-5.75360867941012));
#5913=CARTESIAN_POINT('Ctrl Pts',(-2.,5.97130027906701E-15,-5.74925102100106));
#5914=CARTESIAN_POINT('Origin',(0.,0.,0.));
#5915=CARTESIAN_POINT('',(-2.,3.63257893358771E-16,-4.91324897899894));
#5916=CARTESIAN_POINT('',(-2.,-2.33857392047511E-15,-5.04925102100106));
#5917=CARTESIAN_POINT('',(-2.,-2.44929359829471E-16,0.));
#5918=CARTESIAN_POINT('Ctrl Pts',(-2.,1.42247325030098E-15,-4.91324897899894));
#5919=CARTESIAN_POINT('Ctrl Pts',(-2.,0.20262376656644,-4.92506869871532));
#5920=CARTESIAN_POINT('Ctrl Pts',(-1.96920531283276,0.404424233847365,-4.93684039264004));
#5921=CARTESIAN_POINT('Ctrl Pts',(-1.83216834321516,0.841449842597877,-4.96233355315048));
#5922=CARTESIAN_POINT('Ctrl Pts',(-1.71025788367604,1.06765720819109,-4.97465658573783));
#5923=CARTESIAN_POINT('Ctrl Pts',(-1.38036170727371,1.47167718057991,-5.00310624564609));
#5924=CARTESIAN_POINT('Ctrl Pts',(-1.1718915739206,1.64252049462518,-5.0186207008049));
#5925=CARTESIAN_POINT('Ctrl Pts',(-0.709246798837164,1.8875533685551,-5.04913945043663));
#5926=CARTESIAN_POINT('Ctrl Pts',(-0.461356980932468,1.96292483836862,-5.06386071961881));
#5927=CARTESIAN_POINT('Ctrl Pts',(0.053745499418857,2.01625494278246,-5.09143820462052));
#5928=CARTESIAN_POINT('Ctrl Pts',(0.316199800745648,1.99203738545205,-5.1044550504301));
#5929=CARTESIAN_POINT('Ctrl Pts',(0.819409718947576,1.84337613869602,-5.1342122368621));
#5930=CARTESIAN_POINT('Ctrl Pts',(1.0549343719881,1.71946926312363,-5.14972445681008));
#5931=CARTESIAN_POINT('Ctrl Pts',(1.45685270657589,1.39357090614623,-5.17953399568857));
#5932=CARTESIAN_POINT('Ctrl Pts',(1.62174045901393,1.19763200127923,-5.19338711225765));
#5933=CARTESIAN_POINT('Ctrl Pts',(1.87498251168618,0.74480436372862,-5.21980205778144));
#5934=CARTESIAN_POINT('Ctrl Pts',(1.95707193671687,0.490011209972728,-5.23466499175053));
#5935=CARTESIAN_POINT('Ctrl Pts',(2.01662989516614,-0.0320648007311859,
-5.26511942570826));
#5936=CARTESIAN_POINT('Ctrl Pts',(1.9953270230602,-0.294122215740284,-5.28040610825046));
#5937=CARTESIAN_POINT('Ctrl Pts',(1.85521999593131,-0.789081363368586,-5.30927872519544));
#5938=CARTESIAN_POINT('Ctrl Pts',(1.74017478343046,-1.01797402429757,-5.32169614648819));
#5939=CARTESIAN_POINT('Ctrl Pts',(1.42218656404988,-1.43144628542131,-5.34981993020942));
#5940=CARTESIAN_POINT('Ctrl Pts',(1.21807159782572,-1.60870160490999,-5.36530138721367));
#5941=CARTESIAN_POINT('Ctrl Pts',(0.761185306218585,-1.86730859641666,-5.39592514068435));
#5942=CARTESIAN_POINT('Ctrl Pts',(0.514788151810726,-1.94968440916682,-5.41077529660591));
#5943=CARTESIAN_POINT('Ctrl Pts',(0.00255825208676317,-2.01671895385008,
-5.43860737699394));
#5944=CARTESIAN_POINT('Ctrl Pts',(-0.258465356355455,-2.00009247179685,
-5.45130347317332));
#5945=CARTESIAN_POINT('Ctrl Pts',(-0.764744283695285,-1.86682732391944,
-5.4807666473809));
#5946=CARTESIAN_POINT('Ctrl Pts',(-1.00451014629616,-1.74952150605134,-5.49630059453379));
#5947=CARTESIAN_POINT('Ctrl Pts',(-1.41664927441249,-1.43451448763741,-5.52630880493667));
#5948=CARTESIAN_POINT('Ctrl Pts',(-1.58749631369092,-1.24283109306003,-5.54053044672214));
#5949=CARTESIAN_POINT('Ctrl Pts',(-1.8535447705131,-0.796616480826168,-5.56698531504329));
#5950=CARTESIAN_POINT('Ctrl Pts',(-1.94272454876262,-0.544196722082884,
-5.58150417021077));
#5951=CARTESIAN_POINT('Ctrl Pts',(-1.99336899761891,-0.188145671626285,
-5.60227381482074));
#5952=CARTESIAN_POINT('Ctrl Pts',(-2.,-0.0940295361327171,-5.60776392272453));
#5953=CARTESIAN_POINT('Ctrl Pts',(-2.,3.64983465221201E-16,-5.61324897899894));
#5954=CARTESIAN_POINT('Ctrl Pts',(-2.,6.97358837342676E-15,-5.74925102100106));
#5955=CARTESIAN_POINT('Ctrl Pts',(-2.,-0.189032128958094,-5.73822414681184));
#5956=CARTESIAN_POINT('Ctrl Pts',(-1.97319824859173,-0.377506718251615,
-5.72722979576971));
#5957=CARTESIAN_POINT('Ctrl Pts',(-1.84783421182225,-0.807560426499577,
-5.70214332945525));
#5958=CARTESIAN_POINT('Ctrl Pts',(-1.72831208789263,-1.03902566764883,-5.68959056583196));
#5959=CARTESIAN_POINT('Ctrl Pts',(-1.40803334810064,-1.44358130749405,-5.66161113738095));
#5960=CARTESIAN_POINT('Ctrl Pts',(-1.21040986386288,-1.61287429498728,-5.64668985271123));
#5961=CARTESIAN_POINT('Ctrl Pts',(-0.755419358740596,-1.87074024750903,
-5.61618348450087));
#5962=CARTESIAN_POINT('Ctrl Pts',(-0.500954696108934,-1.95433037700056,
-5.60089035542877));
#5963=CARTESIAN_POINT('Ctrl Pts',(0.0143036360228634,-2.01597250986371,
-5.57306256292056));
#5964=CARTESIAN_POINT('Ctrl Pts',(0.26958895492647,-1.99792060635926,-5.56057123714635));
#5965=CARTESIAN_POINT('Ctrl Pts',(0.766741957233415,-1.86550641696381,-5.53159390739766));
#5966=CARTESIAN_POINT('Ctrl Pts',(1.00318445452922,-1.74974767524725,-5.51627297356137));
#5967=CARTESIAN_POINT('Ctrl Pts',(1.42166563506933,-1.43146593971037,-5.48584886182926));
#5968=CARTESIAN_POINT('Ctrl Pts',(1.5986622801442,-1.23067463944258,-5.47105090609532));
#5969=CARTESIAN_POINT('Ctrl Pts',(1.85850797370356,-0.781313863530813,-5.44481762678285));
#5970=CARTESIAN_POINT('Ctrl Pts',(1.94266783570418,-0.539127518521763,-5.43070012624816));
#5971=CARTESIAN_POINT('Ctrl Pts',(2.01716462795893,-0.0263998767618201,
-5.40079101381216));
#5972=CARTESIAN_POINT('Ctrl Pts',(2.00304534941542,0.239726131366722,-5.38526699667133));
#5973=CARTESIAN_POINT('Ctrl Pts',(1.8732123957238,0.747512378670556,-5.35564613224527));
#5974=CARTESIAN_POINT('Ctrl Pts',(1.76021280985565,0.984547106276741,-5.34279108928309));
#5975=CARTESIAN_POINT('Ctrl Pts',(1.4515995457353,1.39962379602199,-5.31509411510959));
#5976=CARTESIAN_POINT('Ctrl Pts',(1.2598866173325,1.57440147910178,-5.30031145048964));
#5977=CARTESIAN_POINT('Ctrl Pts',(0.812184478958461,1.84709311098411,-5.26974086142537));
#5978=CARTESIAN_POINT('Ctrl Pts',(0.558398522349698,1.93897364183025,-5.25424021595212));
#5979=CARTESIAN_POINT('Ctrl Pts',(0.0424987773826432,2.01565531452623,-5.22594136720989));
#5980=CARTESIAN_POINT('Ctrl Pts',(-0.213831433998864,2.00473340679621,-5.21358671055099));
#5981=CARTESIAN_POINT('Ctrl Pts',(-0.714353501776647,1.88608986705042,-5.18484082580047));
#5982=CARTESIAN_POINT('Ctrl Pts',(-0.953281460311931,1.7773222547115,-5.16959823900424));
#5983=CARTESIAN_POINT('Ctrl Pts',(-1.38015822377004,1.47153669279197,-5.13911446969759));
#5984=CARTESIAN_POINT('Ctrl Pts',(-1.56285654253378,1.27584699699235,-5.12417727276221));
#5985=CARTESIAN_POINT('Ctrl Pts',(-1.83517486960511,0.834489321168134,-5.09754732284968));
#5986=CARTESIAN_POINT('Ctrl Pts',(-1.92609174119984,0.595387255798721,-5.08398194425598));
#5987=CARTESIAN_POINT('Ctrl Pts',(-1.98998099364112,0.231216849537512,-5.06273867055741));
#5988=CARTESIAN_POINT('Ctrl Pts',(-2.,0.115580532618475,-5.05599321873714));
#5989=CARTESIAN_POINT('Ctrl Pts',(-2.,7.97972798949331E-16,-5.04925102100106));
#5990=CARTESIAN_POINT('Origin',(0.,0.,0.));
#5991=CARTESIAN_POINT('',(-2.,-1.30207664357896E-15,-4.21324897899894));
#5992=CARTESIAN_POINT('',(-2.,-2.48602541593313E-15,-4.34925102100106));
#5993=CARTESIAN_POINT('',(-2.,-2.44929359829471E-16,0.));
#5994=CARTESIAN_POINT('Ctrl Pts',(-2.,-7.63278329429795E-16,-4.21324897899894));
#5995=CARTESIAN_POINT('Ctrl Pts',(-2.,0.239653958530064,-4.22722879324653));
#5996=CARTESIAN_POINT('Ctrl Pts',(-1.95692220857253,0.477548734579129,-4.24110598851606));
#5997=CARTESIAN_POINT('Ctrl Pts',(-1.78238741088857,0.942963551712923,-4.2682551861822));
#5998=CARTESIAN_POINT('Ctrl Pts',(-1.6465880880251,1.16397469292427,-4.28068232590431));
#5999=CARTESIAN_POINT('Ctrl Pts',(-1.2931041218381,1.54863989719084,-4.30975908321075));
#6000=CARTESIAN_POINT('Ctrl Pts',(-1.07648343895173,1.70633194125552,-4.32530171033391));
#6001=CARTESIAN_POINT('Ctrl Pts',(-0.603470911119872,1.92379936592168,-4.35554022736896));
#6002=CARTESIAN_POINT('Ctrl Pts',(-0.353178460623611,1.98506640216282,-4.3699714937888));
#6003=CARTESIAN_POINT('Ctrl Pts',(0.167440713748912,2.01063266948866,-4.39701789337686));
#6004=CARTESIAN_POINT('Ctrl Pts',(0.432972292351516,1.97060319583652,-4.41097934437186));
#6005=CARTESIAN_POINT('Ctrl Pts',(0.929201954959626,1.79031386917736,-4.44130638687867));
#6006=CARTESIAN_POINT('Ctrl Pts',(1.15548704759059,1.65332792883106,-4.45673331406388));
#6007=CARTESIAN_POINT('Ctrl Pts',(1.53592937849434,1.30578570312151,-4.4860892045026));
#6008=CARTESIAN_POINT('Ctrl Pts',(1.68874261185496,1.10102920065332,-4.4990222756275));
#6009=CARTESIAN_POINT('Ctrl Pts',(1.91509352712535,0.634628899192042,-4.52622895987941));
#6010=CARTESIAN_POINT('Ctrl Pts',(1.98226268566494,0.375404979041735,-4.54135035522151));
#6011=CARTESIAN_POINT('Ctrl Pts',(2.01126655367469,-0.147891958298829,-4.57187600989971));
#6012=CARTESIAN_POINT('Ctrl Pts',(1.97524192803071,-0.406825511678617,-4.5869804671802));
#6013=CARTESIAN_POINT('Ctrl Pts',(1.80749911507767,-0.893513178801768,-4.61537058109571));
#6014=CARTESIAN_POINT('Ctrl Pts',(1.67856772490142,-1.11706274539188,-4.62769850872153));
#6015=CARTESIAN_POINT('Ctrl Pts',(1.33666413610675,-1.51133667768685,-4.65647050137004));
#6016=CARTESIAN_POINT('Ctrl Pts',(1.12396264341336,-1.67555781661877,-4.67200557019445));
#6017=CARTESIAN_POINT('Ctrl Pts',(0.655862408625196,-1.90666554205517,-4.70239376938558));
#6018=CARTESIAN_POINT('Ctrl Pts',(0.406655531697431,-1.97489224483908,-4.71697318491278));
#6019=CARTESIAN_POINT('Ctrl Pts',(-0.111285181892495,-2.01419408033101,
-4.74428489435931));
#6020=CARTESIAN_POINT('Ctrl Pts',(-0.37526853503257,-1.98206320637411,-4.75773000708015));
#6021=CARTESIAN_POINT('Ctrl Pts',(-0.875084292893765,-1.81749180090265,
-4.78777977311171));
#6022=CARTESIAN_POINT('Ctrl Pts',(-1.10604732567715,-1.68692226339118,-4.80325587608978));
#6023=CARTESIAN_POINT('Ctrl Pts',(-1.49718460172671,-1.35006155304307,-4.83284051115811));
#6024=CARTESIAN_POINT('Ctrl Pts',(-1.65598284582417,-1.14973329281548,-4.84618120358471));
#6025=CARTESIAN_POINT('Ctrl Pts',(-1.89582109639027,-0.690057318445309,
-4.87299563542297));
#6026=CARTESIAN_POINT('Ctrl Pts',(-1.97049058172369,-0.432939264410284,
-4.88799418857501));
#6027=CARTESIAN_POINT('Ctrl Pts',(-1.99762671181583,-0.112570401238202,
-4.90668237226005));
#6028=CARTESIAN_POINT('Ctrl Pts',(-2.,-0.0562534724036592,-4.90996752644206));
#6029=CARTESIAN_POINT('Ctrl Pts',(-2.,3.64983465221201E-16,-4.91324897899894));
#6030=CARTESIAN_POINT('Ctrl Pts',(-2.,3.81639164714898E-16,-5.04925102100106));
#6031=CARTESIAN_POINT('Ctrl Pts',(-2.,-0.146311571510702,-5.0407161793296));
#6032=CARTESIAN_POINT('Ctrl Pts',(-1.98394440335712,-0.292533750752736,
-5.03218655220715));
#6033=CARTESIAN_POINT('Ctrl Pts',(-1.894704403605,-0.692040161946932,-5.00888201155415));
#6034=CARTESIAN_POINT('Ctrl Pts',(-1.78771742220828,-0.934269878948648,
-4.99564699050624));
#6035=CARTESIAN_POINT('Ctrl Pts',(-1.48975411431648,-1.3588099666426,-4.96821201663009));
#6036=CARTESIAN_POINT('Ctrl Pts',(-1.30350403117465,-1.53836655014281,-4.95356594024296));
#6037=CARTESIAN_POINT('Ctrl Pts',(-0.864974039071004,-1.82285421164477,
-4.92311466016264));
#6038=CARTESIAN_POINT('Ctrl Pts',(-0.614713868206636,-1.92175189826902,
-4.90758746381387));
#6039=CARTESIAN_POINT('Ctrl Pts',(-0.101167354101436,-2.01368199891525,
-4.87896275012268));
#6040=CARTESIAN_POINT('Ctrl Pts',(0.15633124214284,-2.01015239596219,-4.86664956763574));
#6041=CARTESIAN_POINT('Ctrl Pts',(0.660195157764883,-1.90562356784209,-4.83814653800846));
#6042=CARTESIAN_POINT('Ctrl Pts',(0.901456305110671,-1.80405512100052,-4.82299605849364));
#6043=CARTESIAN_POINT('Ctrl Pts',(1.33653285168866,-1.51127868555126,-4.7924774841806));
#6044=CARTESIAN_POINT('Ctrl Pts',(1.52490673738009,-1.32097979084582,-4.77741079981062));
#6045=CARTESIAN_POINT('Ctrl Pts',(1.8098929764979,-0.887923609639479,-4.75038301736181));
#6046=CARTESIAN_POINT('Ctrl Pts',(1.90768214331399,-0.651857351803792,-4.73727603318961));
#6047=CARTESIAN_POINT('Ctrl Pts',(2.01178398604099,-0.146808327201545,-4.70781484008781));
#6048=CARTESIAN_POINT('Ctrl Pts',(2.01367487423217,0.11806681157426,-4.69236379032589));
#6049=CARTESIAN_POINT('Ctrl Pts',(1.91464177484132,0.635812650417677,-4.66216194972669));
#6050=CARTESIAN_POINT('Ctrl Pts',(1.81376343126342,0.88335876079758,-4.64844769427367));
#6051=CARTESIAN_POINT('Ctrl Pts',(1.5264946293443,1.31726773649959,-4.62127972780539));
#6052=CARTESIAN_POINT('Ctrl Pts',(1.34578154375168,1.50140307594434,-4.60677982323462));
#6053=CARTESIAN_POINT('Ctrl Pts',(0.916652159116599,1.79730793374058,-4.57647044288031));
#6054=CARTESIAN_POINT('Ctrl Pts',(0.670074368905647,1.90304706457502,-4.56092973146162));
#6055=CARTESIAN_POINT('Ctrl Pts',(0.15902978693599,2.01009381232422,-4.53199050854256));
#6056=CARTESIAN_POINT('Ctrl Pts',(-0.0997003603760704,2.01390794897367,
-4.51961999189642));
#6057=CARTESIAN_POINT('Ctrl Pts',(-0.606737667767302,1.92321664949423,-4.49136024297767));
#6058=CARTESIAN_POINT('Ctrl Pts',(-0.850074193992036,1.82872687783138,-4.47631138052372));
#6059=CARTESIAN_POINT('Ctrl Pts',(-1.2927811914591,1.54887787719071,-4.44578438014105));
#6060=CARTESIAN_POINT('Ctrl Pts',(-1.48654508036983,1.36401248365374,-4.43060387990515));
#6061=CARTESIAN_POINT('Ctrl Pts',(-1.78383354500591,0.939195377889372,-4.40319491816712));
#6062=CARTESIAN_POINT('Ctrl Pts',(-1.88832161259106,0.705989196744137,-4.39043372414447));
#6063=CARTESIAN_POINT('Ctrl Pts',(-1.98213407156739,0.308521797464957,-4.36724812585318));
#6064=CARTESIAN_POINT('Ctrl Pts',(-2.,0.15433909497205,-4.35825413487443));
#6065=CARTESIAN_POINT('Ctrl Pts',(-2.,1.21430643318376E-15,-4.34925102100106));
#6066=CARTESIAN_POINT('Origin',(0.,0.,0.));
#6067=CARTESIAN_POINT('',(-2.,-4.35518996129814E-15,-3.51324897899894));
#6068=CARTESIAN_POINT('',(-2.,-2.77659159815925E-15,-3.64925102100106));
#6069=CARTESIAN_POINT('',(-2.,-2.44929359829471E-16,0.));
#6070=CARTESIAN_POINT('Ctrl Pts',(-2.,-1.10232711567188E-14,-3.51324897899894));
#6071=CARTESIAN_POINT('Ctrl Pts',(-2.,0.0206704547389982,-3.51445475552538));
#6072=CARTESIAN_POINT('Ctrl Pts',(-1.99967955084489,0.0413537105525368,
-3.51566127878117));
#6073=CARTESIAN_POINT('Ctrl Pts',(-1.99107046566316,0.318742643175001,-3.53184229985082));
#6074=CARTESIAN_POINT('Ctrl Pts',(-1.93373144901707,0.57155565833476,-3.54658972573514));
#6075=CARTESIAN_POINT('Ctrl Pts',(-1.72498195654152,1.04517891510791,-3.5742177490469));
#6076=CARTESIAN_POINT('Ctrl Pts',(-1.57422926523398,1.26086645386129,-3.58716376935727));
#6077=CARTESIAN_POINT('Ctrl Pts',(-1.19620445758578,1.62439019162402,-3.61686365843192));
#6078=CARTESIAN_POINT('Ctrl Pts',(-0.971829589385241,1.76779185313132,-3.63238120981611));
#6079=CARTESIAN_POINT('Ctrl Pts',(-0.489437549830292,1.9557538118655,-3.66223298632807));
#6080=CARTESIAN_POINT('Ctrl Pts',(-0.237439822222799,2.00200943243757,-3.67619535034114));
#6081=CARTESIAN_POINT('Ctrl Pts',(0.281471594040453,1.9977641984913,-3.70253361367777));
#6082=CARTESIAN_POINT('Ctrl Pts',(0.543469821140039,1.94290411933149,-3.71736936467746));
#6083=CARTESIAN_POINT('Ctrl Pts',(1.02664666980917,1.73605687657501,-3.74781160907682));
#6084=CARTESIAN_POINT('Ctrl Pts',(1.24386740202761,1.58767231961478,-3.7631130812074));
#6085=CARTESIAN_POINT('Ctrl Pts',(1.60443352251959,1.22074849845857,-3.79203015882971));
#6086=CARTESIAN_POINT('Ctrl Pts',(1.74622667532872,1.00752836276494,-3.80447649117099));
#6087=CARTESIAN_POINT('Ctrl Pts',(1.94796266761108,0.526473453985414,-3.83253802751646));
#6088=CARTESIAN_POINT('Ctrl Pts',(2.00086697850864,0.26120760318025,-3.84801186881343));
#6089=CARTESIAN_POINT('Ctrl Pts',(1.99914514563903,-0.2640648822462,-3.87865276379664));
#6090=CARTESIAN_POINT('Ctrl Pts',(1.94857541288905,-0.519034084413439,-3.89352596725639));
#6091=CARTESIAN_POINT('Ctrl Pts',(1.75301239956261,-0.996963684150792,-3.92140519390774));
#6092=CARTESIAN_POINT('Ctrl Pts',(1.60945099487534,-1.21518205757712,-3.93405197122863));
#6093=CARTESIAN_POINT('Ctrl Pts',(1.24310976526075,-1.58890941640193,-3.96345923318685));
#6094=CARTESIAN_POINT('Ctrl Pts',(1.02233051115208,-1.73919016829768,-3.97899578094053));
#6095=CARTESIAN_POINT('Ctrl Pts',(0.544277944572171,-1.94127669694025,-4.00904030193442));
#6096=CARTESIAN_POINT('Ctrl Pts',(0.292997925029937,-1.99474108706269,-4.02329388133557));
#6097=CARTESIAN_POINT('Ctrl Pts',(-0.226569423790578,-2.00472077758351,
-4.04983253615399));
#6098=CARTESIAN_POINT('Ctrl Pts',(-0.490024802045602,-1.95709235004576,
-4.06425559786754));
#6099=CARTESIAN_POINT('Ctrl Pts',(-0.979487765030508,-1.76319639932003,
-4.09463765910617));
#6100=CARTESIAN_POINT('Ctrl Pts',(-1.20120134106069,-1.62030287624121,-4.11000594623298));
#6101=CARTESIAN_POINT('Ctrl Pts',(-1.57149364542324,-1.26278990410772,-4.13913988956044));
#6102=CARTESIAN_POINT('Ctrl Pts',(-1.71866641276264,-1.05375210813404,-4.15178010602446));
#6103=CARTESIAN_POINT('Ctrl Pts',(-1.93203160889736,-0.58103973354462,-4.17935499454217));
#6104=CARTESIAN_POINT('Ctrl Pts',(-1.99196093862551,-0.320010108515101,
-4.19458172266889));
#6105=CARTESIAN_POINT('Ctrl Pts',(-1.99974869622258,-0.0366202657249907,
-4.21111279683165));
#6106=CARTESIAN_POINT('Ctrl Pts',(-2.,-0.0183050012812504,-4.21218118725753));
#6107=CARTESIAN_POINT('Ctrl Pts',(-2.,3.64983465221201E-16,-4.21324897899894));
#6108=CARTESIAN_POINT('Ctrl Pts',(-2.,1.49186218934005E-15,-4.34925102100106));
#6109=CARTESIAN_POINT('Ctrl Pts',(-2.,-0.106060596830283,-4.34306415285263));
#6110=CARTESIAN_POINT('Ctrl Pts',(-1.99156352629007,-0.21219504733355,-4.33687297657327));
#6111=CARTESIAN_POINT('Ctrl Pts',(-1.93222221145346,-0.581388709899753,
-4.31533667959024));
#6112=CARTESIAN_POINT('Ctrl Pts',(-1.83729322189348,-0.834129563234985,
-4.30107222732775));
#6113=CARTESIAN_POINT('Ctrl Pts',(-1.56030011323111,-1.27691480173417,-4.27416447885965));
#6114=CARTESIAN_POINT('Ctrl Pts',(-1.3849440682939,-1.46524182555696,-4.25981294460349));
#6115=CARTESIAN_POINT('Ctrl Pts',(-0.965003341313344,-1.77170834133924,
-4.22965970986366));
#6116=CARTESIAN_POINT('Ctrl Pts',(-0.722086008651085,-1.88382314337531,
-4.21411796090648));
#6117=CARTESIAN_POINT('Ctrl Pts',(-0.213578106330414,-2.00521055428639,
-4.18488861700454));
#6118=CARTESIAN_POINT('Ctrl Pts',(0.0463819372682471,-2.01601754557286,
-4.17237506981646));
#6119=CARTESIAN_POINT('Ctrl Pts',(0.556307692772713,-1.9383174466653,-4.14434831186352));
#6120=CARTESIAN_POINT('Ctrl Pts',(0.801401082900209,-1.85048114403493,-4.12940475541138));
#6121=CARTESIAN_POINT('Ctrl Pts',(1.25089626582436,-1.58290324479546,-4.09889273559159));
#6122=CARTESIAN_POINT('Ctrl Pts',(1.44955642130331,-1.40326281995499,-4.08361727995414));
#6123=CARTESIAN_POINT('Ctrl Pts',(1.75828538878549,-0.986274199006136,-4.05585869600092));
#6124=CARTESIAN_POINT('Ctrl Pts',(1.86903871042418,-0.75565580203241,-4.04333094278628));
#6125=CARTESIAN_POINT('Ctrl Pts',(2.00035773865547,-0.258160960928466,-4.01431041038855));
#6126=CARTESIAN_POINT('Ctrl Pts',(2.01693960097593,0.00471565314082736,
-3.99897594123451));
#6127=CARTESIAN_POINT('Ctrl Pts',(1.9476708613725,0.526210137706998,-3.96855542963482));
#6128=CARTESIAN_POINT('Ctrl Pts',(1.86083621337146,0.779417213390716,-3.9538573525391));
#6129=CARTESIAN_POINT('Ctrl Pts',(1.59908066151651,1.22784195756642,-3.92755489164717));
#6130=CARTESIAN_POINT('Ctrl Pts',(1.43021213353221,1.42095050665593,-3.91339163358257));
#6131=CARTESIAN_POINT('Ctrl Pts',(1.02151500392142,1.73960826557996,-3.88345082663998));
#6132=CARTESIAN_POINT('Ctrl Pts',(0.783151505626854,1.85914328457717,-3.86792270596918));
#6133=CARTESIAN_POINT('Ctrl Pts',(0.277878377383292,1.99756954651462,-3.83835981037634));
#6134=CARTESIAN_POINT('Ctrl Pts',(0.0163812661780368,2.01673419354942,-3.82556665288454));
#6135=CARTESIAN_POINT('Ctrl Pts',(-0.507515063985968,1.95300821986965,-3.79724170601804));
#6136=CARTESIAN_POINT('Ctrl Pts',(-0.76430037507108,1.86751756554929,-3.78177591010846));
#6137=CARTESIAN_POINT('Ctrl Pts',(-1.21995956866195,1.60563920932058,-3.75111873255326));
#6138=CARTESIAN_POINT('Ctrl Pts',(-1.41646496782018,1.43528249103638,-3.73622290599028));
#6139=CARTESIAN_POINT('Ctrl Pts',(-1.73452392165763,1.02871216376227,-3.7082968552992));
#6140=CARTESIAN_POINT('Ctrl Pts',(-1.852809114047,0.796197125061882,-3.69569585329634));
#6141=CARTESIAN_POINT('Ctrl Pts',(-1.97438761274317,0.369087498013537,-3.67078112505185));
#6142=CARTESIAN_POINT('Ctrl Pts',(-2.,0.184790676555771,-3.66003047713348));
#6143=CARTESIAN_POINT('Ctrl Pts',(-2.,-1.13450915328883E-14,-3.64925102100106));
#6144=CARTESIAN_POINT('Origin',(0.,0.,0.));
#6145=CARTESIAN_POINT('',(-2.,9.38381996843817E-15,-2.81324897899894));
#6146=CARTESIAN_POINT('',(-2.,-2.95937027512416E-16,-2.94925102100106));
#6147=CARTESIAN_POINT('',(-2.,-2.44929359829471E-16,0.));
#6148=CARTESIAN_POINT('Ctrl Pts',(-2.,2.30739926067467E-14,-2.81324897899894));
#6149=CARTESIAN_POINT('Ctrl Pts',(-2.,0.0588155134342454,-2.81667988394927));
#6150=CARTESIAN_POINT('Ctrl Pts',(-1.99740561045834,0.117697963255723,-2.82011469352219));
#6151=CARTESIAN_POINT('Ctrl Pts',(-1.96880891348894,0.440519564133339,-2.83894595357339));
#6152=CARTESIAN_POINT('Ctrl Pts',(-1.89315273732185,0.697342454190859,-2.85392728882674));
#6153=CARTESIAN_POINT('Ctrl Pts',(-1.65153617440126,1.15611925309622,-2.88068926876289));
#6154=CARTESIAN_POINT('Ctrl Pts',(-1.49193843658414,1.35586468913806,-2.89409173152588));
#6155=CARTESIAN_POINT('Ctrl Pts',(-1.09937948201612,1.69129132141954,-2.92370635988387));
#6156=CARTESIAN_POINT('Ctrl Pts',(-0.867805878106438,1.82099334962343,-2.93918800543));
#6157=CARTESIAN_POINT('Ctrl Pts',(-0.367530028848213,1.98347050982504,-2.9691999322734));
#6158=CARTESIAN_POINT('Ctrl Pts',(-0.103750424691727,2.01455530948091,-2.98258316977196));
#6159=CARTESIAN_POINT('Ctrl Pts',(0.413824086565018,1.9734143417263,-3.00993002071228));
#6160=CARTESIAN_POINT('Ctrl Pts',(0.662870354994949,1.9042528163875,-3.02452858825338));
#6161=CARTESIAN_POINT('Ctrl Pts',(1.13028064972242,1.67131861903027,-3.05493520504772));
#6162=CARTESIAN_POINT('Ctrl Pts',(1.34244053785621,1.50622637701572,-3.07046832018577));
#6163=CARTESIAN_POINT('Ctrl Pts',(1.68278052836355,1.11067056566512,-3.09919871088285));
#6164=CARTESIAN_POINT('Ctrl Pts',(1.81079153862057,0.886777336646293,-3.11152030102791));
#6165=CARTESIAN_POINT('Ctrl Pts',(1.97674085263593,0.399539327515777,-3.13994251822719));
#6166=CARTESIAN_POINT('Ctrl Pts',(2.01181712510734,0.140378075951516,-3.15506025790177));
#6167=CARTESIAN_POINT('Ctrl Pts',(1.98082895476562,-0.382894087702648,-3.18558446744826));
#6168=CARTESIAN_POINT('Ctrl Pts',(1.9126823753064,-0.641857261709191,-3.20069065259865));
#6169=CARTESIAN_POINT('Ctrl Pts',(1.68457636373642,-1.10739215024831,-3.22784685443009));
#6170=CARTESIAN_POINT('Ctrl Pts',(1.5309919038988,-1.3115714784934,-3.24082693735206));
#6171=CARTESIAN_POINT('Ctrl Pts',(1.14916664124855,-1.65774287860124,-3.27021270852881));
#6172=CARTESIAN_POINT('Ctrl Pts',(0.922268422377384,-1.79391011350226,-3.28564673080768));
#6173=CARTESIAN_POINT('Ctrl Pts',(0.425562479526891,-1.97217065959057,-3.31593866134388));
#6174=CARTESIAN_POINT('Ctrl Pts',(0.160232374516815,-2.01117570012632,-3.32982837817958));
#6175=CARTESIAN_POINT('Ctrl Pts',(-0.3600479540706,-1.9838430324987,-3.35690917991473));
#6176=CARTESIAN_POINT('Ctrl Pts',(-0.610211995255699,-1.92168336301142,
-3.37135999447026));
#6177=CARTESIAN_POINT('Ctrl Pts',(-1.08261651992296,-1.70246229180687,-3.40161894433516));
#6178=CARTESIAN_POINT('Ctrl Pts',(-1.29874563780776,-1.54392853123266,-3.41716128856941));
#6179=CARTESIAN_POINT('Ctrl Pts',(-1.6507505140522,-1.158023604886,-3.44619948355107));
#6180=CARTESIAN_POINT('Ctrl Pts',(-1.78566640911414,-0.936689773648193,
-3.4586087422028));
#6181=CARTESIAN_POINT('Ctrl Pts',(-1.95775001832928,-0.472991503390207,
-3.48565780796785));
#6182=CARTESIAN_POINT('Ctrl Pts',(-2.,-0.237339585123855,-3.49940416986672));
#6183=CARTESIAN_POINT('Ctrl Pts',(-2.,-1.04777297948999E-14,-3.51324897899894));
#6184=CARTESIAN_POINT('Ctrl Pts',(-2.,-1.10604565770771E-14,-3.64925102100106));
#6185=CARTESIAN_POINT('Ctrl Pts',(-2.,-0.0787491513252369,-3.64465732050709));
#6186=CARTESIAN_POINT('Ctrl Pts',(-1.99534905990528,-0.157587990000977,
-3.640058388251));
#6187=CARTESIAN_POINT('Ctrl Pts',(-1.95594982587821,-0.488999404494079,
-3.6207260557389));
#6188=CARTESIAN_POINT('Ctrl Pts',(-1.87784939237914,-0.733885066969282,
-3.60644105876118));
#6189=CARTESIAN_POINT('Ctrl Pts',(-1.62897316941859,-1.19025144237182,-3.5798196868627));
#6190=CARTESIAN_POINT('Ctrl Pts',(-1.45703439515207,-1.3954898325464,-3.5654892475745));
#6191=CARTESIAN_POINT('Ctrl Pts',(-1.04594856878359,-1.72462089147149,-3.53512229684422));
#6192=CARTESIAN_POINT('Ctrl Pts',(-0.811831636437461,-1.84641881426038,
-3.51974270346226));
#6193=CARTESIAN_POINT('Ctrl Pts',(-0.317695654619143,-1.99079792963976,
-3.49056881099494));
#6194=CARTESIAN_POINT('Ctrl Pts',(-0.0632420022152091,-2.01498936524024,
-3.47788307968333));
#6195=CARTESIAN_POINT('Ctrl Pts',(0.453016119756994,-1.96599263031394,-3.45037360374993));
#6196=CARTESIAN_POINT('Ctrl Pts',(0.709422466529844,-1.88865855681592,-3.43516485268976));
#6197=CARTESIAN_POINT('Ctrl Pts',(1.17109929234372,-1.64173570932091,-3.40463987783404));
#6198=CARTESIAN_POINT('Ctrl Pts',(1.37321533315266,-1.47684637199201,-3.38962007732053));
#6199=CARTESIAN_POINT('Ctrl Pts',(1.70248348532763,-1.08051152982843,-3.36142629366505));
#6200=CARTESIAN_POINT('Ctrl Pts',(1.82699898197394,-0.853248696155275,-3.34902386161012));
#6201=CARTESIAN_POINT('Ctrl Pts',(1.98593549332932,-0.35572008411066,-3.32000135924085));
#6202=CARTESIAN_POINT('Ctrl Pts',(2.01556089363859,-0.0892828505979294,
-3.30445918728594));
#6203=CARTESIAN_POINT('Ctrl Pts',(1.96994991669292,0.42958237287248,-3.27419204925016));
#6204=CARTESIAN_POINT('Ctrl Pts',(1.89903995504346,0.677445824495641,-3.25973334790548));
#6205=CARTESIAN_POINT('Ctrl Pts',(1.66325992281724,1.14192690810869,-3.23263861802805));
#6206=CARTESIAN_POINT('Ctrl Pts',(1.49721544085262,1.35234375736877,-3.21877754680294));
#6207=CARTESIAN_POINT('Ctrl Pts',(1.09510039594117,1.69395069740113,-3.18849990347732));
#6208=CARTESIAN_POINT('Ctrl Pts',(0.863891187396756,1.82274750772586,-3.17306306869853));
#6209=CARTESIAN_POINT('Ctrl Pts',(0.3733868853034,1.98109544690041,-3.1436652179397));
#6210=CARTESIAN_POINT('Ctrl Pts',(0.119815994593347,2.01240128171221,-3.13066560726502));
#6211=CARTESIAN_POINT('Ctrl Pts',(-0.397453153095274,1.97796981741111,-3.10352987657752));
#6212=CARTESIAN_POINT('Ctrl Pts',(-0.655900458958537,1.90790056846298,-3.08842991075886));
#6213=CARTESIAN_POINT('Ctrl Pts',(-1.1249526012478,1.6738027445391,-3.0579064117573));
#6214=CARTESIAN_POINT('Ctrl Pts',(-1.33212576405421,1.51413230107109,-3.04278335254107));
#6215=CARTESIAN_POINT('Ctrl Pts',(-1.67166705359685,1.12731457196448,-3.0143481714701));
#6216=CARTESIAN_POINT('Ctrl Pts',(-1.80186520868561,0.904759522841845,-3.0020286598335));
#6217=CARTESIAN_POINT('Ctrl Pts',(-1.96177878936213,0.450171209725349,-2.97551100823504));
#6218=CARTESIAN_POINT('Ctrl Pts',(-2.,0.225737055186103,-2.96241901588691));
#6219=CARTESIAN_POINT('Ctrl Pts',(-2.,1.38777878078145E-16,-2.94925102100106));
#6220=CARTESIAN_POINT('Origin',(0.,0.,0.));
#6221=CARTESIAN_POINT('',(-2.,7.49297137962345E-15,-2.11324897899894));
#6222=CARTESIAN_POINT('',(-2.,8.83674936151813E-16,-2.24925102100106));
#6223=CARTESIAN_POINT('',(-2.,-2.44929359829471E-16,0.));
#6224=CARTESIAN_POINT('Ctrl Pts',(-2.,2.30739926067467E-14,-2.11324897899894));
#6225=CARTESIAN_POINT('Ctrl Pts',(-2.,0.0963511822493085,-2.11886946463015));
#6226=CARTESIAN_POINT('Ctrl Pts',(-1.99303750308434,0.192787498001568,-2.12449491638237));
#6227=CARTESIAN_POINT('Ctrl Pts',(-1.94081290084755,0.550979208332898,-2.14538943281836));
#6228=CARTESIAN_POINT('Ctrl Pts',(-1.85074889381484,0.803096163404828,-2.15984287621086));
#6229=CARTESIAN_POINT('Ctrl Pts',(-1.58308344328077,1.24846522602831,-2.18635477019692));
#6230=CARTESIAN_POINT('Ctrl Pts',(-1.41149202521362,1.43960501059022,-2.2005981613285));
#6231=CARTESIAN_POINT('Ctrl Pts',(-0.998060829033704,1.75322341601581,-2.23063114340559));
#6232=CARTESIAN_POINT('Ctrl Pts',(-0.757770397710438,1.86968296427794,-2.24616690793562));
#6233=CARTESIAN_POINT('Ctrl Pts',(-0.2511174729278,2.00099855719512,-2.27559211378191));
#6234=CARTESIAN_POINT('Ctrl Pts',(0.00972899812151422,2.01666785091918,
-2.28825432431952));
#6235=CARTESIAN_POINT('Ctrl Pts',(0.521586052694482,1.94788840099768,-2.31611846233027));
#6236=CARTESIAN_POINT('Ctrl Pts',(0.767778440142601,1.86461961838127,-2.33098431875858));
#6237=CARTESIAN_POINT('Ctrl Pts',(1.22390113030924,1.60428763531351,-2.36161980875212));
#6238=CARTESIAN_POINT('Ctrl Pts',(1.42744599016831,1.42622060262958,-2.37709614000651));
#6239=CARTESIAN_POINT('Ctrl Pts',(1.74390557001956,1.01154957137288,-2.40517766381779));
#6240=CARTESIAN_POINT('Ctrl Pts',(1.85807575957994,0.782308087454741,-2.41761434056408));
#6241=CARTESIAN_POINT('Ctrl Pts',(1.9964003900679,0.286830911765597,-2.44651717581262));
#6242=CARTESIAN_POINT('Ctrl Pts',(2.01674697916596,0.0246005049648404,-2.46181394954266));
#6243=CARTESIAN_POINT('Ctrl Pts',(1.9552225574744,-0.497335352128629,-2.49226020787311));
#6244=CARTESIAN_POINT('Ctrl Pts',(1.87218241781251,-0.751812898492401,-2.507104731411));
#6245=CARTESIAN_POINT('Ctrl Pts',(1.61721711523839,-1.20374831908,-2.53346763094528));
#6246=CARTESIAN_POINT('Ctrl Pts',(1.45153554170577,-1.39912329118999,-2.54739452019788));
#6247=CARTESIAN_POINT('Ctrl Pts',(1.04822031700602,-1.72358618385654,-2.5772327596695));
#6248=CARTESIAN_POINT('Ctrl Pts',(0.812116392785937,-1.84661572007385,-2.59274865426046));
#6249=CARTESIAN_POINT('Ctrl Pts',(0.308482476666284,-1.99321058555212,-2.62246699082832));
#6250=CARTESIAN_POINT('Ctrl Pts',(0.0462232573866105,-2.01640577678126,
-2.63543536379285));
#6251=CARTESIAN_POINT('Ctrl Pts',(-0.46850099155296,-1.96124394604369,-2.66304716659501));
#6252=CARTESIAN_POINT('Ctrl Pts',(-0.716203138292181,-1.88493742843344,
-2.67778622720479));
#6253=CARTESIAN_POINT('Ctrl Pts',(-1.17810278587845,-1.63808802545637,-2.70832031647213));
#6254=CARTESIAN_POINT('Ctrl Pts',(-1.38600343675868,-1.46638413668208,-2.72383110252704));
#6255=CARTESIAN_POINT('Ctrl Pts',(-1.71431810990909,-1.06109690301665,-2.75223782960632));
#6256=CARTESIAN_POINT('Ctrl Pts',(-1.83531151921281,-0.834535977923683,
-2.76456771362006));
#6257=CARTESIAN_POINT('Ctrl Pts',(-1.96995830065344,-0.399487552417065,
-2.78994553844128));
#6258=CARTESIAN_POINT('Ctrl Pts',(-2.,-0.200131282219339,-2.80157465420281));
#6259=CARTESIAN_POINT('Ctrl Pts',(-2.,2.27248775352962E-14,-2.81324897899894));
#6260=CARTESIAN_POINT('Ctrl Pts',(-2.,2.90612624504514E-16,-2.94925102100106));
#6261=CARTESIAN_POINT('Ctrl Pts',(-2.,-0.0397984221767637,-2.94692944637408));
#6262=CARTESIAN_POINT('Ctrl Pts',(-1.99881208244752,-0.0796373427006526,
-2.94460550934352));
#6263=CARTESIAN_POINT('Ctrl Pts',(-1.98113063003459,-0.375121703434256,
-2.92736892163406));
#6264=CARTESIAN_POINT('Ctrl Pts',(-1.91686324703102,-0.625514675884128,
-2.91276266490782));
#6265=CARTESIAN_POINT('Ctrl Pts',(-1.69442267302919,-1.09456073258439,-2.88540164493363));
#6266=CARTESIAN_POINT('Ctrl Pts',(-1.53601893838398,-1.30759801826543,-2.87204291171283));
#6267=CARTESIAN_POINT('Ctrl Pts',(-1.14581137630615,-1.66019344496429,-2.84204631484613));
#6268=CARTESIAN_POINT('Ctrl Pts',(-0.917880467151846,-1.79627918589368,
-2.82656249987363));
#6269=CARTESIAN_POINT('Ctrl Pts',(-0.431328112028365,-1.96931836976131,
-2.79693579952202));
#6270=CARTESIAN_POINT('Ctrl Pts',(-0.178586522573238,-2.00805830793352,
-2.78350791545956));
#6271=CARTESIAN_POINT('Ctrl Pts',(0.339577911567303,-1.98871803483743,-2.75676711630157));
#6272=CARTESIAN_POINT('Ctrl Pts',(0.599915842375612,-1.92623092411077,-2.7417927853092));
#6273=CARTESIAN_POINT('Ctrl Pts',(1.07622911894622,-1.70565089196121,-2.71129673617409));
#6274=CARTESIAN_POINT('Ctrl Pts',(1.28850125522752,-1.55154627043798,-2.69607842273178));
#6275=CARTESIAN_POINT('Ctrl Pts',(1.63859960446809,-1.17464316663566,-2.66739909512207));
#6276=CARTESIAN_POINT('Ctrl Pts',(1.77461844020384,-0.956827504351517,-2.65506595875489));
#6277=CARTESIAN_POINT('Ctrl Pts',(1.9622098538113,-0.470152036707563,-2.62667655647566));
#6278=CARTESIAN_POINT('Ctrl Pts',(2.00737409393735,-0.204279249672372,-2.61116731056528));
#6279=CARTESIAN_POINT('Ctrl Pts',(1.99098574380029,0.319266130465121,-2.58062716339059));
#6280=CARTESIAN_POINT('Ctrl Pts',(1.93358215515837,0.572057597119313,-2.56588099450243));
#6281=CARTESIAN_POINT('Ctrl Pts',(1.72470601668893,1.04563901032666,-2.53825541206533));
#6282=CARTESIAN_POINT('Ctrl Pts',(1.57388342245142,1.26130216336994,-2.52530605111166));
#6283=CARTESIAN_POINT('Ctrl Pts',(1.19574614423649,1.62472639262607,-2.49560338256365));
#6284=CARTESIAN_POINT('Ctrl Pts',(0.97133753419952,1.7680611764863,-2.4800860772024));
#6285=CARTESIAN_POINT('Ctrl Pts',(0.488906517785424,1.95588582347549,-2.45023633657757));
#6286=CARTESIAN_POINT('Ctrl Pts',(0.236902377231711,2.00207240675642,-2.43627933568393));
#6287=CARTESIAN_POINT('Ctrl Pts',(-0.282002871664921,1.99768933303244,-2.40993736358439));
#6288=CARTESIAN_POINT('Ctrl Pts',(-0.543986988470588,1.94275945427712,-2.39510028958909));
#6289=CARTESIAN_POINT('Ctrl Pts',(-1.02710300345341,1.73578592486795,-2.36465743503422));
#6290=CARTESIAN_POINT('Ctrl Pts',(-1.24427925857978,1.5873484717311,-2.34935666699884));
#6291=CARTESIAN_POINT('Ctrl Pts',(-1.60475020981551,1.22033323689582,-2.32044173091885));
#6292=CARTESIAN_POINT('Ctrl Pts',(-1.74649081105191,1.00707177004121,-2.30799687425346));
#6293=CARTESIAN_POINT('Ctrl Pts',(-1.94718869599781,0.528137468037514,-2.28005903996991));
#6294=CARTESIAN_POINT('Ctrl Pts',(-2.,0.265357079405005,-2.26473018396635));
#6295=CARTESIAN_POINT('Ctrl Pts',(-2.,-6.93889390390723E-16,-2.24925102100106));
#6296=CARTESIAN_POINT('Origin',(0.,0.,0.));
#6297=CARTESIAN_POINT('',(-2.,1.71200539593074E-15,-1.41324897899894));
#6298=CARTESIAN_POINT('',(-2.,4.21434401002728E-15,-1.54925102100106));
#6299=CARTESIAN_POINT('',(-2.,-2.44929359829471E-16,0.));
#6300=CARTESIAN_POINT('Ctrl Pts',(-2.,1.80411241501588E-15,-1.41324897899894));
#6301=CARTESIAN_POINT('Ctrl Pts',(-2.,0.135568737635751,-1.42115715536103));
#6302=CARTESIAN_POINT('Ctrl Pts',(-1.98621576043402,0.27111334099534,-1.42906392389034));
#6303=CARTESIAN_POINT('Ctrl Pts',(-1.90535168050995,0.662656280210332,-1.45190392867788));
#6304=CARTESIAN_POINT('Ctrl Pts',(-1.80155364350965,0.907657873403449,-1.46537784571556));
#6305=CARTESIAN_POINT('Ctrl Pts',(-1.50919037867888,1.33712053943699,-1.49267349098602));
#6306=CARTESIAN_POINT('Ctrl Pts',(-1.3258340526918,1.51910225986524,-1.50724411327973));
#6307=CARTESIAN_POINT('Ctrl Pts',(-0.892204394694988,1.8096222344416,-1.53762378001835));
#6308=CARTESIAN_POINT('Ctrl Pts',(-0.643855514657068,1.91212829749743,-1.55315966580581));
#6309=CARTESIAN_POINT('Ctrl Pts',(-0.131602859335984,2.01199817281806,-1.58195059290806));
#6310=CARTESIAN_POINT('Ctrl Pts',(0.126536343579123,2.01232311680477,-1.59428193656123));
#6311=CARTESIAN_POINT('Ctrl Pts',(0.632082710539352,1.9150814854118,-1.62265741727727));
#6312=CARTESIAN_POINT('Ctrl Pts',(0.874462991899018,1.81723894343746,-1.63775576114517));
#6313=CARTESIAN_POINT('Ctrl Pts',(1.31360877570947,1.53125033735722,-1.66828192743261));
#6314=CARTESIAN_POINT('Ctrl Pts',(1.50484310199387,1.34379514412623,-1.68341017467239));
#6315=CARTESIAN_POINT('Ctrl Pts',(1.79632248738105,0.915065116038857,-1.71063979938305));
#6316=CARTESIAN_POINT('Ctrl Pts',(1.89764329295058,0.680518833402638,-1.72355204705046));
#6317=CARTESIAN_POINT('Ctrl Pts',(2.00925626178234,0.177508516485204,-1.75289431553731));
#6318=CARTESIAN_POINT('Ctrl Pts',(2.01520846599592,-0.0868965346329002,
-1.7683179435192));
#6319=CARTESIAN_POINT('Ctrl Pts',(1.92413667047201,-0.607061242075316,-1.79866088478667));
#6320=CARTESIAN_POINT('Ctrl Pts',(1.82639541024173,-0.857345699281257,-1.81265544724155));
#6321=CARTESIAN_POINT('Ctrl Pts',(1.54456315993405,-1.29596616238435,-1.83968618757043));
#6322=CARTESIAN_POINT('Ctrl Pts',(1.36668052770684,-1.48234452372746,-1.85410852434965));
#6323=CARTESIAN_POINT('Ctrl Pts',(0.942394953961718,-1.78388729029585,-1.88433764335171));
#6324=CARTESIAN_POINT('Ctrl Pts',(0.697739597505549,-1.89302397990787,-1.89988033244073));
#6325=CARTESIAN_POINT('Ctrl Pts',(0.188020419050027,-2.007680481531,-1.92897454958283));
#6326=CARTESIAN_POINT('Ctrl Pts',(-0.0713545409941868,-2.01520137139369,
-1.94141030496858));
#6327=CARTESIAN_POINT('Ctrl Pts',(-0.579939383539079,-1.93141965240583,
-1.96954670306711));
#6328=CARTESIAN_POINT('Ctrl Pts',(-0.824233435788385,-1.84046841402332,
-1.98454073074234));
#6329=CARTESIAN_POINT('Ctrl Pts',(-1.27059655885117,-1.56713124331594,-2.01506250344793));
#6330=CARTESIAN_POINT('Ctrl Pts',(-1.46698482292714,-1.38503057106208,-2.0302949445542));
#6331=CARTESIAN_POINT('Ctrl Pts',(-1.77037161008687,-0.9643658066361,-2.05789087229971));
#6332=CARTESIAN_POINT('Ctrl Pts',(-1.87819427207485,-0.73254725120537,-2.07051705601196));
#6333=CARTESIAN_POINT('Ctrl Pts',(-1.97989512298931,-0.32720137108074,-2.09416223235257));
#6334=CARTESIAN_POINT('Ctrl Pts',(-2.,-0.163723593199395,-2.10369843606231));
#6335=CARTESIAN_POINT('Ctrl Pts',(-2.,2.42514341941558E-14,-2.11324897899894));
#6336=CARTESIAN_POINT('Ctrl Pts',(-2.,2.90612624504514E-16,-2.24925102100106));
#6337=CARTESIAN_POINT('Ctrl Pts',(-2.,-0.00235420867887295,-2.24911369216146));
#6338=CARTESIAN_POINT('Ctrl Pts',(-1.9999958432765,-0.00470862016844259,
-2.24897635149123));
#6339=CARTESIAN_POINT('Ctrl Pts',(-1.99907812330392,-0.26456567223201,-2.23381802345419));
#6340=CARTESIAN_POINT('Ctrl Pts',(-1.94844616854838,-0.519515973346948,
-2.21894592255582));
#6341=CARTESIAN_POINT('Ctrl Pts',(-1.75276272110007,-0.99740669394112,-2.19106896385449));
#6342=CARTESIAN_POINT('Ctrl Pts',(-1.60913640807886,-1.21560200539192,-2.17841988795092));
#6343=CARTESIAN_POINT('Ctrl Pts',(-1.24268872935704,-1.58923756417126,-2.14900992588221));
#6344=CARTESIAN_POINT('Ctrl Pts',(-1.02187591641088,-1.73945625551938,-2.1334734928975));
#6345=CARTESIAN_POINT('Ctrl Pts',(-0.543783481588682,-1.94141443454668,
-2.10343070136427));
#6346=CARTESIAN_POINT('Ctrl Pts',(-0.292496258656141,-1.99481391175287,
-2.08917865135457));
#6347=CARTESIAN_POINT('Ctrl Pts',(0.227066113940788,-2.00466442348173,-2.06264401564051));
#6348=CARTESIAN_POINT('Ctrl Pts',(0.490508953532319,-1.95697098636328,-2.04821640392166));
#6349=CARTESIAN_POINT('Ctrl Pts',(0.979917630053099,-1.76295660309823,-2.01783363085229));
#6350=CARTESIAN_POINT('Ctrl Pts',(1.20159116528581,-1.62001281041339,-2.00246590031558));
#6351=CARTESIAN_POINT('Ctrl Pts',(1.5717957531974,-1.26241434954803,-1.97333389483948));
#6352=CARTESIAN_POINT('Ctrl Pts',(1.71891990950521,-1.05333919443025,-1.96069580734281));
#6353=CARTESIAN_POINT('Ctrl Pts',(1.93217207018139,-0.58057258668641,-1.93311775522442));
#6354=CARTESIAN_POINT('Ctrl Pts',(1.99203833970316,-0.319528198212916,-1.9178901658968));
#6355=CARTESIAN_POINT('Ctrl Pts',(2.00629069182967,0.203715456498946,-1.88736761937195));
#6356=CARTESIAN_POINT('Ctrl Pts',(1.96324929466169,0.460848304111827,-1.87236820326119));
#6357=CARTESIAN_POINT('Ctrl Pts',(1.78216309993274,0.943390822186678,-1.84421988970683));
#6358=CARTESIAN_POINT('Ctrl Pts',(1.64630347867805,1.16437997715388,-1.83179147536837));
#6359=CARTESIAN_POINT('Ctrl Pts',(1.29271867266705,1.54896052493873,-1.80271209296811));
#6360=CARTESIAN_POINT('Ctrl Pts',(1.07606457381678,1.70659510088854,-1.78716945388567));
#6361=CARTESIAN_POINT('Ctrl Pts',(0.603010803544235,1.92394284690447,-1.75693234398617));
#6362=CARTESIAN_POINT('Ctrl Pts',(0.35270970867865,1.98514898755765,-1.74250241699012));
#6363=CARTESIAN_POINT('Ctrl Pts',(-0.167932531798736,2.01059469575097,-1.71545836845317));
#6364=CARTESIAN_POINT('Ctrl Pts',(-0.433477883972339,1.9704952081316,-1.70149196443413));
#6365=CARTESIAN_POINT('Ctrl Pts',(-0.929674874096549,1.79006733626056,-1.6711625315787));
#6366=CARTESIAN_POINT('Ctrl Pts',(-1.15591799714462,1.65302559033647,-1.65573609695643));
#6367=CARTESIAN_POINT('Ctrl Pts',(-1.53626586046204,1.30538983396938,-1.62638225086776));
#6368=CARTESIAN_POINT('Ctrl Pts',(-1.68902643795752,1.10059385310787,-1.61345232909901));
#6369=CARTESIAN_POINT('Ctrl Pts',(-1.91525734089502,0.634134481343111,-1.5862421990794));
#6370=CARTESIAN_POINT('Ctrl Pts',(-1.98235965172356,0.374892876822068,-1.571119772149));
#6371=CARTESIAN_POINT('Ctrl Pts',(-1.99898979395622,0.0734361640905914,
-1.55353479723967));
#6372=CARTESIAN_POINT('Ctrl Pts',(-2.,0.0367009343012023,-1.5513919088353));
#6373=CARTESIAN_POINT('Ctrl Pts',(-2.,2.90612624504514E-16,-1.54925102100106));
#6374=CARTESIAN_POINT('Origin',(0.,0.,0.));
#6375=CARTESIAN_POINT('',(-2.,8.75001318771929E-16,-0.713248978998942));
#6376=CARTESIAN_POINT('',(-2.,6.06119179995524E-16,-0.849251021001059));
#6377=CARTESIAN_POINT('',(-2.,-2.44929359829471E-16,0.));
#6378=CARTESIAN_POINT('Ctrl Pts',(-2.,1.35308431126191E-15,-0.713248978998942));
#6379=CARTESIAN_POINT('Ctrl Pts',(-2.,0.176185646293662,-0.723526475032739));
#6380=CARTESIAN_POINT('Ctrl Pts',(-1.97671766098079,0.351994023503631,-0.73378196370334));
#6381=CARTESIAN_POINT('Ctrl Pts',(-1.86268547533754,0.773067044672335,-0.758344556604847));
#6382=CARTESIAN_POINT('Ctrl Pts',(-1.74691372570266,1.00772487837108,-0.771056774178556));
#6383=CARTESIAN_POINT('Ctrl Pts',(-1.43335501864035,1.41836130675139,-0.798874075350117));
#6384=CARTESIAN_POINT('Ctrl Pts',(-1.23912614791224,1.5908456548539,-0.813716951781376));
#6385=CARTESIAN_POINT('Ctrl Pts',(-0.787235932690387,1.85791664824981,-0.844335179444807));
#6386=CARTESIAN_POINT('Ctrl Pts',(-0.531864065322175,1.94647086364901,-0.859818924659527));
#6387=CARTESIAN_POINT('Ctrl Pts',(-0.0149192672187486,2.01600498076255,
-0.887962097180191));
#6388=CARTESIAN_POINT('Ctrl Pts',(0.240892944410301,2.0016193518883,-0.90037121345357));
#6389=CARTESIAN_POINT('Ctrl Pts',(0.739796320774977,1.8763040448137,-0.929229918124574));
#6390=CARTESIAN_POINT('Ctrl Pts',(0.97754577041495,1.76414453429758,-0.944511899196859));
#6391=CARTESIAN_POINT('Ctrl Pts',(1.40040306673023,1.45227908867394,-0.974969942406651));
#6392=CARTESIAN_POINT('Ctrl Pts',(1.58035869760345,1.25409762421919,-0.989841260413514));
#6393=CARTESIAN_POINT('Ctrl Pts',(1.84664798387701,0.808850886398168,-1.01628006532229));
#6394=CARTESIAN_POINT('Ctrl Pts',(1.93429848658351,0.568270002384465,-1.03009989552653));
#6395=CARTESIAN_POINT('Ctrl Pts',(2.01646543269962,0.0574756836779993,-1.05989623078441));
#6396=CARTESIAN_POINT('Ctrl Pts',(2.00649066304162,-0.208417850115752,-1.07540668692237));
#6397=CARTESIAN_POINT('Ctrl Pts',(1.88454877512798,-0.718845406043339,-1.10518162768482));
#6398=CARTESIAN_POINT('Ctrl Pts',(1.77465619175351,-0.958558672306764,-1.11822126181379));
#6399=CARTESIAN_POINT('Ctrl Pts',(1.47156027095893,-1.37855472430878,-1.14578299141669));
#6400=CARTESIAN_POINT('Ctrl Pts',(1.28267030840067,-1.55583545715363,-1.16049605064689));
#6401=CARTESIAN_POINT('Ctrl Pts',(0.839694804596663,-1.83469094464999,-1.19100763800586));
#6402=CARTESIAN_POINT('Ctrl Pts',(0.587717071278411,-1.93023192665568,-1.20652369854512));
#6403=CARTESIAN_POINT('Ctrl Pts',(0.0730188524039524,-2.01483766813688,
-1.23499296708662));
#6404=CARTESIAN_POINT('Ctrl Pts',(-0.183907944212059,-2.00775617662883,
-1.24731344602659));
#6405=CARTESIAN_POINT('Ctrl Pts',(-0.686185245106781,-1.89646744195511,
-1.27593348675652));
#6406=CARTESIAN_POINT('Ctrl Pts',(-0.926356159359101,-1.79144770402125,
-1.29112955237083));
#6407=CARTESIAN_POINT('Ctrl Pts',(-1.35755754264724,-1.49241704820116,-1.32163477536993));
#6408=CARTESIAN_POINT('Ctrl Pts',(-1.54323512709535,-1.29951660321508,-1.33664112614301));
#6409=CARTESIAN_POINT('Ctrl Pts',(-1.82216924916185,-0.862471953131543,
-1.36347949718581));
#6410=CARTESIAN_POINT('Ctrl Pts',(-1.91667291686247,-0.624967192535824,
-1.37679255943436));
#6411=CARTESIAN_POINT('Ctrl Pts',(-1.98811155413749,-0.251824963332595,
-1.39855918947122));
#6412=CARTESIAN_POINT('Ctrl Pts',(-2.,-0.125902074057795,-1.40590469134557));
#6413=CARTESIAN_POINT('Ctrl Pts',(-2.,1.17961196366423E-15,-1.41324897899894));
#6414=CARTESIAN_POINT('Ctrl Pts',(-2.,1.59594559789866E-15,-1.54925102100106));
#6415=CARTESIAN_POINT('Ctrl Pts',(-2.,-0.221676905319964,-1.53631986819073));
#6416=CARTESIAN_POINT('Ctrl Pts',(-1.96314170192912,-0.442102619534209,
-1.52346170152822));
#6417=CARTESIAN_POINT('Ctrl Pts',(-1.80727309174051,-0.893973324972161,
-1.49710257704434));
#6418=CARTESIAN_POINT('Ctrl Pts',(-1.67827869086324,-1.11749941408506,-1.48477415364376));
#6419=CARTESIAN_POINT('Ctrl Pts',(-1.33626817456171,-1.51168554149071,-1.45599932019152));
#6420=CARTESIAN_POINT('Ctrl Pts',(-1.12352974845878,-1.67584701447716,-1.44046412581638));
#6421=CARTESIAN_POINT('Ctrl Pts',(-0.655382558503204,-1.90682969397226,
-1.41007720171042));
#6422=CARTESIAN_POINT('Ctrl Pts',(-0.406164818654848,-1.97499242119422,
-1.39549910336247));
#6423=CARTESIAN_POINT('Ctrl Pts',(0.1118009002633,-2.01416834819767,-1.36818980302397));
#6424=CARTESIAN_POINT('Ctrl Pts',(0.375798235727446,-1.98196576172633,-1.35474039128589));
#6425=CARTESIAN_POINT('Ctrl Pts',(0.875582325192762,-1.81725089163247,-1.32468804069824));
#6426=CARTESIAN_POINT('Ctrl Pts',(1.10650342049856,-1.68662203293876,-1.30921232612274));
#6427=CARTESIAN_POINT('Ctrl Pts',(1.49754327713314,-1.3496631783547,-1.27962974996267));
#6428=CARTESIAN_POINT('Ctrl Pts',(1.65628677290695,-1.14929493314964,-1.26629322543478));
#6429=CARTESIAN_POINT('Ctrl Pts',(1.89600304347439,-0.689557387921998,-1.23947520196316));
#6430=CARTESIAN_POINT('Ctrl Pts',(1.97060482638036,-0.432419236947919,-1.22447547648967));
#6431=CARTESIAN_POINT('Ctrl Pts',(2.01475816140142,0.0904968328405334,-1.19397203908535));
#6432=CARTESIAN_POINT('Ctrl Pts',(1.9860010058141,0.351081527332211,-1.17877126524));
#6433=CARTESIAN_POINT('Ctrl Pts',(1.83195179954989,0.841923684894835,-1.15013880604885));
#6434=CARTESIAN_POINT('Ctrl Pts',(1.70997836474828,1.06810682733443,-1.13781617959176));
#6435=CARTESIAN_POINT('Ctrl Pts',(1.3799736916541,1.47203972448045,-1.10936357832609));
#6436=CARTESIAN_POINT('Ctrl Pts',(1.1714645918693,1.6428238999611,-1.09384887953009));
#6437=CARTESIAN_POINT('Ctrl Pts',(0.70876892225701,1.88773200157764,-1.06333119799347));
#6438=CARTESIAN_POINT('Ctrl Pts',(0.460866349393913,1.96303927134508,-1.04861115695574));
#6439=CARTESIAN_POINT('Ctrl Pts',(-0.0542620418080085,2.01624357966664,
-1.02103603203853));
#6440=CARTESIAN_POINT('Ctrl Pts',(-0.316729781943706,1.9919557199275,-1.00801579398986));
#6441=CARTESIAN_POINT('Ctrl Pts',(-0.819910422154093,1.84315246645817,-0.978255944765312));
#6442=CARTESIAN_POINT('Ctrl Pts',(-1.05539515346365,1.7191853977888,-0.962743985957271));
#6443=CARTESIAN_POINT('Ctrl Pts',(-1.45721746189986,1.3931884932935,-0.932936423839563));
#6444=CARTESIAN_POINT('Ctrl Pts',(-1.62205068796848,1.1972107845818,-0.919088316768314));
#6445=CARTESIAN_POINT('Ctrl Pts',(-1.87517416879157,0.744321853928582,-0.892669795813543));
#6446=CARTESIAN_POINT('Ctrl Pts',(-1.9571981478624,0.489507123698839,-0.877805603216808));
#6447=CARTESIAN_POINT('Ctrl Pts',(-1.99573302944641,0.150941126241092,-0.858055920031773));
#6448=CARTESIAN_POINT('Ctrl Pts',(-2.,0.0754284065120331,-0.853651011380927));
#6449=CARTESIAN_POINT('Ctrl Pts',(-2.,2.90612624504514E-16,-0.849251021001058));
#6450=CARTESIAN_POINT('Origin',(0.,0.,0.));
#6451=CARTESIAN_POINT('',(-2.,4.21759661654474E-15,-0.0132489789989423));
#6452=CARTESIAN_POINT('',(-2.,-1.06355216563215E-15,-0.149251021001058));
#6453=CARTESIAN_POINT('',(-2.,-2.44929359829471E-16,0.));
#6454=CARTESIAN_POINT('Ctrl Pts',(-2.,3.64983465221201E-16,-0.013248978998942));
#6455=CARTESIAN_POINT('Ctrl Pts',(-2.,0.0713935563186462,-0.0174136031175297));
#6456=CARTESIAN_POINT('Ctrl Pts',(-1.99617722157684,0.142790234734993,-0.0215784093585132));
#6457=CARTESIAN_POINT('Ctrl Pts',(-1.97294707827767,0.358768149000242,-0.0341771210239853));
#6458=CARTESIAN_POINT('Ctrl Pts',(-1.94157409725963,0.501528902451252,-0.0425048316419607));
#6459=CARTESIAN_POINT('Ctrl Pts',(-1.81306797230793,0.882247271656803,-0.0647134031789501));
#6460=CARTESIAN_POINT('Ctrl Pts',(-1.68536102064064,1.10685724745759,-0.0770576636418188));
#6461=CARTESIAN_POINT('Ctrl Pts',(-1.35032908851598,1.49786791847576,-0.105387334463953));
#6462=CARTESIAN_POINT('Ctrl Pts',(-1.14536476902697,1.65985329114081,-0.120466325773582));
#6463=CARTESIAN_POINT('Ctrl Pts',(-0.679513557257268,1.89962130522893,-0.150993500238103));
#6464=CARTESIAN_POINT('Ctrl Pts',(-0.421938154949784,1.97289373312313,-0.166142845156));
#6465=CARTESIAN_POINT('Ctrl Pts',(0.094904362550961,2.01373298132814,-0.193443916973486));
#6466=CARTESIAN_POINT('Ctrl Pts',(0.348853638410741,1.98556349565383,-0.206293483637936));
#6467=CARTESIAN_POINT('Ctrl Pts',(0.840976981077452,1.83338604261572,-0.235593152816652));
#6468=CARTESIAN_POINT('Ctrl Pts',(1.07349601868945,1.70767333317559,-0.251006204792392));
#6469=CARTESIAN_POINT('Ctrl Pts',(1.48058406914584,1.37075128422854,-0.28139843249423));
#6470=CARTESIAN_POINT('Ctrl Pts',(1.64987007245514,1.16144238107279,-0.295498173436388));
#6471=CARTESIAN_POINT('Ctrl Pts',(1.89121274891394,0.698896135065263,-0.322480037786826));
#6472=CARTESIAN_POINT('Ctrl Pts',(1.96485907948035,0.45213601504821,-0.336874378121154));
#6473=CARTESIAN_POINT('Ctrl Pts',(2.01643025108457,-0.0655679686929755,
-0.367073777172722));
#6474=CARTESIAN_POINT('Ctrl Pts',(1.98999369676012,-0.332012823136753,-0.382616393681942));
#6475=CARTESIAN_POINT('Ctrl Pts',(1.83699405838138,-0.831698660100186,-0.411764734171476));
#6476=CARTESIAN_POINT('Ctrl Pts',(1.71483834743984,-1.06094005931322,-0.424229272346716));
#6477=CARTESIAN_POINT('Ctrl Pts',(1.38982357916322,-1.46117708215508,-0.452321996525674));
#6478=CARTESIAN_POINT('Ctrl Pts',(1.18982591488762,-1.62816915497805,-0.467296110364023));
#6479=CARTESIAN_POINT('Ctrl Pts',(0.731286701317068,-1.88030291671336,-0.497814563857002));
#6480=CARTESIAN_POINT('Ctrl Pts',(0.475781363294503,-1.96060929374523,-0.513064489809686));
#6481=CARTESIAN_POINT('Ctrl Pts',(-0.0400172069294162,-2.01560099387772,
-0.540725603191443));
#6482=CARTESIAN_POINT('Ctrl Pts',(-0.29485763667836,-1.99432387786842,-0.553310194453162));
#6483=CARTESIAN_POINT('Ctrl Pts',(-0.790439190845607,-1.85563566685188,
-0.582391129848566));
#6484=CARTESIAN_POINT('Ctrl Pts',(-1.02568136699236,-1.736705569227,-0.597743923563394));
#6485=CARTESIAN_POINT('Ctrl Pts',(-1.44037939062239,-1.41266915605017,-0.628144761977213));
#6486=CARTESIAN_POINT('Ctrl Pts',(-1.61471512824781,-1.20951105832876,-0.642694167263119));
#6487=CARTESIAN_POINT('Ctrl Pts',(-1.86883247541519,-0.756451030630597,
-0.669122668878845));
#6488=CARTESIAN_POINT('Ctrl Pts',(-1.94979934767629,-0.51282415259104,-0.683334236764485));
#6489=CARTESIAN_POINT('Ctrl Pts',(-1.99432774526494,-0.174025421584973,
-0.703097496073172));
#6490=CARTESIAN_POINT('Ctrl Pts',(-2.,-0.0869667500902346,-0.708175918577011));
#6491=CARTESIAN_POINT('Ctrl Pts',(-2.,3.64983465221201E-16,-0.713248978998942));
#6492=CARTESIAN_POINT('Ctrl Pts',(-2.,2.35922392732846E-15,-0.849251021001059));
#6493=CARTESIAN_POINT('Ctrl Pts',(-2.,-0.183992491125989,-0.838518125685376));
#6494=CARTESIAN_POINT('Ctrl Pts',(-1.97460844398578,-0.367483303169642,
-0.827814494982814));
#6495=CARTESIAN_POINT('Ctrl Pts',(-1.8550225886807,-0.78954709231735,-0.803194107282531));
#6496=CARTESIAN_POINT('Ctrl Pts',(-1.73991710674556,-1.01841578324145,-0.790777951526878));
#6497=CARTESIAN_POINT('Ctrl Pts',(-1.42182368503926,-1.43180542418351,-0.762651262934229));
#6498=CARTESIAN_POINT('Ctrl Pts',(-1.21766957416523,-1.60900478462823,-0.747169460553529));
#6499=CARTESIAN_POINT('Ctrl Pts',(-0.760730931888797,-1.86749291183874,
-0.716546529299262));
#6500=CARTESIAN_POINT('Ctrl Pts',(-0.514319794093939,-1.94980721655092,
-0.701697460947319));
#6501=CARTESIAN_POINT('Ctrl Pts',(-0.00206426879529004,-2.01672155743956,
-0.673867591946709));
#6502=CARTESIAN_POINT('Ctrl Pts',(0.258971586101898,-2.00002906076039,-0.661169103548566));
#6503=CARTESIAN_POINT('Ctrl Pts',(0.765224612743497,-1.86662952065447,-0.631703318022971));
#6504=CARTESIAN_POINT('Ctrl Pts',(1.0049542096392,-1.74926544993945,-0.616169503904993));
#6505=CARTESIAN_POINT('Ctrl Pts',(1.41700410445826,-1.43416290055687,-0.586163015083166));
#6506=CARTESIAN_POINT('Ctrl Pts',(1.58779976931708,-1.24244213854953,-0.571942878754886));
#6507=CARTESIAN_POINT('Ctrl Pts',(1.85373666442666,-0.796169454794121,-0.545491952572194));
#6508=CARTESIAN_POINT('Ctrl Pts',(1.94285545513348,-0.543728932132087,-0.530968542042075));
#6509=CARTESIAN_POINT('Ctrl Pts',(2.01684760151549,-0.0226351417382063,
-0.500571404269099));
#6510=CARTESIAN_POINT('Ctrl Pts',(2.00257393663828,0.240610361635785,-0.485215416572283));
#6511=CARTESIAN_POINT('Ctrl Pts',(1.87554215418529,0.739325380707291,-0.456123707126446));
#6512=CARTESIAN_POINT('Ctrl Pts',(1.7668628047105,0.97079124893568,-0.44352824721681));
#6513=CARTESIAN_POINT('Ctrl Pts',(1.46191260707081,1.39038396194238,-0.415884607034819));
#6514=CARTESIAN_POINT('Ctrl Pts',(1.26485681001071,1.57176832221872,-0.400639335830764));
#6515=CARTESIAN_POINT('Ctrl Pts',(0.81757018157402,1.84342527292328,-0.370119915760259));
#6516=CARTESIAN_POINT('Ctrl Pts',(0.573038365806041,1.93346634805756,-0.355140423140341));
#6517=CARTESIAN_POINT('Ctrl Pts',(0.0640596787355478,2.01547107898592,-0.32703595756397));
#6518=CARTESIAN_POINT('Ctrl Pts',(-0.195484570857161,2.00699235431341,-0.314579446077914));
#6519=CARTESIAN_POINT('Ctrl Pts',(-0.704854210674826,1.89037232899352,-0.285445617539497));
#6520=CARTESIAN_POINT('Ctrl Pts',(-0.949006177248122,1.78036420996338,-0.269902942083994));
#6521=CARTESIAN_POINT('Ctrl Pts',(-1.37203008407529,1.47737892445755,-0.239695486689715));
#6522=CARTESIAN_POINT('Ctrl Pts',(-1.54917786414971,1.29042865563215,-0.225293592645814));
#6523=CARTESIAN_POINT('Ctrl Pts',(-1.82960143254125,0.85059300341358,-0.198298573303366));
#6524=CARTESIAN_POINT('Ctrl Pts',(-1.92652603009616,0.599595283018714,-0.184227412510457));
#6525=CARTESIAN_POINT('Ctrl Pts',(-1.99048293456703,0.22535732233602,-0.162396864803967));
#6526=CARTESIAN_POINT('Ctrl Pts',(-2.,0.112648190010785,-0.155822165418354));
#6527=CARTESIAN_POINT('Ctrl Pts',(-2.,1.21430643318376E-15,-0.149251021001058));
#6528=CARTESIAN_POINT('Origin',(0.,0.,0.));
#6529=CARTESIAN_POINT('',(-0.476453294670493,-1.94241917669632,2.43800682914924E-16));
#6530=CARTESIAN_POINT('Ctrl Pts',(-2.,1.52655665885959E-15,-0.149251021001059));
#6531=CARTESIAN_POINT('Ctrl Pts',(-2.,-0.147979704209287,-0.14061887158885));
#6532=CARTESIAN_POINT('Ctrl Pts',(-1.98357616715468,-0.295854242548951,
-0.131992856852345));
#6533=CARTESIAN_POINT('Ctrl Pts',(-1.89496723731536,-0.687937848208205,
-0.109121313188888));
#6534=CARTESIAN_POINT('Ctrl Pts',(-1.79272680735058,-0.922092791769906,
-0.0962552204117138));
#6535=CARTESIAN_POINT('Ctrl Pts',(-1.51272929596307,-1.3304807699337,-0.0701989485068865));
#6536=CARTESIAN_POINT('Ctrl Pts',(-1.34087141144498,-1.50351541138102,-0.0564701626577299));
#6537=CARTESIAN_POINT('Ctrl Pts',(-0.940747215992215,-1.7819420150072,-0.0281358531726632));
#6538=CARTESIAN_POINT('Ctrl Pts',(-0.715016528742623,-1.88390233325476,
-0.0137585141654459));
#6539=CARTESIAN_POINT('Ctrl Pts',(-0.476453294669392,-1.94241917669659,
6.38291502985666E-14));
#6540=CARTESIAN_POINT('',(-1.98706166825522,-0.227125354266688,-5.17735590579833E-14));
#6541=CARTESIAN_POINT('Origin',(0.,0.,4.87517627426688E-17));
#6542=CARTESIAN_POINT('Ctrl Pts',(-1.98706166825515,-0.227125354267367,
-1.23056268226826E-14));
#6543=CARTESIAN_POINT('Ctrl Pts',(-1.99568717682551,-0.151662984578766,
-0.00440197156518067));
#6544=CARTESIAN_POINT('Ctrl Pts',(-2.,-0.0758382345444246,-0.0088250819838506));
#6545=CARTESIAN_POINT('Ctrl Pts',(-2.,3.64983465221201E-16,-0.013248978998942));
#6546=CARTESIAN_POINT('Origin',(0.,0.,-7.475));
#6547=CARTESIAN_POINT('',(-1.84671711205276,9.26209903012472E-9,-7.62828288794724));
#6548=CARTESIAN_POINT('Ctrl Pts',(1.0720903760782,-1.68837857885032,-7.47499999999997));
#6549=CARTESIAN_POINT('Ctrl Pts',(0.896882129575246,-1.79062841611367,-7.48260131997946));
#6550=CARTESIAN_POINT('Ctrl Pts',(0.707112695010967,-1.86556074449087,-7.49025191602795));
#6551=CARTESIAN_POINT('Ctrl Pts',(0.297892188049342,-1.95873620736645,-7.50562524342424));
#6552=CARTESIAN_POINT('Ctrl Pts',(0.0783398002957165,-1.97248818591248,
-7.51287070305244));
#6553=CARTESIAN_POINT('Ctrl Pts',(-0.389694249484111,-1.9232891255023,-7.52910720188826));
#6554=CARTESIAN_POINT('Ctrl Pts',(-0.634454231243325,-1.84694041545796,
-7.53867401230414));
#6555=CARTESIAN_POINT('Ctrl Pts',(-1.07046730182773,-1.60872692956432,-7.55798006451527));
#6556=CARTESIAN_POINT('Ctrl Pts',(-1.25964204433831,-1.45283417064635,-7.56752098509894));
#6557=CARTESIAN_POINT('Ctrl Pts',(-1.52968346409257,-1.12720561859846,-7.58340130442634));
#6558=CARTESIAN_POINT('Ctrl Pts',(-1.67893622071284,-0.90852177774003,-7.59199222758465));
#6559=CARTESIAN_POINT('Ctrl Pts',(-1.82909326450605,-0.410634526811351,
-7.61170832449951));
#6560=CARTESIAN_POINT('Ctrl Pts',(-1.85505708207949,-0.205189580318256,
-7.61994291997874));
#6561=CARTESIAN_POINT('Ctrl Pts',(-1.84671711205276,1.85241989802964E-8,
-7.62828288794724));
#6562=CARTESIAN_POINT('',(-1.475,-1.80635402874234E-16,-8.));
#6563=CARTESIAN_POINT('',(-2.,-2.44929359829471E-16,-7.475));
#6564=CARTESIAN_POINT('',(1.475,0.,-8.));
#6565=CARTESIAN_POINT('Origin',(0.,0.,-8.));
#6566=CARTESIAN_POINT('Origin',(0.,0.,-8.));
#6567=CARTESIAN_POINT('',(1.17445069810058,-1.04218723394187,-7.9048125357576));
#6568=CARTESIAN_POINT('Ctrl Pts',(-1.84671711205276,1.85241987808032E-8,
-7.62828288794724));
#6569=CARTESIAN_POINT('Ctrl Pts',(-1.84510792764348,0.0395910365189188,
-7.62989207195939));
#6570=CARTESIAN_POINT('Ctrl Pts',(-1.84222178121298,0.0791725577199003,
-7.6315050808615));
#6571=CARTESIAN_POINT('Ctrl Pts',(-1.81413646082626,0.345347839504388,-7.64238078997863));
#6572=CARTESIAN_POINT('Ctrl Pts',(-1.74842803928962,0.565636232620177,-7.65152638039014));
#6573=CARTESIAN_POINT('Ctrl Pts',(-1.58916431675027,0.875619015885902,-7.66457475850098));
#6574=CARTESIAN_POINT('Ctrl Pts',(-1.52300467434713,0.978550433864412,-7.66885078775445));
#6575=CARTESIAN_POINT('Ctrl Pts',(-1.31050066065002,1.24303035407701,-7.68181403359362));
#6576=CARTESIAN_POINT('Ctrl Pts',(-1.14465674188404,1.38575894000321,-7.6907420160339));
#6577=CARTESIAN_POINT('Ctrl Pts',(-0.756082884933722,1.61201801286605,-7.70971840189028));
#6578=CARTESIAN_POINT('Ctrl Pts',(-0.533881466220065,1.68831134067634,-7.71961858208587));
#6579=CARTESIAN_POINT('Ctrl Pts',(-0.153634197929787,1.73965192568624,-7.73510663556583));
#6580=CARTESIAN_POINT('Ctrl Pts',(0.0889814793866149,1.75451677611984,-7.74362340990001));
#6581=CARTESIAN_POINT('Ctrl Pts',(0.581304732943034,1.62219405541738,-7.76485357556768));
#6582=CARTESIAN_POINT('Ctrl Pts',(0.773817292417486,1.5293140796921,-7.77418058319907));
#6583=CARTESIAN_POINT('Ctrl Pts',(1.12470975024348,1.26996798102868,-7.79347887231997));
#6584=CARTESIAN_POINT('Ctrl Pts',(1.2769275722995,1.10202561064178,-7.80326639615529));
#6585=CARTESIAN_POINT('Ctrl Pts',(1.44812795809227,0.815366129805595,-7.8167039199917));
#6586=CARTESIAN_POINT('Ctrl Pts',(1.49498047652201,0.716264497358836,-7.82094652230564));
#6587=CARTESIAN_POINT('Ctrl Pts',(1.59771642097874,0.424106887267778,-7.83402097140633));
#6588=CARTESIAN_POINT('Ctrl Pts',(1.62857058395419,0.225256123931693,-7.84305079421159));
#6589=CARTESIAN_POINT('Ctrl Pts',(1.6167075333809,-0.166126827946298,-7.86114106803965));
#6590=CARTESIAN_POINT('Ctrl Pts',(1.57679972687275,-0.35552203001934,-7.87004525848798));
#6591=CARTESIAN_POINT('Ctrl Pts',(1.4525835190212,-0.662034218084996,-7.88468654545967));
#6592=CARTESIAN_POINT('Ctrl Pts',(1.35616600695415,-0.855209070069732,-7.89299903173606));
#6593=CARTESIAN_POINT('Ctrl Pts',(1.17445069810113,-1.04218723394238,-7.90481253575801));
#6594=CARTESIAN_POINT('',(0.116951442483095,-1.56582599063927,-7.90481253575876));
#6595=CARTESIAN_POINT('Origin',(-1.07164277451943E-12,3.90049104126433E-12,
-7.90481253575478));
#6596=CARTESIAN_POINT('Ctrl Pts',(0.116951442483096,-1.56582599063927,-7.90481253575876));
#6597=CARTESIAN_POINT('Ctrl Pts',(0.255407916383749,-1.57616247805766,-7.88419217944284));
#6598=CARTESIAN_POINT('Ctrl Pts',(0.394498829056218,-1.569173348494,-7.86280875353434));
#6599=CARTESIAN_POINT('Ctrl Pts',(0.666233832626113,-1.5211007867194,-7.81993766517699));
#6600=CARTESIAN_POINT('Ctrl Pts',(0.797908846820419,-1.48055473936949,-7.79861051900132));
#6601=CARTESIAN_POINT('Ctrl Pts',(1.10914253522598,-1.34072080753009,-7.74667040146379));
#6602=CARTESIAN_POINT('Ctrl Pts',(1.27839597245096,-1.22364093753832,-7.71700123799126));
#6603=CARTESIAN_POINT('Ctrl Pts',(1.47060505223234,-1.0305531548583,-7.68051597240623));
#6604=CARTESIAN_POINT('Ctrl Pts',(1.55664161094155,-0.938534793519115,-7.66488536201755));
#6605=CARTESIAN_POINT('Ctrl Pts',(1.76456965138775,-0.620603088940767,-7.61642270227212));
#6606=CARTESIAN_POINT('Ctrl Pts',(1.8507461353544,-0.424653810027902,-7.58788339782589));
#6607=CARTESIAN_POINT('Ctrl Pts',(1.9558919945704,-0.0116510733287683,-7.53055623002459));
#6608=CARTESIAN_POINT('Ctrl Pts',(1.97383788939752,0.202673004463376,-7.50214718710611));
#6609=CARTESIAN_POINT('Ctrl Pts',(1.95631466792951,0.415731788589493,-7.47500000000001));
#6610=CARTESIAN_POINT('Origin',(0.,2.,2.43758813713344E-17));
#6611=CARTESIAN_POINT('',(0.685958221389571,1.41242698620792,3.28220957390975E-16));
#6612=CARTESIAN_POINT('Ctrl Pts',(-1.98706166825513,-0.227125354266677,
-5.93042256514837E-16));
#6613=CARTESIAN_POINT('Ctrl Pts',(-1.98843856767244,-0.084170086024752,
-5.93042256514837E-16));
#6614=CARTESIAN_POINT('Ctrl Pts',(-1.97422277238757,0.0584878308449437,
-5.56341690436216E-16));
#6615=CARTESIAN_POINT('Ctrl Pts',(-1.91509479855683,0.338146901840837,-5.56341690436216E-16));
#6616=CARTESIAN_POINT('Ctrl Pts',(-1.8703831971981,0.474280308767359,1.82236543676053E-16));
#6617=CARTESIAN_POINT('Ctrl Pts',(-1.73086931931717,0.781533557261399,1.79664864617898E-16));
#6618=CARTESIAN_POINT('Ctrl Pts',(-1.60203584437016,0.99801123008068,-2.68667102445792E-16));
#6619=CARTESIAN_POINT('Ctrl Pts',(-1.3145323606268,1.269159317135,-2.7177909205328E-16));
#6620=CARTESIAN_POINT('Ctrl Pts',(-1.22613796517102,1.33789838030128,2.78114763596521E-16));
#6621=CARTESIAN_POINT('Ctrl Pts',(-0.944088146001865,1.5169249712252,2.75303801571513E-16));
#6622=CARTESIAN_POINT('Ctrl Pts',(-0.7354905449493,1.59930175339399,-2.40769650521786E-16));
#6623=CARTESIAN_POINT('Ctrl Pts',(-0.411833403098789,1.66033851390946,-2.37906607843247E-16));
#6624=CARTESIAN_POINT('Ctrl Pts',(-0.305086343873455,1.67049936610767,1.68569494383751E-16));
#6625=CARTESIAN_POINT('Ctrl Pts',(0.0314747777263849,1.67169536540013,1.71386053792712E-16));
#6626=CARTESIAN_POINT('Ctrl Pts',(0.201922456297628,1.62733137061511,-1.6851393438476E-16));
#6627=CARTESIAN_POINT('Ctrl Pts',(0.429293946681443,1.55711651185871,-1.64297681869569E-16));
#6628=CARTESIAN_POINT('Ctrl Pts',(0.563128634185389,1.49378550891677,1.15544325130202E-17));
#6629=CARTESIAN_POINT('Ctrl Pts',(0.685958221389572,1.41242698620792,1.15544325130202E-17));
#6630=CARTESIAN_POINT('',(1.48686362524509,0.504703113506702,4.48331036695901E-14));
#6631=CARTESIAN_POINT('Ctrl Pts',(1.48686362524502,0.50470311350666,4.69687428242555E-17));
#6632=CARTESIAN_POINT('Ctrl Pts',(1.55296025827719,0.369083953535443,4.69687428242555E-17));
#6633=CARTESIAN_POINT('Ctrl Pts',(1.59984209119905,0.224961004068107,1.12910801027198E-16));
#6634=CARTESIAN_POINT('Ctrl Pts',(1.65307351927827,-0.0754304996866229,
1.10047406215054E-16));
#6635=CARTESIAN_POINT('Ctrl Pts',(1.65821943887329,-0.230303908380281,-7.58051142123087E-11));
#6636=CARTESIAN_POINT('Ctrl Pts',(1.61716511720137,-0.606902886115024,-7.58051175629368E-11));
#6637=CARTESIAN_POINT('Ctrl Pts',(1.54720343405439,-0.817557361733532,-4.43304331774449E-16));
#6638=CARTESIAN_POINT('Ctrl Pts',(1.38324063638729,-1.11385139815032,-4.43304331774449E-16));
#6639=CARTESIAN_POINT('Ctrl Pts',(1.31828151169804,-1.20898907988798,-6.06517239113486E-15));
#6640=CARTESIAN_POINT('Ctrl Pts',(1.09201496876466,-1.48152781823246,-6.06517239113486E-15));
#6641=CARTESIAN_POINT('Ctrl Pts',(0.904727133964994,-1.63392997220156,-5.34405163201786E-16));
#6642=CARTESIAN_POINT('Ctrl Pts',(0.522323261422226,-1.83711599255898,-5.37901049110705E-16));
#6643=CARTESIAN_POINT('Ctrl Pts',(0.337925525604752,-1.9004052960499,2.47471000555571E-16));
#6644=CARTESIAN_POINT('Ctrl Pts',(-0.0577986926698358,-1.96972556159904,
2.47471000555571E-16));
#6645=CARTESIAN_POINT('Ctrl Pts',(-0.271648601446872,-1.97124577261469,
5.95348663551217E-17));
#6646=CARTESIAN_POINT('Ctrl Pts',(-0.476453294670492,-1.94241917669632,
5.95348663551217E-17));
#6647=CARTESIAN_POINT('Origin',(-1.80411241501588E-15,-1.66533453693773E-15,
2.66203025026891E-13));
#6648=CARTESIAN_POINT('Origin',(0.,0.,-8.));
#6649=CARTESIAN_POINT('Ctrl Pts',(0.,1.57018746424124,-8.35));
#6650=CARTESIAN_POINT('Ctrl Pts',(-0.906548155157855,1.57018746424124,-8.29166666666667));
#6651=CARTESIAN_POINT('Ctrl Pts',(-1.35982223273678,0.78509373212062,-8.23333333333333));
#6652=CARTESIAN_POINT('Ctrl Pts',(-1.81309631031571,1.11020129648701E-16,
-8.175));
#6653=CARTESIAN_POINT('Ctrl Pts',(-1.35982223273678,-0.785093732120619,
-8.11666666666667));
#6654=CARTESIAN_POINT('Ctrl Pts',(-0.906548155157856,-1.57018746424124,
-8.05833333333333));
#6655=CARTESIAN_POINT('Ctrl Pts',(-1.92292505214433E-16,-1.57018746424124,
-8.));
#6656=CARTESIAN_POINT('Ctrl Pts',(0.906548155157855,-1.57018746424124,-7.94166666666667));
#6657=CARTESIAN_POINT('Ctrl Pts',(1.35982223273678,-0.78509373212062,-7.88333333333333));
#6658=CARTESIAN_POINT('Ctrl Pts',(1.81309631031571,-3.33060388946102E-16,
-7.825));
#6659=CARTESIAN_POINT('Ctrl Pts',(1.35982223273678,0.785093732120619,-7.76666666666667));
#6660=CARTESIAN_POINT('Ctrl Pts',(0.906548155157856,1.57018746424124,-7.70833333333333));
#6661=CARTESIAN_POINT('Ctrl Pts',(0.,1.57018746424124,-7.65));
#6662=CARTESIAN_POINT('Ctrl Pts',(-0.906548155157855,1.57018746424124,-7.59166666666667));
#6663=CARTESIAN_POINT('Ctrl Pts',(-1.35982223273678,0.78509373212062,-7.53333333333333));
#6664=CARTESIAN_POINT('Ctrl Pts',(-1.81309631031571,1.11020129648701E-16,
-7.475));
#6665=CARTESIAN_POINT('Ctrl Pts',(-1.35982223273678,-0.785093732120619,
-7.41666666666667));
#6666=CARTESIAN_POINT('Ctrl Pts',(-0.906548155157856,-1.57018746424124,
-7.35833333333333));
#6667=CARTESIAN_POINT('Ctrl Pts',(-1.92292505214433E-16,-1.57018746424124,
-7.3));
#6668=CARTESIAN_POINT('Ctrl Pts',(0.906548155157855,-1.57018746424124,-7.24166666666667));
#6669=CARTESIAN_POINT('Ctrl Pts',(1.35982223273678,-0.78509373212062,-7.18333333333333));
#6670=CARTESIAN_POINT('Ctrl Pts',(1.81309631031571,-3.33060388946102E-16,
-7.125));
#6671=CARTESIAN_POINT('Ctrl Pts',(1.35982223273678,0.785093732120619,-7.06666666666667));
#6672=CARTESIAN_POINT('Ctrl Pts',(0.906548155157856,1.57018746424124,-7.00833333333333));
#6673=CARTESIAN_POINT('Ctrl Pts',(0.,1.57018746424124,-6.95));
#6674=CARTESIAN_POINT('Ctrl Pts',(-0.906548155157855,1.57018746424124,-6.89166666666667));
#6675=CARTESIAN_POINT('Ctrl Pts',(-1.35982223273678,0.78509373212062,-6.83333333333333));
#6676=CARTESIAN_POINT('Ctrl Pts',(-1.81309631031571,1.11020129648701E-16,
-6.775));
#6677=CARTESIAN_POINT('Ctrl Pts',(-1.35982223273678,-0.785093732120619,
-6.71666666666667));
#6678=CARTESIAN_POINT('Ctrl Pts',(-0.906548155157856,-1.57018746424124,
-6.65833333333333));
#6679=CARTESIAN_POINT('Ctrl Pts',(-1.92292505214433E-16,-1.57018746424124,
-6.6));
#6680=CARTESIAN_POINT('Ctrl Pts',(0.906548155157855,-1.57018746424124,-6.54166666666667));
#6681=CARTESIAN_POINT('Ctrl Pts',(1.35982223273678,-0.78509373212062,-6.48333333333333));
#6682=CARTESIAN_POINT('Ctrl Pts',(1.81309631031571,-3.33060388946102E-16,
-6.425));
#6683=CARTESIAN_POINT('Ctrl Pts',(1.35982223273678,0.785093732120619,-6.36666666666667));
#6684=CARTESIAN_POINT('Ctrl Pts',(0.906548155157856,1.57018746424124,-6.30833333333333));
#6685=CARTESIAN_POINT('Ctrl Pts',(0.,1.57018746424124,-6.25));
#6686=CARTESIAN_POINT('Ctrl Pts',(-0.906548155157855,1.57018746424124,-6.19166666666667));
#6687=CARTESIAN_POINT('Ctrl Pts',(-1.35982223273678,0.78509373212062,-6.13333333333333));
#6688=CARTESIAN_POINT('Ctrl Pts',(-1.81309631031571,1.11020129648701E-16,
-6.075));
#6689=CARTESIAN_POINT('Ctrl Pts',(-1.35982223273678,-0.785093732120619,
-6.01666666666667));
#6690=CARTESIAN_POINT('Ctrl Pts',(-0.906548155157856,-1.57018746424124,
-5.95833333333333));
#6691=CARTESIAN_POINT('Ctrl Pts',(-1.92292505214433E-16,-1.57018746424124,
-5.9));
#6692=CARTESIAN_POINT('Ctrl Pts',(0.906548155157855,-1.57018746424124,-5.84166666666667));
#6693=CARTESIAN_POINT('Ctrl Pts',(1.35982223273678,-0.78509373212062,-5.78333333333333));
#6694=CARTESIAN_POINT('Ctrl Pts',(1.81309631031571,-3.33060388946102E-16,
-5.725));
#6695=CARTESIAN_POINT('Ctrl Pts',(1.35982223273678,0.785093732120619,-5.66666666666667));
#6696=CARTESIAN_POINT('Ctrl Pts',(0.906548155157856,1.57018746424124,-5.60833333333333));
#6697=CARTESIAN_POINT('Ctrl Pts',(0.,1.57018746424124,-5.55));
#6698=CARTESIAN_POINT('Ctrl Pts',(-0.906548155157855,1.57018746424124,-5.49166666666667));
#6699=CARTESIAN_POINT('Ctrl Pts',(-1.35982223273678,0.78509373212062,-5.43333333333333));
#6700=CARTESIAN_POINT('Ctrl Pts',(-1.81309631031571,1.11020129648701E-16,
-5.375));
#6701=CARTESIAN_POINT('Ctrl Pts',(-1.35982223273678,-0.785093732120619,
-5.31666666666667));
#6702=CARTESIAN_POINT('Ctrl Pts',(-0.906548155157856,-1.57018746424124,
-5.25833333333333));
#6703=CARTESIAN_POINT('Ctrl Pts',(-1.92292505214433E-16,-1.57018746424124,
-5.2));
#6704=CARTESIAN_POINT('Ctrl Pts',(0.906548155157855,-1.57018746424124,-5.14166666666667));
#6705=CARTESIAN_POINT('Ctrl Pts',(1.35982223273678,-0.78509373212062,-5.08333333333333));
#6706=CARTESIAN_POINT('Ctrl Pts',(1.81309631031571,-3.33060388946102E-16,
-5.025));
#6707=CARTESIAN_POINT('Ctrl Pts',(1.35982223273678,0.785093732120619,-4.96666666666667));
#6708=CARTESIAN_POINT('Ctrl Pts',(0.906548155157856,1.57018746424124,-4.90833333333333));
#6709=CARTESIAN_POINT('Ctrl Pts',(0.,1.57018746424124,-4.85));
#6710=CARTESIAN_POINT('Ctrl Pts',(-0.906548155157855,1.57018746424124,-4.79166666666667));
#6711=CARTESIAN_POINT('Ctrl Pts',(-1.35982223273678,0.78509373212062,-4.73333333333333));
#6712=CARTESIAN_POINT('Ctrl Pts',(-1.81309631031571,1.11020129648701E-16,
-4.675));
#6713=CARTESIAN_POINT('Ctrl Pts',(-1.35982223273678,-0.785093732120619,
-4.61666666666667));
#6714=CARTESIAN_POINT('Ctrl Pts',(-0.906548155157856,-1.57018746424124,
-4.55833333333333));
#6715=CARTESIAN_POINT('Ctrl Pts',(-1.92292505214433E-16,-1.57018746424124,
-4.5));
#6716=CARTESIAN_POINT('Ctrl Pts',(0.906548155157855,-1.57018746424124,-4.44166666666667));
#6717=CARTESIAN_POINT('Ctrl Pts',(1.35982223273678,-0.78509373212062,-4.38333333333333));
#6718=CARTESIAN_POINT('Ctrl Pts',(1.81309631031571,-3.33060388946102E-16,
-4.325));
#6719=CARTESIAN_POINT('Ctrl Pts',(1.35982223273678,0.785093732120619,-4.26666666666667));
#6720=CARTESIAN_POINT('Ctrl Pts',(0.906548155157856,1.57018746424124,-4.20833333333333));
#6721=CARTESIAN_POINT('Ctrl Pts',(0.,1.57018746424124,-4.15));
#6722=CARTESIAN_POINT('Ctrl Pts',(-0.906548155157855,1.57018746424124,-4.09166666666667));
#6723=CARTESIAN_POINT('Ctrl Pts',(-1.35982223273678,0.78509373212062,-4.03333333333333));
#6724=CARTESIAN_POINT('Ctrl Pts',(-1.81309631031571,1.11020129648701E-16,
-3.975));
#6725=CARTESIAN_POINT('Ctrl Pts',(-1.35982223273678,-0.785093732120619,
-3.91666666666667));
#6726=CARTESIAN_POINT('Ctrl Pts',(-0.906548155157856,-1.57018746424124,
-3.85833333333333));
#6727=CARTESIAN_POINT('Ctrl Pts',(-1.92292505214433E-16,-1.57018746424124,
-3.8));
#6728=CARTESIAN_POINT('Ctrl Pts',(0.906548155157855,-1.57018746424124,-3.74166666666667));
#6729=CARTESIAN_POINT('Ctrl Pts',(1.35982223273678,-0.78509373212062,-3.68333333333333));
#6730=CARTESIAN_POINT('Ctrl Pts',(1.81309631031571,-3.33060388946102E-16,
-3.625));
#6731=CARTESIAN_POINT('Ctrl Pts',(1.35982223273678,0.785093732120619,-3.56666666666667));
#6732=CARTESIAN_POINT('Ctrl Pts',(0.906548155157856,1.57018746424124,-3.50833333333333));
#6733=CARTESIAN_POINT('Ctrl Pts',(0.,1.57018746424124,-3.45));
#6734=CARTESIAN_POINT('Ctrl Pts',(-0.906548155157855,1.57018746424124,-3.39166666666667));
#6735=CARTESIAN_POINT('Ctrl Pts',(-1.35982223273678,0.78509373212062,-3.33333333333333));
#6736=CARTESIAN_POINT('Ctrl Pts',(-1.81309631031571,1.11020129648701E-16,
-3.275));
#6737=CARTESIAN_POINT('Ctrl Pts',(-1.35982223273678,-0.785093732120619,
-3.21666666666667));
#6738=CARTESIAN_POINT('Ctrl Pts',(-0.906548155157856,-1.57018746424124,
-3.15833333333333));
#6739=CARTESIAN_POINT('Ctrl Pts',(-1.92292505214433E-16,-1.57018746424124,
-3.1));
#6740=CARTESIAN_POINT('Ctrl Pts',(0.906548155157855,-1.57018746424124,-3.04166666666667));
#6741=CARTESIAN_POINT('Ctrl Pts',(1.35982223273678,-0.78509373212062,-2.98333333333333));
#6742=CARTESIAN_POINT('Ctrl Pts',(1.81309631031571,-3.33060388946102E-16,
-2.925));
#6743=CARTESIAN_POINT('Ctrl Pts',(1.35982223273678,0.785093732120619,-2.86666666666667));
#6744=CARTESIAN_POINT('Ctrl Pts',(0.906548155157856,1.57018746424124,-2.80833333333333));
#6745=CARTESIAN_POINT('Ctrl Pts',(0.,1.57018746424124,-2.75));
#6746=CARTESIAN_POINT('Ctrl Pts',(-0.906548155157855,1.57018746424124,-2.69166666666667));
#6747=CARTESIAN_POINT('Ctrl Pts',(-1.35982223273678,0.78509373212062,-2.63333333333333));
#6748=CARTESIAN_POINT('Ctrl Pts',(-1.81309631031571,1.11020129648701E-16,
-2.575));
#6749=CARTESIAN_POINT('Ctrl Pts',(-1.35982223273678,-0.785093732120619,
-2.51666666666667));
#6750=CARTESIAN_POINT('Ctrl Pts',(-0.906548155157856,-1.57018746424124,
-2.45833333333333));
#6751=CARTESIAN_POINT('Ctrl Pts',(-1.92292505214433E-16,-1.57018746424124,
-2.4));
#6752=CARTESIAN_POINT('Ctrl Pts',(0.906548155157855,-1.57018746424124,-2.34166666666667));
#6753=CARTESIAN_POINT('Ctrl Pts',(1.35982223273678,-0.78509373212062,-2.28333333333333));
#6754=CARTESIAN_POINT('Ctrl Pts',(1.81309631031571,-3.33060388946102E-16,
-2.225));
#6755=CARTESIAN_POINT('Ctrl Pts',(1.35982223273678,0.785093732120619,-2.16666666666667));
#6756=CARTESIAN_POINT('Ctrl Pts',(0.906548155157856,1.57018746424124,-2.10833333333333));
#6757=CARTESIAN_POINT('Ctrl Pts',(0.,1.57018746424124,-2.05));
#6758=CARTESIAN_POINT('Ctrl Pts',(-0.906548155157855,1.57018746424124,-1.99166666666667));
#6759=CARTESIAN_POINT('Ctrl Pts',(-1.35982223273678,0.78509373212062,-1.93333333333333));
#6760=CARTESIAN_POINT('Ctrl Pts',(-1.81309631031571,1.11020129648701E-16,
-1.875));
#6761=CARTESIAN_POINT('Ctrl Pts',(-1.35982223273678,-0.785093732120619,
-1.81666666666667));
#6762=CARTESIAN_POINT('Ctrl Pts',(-0.906548155157856,-1.57018746424124,
-1.75833333333333));
#6763=CARTESIAN_POINT('Ctrl Pts',(-1.92292505214433E-16,-1.57018746424124,
-1.7));
#6764=CARTESIAN_POINT('Ctrl Pts',(0.906548155157855,-1.57018746424124,-1.64166666666667));
#6765=CARTESIAN_POINT('Ctrl Pts',(1.35982223273678,-0.78509373212062,-1.58333333333333));
#6766=CARTESIAN_POINT('Ctrl Pts',(1.81309631031571,-3.33060388946102E-16,
-1.525));
#6767=CARTESIAN_POINT('Ctrl Pts',(1.35982223273678,0.785093732120619,-1.46666666666667));
#6768=CARTESIAN_POINT('Ctrl Pts',(0.906548155157856,1.57018746424124,-1.40833333333333));
#6769=CARTESIAN_POINT('Ctrl Pts',(0.,1.57018746424124,-1.35));
#6770=CARTESIAN_POINT('Ctrl Pts',(-0.906548155157855,1.57018746424124,-1.29166666666667));
#6771=CARTESIAN_POINT('Ctrl Pts',(-1.35982223273678,0.78509373212062,-1.23333333333333));
#6772=CARTESIAN_POINT('Ctrl Pts',(-1.81309631031571,1.11020129648701E-16,
-1.175));
#6773=CARTESIAN_POINT('Ctrl Pts',(-1.35982223273678,-0.785093732120619,
-1.11666666666667));
#6774=CARTESIAN_POINT('Ctrl Pts',(-0.906548155157856,-1.57018746424124,
-1.05833333333333));
#6775=CARTESIAN_POINT('Ctrl Pts',(-1.92292505214433E-16,-1.57018746424124,
-1.));
#6776=CARTESIAN_POINT('Ctrl Pts',(0.906548155157855,-1.57018746424124,-0.941666666666666));
#6777=CARTESIAN_POINT('Ctrl Pts',(1.35982223273678,-0.78509373212062,-0.883333333333333));
#6778=CARTESIAN_POINT('Ctrl Pts',(1.81309631031571,-3.33060388946102E-16,
-0.825));
#6779=CARTESIAN_POINT('Ctrl Pts',(1.35982223273678,0.785093732120619,-0.766666666666666));
#6780=CARTESIAN_POINT('Ctrl Pts',(0.906548155157856,1.57018746424124,-0.708333333333333));
#6781=CARTESIAN_POINT('Ctrl Pts',(0.,1.57018746424124,-0.65));
#6782=CARTESIAN_POINT('Ctrl Pts',(-0.906548155157855,1.57018746424124,-0.591666666666667));
#6783=CARTESIAN_POINT('Ctrl Pts',(-1.35982223273678,0.78509373212062,-0.533333333333334));
#6784=CARTESIAN_POINT('Ctrl Pts',(-1.81309631031571,1.11020129648701E-16,
-0.475));
#6785=CARTESIAN_POINT('Ctrl Pts',(-1.35982223273678,-0.785093732120619,
-0.416666666666666));
#6786=CARTESIAN_POINT('Ctrl Pts',(-0.906548155157856,-1.57018746424124,
-0.358333333333334));
#6787=CARTESIAN_POINT('Ctrl Pts',(-1.92292505214433E-16,-1.57018746424124,
-0.3));
#6788=CARTESIAN_POINT('Ctrl Pts',(0.906548155157855,-1.57018746424124,-0.241666666666666));
#6789=CARTESIAN_POINT('Ctrl Pts',(1.35982223273678,-0.78509373212062,-0.183333333333334));
#6790=CARTESIAN_POINT('Ctrl Pts',(1.81309631031571,-3.33060388946102E-16,
-0.125));
#6791=CARTESIAN_POINT('Ctrl Pts',(1.35982223273678,0.785093732120619,-0.0666666666666663));
#6792=CARTESIAN_POINT('Ctrl Pts',(0.906548155157856,1.57018746424124,-0.00833333333333242));
#6793=CARTESIAN_POINT('Ctrl Pts',(0.,1.57018746424124,0.0499999999999997));
#6794=CARTESIAN_POINT('Ctrl Pts',(-0.906548155157855,1.57018746424124,0.108333333333334));
#6795=CARTESIAN_POINT('Ctrl Pts',(-1.35982223273678,0.78509373212062,0.166666666666667));
#6796=CARTESIAN_POINT('Ctrl Pts',(-1.81309631031571,1.11020129648701E-16,
0.225));
#6797=CARTESIAN_POINT('Ctrl Pts',(-1.35982223273678,-0.785093732120619,
0.283333333333333));
#6798=CARTESIAN_POINT('Ctrl Pts',(-0.906548155157856,-1.57018746424124,
0.341666666666667));
#6799=CARTESIAN_POINT('Ctrl Pts',(-1.92292505214433E-16,-1.57018746424124,
0.399999999999999));
#6800=CARTESIAN_POINT('Ctrl Pts',(0.906548155157855,-1.57018746424124,0.458333333333333));
#6801=CARTESIAN_POINT('Ctrl Pts',(1.35982223273678,-0.78509373212062,0.516666666666667));
#6802=CARTESIAN_POINT('Ctrl Pts',(1.81309631031571,-3.33060388946102E-16,
0.575000000000001));
#6803=CARTESIAN_POINT('Ctrl Pts',(1.35982223273678,0.785093732120619,0.633333333333333));
#6804=CARTESIAN_POINT('Ctrl Pts',(0.906548155157856,1.57018746424124,0.691666666666667));
#6805=CARTESIAN_POINT('Ctrl Pts',(0.,1.57018746424124,0.750000000000001));
#6806=CARTESIAN_POINT('Ctrl Pts',(-0.906548155157855,1.57018746424124,0.808333333333333));
#6807=CARTESIAN_POINT('Ctrl Pts',(-1.35982223273678,0.78509373212062,0.866666666666667));
#6808=CARTESIAN_POINT('Ctrl Pts',(-1.81309631031571,1.11020129648701E-16,
0.925));
#6809=CARTESIAN_POINT('Ctrl Pts',(-1.35982223273678,-0.785093732120619,
0.983333333333333));
#6810=CARTESIAN_POINT('Ctrl Pts',(-0.906548155157856,-1.57018746424124,
1.04166666666667));
#6811=CARTESIAN_POINT('Ctrl Pts',(-1.92292505214433E-16,-1.57018746424124,
1.1));
#6812=CARTESIAN_POINT('Ctrl Pts',(0.906548155157855,-1.57018746424124,1.15833333333333));
#6813=CARTESIAN_POINT('Ctrl Pts',(1.35982223273678,-0.78509373212062,1.21666666666667));
#6814=CARTESIAN_POINT('Ctrl Pts',(1.81309631031571,-3.33060388946102E-16,
1.275));
#6815=CARTESIAN_POINT('Ctrl Pts',(1.35982223273678,0.785093732120619,1.33333333333333));
#6816=CARTESIAN_POINT('Ctrl Pts',(0.906548155157856,1.57018746424124,1.39166666666667));
#6817=CARTESIAN_POINT('Ctrl Pts',(0.,1.57018746424124,1.45));
#6818=CARTESIAN_POINT('Ctrl Pts',(-0.906548155157855,1.57018746424124,1.50833333333333));
#6819=CARTESIAN_POINT('Ctrl Pts',(-1.35982223273678,0.78509373212062,1.56666666666667));
#6820=CARTESIAN_POINT('Ctrl Pts',(-1.81309631031571,1.11020129648701E-16,
1.625));
#6821=CARTESIAN_POINT('Ctrl Pts',(-1.35982223273678,-0.785093732120619,
1.68333333333333));
#6822=CARTESIAN_POINT('Ctrl Pts',(-0.906548155157856,-1.57018746424124,
1.74166666666667));
#6823=CARTESIAN_POINT('Ctrl Pts',(-1.92292505214433E-16,-1.57018746424124,
1.8));
#6824=CARTESIAN_POINT('Ctrl Pts',(0.906548155157855,-1.57018746424124,1.85833333333333));
#6825=CARTESIAN_POINT('Ctrl Pts',(1.35982223273678,-0.78509373212062,1.91666666666667));
#6826=CARTESIAN_POINT('Ctrl Pts',(1.81309631031571,-3.33060388946102E-16,
1.975));
#6827=CARTESIAN_POINT('Ctrl Pts',(1.35982223273678,0.785093732120619,2.03333333333333));
#6828=CARTESIAN_POINT('Ctrl Pts',(0.906548155157856,1.57018746424124,2.09166666666667));
#6829=CARTESIAN_POINT('Ctrl Pts',(0.,1.57018746424124,2.15));
#6830=CARTESIAN_POINT('Ctrl Pts',(-0.756121876426118,1.57018746424124,2.19865390680819));
#6831=CARTESIAN_POINT('Ctrl Pts',(-1.22758094236693,0.979047344512951,2.25095189910636));
#6832=CARTESIAN_POINT('Ctrl Pts',(0.,2.04375,-8.6125));
#6833=CARTESIAN_POINT('Ctrl Pts',(-1.1799596126563,2.04375,-8.55416666666667));
#6834=CARTESIAN_POINT('Ctrl Pts',(-1.76993941898445,1.021875,-8.49583333333333));
#6835=CARTESIAN_POINT('Ctrl Pts',(-2.3599192253126,1.44503376276269E-16,
-8.4375));
#6836=CARTESIAN_POINT('Ctrl Pts',(-1.76993941898445,-1.021875,-8.37916666666667));
#6837=CARTESIAN_POINT('Ctrl Pts',(-1.1799596126563,-2.04375,-8.32083333333333));
#6838=CARTESIAN_POINT('Ctrl Pts',(-2.5028718957574E-16,-2.04375,-8.2625));
#6839=CARTESIAN_POINT('Ctrl Pts',(1.1799596126563,-2.04375,-8.20416666666667));
#6840=CARTESIAN_POINT('Ctrl Pts',(1.76993941898445,-1.021875,-8.14583333333333));
#6841=CARTESIAN_POINT('Ctrl Pts',(2.3599192253126,-4.33510128828806E-16,
-8.0875));
#6842=CARTESIAN_POINT('Ctrl Pts',(1.76993941898445,1.021875,-8.02916666666667));
#6843=CARTESIAN_POINT('Ctrl Pts',(1.1799596126563,2.04375,-7.97083333333333));
#6844=CARTESIAN_POINT('Ctrl Pts',(0.,2.04375,-7.9125));
#6845=CARTESIAN_POINT('Ctrl Pts',(-1.1799596126563,2.04375,-7.85416666666667));
#6846=CARTESIAN_POINT('Ctrl Pts',(-1.76993941898445,1.021875,-7.79583333333333));
#6847=CARTESIAN_POINT('Ctrl Pts',(-2.3599192253126,1.44503376276269E-16,
-7.7375));
#6848=CARTESIAN_POINT('Ctrl Pts',(-1.76993941898445,-1.021875,-7.67916666666667));
#6849=CARTESIAN_POINT('Ctrl Pts',(-1.1799596126563,-2.04375,-7.62083333333333));
#6850=CARTESIAN_POINT('Ctrl Pts',(-2.5028718957574E-16,-2.04375,-7.5625));
#6851=CARTESIAN_POINT('Ctrl Pts',(1.1799596126563,-2.04375,-7.50416666666667));
#6852=CARTESIAN_POINT('Ctrl Pts',(1.76993941898445,-1.021875,-7.44583333333333));
#6853=CARTESIAN_POINT('Ctrl Pts',(2.3599192253126,-4.33510128828806E-16,
-7.3875));
#6854=CARTESIAN_POINT('Ctrl Pts',(1.76993941898445,1.021875,-7.32916666666667));
#6855=CARTESIAN_POINT('Ctrl Pts',(1.1799596126563,2.04375,-7.27083333333333));
#6856=CARTESIAN_POINT('Ctrl Pts',(0.,2.04375,-7.2125));
#6857=CARTESIAN_POINT('Ctrl Pts',(-1.1799596126563,2.04375,-7.15416666666667));
#6858=CARTESIAN_POINT('Ctrl Pts',(-1.76993941898445,1.021875,-7.09583333333333));
#6859=CARTESIAN_POINT('Ctrl Pts',(-2.3599192253126,1.44503376276269E-16,
-7.0375));
#6860=CARTESIAN_POINT('Ctrl Pts',(-1.76993941898445,-1.021875,-6.97916666666667));
#6861=CARTESIAN_POINT('Ctrl Pts',(-1.1799596126563,-2.04375,-6.92083333333334));
#6862=CARTESIAN_POINT('Ctrl Pts',(-2.5028718957574E-16,-2.04375,-6.8625));
#6863=CARTESIAN_POINT('Ctrl Pts',(1.1799596126563,-2.04375,-6.80416666666667));
#6864=CARTESIAN_POINT('Ctrl Pts',(1.76993941898445,-1.021875,-6.74583333333333));
#6865=CARTESIAN_POINT('Ctrl Pts',(2.3599192253126,-4.33510128828806E-16,
-6.6875));
#6866=CARTESIAN_POINT('Ctrl Pts',(1.76993941898445,1.021875,-6.62916666666667));
#6867=CARTESIAN_POINT('Ctrl Pts',(1.1799596126563,2.04375,-6.57083333333333));
#6868=CARTESIAN_POINT('Ctrl Pts',(0.,2.04375,-6.5125));
#6869=CARTESIAN_POINT('Ctrl Pts',(-1.1799596126563,2.04375,-6.45416666666667));
#6870=CARTESIAN_POINT('Ctrl Pts',(-1.76993941898445,1.021875,-6.39583333333333));
#6871=CARTESIAN_POINT('Ctrl Pts',(-2.3599192253126,1.44503376276269E-16,
-6.3375));
#6872=CARTESIAN_POINT('Ctrl Pts',(-1.76993941898445,-1.021875,-6.27916666666667));
#6873=CARTESIAN_POINT('Ctrl Pts',(-1.1799596126563,-2.04375,-6.22083333333333));
#6874=CARTESIAN_POINT('Ctrl Pts',(-2.5028718957574E-16,-2.04375,-6.1625));
#6875=CARTESIAN_POINT('Ctrl Pts',(1.1799596126563,-2.04375,-6.10416666666667));
#6876=CARTESIAN_POINT('Ctrl Pts',(1.76993941898445,-1.021875,-6.04583333333333));
#6877=CARTESIAN_POINT('Ctrl Pts',(2.3599192253126,-4.33510128828806E-16,
-5.9875));
#6878=CARTESIAN_POINT('Ctrl Pts',(1.76993941898445,1.021875,-5.92916666666667));
#6879=CARTESIAN_POINT('Ctrl Pts',(1.1799596126563,2.04375,-5.87083333333333));
#6880=CARTESIAN_POINT('Ctrl Pts',(0.,2.04375,-5.8125));
#6881=CARTESIAN_POINT('Ctrl Pts',(-1.1799596126563,2.04375,-5.75416666666667));
#6882=CARTESIAN_POINT('Ctrl Pts',(-1.76993941898445,1.021875,-5.69583333333333));
#6883=CARTESIAN_POINT('Ctrl Pts',(-2.3599192253126,1.44503376276269E-16,
-5.6375));
#6884=CARTESIAN_POINT('Ctrl Pts',(-1.76993941898445,-1.021875,-5.57916666666667));
#6885=CARTESIAN_POINT('Ctrl Pts',(-1.1799596126563,-2.04375,-5.52083333333333));
#6886=CARTESIAN_POINT('Ctrl Pts',(-2.5028718957574E-16,-2.04375,-5.4625));
#6887=CARTESIAN_POINT('Ctrl Pts',(1.1799596126563,-2.04375,-5.40416666666667));
#6888=CARTESIAN_POINT('Ctrl Pts',(1.76993941898445,-1.021875,-5.34583333333333));
#6889=CARTESIAN_POINT('Ctrl Pts',(2.3599192253126,-4.33510128828806E-16,
-5.2875));
#6890=CARTESIAN_POINT('Ctrl Pts',(1.76993941898445,1.021875,-5.22916666666667));
#6891=CARTESIAN_POINT('Ctrl Pts',(1.1799596126563,2.04375,-5.17083333333333));
#6892=CARTESIAN_POINT('Ctrl Pts',(0.,2.04375,-5.1125));
#6893=CARTESIAN_POINT('Ctrl Pts',(-1.1799596126563,2.04375,-5.05416666666667));
#6894=CARTESIAN_POINT('Ctrl Pts',(-1.76993941898445,1.021875,-4.99583333333333));
#6895=CARTESIAN_POINT('Ctrl Pts',(-2.3599192253126,1.44503376276269E-16,
-4.9375));
#6896=CARTESIAN_POINT('Ctrl Pts',(-1.76993941898445,-1.021875,-4.87916666666667));
#6897=CARTESIAN_POINT('Ctrl Pts',(-1.1799596126563,-2.04375,-4.82083333333333));
#6898=CARTESIAN_POINT('Ctrl Pts',(-2.5028718957574E-16,-2.04375,-4.7625));
#6899=CARTESIAN_POINT('Ctrl Pts',(1.1799596126563,-2.04375,-4.70416666666667));
#6900=CARTESIAN_POINT('Ctrl Pts',(1.76993941898445,-1.021875,-4.64583333333333));
#6901=CARTESIAN_POINT('Ctrl Pts',(2.3599192253126,-4.33510128828806E-16,
-4.5875));
#6902=CARTESIAN_POINT('Ctrl Pts',(1.76993941898445,1.021875,-4.52916666666667));
#6903=CARTESIAN_POINT('Ctrl Pts',(1.1799596126563,2.04375,-4.47083333333333));
#6904=CARTESIAN_POINT('Ctrl Pts',(0.,2.04375,-4.4125));
#6905=CARTESIAN_POINT('Ctrl Pts',(-1.1799596126563,2.04375,-4.35416666666667));
#6906=CARTESIAN_POINT('Ctrl Pts',(-1.76993941898445,1.021875,-4.29583333333333));
#6907=CARTESIAN_POINT('Ctrl Pts',(-2.3599192253126,1.44503376276269E-16,
-4.2375));
#6908=CARTESIAN_POINT('Ctrl Pts',(-1.76993941898445,-1.021875,-4.17916666666667));
#6909=CARTESIAN_POINT('Ctrl Pts',(-1.1799596126563,-2.04375,-4.12083333333333));
#6910=CARTESIAN_POINT('Ctrl Pts',(-2.5028718957574E-16,-2.04375,-4.0625));
#6911=CARTESIAN_POINT('Ctrl Pts',(1.1799596126563,-2.04375,-4.00416666666667));
#6912=CARTESIAN_POINT('Ctrl Pts',(1.76993941898445,-1.021875,-3.94583333333333));
#6913=CARTESIAN_POINT('Ctrl Pts',(2.3599192253126,-4.33510128828806E-16,
-3.8875));
#6914=CARTESIAN_POINT('Ctrl Pts',(1.76993941898445,1.021875,-3.82916666666667));
#6915=CARTESIAN_POINT('Ctrl Pts',(1.1799596126563,2.04375,-3.77083333333333));
#6916=CARTESIAN_POINT('Ctrl Pts',(0.,2.04375,-3.7125));
#6917=CARTESIAN_POINT('Ctrl Pts',(-1.1799596126563,2.04375,-3.65416666666667));
#6918=CARTESIAN_POINT('Ctrl Pts',(-1.76993941898445,1.021875,-3.59583333333333));
#6919=CARTESIAN_POINT('Ctrl Pts',(-2.3599192253126,1.44503376276269E-16,
-3.5375));
#6920=CARTESIAN_POINT('Ctrl Pts',(-1.76993941898445,-1.021875,-3.47916666666667));
#6921=CARTESIAN_POINT('Ctrl Pts',(-1.1799596126563,-2.04375,-3.42083333333333));
#6922=CARTESIAN_POINT('Ctrl Pts',(-2.5028718957574E-16,-2.04375,-3.3625));
#6923=CARTESIAN_POINT('Ctrl Pts',(1.1799596126563,-2.04375,-3.30416666666667));
#6924=CARTESIAN_POINT('Ctrl Pts',(1.76993941898445,-1.021875,-3.24583333333333));
#6925=CARTESIAN_POINT('Ctrl Pts',(2.3599192253126,-4.33510128828806E-16,
-3.1875));
#6926=CARTESIAN_POINT('Ctrl Pts',(1.76993941898445,1.021875,-3.12916666666667));
#6927=CARTESIAN_POINT('Ctrl Pts',(1.1799596126563,2.04375,-3.07083333333333));
#6928=CARTESIAN_POINT('Ctrl Pts',(0.,2.04375,-3.0125));
#6929=CARTESIAN_POINT('Ctrl Pts',(-1.1799596126563,2.04375,-2.95416666666667));
#6930=CARTESIAN_POINT('Ctrl Pts',(-1.76993941898445,1.021875,-2.89583333333333));
#6931=CARTESIAN_POINT('Ctrl Pts',(-2.3599192253126,1.44503376276269E-16,
-2.8375));
#6932=CARTESIAN_POINT('Ctrl Pts',(-1.76993941898445,-1.021875,-2.77916666666667));
#6933=CARTESIAN_POINT('Ctrl Pts',(-1.1799596126563,-2.04375,-2.72083333333333));
#6934=CARTESIAN_POINT('Ctrl Pts',(-2.5028718957574E-16,-2.04375,-2.6625));
#6935=CARTESIAN_POINT('Ctrl Pts',(1.1799596126563,-2.04375,-2.60416666666667));
#6936=CARTESIAN_POINT('Ctrl Pts',(1.76993941898445,-1.021875,-2.54583333333333));
#6937=CARTESIAN_POINT('Ctrl Pts',(2.3599192253126,-4.33510128828806E-16,
-2.4875));
#6938=CARTESIAN_POINT('Ctrl Pts',(1.76993941898445,1.021875,-2.42916666666667));
#6939=CARTESIAN_POINT('Ctrl Pts',(1.1799596126563,2.04375,-2.37083333333333));
#6940=CARTESIAN_POINT('Ctrl Pts',(0.,2.04375,-2.3125));
#6941=CARTESIAN_POINT('Ctrl Pts',(-1.1799596126563,2.04375,-2.25416666666667));
#6942=CARTESIAN_POINT('Ctrl Pts',(-1.76993941898445,1.021875,-2.19583333333333));
#6943=CARTESIAN_POINT('Ctrl Pts',(-2.3599192253126,1.44503376276269E-16,
-2.1375));
#6944=CARTESIAN_POINT('Ctrl Pts',(-1.76993941898445,-1.021875,-2.07916666666667));
#6945=CARTESIAN_POINT('Ctrl Pts',(-1.1799596126563,-2.04375,-2.02083333333333));
#6946=CARTESIAN_POINT('Ctrl Pts',(-2.5028718957574E-16,-2.04375,-1.9625));
#6947=CARTESIAN_POINT('Ctrl Pts',(1.1799596126563,-2.04375,-1.90416666666667));
#6948=CARTESIAN_POINT('Ctrl Pts',(1.76993941898445,-1.021875,-1.84583333333333));
#6949=CARTESIAN_POINT('Ctrl Pts',(2.3599192253126,-4.33510128828806E-16,
-1.7875));
#6950=CARTESIAN_POINT('Ctrl Pts',(1.76993941898445,1.021875,-1.72916666666667));
#6951=CARTESIAN_POINT('Ctrl Pts',(1.1799596126563,2.04375,-1.67083333333333));
#6952=CARTESIAN_POINT('Ctrl Pts',(0.,2.04375,-1.6125));
#6953=CARTESIAN_POINT('Ctrl Pts',(-1.1799596126563,2.04375,-1.55416666666667));
#6954=CARTESIAN_POINT('Ctrl Pts',(-1.76993941898445,1.021875,-1.49583333333333));
#6955=CARTESIAN_POINT('Ctrl Pts',(-2.3599192253126,1.44503376276269E-16,
-1.4375));
#6956=CARTESIAN_POINT('Ctrl Pts',(-1.76993941898445,-1.021875,-1.37916666666667));
#6957=CARTESIAN_POINT('Ctrl Pts',(-1.1799596126563,-2.04375,-1.32083333333333));
#6958=CARTESIAN_POINT('Ctrl Pts',(-2.5028718957574E-16,-2.04375,-1.2625));
#6959=CARTESIAN_POINT('Ctrl Pts',(1.1799596126563,-2.04375,-1.20416666666667));
#6960=CARTESIAN_POINT('Ctrl Pts',(1.76993941898445,-1.021875,-1.14583333333333));
#6961=CARTESIAN_POINT('Ctrl Pts',(2.3599192253126,-4.33510128828806E-16,
-1.0875));
#6962=CARTESIAN_POINT('Ctrl Pts',(1.76993941898445,1.021875,-1.02916666666667));
#6963=CARTESIAN_POINT('Ctrl Pts',(1.1799596126563,2.04375,-0.970833333333334));
#6964=CARTESIAN_POINT('Ctrl Pts',(0.,2.04375,-0.9125));
#6965=CARTESIAN_POINT('Ctrl Pts',(-1.1799596126563,2.04375,-0.854166666666667));
#6966=CARTESIAN_POINT('Ctrl Pts',(-1.76993941898445,1.021875,-0.795833333333334));
#6967=CARTESIAN_POINT('Ctrl Pts',(-2.3599192253126,1.44503376276269E-16,
-0.7375));
#6968=CARTESIAN_POINT('Ctrl Pts',(-1.76993941898445,-1.021875,-0.679166666666666));
#6969=CARTESIAN_POINT('Ctrl Pts',(-1.1799596126563,-2.04375,-0.620833333333334));
#6970=CARTESIAN_POINT('Ctrl Pts',(-2.5028718957574E-16,-2.04375,-0.5625));
#6971=CARTESIAN_POINT('Ctrl Pts',(1.1799596126563,-2.04375,-0.504166666666667));
#6972=CARTESIAN_POINT('Ctrl Pts',(1.76993941898445,-1.021875,-0.445833333333335));
#6973=CARTESIAN_POINT('Ctrl Pts',(2.3599192253126,-4.33510128828806E-16,
-0.387500000000001));
#6974=CARTESIAN_POINT('Ctrl Pts',(1.76993941898445,1.021875,-0.329166666666667));
#6975=CARTESIAN_POINT('Ctrl Pts',(1.1799596126563,2.04375,-0.270833333333333));
#6976=CARTESIAN_POINT('Ctrl Pts',(0.,2.04375,-0.212500000000001));
#6977=CARTESIAN_POINT('Ctrl Pts',(-1.1799596126563,2.04375,-0.154166666666667));
#6978=CARTESIAN_POINT('Ctrl Pts',(-1.76993941898445,1.021875,-0.0958333333333332));
#6979=CARTESIAN_POINT('Ctrl Pts',(-2.3599192253126,1.44503376276269E-16,
-0.0375000000000011));
#6980=CARTESIAN_POINT('Ctrl Pts',(-1.76993941898445,-1.021875,0.0208333333333328));
#6981=CARTESIAN_POINT('Ctrl Pts',(-1.1799596126563,-2.04375,0.0791666666666666));
#6982=CARTESIAN_POINT('Ctrl Pts',(-2.5028718957574E-16,-2.04375,0.137499999999999));
#6983=CARTESIAN_POINT('Ctrl Pts',(1.1799596126563,-2.04375,0.195833333333333));
#6984=CARTESIAN_POINT('Ctrl Pts',(1.76993941898445,-1.021875,0.254166666666666));
#6985=CARTESIAN_POINT('Ctrl Pts',(2.3599192253126,-4.33510128828806E-16,
0.3125));
#6986=CARTESIAN_POINT('Ctrl Pts',(1.76993941898445,1.021875,0.370833333333332));
#6987=CARTESIAN_POINT('Ctrl Pts',(1.1799596126563,2.04375,0.429166666666666));
#6988=CARTESIAN_POINT('Ctrl Pts',(0.,2.04375,0.4875));
#6989=CARTESIAN_POINT('Ctrl Pts',(-1.1799596126563,2.04375,0.545833333333332));
#6990=CARTESIAN_POINT('Ctrl Pts',(-1.76993941898445,1.021875,0.604166666666666));
#6991=CARTESIAN_POINT('Ctrl Pts',(-2.3599192253126,1.44503376276269E-16,
0.6625));
#6992=CARTESIAN_POINT('Ctrl Pts',(-1.76993941898445,-1.021875,0.720833333333332));
#6993=CARTESIAN_POINT('Ctrl Pts',(-1.1799596126563,-2.04375,0.779166666666666));
#6994=CARTESIAN_POINT('Ctrl Pts',(-2.5028718957574E-16,-2.04375,0.8375));
#6995=CARTESIAN_POINT('Ctrl Pts',(1.1799596126563,-2.04375,0.895833333333333));
#6996=CARTESIAN_POINT('Ctrl Pts',(1.76993941898445,-1.021875,0.954166666666666));
#6997=CARTESIAN_POINT('Ctrl Pts',(2.3599192253126,-4.33510128828806E-16,
1.0125));
#6998=CARTESIAN_POINT('Ctrl Pts',(1.76993941898445,1.021875,1.07083333333333));
#6999=CARTESIAN_POINT('Ctrl Pts',(1.1799596126563,2.04375,1.12916666666667));
#7000=CARTESIAN_POINT('Ctrl Pts',(0.,2.04375,1.1875));
#7001=CARTESIAN_POINT('Ctrl Pts',(-1.1799596126563,2.04375,1.24583333333333));
#7002=CARTESIAN_POINT('Ctrl Pts',(-1.76993941898445,1.021875,1.30416666666667));
#7003=CARTESIAN_POINT('Ctrl Pts',(-2.3599192253126,1.44503376276269E-16,
1.3625));
#7004=CARTESIAN_POINT('Ctrl Pts',(-1.76993941898445,-1.021875,1.42083333333333));
#7005=CARTESIAN_POINT('Ctrl Pts',(-1.1799596126563,-2.04375,1.47916666666667));
#7006=CARTESIAN_POINT('Ctrl Pts',(-2.5028718957574E-16,-2.04375,1.5375));
#7007=CARTESIAN_POINT('Ctrl Pts',(1.1799596126563,-2.04375,1.59583333333333));
#7008=CARTESIAN_POINT('Ctrl Pts',(1.76993941898445,-1.021875,1.65416666666667));
#7009=CARTESIAN_POINT('Ctrl Pts',(2.3599192253126,-4.33510128828806E-16,
1.7125));
#7010=CARTESIAN_POINT('Ctrl Pts',(1.76993941898445,1.021875,1.77083333333333));
#7011=CARTESIAN_POINT('Ctrl Pts',(1.1799596126563,2.04375,1.82916666666667));
#7012=CARTESIAN_POINT('Ctrl Pts',(0.,2.04375,1.8875));
#7013=CARTESIAN_POINT('Ctrl Pts',(-0.98416534339906,2.04375,1.93615390680819));
#7014=CARTESIAN_POINT('Ctrl Pts',(-1.59781466105053,1.27432428032741,1.98845189910636));
#7015=CARTESIAN_POINT('Ctrl Pts',(1.17445069810058,-1.04218723394187,-7.9048125357576));
#7016=CARTESIAN_POINT('Ctrl Pts',(1.28017706952281,-0.923043201384329,-7.89358313159879));
#7017=CARTESIAN_POINT('Ctrl Pts',(1.35982223273678,-0.78509373212062,-7.88333333333333));
#7018=CARTESIAN_POINT('Ctrl Pts',(1.81309631031571,-3.33060388946102E-16,
-7.825));
#7019=CARTESIAN_POINT('Ctrl Pts',(1.35982223273678,0.785093732120619,-7.76666666666667));
#7020=CARTESIAN_POINT('Ctrl Pts',(0.906548155157856,1.57018746424124,-7.70833333333333));
#7021=CARTESIAN_POINT('Ctrl Pts',(0.,1.57018746424124,-7.65));
#7022=CARTESIAN_POINT('Ctrl Pts',(-0.906548155157855,1.57018746424124,-7.59166666666667));
#7023=CARTESIAN_POINT('Ctrl Pts',(-1.35982223273678,0.78509373212062,-7.53333333333333));
#7024=CARTESIAN_POINT('Ctrl Pts',(-1.81309631031571,1.11020129648701E-16,
-7.475));
#7025=CARTESIAN_POINT('Ctrl Pts',(-1.35982223273678,-0.785093732120619,
-7.41666666666667));
#7026=CARTESIAN_POINT('Ctrl Pts',(-0.906548155157856,-1.57018746424124,
-7.35833333333333));
#7027=CARTESIAN_POINT('Ctrl Pts',(-1.92292505214433E-16,-1.57018746424124,
-7.3));
#7028=CARTESIAN_POINT('Ctrl Pts',(0.906548155157855,-1.57018746424124,-7.24166666666667));
#7029=CARTESIAN_POINT('Ctrl Pts',(1.35982223273678,-0.78509373212062,-7.18333333333333));
#7030=CARTESIAN_POINT('Ctrl Pts',(1.81309631031571,-3.33060388946102E-16,
-7.125));
#7031=CARTESIAN_POINT('Ctrl Pts',(1.35982223273678,0.785093732120619,-7.06666666666667));
#7032=CARTESIAN_POINT('Ctrl Pts',(0.906548155157856,1.57018746424124,-7.00833333333333));
#7033=CARTESIAN_POINT('Ctrl Pts',(0.,1.57018746424124,-6.95));
#7034=CARTESIAN_POINT('Ctrl Pts',(-0.906548155157855,1.57018746424124,-6.89166666666667));
#7035=CARTESIAN_POINT('Ctrl Pts',(-1.35982223273678,0.78509373212062,-6.83333333333333));
#7036=CARTESIAN_POINT('Ctrl Pts',(-1.81309631031571,1.11020129648701E-16,
-6.775));
#7037=CARTESIAN_POINT('Ctrl Pts',(-1.35982223273678,-0.785093732120619,
-6.71666666666667));
#7038=CARTESIAN_POINT('Ctrl Pts',(-0.906548155157856,-1.57018746424124,
-6.65833333333333));
#7039=CARTESIAN_POINT('Ctrl Pts',(-1.92292505214433E-16,-1.57018746424124,
-6.6));
#7040=CARTESIAN_POINT('Ctrl Pts',(0.906548155157855,-1.57018746424124,-6.54166666666667));
#7041=CARTESIAN_POINT('Ctrl Pts',(1.35982223273678,-0.78509373212062,-6.48333333333333));
#7042=CARTESIAN_POINT('Ctrl Pts',(1.81309631031571,-3.33060388946102E-16,
-6.425));
#7043=CARTESIAN_POINT('Ctrl Pts',(1.35982223273678,0.785093732120619,-6.36666666666667));
#7044=CARTESIAN_POINT('Ctrl Pts',(0.906548155157856,1.57018746424124,-6.30833333333333));
#7045=CARTESIAN_POINT('Ctrl Pts',(0.,1.57018746424124,-6.25));
#7046=CARTESIAN_POINT('Ctrl Pts',(-0.906548155157855,1.57018746424124,-6.19166666666667));
#7047=CARTESIAN_POINT('Ctrl Pts',(-1.35982223273678,0.78509373212062,-6.13333333333333));
#7048=CARTESIAN_POINT('Ctrl Pts',(-1.81309631031571,1.11020129648701E-16,
-6.075));
#7049=CARTESIAN_POINT('Ctrl Pts',(-1.35982223273678,-0.785093732120619,
-6.01666666666667));
#7050=CARTESIAN_POINT('Ctrl Pts',(-0.906548155157856,-1.57018746424124,
-5.95833333333333));
#7051=CARTESIAN_POINT('Ctrl Pts',(-1.92292505214433E-16,-1.57018746424124,
-5.9));
#7052=CARTESIAN_POINT('Ctrl Pts',(0.906548155157855,-1.57018746424124,-5.84166666666667));
#7053=CARTESIAN_POINT('Ctrl Pts',(1.35982223273678,-0.78509373212062,-5.78333333333333));
#7054=CARTESIAN_POINT('Ctrl Pts',(1.81309631031571,-3.33060388946102E-16,
-5.725));
#7055=CARTESIAN_POINT('Ctrl Pts',(1.35982223273678,0.785093732120619,-5.66666666666667));
#7056=CARTESIAN_POINT('Ctrl Pts',(0.906548155157856,1.57018746424124,-5.60833333333333));
#7057=CARTESIAN_POINT('Ctrl Pts',(0.,1.57018746424124,-5.55));
#7058=CARTESIAN_POINT('Ctrl Pts',(-0.906548155157855,1.57018746424124,-5.49166666666667));
#7059=CARTESIAN_POINT('Ctrl Pts',(-1.35982223273678,0.78509373212062,-5.43333333333333));
#7060=CARTESIAN_POINT('Ctrl Pts',(-1.81309631031571,1.11020129648701E-16,
-5.375));
#7061=CARTESIAN_POINT('Ctrl Pts',(-1.35982223273678,-0.785093732120619,
-5.31666666666667));
#7062=CARTESIAN_POINT('Ctrl Pts',(-0.906548155157856,-1.57018746424124,
-5.25833333333333));
#7063=CARTESIAN_POINT('Ctrl Pts',(-1.92292505214433E-16,-1.57018746424124,
-5.2));
#7064=CARTESIAN_POINT('Ctrl Pts',(0.906548155157855,-1.57018746424124,-5.14166666666667));
#7065=CARTESIAN_POINT('Ctrl Pts',(1.35982223273678,-0.78509373212062,-5.08333333333333));
#7066=CARTESIAN_POINT('Ctrl Pts',(1.81309631031571,-3.33060388946102E-16,
-5.025));
#7067=CARTESIAN_POINT('Ctrl Pts',(1.35982223273678,0.785093732120619,-4.96666666666667));
#7068=CARTESIAN_POINT('Ctrl Pts',(0.906548155157856,1.57018746424124,-4.90833333333333));
#7069=CARTESIAN_POINT('Ctrl Pts',(0.,1.57018746424124,-4.85));
#7070=CARTESIAN_POINT('Ctrl Pts',(-0.906548155157855,1.57018746424124,-4.79166666666667));
#7071=CARTESIAN_POINT('Ctrl Pts',(-1.35982223273678,0.78509373212062,-4.73333333333333));
#7072=CARTESIAN_POINT('Ctrl Pts',(-1.81309631031571,1.11020129648701E-16,
-4.675));
#7073=CARTESIAN_POINT('Ctrl Pts',(-1.35982223273678,-0.785093732120619,
-4.61666666666667));
#7074=CARTESIAN_POINT('Ctrl Pts',(-0.906548155157856,-1.57018746424124,
-4.55833333333333));
#7075=CARTESIAN_POINT('Ctrl Pts',(-1.92292505214433E-16,-1.57018746424124,
-4.5));
#7076=CARTESIAN_POINT('Ctrl Pts',(0.906548155157855,-1.57018746424124,-4.44166666666667));
#7077=CARTESIAN_POINT('Ctrl Pts',(1.35982223273678,-0.78509373212062,-4.38333333333333));
#7078=CARTESIAN_POINT('Ctrl Pts',(1.81309631031571,-3.33060388946102E-16,
-4.325));
#7079=CARTESIAN_POINT('Ctrl Pts',(1.35982223273678,0.785093732120619,-4.26666666666667));
#7080=CARTESIAN_POINT('Ctrl Pts',(0.906548155157856,1.57018746424124,-4.20833333333333));
#7081=CARTESIAN_POINT('Ctrl Pts',(0.,1.57018746424124,-4.15));
#7082=CARTESIAN_POINT('Ctrl Pts',(-0.906548155157855,1.57018746424124,-4.09166666666667));
#7083=CARTESIAN_POINT('Ctrl Pts',(-1.35982223273678,0.78509373212062,-4.03333333333333));
#7084=CARTESIAN_POINT('Ctrl Pts',(-1.81309631031571,1.11020129648701E-16,
-3.975));
#7085=CARTESIAN_POINT('Ctrl Pts',(-1.35982223273678,-0.785093732120619,
-3.91666666666667));
#7086=CARTESIAN_POINT('Ctrl Pts',(-0.906548155157856,-1.57018746424124,
-3.85833333333333));
#7087=CARTESIAN_POINT('Ctrl Pts',(-1.92292505214433E-16,-1.57018746424124,
-3.8));
#7088=CARTESIAN_POINT('Ctrl Pts',(0.906548155157855,-1.57018746424124,-3.74166666666667));
#7089=CARTESIAN_POINT('Ctrl Pts',(1.35982223273678,-0.78509373212062,-3.68333333333333));
#7090=CARTESIAN_POINT('Ctrl Pts',(1.81309631031571,-3.33060388946102E-16,
-3.625));
#7091=CARTESIAN_POINT('Ctrl Pts',(1.35982223273678,0.785093732120619,-3.56666666666667));
#7092=CARTESIAN_POINT('Ctrl Pts',(0.906548155157856,1.57018746424124,-3.50833333333333));
#7093=CARTESIAN_POINT('Ctrl Pts',(0.,1.57018746424124,-3.45));
#7094=CARTESIAN_POINT('Ctrl Pts',(-0.906548155157855,1.57018746424124,-3.39166666666667));
#7095=CARTESIAN_POINT('Ctrl Pts',(-1.35982223273678,0.78509373212062,-3.33333333333333));
#7096=CARTESIAN_POINT('Ctrl Pts',(-1.81309631031571,1.11020129648701E-16,
-3.275));
#7097=CARTESIAN_POINT('Ctrl Pts',(-1.35982223273678,-0.785093732120619,
-3.21666666666667));
#7098=CARTESIAN_POINT('Ctrl Pts',(-0.906548155157856,-1.57018746424124,
-3.15833333333333));
#7099=CARTESIAN_POINT('Ctrl Pts',(-1.92292505214433E-16,-1.57018746424124,
-3.1));
#7100=CARTESIAN_POINT('Ctrl Pts',(0.906548155157855,-1.57018746424124,-3.04166666666667));
#7101=CARTESIAN_POINT('Ctrl Pts',(1.35982223273678,-0.78509373212062,-2.98333333333333));
#7102=CARTESIAN_POINT('Ctrl Pts',(1.81309631031571,-3.33060388946102E-16,
-2.925));
#7103=CARTESIAN_POINT('Ctrl Pts',(1.35982223273678,0.785093732120619,-2.86666666666667));
#7104=CARTESIAN_POINT('Ctrl Pts',(0.906548155157856,1.57018746424124,-2.80833333333333));
#7105=CARTESIAN_POINT('Ctrl Pts',(0.,1.57018746424124,-2.75));
#7106=CARTESIAN_POINT('Ctrl Pts',(-0.906548155157855,1.57018746424124,-2.69166666666667));
#7107=CARTESIAN_POINT('Ctrl Pts',(-1.35982223273678,0.78509373212062,-2.63333333333333));
#7108=CARTESIAN_POINT('Ctrl Pts',(-1.81309631031571,1.11020129648701E-16,
-2.575));
#7109=CARTESIAN_POINT('Ctrl Pts',(-1.35982223273678,-0.785093732120619,
-2.51666666666667));
#7110=CARTESIAN_POINT('Ctrl Pts',(-0.906548155157856,-1.57018746424124,
-2.45833333333333));
#7111=CARTESIAN_POINT('Ctrl Pts',(-1.92292505214433E-16,-1.57018746424124,
-2.4));
#7112=CARTESIAN_POINT('Ctrl Pts',(0.906548155157855,-1.57018746424124,-2.34166666666667));
#7113=CARTESIAN_POINT('Ctrl Pts',(1.35982223273678,-0.78509373212062,-2.28333333333333));
#7114=CARTESIAN_POINT('Ctrl Pts',(1.81309631031571,-3.33060388946102E-16,
-2.225));
#7115=CARTESIAN_POINT('Ctrl Pts',(1.35982223273678,0.785093732120619,-2.16666666666667));
#7116=CARTESIAN_POINT('Ctrl Pts',(0.906548155157856,1.57018746424124,-2.10833333333333));
#7117=CARTESIAN_POINT('Ctrl Pts',(0.,1.57018746424124,-2.05));
#7118=CARTESIAN_POINT('Ctrl Pts',(-0.906548155157855,1.57018746424124,-1.99166666666667));
#7119=CARTESIAN_POINT('Ctrl Pts',(-1.35982223273678,0.78509373212062,-1.93333333333333));
#7120=CARTESIAN_POINT('Ctrl Pts',(-1.81309631031571,1.11020129648701E-16,
-1.875));
#7121=CARTESIAN_POINT('Ctrl Pts',(-1.35982223273678,-0.785093732120619,
-1.81666666666667));
#7122=CARTESIAN_POINT('Ctrl Pts',(-0.906548155157856,-1.57018746424124,
-1.75833333333333));
#7123=CARTESIAN_POINT('Ctrl Pts',(-1.92292505214433E-16,-1.57018746424124,
-1.7));
#7124=CARTESIAN_POINT('Ctrl Pts',(0.906548155157855,-1.57018746424124,-1.64166666666667));
#7125=CARTESIAN_POINT('Ctrl Pts',(1.35982223273678,-0.78509373212062,-1.58333333333333));
#7126=CARTESIAN_POINT('Ctrl Pts',(1.81309631031571,-3.33060388946102E-16,
-1.525));
#7127=CARTESIAN_POINT('Ctrl Pts',(1.35982223273678,0.785093732120619,-1.46666666666667));
#7128=CARTESIAN_POINT('Ctrl Pts',(0.906548155157856,1.57018746424124,-1.40833333333333));
#7129=CARTESIAN_POINT('Ctrl Pts',(0.,1.57018746424124,-1.35));
#7130=CARTESIAN_POINT('Ctrl Pts',(-0.906548155157855,1.57018746424124,-1.29166666666667));
#7131=CARTESIAN_POINT('Ctrl Pts',(-1.35982223273678,0.78509373212062,-1.23333333333333));
#7132=CARTESIAN_POINT('Ctrl Pts',(-1.81309631031571,1.11020129648701E-16,
-1.175));
#7133=CARTESIAN_POINT('Ctrl Pts',(-1.35982223273678,-0.785093732120619,
-1.11666666666667));
#7134=CARTESIAN_POINT('Ctrl Pts',(-0.906548155157856,-1.57018746424124,
-1.05833333333333));
#7135=CARTESIAN_POINT('Ctrl Pts',(-1.92292505214433E-16,-1.57018746424124,
-1.));
#7136=CARTESIAN_POINT('Ctrl Pts',(0.906548155157855,-1.57018746424124,-0.941666666666666));
#7137=CARTESIAN_POINT('Ctrl Pts',(1.35982223273678,-0.78509373212062,-0.883333333333333));
#7138=CARTESIAN_POINT('Ctrl Pts',(1.81309631031571,-3.33060388946102E-16,
-0.825));
#7139=CARTESIAN_POINT('Ctrl Pts',(1.35982223273678,0.785093732120619,-0.766666666666666));
#7140=CARTESIAN_POINT('Ctrl Pts',(0.906548155157856,1.57018746424124,-0.708333333333333));
#7141=CARTESIAN_POINT('Ctrl Pts',(0.,1.57018746424124,-0.65));
#7142=CARTESIAN_POINT('Ctrl Pts',(-0.906548155157855,1.57018746424124,-0.591666666666667));
#7143=CARTESIAN_POINT('Ctrl Pts',(-1.35982223273678,0.78509373212062,-0.533333333333334));
#7144=CARTESIAN_POINT('Ctrl Pts',(-1.81309631031571,1.11020129648701E-16,
-0.475));
#7145=CARTESIAN_POINT('Ctrl Pts',(-1.35982223273678,-0.785093732120619,
-0.416666666666666));
#7146=CARTESIAN_POINT('Ctrl Pts',(-0.906548155157856,-1.57018746424124,
-0.358333333333334));
#7147=CARTESIAN_POINT('Ctrl Pts',(-1.92292505214433E-16,-1.57018746424124,
-0.3));
#7148=CARTESIAN_POINT('Ctrl Pts',(0.906548155157855,-1.57018746424124,-0.241666666666666));
#7149=CARTESIAN_POINT('Ctrl Pts',(1.35982223273678,-0.78509373212062,-0.183333333333334));
#7150=CARTESIAN_POINT('Ctrl Pts',(1.81309631031571,-3.33060388946102E-16,
-0.125));
#7151=CARTESIAN_POINT('Ctrl Pts',(1.35982223273678,0.785093732120619,-0.0666666666666663));
#7152=CARTESIAN_POINT('Ctrl Pts',(1.11907528223404,1.20207968215864,-0.035684149008319));
#7153=CARTESIAN_POINT('Ctrl Pts',(0.685958221389571,1.41242698620792,3.28220957390975E-16));
#7154=CARTESIAN_POINT('Ctrl Pts',(0.,1.57018746424124,-8.26248986755131));
#7155=CARTESIAN_POINT('Ctrl Pts',(-0.906548155157855,1.57018746424124,-8.20415653421798));
#7156=CARTESIAN_POINT('Ctrl Pts',(-1.35982223273678,0.78509373212062,-8.14582320088465));
#7157=CARTESIAN_POINT('Ctrl Pts',(-1.81309631031571,1.11020129648701E-16,
-8.08748986755131));
#7158=CARTESIAN_POINT('Ctrl Pts',(-1.35982223273678,-0.785093732120619,
-8.02915653421798));
#7159=CARTESIAN_POINT('Ctrl Pts',(-0.906548155157856,-1.57018746424124,
-7.97082320088465));
#7160=CARTESIAN_POINT('Ctrl Pts',(-1.92292505214433E-16,-1.57018746424124,
-7.91248986755131));
#7161=CARTESIAN_POINT('Ctrl Pts',(0.906548155157855,-1.57018746424124,-7.85415653421798));
#7162=CARTESIAN_POINT('Ctrl Pts',(1.35982223273678,-0.78509373212062,-7.79582320088465));
#7163=CARTESIAN_POINT('Ctrl Pts',(1.81309631031571,-3.33060388946102E-16,
-7.73748986755131));
#7164=CARTESIAN_POINT('Ctrl Pts',(1.35982223273678,0.785093732120619,-7.67915653421798));
#7165=CARTESIAN_POINT('Ctrl Pts',(0.906548155157856,1.57018746424124,-7.62082320088465));
#7166=CARTESIAN_POINT('Ctrl Pts',(0.,1.57018746424124,-7.56248986755131));
#7167=CARTESIAN_POINT('Ctrl Pts',(-0.906548155157855,1.57018746424124,-7.50415653421798));
#7168=CARTESIAN_POINT('Ctrl Pts',(-1.35982223273678,0.78509373212062,-7.44582320088465));
#7169=CARTESIAN_POINT('Ctrl Pts',(-1.81309631031571,1.11020129648701E-16,
-7.38748986755131));
#7170=CARTESIAN_POINT('Ctrl Pts',(-1.35982223273678,-0.785093732120619,
-7.32915653421798));
#7171=CARTESIAN_POINT('Ctrl Pts',(-0.906548155157856,-1.57018746424124,
-7.27082320088465));
#7172=CARTESIAN_POINT('Ctrl Pts',(-1.92292505214433E-16,-1.57018746424124,
-7.21248986755131));
#7173=CARTESIAN_POINT('Ctrl Pts',(0.906548155157855,-1.57018746424124,-7.15415653421798));
#7174=CARTESIAN_POINT('Ctrl Pts',(1.35982223273678,-0.78509373212062,-7.09582320088465));
#7175=CARTESIAN_POINT('Ctrl Pts',(1.81309631031571,-3.33060388946102E-16,
-7.03748986755131));
#7176=CARTESIAN_POINT('Ctrl Pts',(1.35982223273678,0.785093732120619,-6.97915653421798));
#7177=CARTESIAN_POINT('Ctrl Pts',(0.906548155157856,1.57018746424124,-6.92082320088465));
#7178=CARTESIAN_POINT('Ctrl Pts',(0.,1.57018746424124,-6.86248986755131));
#7179=CARTESIAN_POINT('Ctrl Pts',(-0.906548155157855,1.57018746424124,-6.80415653421798));
#7180=CARTESIAN_POINT('Ctrl Pts',(-1.35982223273678,0.78509373212062,-6.74582320088465));
#7181=CARTESIAN_POINT('Ctrl Pts',(-1.81309631031571,1.11020129648701E-16,
-6.68748986755131));
#7182=CARTESIAN_POINT('Ctrl Pts',(-1.35982223273678,-0.785093732120619,
-6.62915653421798));
#7183=CARTESIAN_POINT('Ctrl Pts',(-0.906548155157856,-1.57018746424124,
-6.57082320088465));
#7184=CARTESIAN_POINT('Ctrl Pts',(-1.92292505214433E-16,-1.57018746424124,
-6.51248986755131));
#7185=CARTESIAN_POINT('Ctrl Pts',(0.906548155157855,-1.57018746424124,-6.45415653421798));
#7186=CARTESIAN_POINT('Ctrl Pts',(1.35982223273678,-0.78509373212062,-6.39582320088465));
#7187=CARTESIAN_POINT('Ctrl Pts',(1.81309631031571,-3.33060388946102E-16,
-6.33748986755131));
#7188=CARTESIAN_POINT('Ctrl Pts',(1.35982223273678,0.785093732120619,-6.27915653421798));
#7189=CARTESIAN_POINT('Ctrl Pts',(0.906548155157856,1.57018746424124,-6.22082320088465));
#7190=CARTESIAN_POINT('Ctrl Pts',(0.,1.57018746424124,-6.16248986755131));
#7191=CARTESIAN_POINT('Ctrl Pts',(-0.906548155157855,1.57018746424124,-6.10415653421798));
#7192=CARTESIAN_POINT('Ctrl Pts',(-1.35982223273678,0.78509373212062,-6.04582320088465));
#7193=CARTESIAN_POINT('Ctrl Pts',(-1.81309631031571,1.11020129648701E-16,
-5.98748986755131));
#7194=CARTESIAN_POINT('Ctrl Pts',(-1.35982223273678,-0.785093732120619,
-5.92915653421798));
#7195=CARTESIAN_POINT('Ctrl Pts',(-0.906548155157856,-1.57018746424124,
-5.87082320088465));
#7196=CARTESIAN_POINT('Ctrl Pts',(-1.92292505214433E-16,-1.57018746424124,
-5.81248986755131));
#7197=CARTESIAN_POINT('Ctrl Pts',(0.906548155157855,-1.57018746424124,-5.75415653421798));
#7198=CARTESIAN_POINT('Ctrl Pts',(1.35982223273678,-0.78509373212062,-5.69582320088465));
#7199=CARTESIAN_POINT('Ctrl Pts',(1.81309631031571,-3.33060388946102E-16,
-5.63748986755131));
#7200=CARTESIAN_POINT('Ctrl Pts',(1.35982223273678,0.785093732120619,-5.57915653421798));
#7201=CARTESIAN_POINT('Ctrl Pts',(0.906548155157856,1.57018746424124,-5.52082320088465));
#7202=CARTESIAN_POINT('Ctrl Pts',(0.,1.57018746424124,-5.46248986755131));
#7203=CARTESIAN_POINT('Ctrl Pts',(-0.906548155157855,1.57018746424124,-5.40415653421798));
#7204=CARTESIAN_POINT('Ctrl Pts',(-1.35982223273678,0.78509373212062,-5.34582320088465));
#7205=CARTESIAN_POINT('Ctrl Pts',(-1.81309631031571,1.11020129648701E-16,
-5.28748986755131));
#7206=CARTESIAN_POINT('Ctrl Pts',(-1.35982223273678,-0.785093732120619,
-5.22915653421798));
#7207=CARTESIAN_POINT('Ctrl Pts',(-0.906548155157856,-1.57018746424124,
-5.17082320088465));
#7208=CARTESIAN_POINT('Ctrl Pts',(-1.92292505214433E-16,-1.57018746424124,
-5.11248986755131));
#7209=CARTESIAN_POINT('Ctrl Pts',(0.906548155157855,-1.57018746424124,-5.05415653421798));
#7210=CARTESIAN_POINT('Ctrl Pts',(1.35982223273678,-0.78509373212062,-4.99582320088465));
#7211=CARTESIAN_POINT('Ctrl Pts',(1.81309631031571,-3.33060388946102E-16,
-4.93748986755131));
#7212=CARTESIAN_POINT('Ctrl Pts',(1.35982223273678,0.785093732120619,-4.87915653421798));
#7213=CARTESIAN_POINT('Ctrl Pts',(0.906548155157856,1.57018746424124,-4.82082320088465));
#7214=CARTESIAN_POINT('Ctrl Pts',(0.,1.57018746424124,-4.76248986755131));
#7215=CARTESIAN_POINT('Ctrl Pts',(-0.906548155157855,1.57018746424124,-4.70415653421798));
#7216=CARTESIAN_POINT('Ctrl Pts',(-1.35982223273678,0.78509373212062,-4.64582320088465));
#7217=CARTESIAN_POINT('Ctrl Pts',(-1.81309631031571,1.11020129648701E-16,
-4.58748986755131));
#7218=CARTESIAN_POINT('Ctrl Pts',(-1.35982223273678,-0.785093732120619,
-4.52915653421798));
#7219=CARTESIAN_POINT('Ctrl Pts',(-0.906548155157856,-1.57018746424124,
-4.47082320088465));
#7220=CARTESIAN_POINT('Ctrl Pts',(-1.92292505214433E-16,-1.57018746424124,
-4.41248986755131));
#7221=CARTESIAN_POINT('Ctrl Pts',(0.906548155157855,-1.57018746424124,-4.35415653421798));
#7222=CARTESIAN_POINT('Ctrl Pts',(1.35982223273678,-0.78509373212062,-4.29582320088465));
#7223=CARTESIAN_POINT('Ctrl Pts',(1.81309631031571,-3.33060388946102E-16,
-4.23748986755131));
#7224=CARTESIAN_POINT('Ctrl Pts',(1.35982223273678,0.785093732120619,-4.17915653421798));
#7225=CARTESIAN_POINT('Ctrl Pts',(0.906548155157856,1.57018746424124,-4.12082320088465));
#7226=CARTESIAN_POINT('Ctrl Pts',(0.,1.57018746424124,-4.06248986755131));
#7227=CARTESIAN_POINT('Ctrl Pts',(-0.906548155157855,1.57018746424124,-4.00415653421798));
#7228=CARTESIAN_POINT('Ctrl Pts',(-1.35982223273678,0.78509373212062,-3.94582320088465));
#7229=CARTESIAN_POINT('Ctrl Pts',(-1.81309631031571,1.11020129648701E-16,
-3.88748986755131));
#7230=CARTESIAN_POINT('Ctrl Pts',(-1.35982223273678,-0.785093732120619,
-3.82915653421798));
#7231=CARTESIAN_POINT('Ctrl Pts',(-0.906548155157856,-1.57018746424124,
-3.77082320088465));
#7232=CARTESIAN_POINT('Ctrl Pts',(-1.92292505214433E-16,-1.57018746424124,
-3.71248986755131));
#7233=CARTESIAN_POINT('Ctrl Pts',(0.906548155157855,-1.57018746424124,-3.65415653421798));
#7234=CARTESIAN_POINT('Ctrl Pts',(1.35982223273678,-0.78509373212062,-3.59582320088465));
#7235=CARTESIAN_POINT('Ctrl Pts',(1.81309631031571,-3.33060388946102E-16,
-3.53748986755131));
#7236=CARTESIAN_POINT('Ctrl Pts',(1.35982223273678,0.785093732120619,-3.47915653421798));
#7237=CARTESIAN_POINT('Ctrl Pts',(0.906548155157856,1.57018746424124,-3.42082320088465));
#7238=CARTESIAN_POINT('Ctrl Pts',(0.,1.57018746424124,-3.36248986755131));
#7239=CARTESIAN_POINT('Ctrl Pts',(-0.906548155157855,1.57018746424124,-3.30415653421798));
#7240=CARTESIAN_POINT('Ctrl Pts',(-1.35982223273678,0.78509373212062,-3.24582320088465));
#7241=CARTESIAN_POINT('Ctrl Pts',(-1.81309631031571,1.11020129648701E-16,
-3.18748986755131));
#7242=CARTESIAN_POINT('Ctrl Pts',(-1.35982223273678,-0.785093732120619,
-3.12915653421798));
#7243=CARTESIAN_POINT('Ctrl Pts',(-0.906548155157856,-1.57018746424124,
-3.07082320088465));
#7244=CARTESIAN_POINT('Ctrl Pts',(-1.92292505214433E-16,-1.57018746424124,
-3.01248986755131));
#7245=CARTESIAN_POINT('Ctrl Pts',(0.906548155157855,-1.57018746424124,-2.95415653421798));
#7246=CARTESIAN_POINT('Ctrl Pts',(1.35982223273678,-0.78509373212062,-2.89582320088465));
#7247=CARTESIAN_POINT('Ctrl Pts',(1.81309631031571,-3.33060388946102E-16,
-2.83748986755131));
#7248=CARTESIAN_POINT('Ctrl Pts',(1.35982223273678,0.785093732120619,-2.77915653421798));
#7249=CARTESIAN_POINT('Ctrl Pts',(0.906548155157856,1.57018746424124,-2.72082320088465));
#7250=CARTESIAN_POINT('Ctrl Pts',(0.,1.57018746424124,-2.66248986755131));
#7251=CARTESIAN_POINT('Ctrl Pts',(-0.906548155157855,1.57018746424124,-2.60415653421798));
#7252=CARTESIAN_POINT('Ctrl Pts',(-1.35982223273678,0.78509373212062,-2.54582320088465));
#7253=CARTESIAN_POINT('Ctrl Pts',(-1.81309631031571,1.11020129648701E-16,
-2.48748986755131));
#7254=CARTESIAN_POINT('Ctrl Pts',(-1.35982223273678,-0.785093732120619,
-2.42915653421798));
#7255=CARTESIAN_POINT('Ctrl Pts',(-0.906548155157856,-1.57018746424124,
-2.37082320088465));
#7256=CARTESIAN_POINT('Ctrl Pts',(-1.92292505214433E-16,-1.57018746424124,
-2.31248986755131));
#7257=CARTESIAN_POINT('Ctrl Pts',(0.906548155157855,-1.57018746424124,-2.25415653421798));
#7258=CARTESIAN_POINT('Ctrl Pts',(1.35982223273678,-0.78509373212062,-2.19582320088465));
#7259=CARTESIAN_POINT('Ctrl Pts',(1.81309631031571,-3.33060388946102E-16,
-2.13748986755131));
#7260=CARTESIAN_POINT('Ctrl Pts',(1.35982223273678,0.785093732120619,-2.07915653421798));
#7261=CARTESIAN_POINT('Ctrl Pts',(0.906548155157856,1.57018746424124,-2.02082320088465));
#7262=CARTESIAN_POINT('Ctrl Pts',(0.,1.57018746424124,-1.96248986755131));
#7263=CARTESIAN_POINT('Ctrl Pts',(-0.906548155157855,1.57018746424124,-1.90415653421798));
#7264=CARTESIAN_POINT('Ctrl Pts',(-1.35982223273678,0.78509373212062,-1.84582320088465));
#7265=CARTESIAN_POINT('Ctrl Pts',(-1.81309631031571,1.11020129648701E-16,
-1.78748986755131));
#7266=CARTESIAN_POINT('Ctrl Pts',(-1.35982223273678,-0.785093732120619,
-1.72915653421798));
#7267=CARTESIAN_POINT('Ctrl Pts',(-0.906548155157856,-1.57018746424124,
-1.67082320088465));
#7268=CARTESIAN_POINT('Ctrl Pts',(-1.92292505214433E-16,-1.57018746424124,
-1.61248986755131));
#7269=CARTESIAN_POINT('Ctrl Pts',(0.906548155157855,-1.57018746424124,-1.55415653421798));
#7270=CARTESIAN_POINT('Ctrl Pts',(1.35982223273678,-0.78509373212062,-1.49582320088465));
#7271=CARTESIAN_POINT('Ctrl Pts',(1.81309631031571,-3.33060388946102E-16,
-1.43748986755131));
#7272=CARTESIAN_POINT('Ctrl Pts',(1.35982223273678,0.785093732120619,-1.37915653421798));
#7273=CARTESIAN_POINT('Ctrl Pts',(0.906548155157856,1.57018746424124,-1.32082320088465));
#7274=CARTESIAN_POINT('Ctrl Pts',(0.,1.57018746424124,-1.26248986755131));
#7275=CARTESIAN_POINT('Ctrl Pts',(-0.906548155157855,1.57018746424124,-1.20415653421798));
#7276=CARTESIAN_POINT('Ctrl Pts',(-1.35982223273678,0.78509373212062,-1.14582320088465));
#7277=CARTESIAN_POINT('Ctrl Pts',(-1.81309631031571,1.11020129648701E-16,
-1.08748986755131));
#7278=CARTESIAN_POINT('Ctrl Pts',(-1.35982223273678,-0.785093732120619,
-1.02915653421798));
#7279=CARTESIAN_POINT('Ctrl Pts',(-0.906548155157856,-1.57018746424124,
-0.970823200884646));
#7280=CARTESIAN_POINT('Ctrl Pts',(-1.92292505214433E-16,-1.57018746424124,
-0.912489867551313));
#7281=CARTESIAN_POINT('Ctrl Pts',(0.906548155157855,-1.57018746424124,-0.854156534217979));
#7282=CARTESIAN_POINT('Ctrl Pts',(1.35982223273678,-0.78509373212062,-0.795823200884646));
#7283=CARTESIAN_POINT('Ctrl Pts',(1.81309631031571,-3.33060388946102E-16,
-0.737489867551313));
#7284=CARTESIAN_POINT('Ctrl Pts',(1.35982223273678,0.785093732120619,-0.679156534217979));
#7285=CARTESIAN_POINT('Ctrl Pts',(0.906548155157856,1.57018746424124,-0.620823200884646));
#7286=CARTESIAN_POINT('Ctrl Pts',(0.,1.57018746424124,-0.562489867551312));
#7287=CARTESIAN_POINT('Ctrl Pts',(-0.906548155157855,1.57018746424124,-0.50415653421798));
#7288=CARTESIAN_POINT('Ctrl Pts',(-1.35982223273678,0.78509373212062,-0.445823200884646));
#7289=CARTESIAN_POINT('Ctrl Pts',(-1.81309631031571,1.11020129648701E-16,
-0.387489867551313));
#7290=CARTESIAN_POINT('Ctrl Pts',(-1.35982223273678,-0.785093732120619,
-0.329156534217979));
#7291=CARTESIAN_POINT('Ctrl Pts',(-0.906548155157856,-1.57018746424124,
-0.270823200884647));
#7292=CARTESIAN_POINT('Ctrl Pts',(-1.92292505214433E-16,-1.57018746424124,
-0.212489867551313));
#7293=CARTESIAN_POINT('Ctrl Pts',(0.906548155157855,-1.57018746424124,-0.154156534217979));
#7294=CARTESIAN_POINT('Ctrl Pts',(1.35982223273678,-0.78509373212062,-0.0958232008846469));
#7295=CARTESIAN_POINT('Ctrl Pts',(1.81309631031571,-3.33060388946102E-16,
-0.037489867551313));
#7296=CARTESIAN_POINT('Ctrl Pts',(1.35982223273678,0.785093732120619,0.0208434657820208));
#7297=CARTESIAN_POINT('Ctrl Pts',(0.906548155157856,1.57018746424124,0.0791767991153547));
#7298=CARTESIAN_POINT('Ctrl Pts',(0.,1.57018746424124,0.137510132448687));
#7299=CARTESIAN_POINT('Ctrl Pts',(-0.906548155157855,1.57018746424124,0.195843465782021));
#7300=CARTESIAN_POINT('Ctrl Pts',(-1.35982223273678,0.78509373212062,0.254176799115355));
#7301=CARTESIAN_POINT('Ctrl Pts',(-1.81309631031571,1.11020129648701E-16,
0.312510132448687));
#7302=CARTESIAN_POINT('Ctrl Pts',(-1.35982223273678,-0.785093732120619,
0.37084346578202));
#7303=CARTESIAN_POINT('Ctrl Pts',(-0.906548155157856,-1.57018746424124,
0.429176799115354));
#7304=CARTESIAN_POINT('Ctrl Pts',(-1.92292505214433E-16,-1.57018746424124,
0.487510132448686));
#7305=CARTESIAN_POINT('Ctrl Pts',(0.906548155157855,-1.57018746424124,0.54584346578202));
#7306=CARTESIAN_POINT('Ctrl Pts',(1.35982223273678,-0.78509373212062,0.604176799115354));
#7307=CARTESIAN_POINT('Ctrl Pts',(1.81309631031571,-3.33060388946102E-16,
0.662510132448688));
#7308=CARTESIAN_POINT('Ctrl Pts',(1.35982223273678,0.785093732120619,0.72084346578202));
#7309=CARTESIAN_POINT('Ctrl Pts',(0.906548155157856,1.57018746424124,0.779176799115354));
#7310=CARTESIAN_POINT('Ctrl Pts',(0.,1.57018746424124,0.837510132448688));
#7311=CARTESIAN_POINT('Ctrl Pts',(-0.906548155157855,1.57018746424124,0.89584346578202));
#7312=CARTESIAN_POINT('Ctrl Pts',(-1.35982223273678,0.78509373212062,0.954176799115354));
#7313=CARTESIAN_POINT('Ctrl Pts',(-1.81309631031571,1.11020129648701E-16,
1.01251013244869));
#7314=CARTESIAN_POINT('Ctrl Pts',(-1.35982223273678,-0.785093732120619,
1.07084346578202));
#7315=CARTESIAN_POINT('Ctrl Pts',(-0.906548155157856,-1.57018746424124,
1.12917679911535));
#7316=CARTESIAN_POINT('Ctrl Pts',(-1.92292505214433E-16,-1.57018746424124,
1.18751013244869));
#7317=CARTESIAN_POINT('Ctrl Pts',(0.906548155157855,-1.57018746424124,1.24584346578202));
#7318=CARTESIAN_POINT('Ctrl Pts',(1.35982223273678,-0.78509373212062,1.30417679911535));
#7319=CARTESIAN_POINT('Ctrl Pts',(1.81309631031571,-3.33060388946102E-16,
1.36251013244869));
#7320=CARTESIAN_POINT('Ctrl Pts',(1.35982223273678,0.785093732120619,1.42084346578202));
#7321=CARTESIAN_POINT('Ctrl Pts',(0.906548155157856,1.57018746424124,1.47917679911535));
#7322=CARTESIAN_POINT('Ctrl Pts',(0.,1.57018746424124,1.53751013244869));
#7323=CARTESIAN_POINT('Ctrl Pts',(-0.906548155157855,1.57018746424124,1.59584346578202));
#7324=CARTESIAN_POINT('Ctrl Pts',(-1.35982223273678,0.78509373212062,1.65417679911535));
#7325=CARTESIAN_POINT('Ctrl Pts',(-1.81309631031571,1.11020129648701E-16,
1.71251013244869));
#7326=CARTESIAN_POINT('Ctrl Pts',(-1.35982223273678,-0.785093732120619,
1.77084346578202));
#7327=CARTESIAN_POINT('Ctrl Pts',(-0.906548155157856,-1.57018746424124,
1.82917679911536));
#7328=CARTESIAN_POINT('Ctrl Pts',(-1.92292505214433E-16,-1.57018746424124,
1.88751013244869));
#7329=CARTESIAN_POINT('Ctrl Pts',(0.906548155157855,-1.57018746424124,1.94584346578202));
#7330=CARTESIAN_POINT('Ctrl Pts',(1.35982223273678,-0.78509373212062,2.00417679911535));
#7331=CARTESIAN_POINT('Ctrl Pts',(1.81309631031571,-3.33060388946102E-16,
2.06251013244869));
#7332=CARTESIAN_POINT('Ctrl Pts',(1.35982223273678,0.785093732120619,2.12084346578202));
#7333=CARTESIAN_POINT('Ctrl Pts',(0.906548155157856,1.57018746424124,2.17917679911535));
#7334=CARTESIAN_POINT('Ctrl Pts',(0.,1.57018746424124,2.23751013244869));
#7335=CARTESIAN_POINT('Ctrl Pts',(-0.756121876426118,1.57018746424124,2.28616403925688));
#7336=CARTESIAN_POINT('Ctrl Pts',(-1.22758094236693,0.979047344512952,2.33846203155504));
#7337=CARTESIAN_POINT('Ctrl Pts',(-1.68778759041759,0.402016096878446,2.38951181609421));
#7338=CARTESIAN_POINT('Ctrl Pts',(-2.14799423846825,-0.17501515075606,2.44056160063338));
#7339=CARTESIAN_POINT('Ctrl Pts',(0.,1.57018746424124,-8.35001013244869));
#7340=CARTESIAN_POINT('Ctrl Pts',(-0.906548155157855,1.57018746424124,-8.29167679911535));
#7341=CARTESIAN_POINT('Ctrl Pts',(-1.35982223273678,0.78509373212062,-8.23334346578202));
#7342=CARTESIAN_POINT('Ctrl Pts',(-1.81309631031571,1.11020129648701E-16,
-8.17501013244869));
#7343=CARTESIAN_POINT('Ctrl Pts',(-1.35982223273678,-0.785093732120619,
-8.11667679911535));
#7344=CARTESIAN_POINT('Ctrl Pts',(-0.906548155157856,-1.57018746424124,
-8.05834346578202));
#7345=CARTESIAN_POINT('Ctrl Pts',(-1.92292505214433E-16,-1.57018746424124,
-8.00001013244869));
#7346=CARTESIAN_POINT('Ctrl Pts',(0.906548155157855,-1.57018746424124,-7.94167679911535));
#7347=CARTESIAN_POINT('Ctrl Pts',(1.35982223273678,-0.78509373212062,-7.88334346578202));
#7348=CARTESIAN_POINT('Ctrl Pts',(1.81309631031571,-3.33060388946102E-16,
-7.82501013244869));
#7349=CARTESIAN_POINT('Ctrl Pts',(1.35982223273678,0.785093732120619,-7.76667679911535));
#7350=CARTESIAN_POINT('Ctrl Pts',(0.906548155157856,1.57018746424124,-7.70834346578202));
#7351=CARTESIAN_POINT('Ctrl Pts',(0.,1.57018746424124,-7.65001013244869));
#7352=CARTESIAN_POINT('Ctrl Pts',(-0.906548155157855,1.57018746424124,-7.59167679911535));
#7353=CARTESIAN_POINT('Ctrl Pts',(-1.35982223273678,0.78509373212062,-7.53334346578202));
#7354=CARTESIAN_POINT('Ctrl Pts',(-1.81309631031571,1.11020129648701E-16,
-7.47501013244869));
#7355=CARTESIAN_POINT('Ctrl Pts',(-1.35982223273678,-0.785093732120619,
-7.41667679911535));
#7356=CARTESIAN_POINT('Ctrl Pts',(-0.906548155157856,-1.57018746424124,
-7.35834346578202));
#7357=CARTESIAN_POINT('Ctrl Pts',(-1.92292505214433E-16,-1.57018746424124,
-7.30001013244869));
#7358=CARTESIAN_POINT('Ctrl Pts',(0.906548155157855,-1.57018746424124,-7.24167679911535));
#7359=CARTESIAN_POINT('Ctrl Pts',(1.35982223273678,-0.78509373212062,-7.18334346578202));
#7360=CARTESIAN_POINT('Ctrl Pts',(1.81309631031571,-3.33060388946102E-16,
-7.12501013244869));
#7361=CARTESIAN_POINT('Ctrl Pts',(1.35982223273678,0.785093732120619,-7.06667679911535));
#7362=CARTESIAN_POINT('Ctrl Pts',(0.906548155157856,1.57018746424124,-7.00834346578202));
#7363=CARTESIAN_POINT('Ctrl Pts',(0.,1.57018746424124,-6.95001013244869));
#7364=CARTESIAN_POINT('Ctrl Pts',(-0.906548155157855,1.57018746424124,-6.89167679911535));
#7365=CARTESIAN_POINT('Ctrl Pts',(-1.35982223273678,0.78509373212062,-6.83334346578202));
#7366=CARTESIAN_POINT('Ctrl Pts',(-1.81309631031571,1.11020129648701E-16,
-6.77501013244869));
#7367=CARTESIAN_POINT('Ctrl Pts',(-1.35982223273678,-0.785093732120619,
-6.71667679911535));
#7368=CARTESIAN_POINT('Ctrl Pts',(-0.906548155157856,-1.57018746424124,
-6.65834346578202));
#7369=CARTESIAN_POINT('Ctrl Pts',(-1.92292505214433E-16,-1.57018746424124,
-6.60001013244869));
#7370=CARTESIAN_POINT('Ctrl Pts',(0.906548155157855,-1.57018746424124,-6.54167679911535));
#7371=CARTESIAN_POINT('Ctrl Pts',(1.35982223273678,-0.78509373212062,-6.48334346578202));
#7372=CARTESIAN_POINT('Ctrl Pts',(1.81309631031571,-3.33060388946102E-16,
-6.42501013244869));
#7373=CARTESIAN_POINT('Ctrl Pts',(1.35982223273678,0.785093732120619,-6.36667679911535));
#7374=CARTESIAN_POINT('Ctrl Pts',(0.906548155157856,1.57018746424124,-6.30834346578202));
#7375=CARTESIAN_POINT('Ctrl Pts',(0.,1.57018746424124,-6.25001013244869));
#7376=CARTESIAN_POINT('Ctrl Pts',(-0.906548155157855,1.57018746424124,-6.19167679911535));
#7377=CARTESIAN_POINT('Ctrl Pts',(-1.35982223273678,0.78509373212062,-6.13334346578202));
#7378=CARTESIAN_POINT('Ctrl Pts',(-1.81309631031571,1.11020129648701E-16,
-6.07501013244868));
#7379=CARTESIAN_POINT('Ctrl Pts',(-1.35982223273678,-0.785093732120619,
-6.01667679911535));
#7380=CARTESIAN_POINT('Ctrl Pts',(-0.906548155157856,-1.57018746424124,
-5.95834346578202));
#7381=CARTESIAN_POINT('Ctrl Pts',(-1.92292505214433E-16,-1.57018746424124,
-5.90001013244869));
#7382=CARTESIAN_POINT('Ctrl Pts',(0.906548155157855,-1.57018746424124,-5.84167679911536));
#7383=CARTESIAN_POINT('Ctrl Pts',(1.35982223273678,-0.78509373212062,-5.78334346578202));
#7384=CARTESIAN_POINT('Ctrl Pts',(1.81309631031571,-3.33060388946102E-16,
-5.72501013244869));
#7385=CARTESIAN_POINT('Ctrl Pts',(1.35982223273678,0.785093732120619,-5.66667679911535));
#7386=CARTESIAN_POINT('Ctrl Pts',(0.906548155157856,1.57018746424124,-5.60834346578202));
#7387=CARTESIAN_POINT('Ctrl Pts',(0.,1.57018746424124,-5.55001013244869));
#7388=CARTESIAN_POINT('Ctrl Pts',(-0.906548155157855,1.57018746424124,-5.49167679911535));
#7389=CARTESIAN_POINT('Ctrl Pts',(-1.35982223273678,0.78509373212062,-5.43334346578202));
#7390=CARTESIAN_POINT('Ctrl Pts',(-1.81309631031571,1.11020129648701E-16,
-5.37501013244869));
#7391=CARTESIAN_POINT('Ctrl Pts',(-1.35982223273678,-0.785093732120619,
-5.31667679911535));
#7392=CARTESIAN_POINT('Ctrl Pts',(-0.906548155157856,-1.57018746424124,
-5.25834346578202));
#7393=CARTESIAN_POINT('Ctrl Pts',(-1.92292505214433E-16,-1.57018746424124,
-5.20001013244869));
#7394=CARTESIAN_POINT('Ctrl Pts',(0.906548155157855,-1.57018746424124,-5.14167679911535));
#7395=CARTESIAN_POINT('Ctrl Pts',(1.35982223273678,-0.78509373212062,-5.08334346578202));
#7396=CARTESIAN_POINT('Ctrl Pts',(1.81309631031571,-3.33060388946102E-16,
-5.02501013244869));
#7397=CARTESIAN_POINT('Ctrl Pts',(1.35982223273678,0.785093732120619,-4.96667679911535));
#7398=CARTESIAN_POINT('Ctrl Pts',(0.906548155157856,1.57018746424124,-4.90834346578202));
#7399=CARTESIAN_POINT('Ctrl Pts',(0.,1.57018746424124,-4.85001013244869));
#7400=CARTESIAN_POINT('Ctrl Pts',(-0.906548155157855,1.57018746424124,-4.79167679911535));
#7401=CARTESIAN_POINT('Ctrl Pts',(-1.35982223273678,0.78509373212062,-4.73334346578202));
#7402=CARTESIAN_POINT('Ctrl Pts',(-1.81309631031571,1.11020129648701E-16,
-4.67501013244869));
#7403=CARTESIAN_POINT('Ctrl Pts',(-1.35982223273678,-0.785093732120619,
-4.61667679911535));
#7404=CARTESIAN_POINT('Ctrl Pts',(-0.906548155157856,-1.57018746424124,
-4.55834346578202));
#7405=CARTESIAN_POINT('Ctrl Pts',(-1.92292505214433E-16,-1.57018746424124,
-4.50001013244869));
#7406=CARTESIAN_POINT('Ctrl Pts',(0.906548155157855,-1.57018746424124,-4.44167679911535));
#7407=CARTESIAN_POINT('Ctrl Pts',(1.35982223273678,-0.78509373212062,-4.38334346578202));
#7408=CARTESIAN_POINT('Ctrl Pts',(1.81309631031571,-3.33060388946102E-16,
-4.32501013244869));
#7409=CARTESIAN_POINT('Ctrl Pts',(1.35982223273678,0.785093732120619,-4.26667679911535));
#7410=CARTESIAN_POINT('Ctrl Pts',(0.906548155157856,1.57018746424124,-4.20834346578202));
#7411=CARTESIAN_POINT('Ctrl Pts',(0.,1.57018746424124,-4.15001013244869));
#7412=CARTESIAN_POINT('Ctrl Pts',(-0.906548155157855,1.57018746424124,-4.09167679911535));
#7413=CARTESIAN_POINT('Ctrl Pts',(-1.35982223273678,0.78509373212062,-4.03334346578202));
#7414=CARTESIAN_POINT('Ctrl Pts',(-1.81309631031571,1.11020129648701E-16,
-3.97501013244869));
#7415=CARTESIAN_POINT('Ctrl Pts',(-1.35982223273678,-0.785093732120619,
-3.91667679911535));
#7416=CARTESIAN_POINT('Ctrl Pts',(-0.906548155157856,-1.57018746424124,
-3.85834346578202));
#7417=CARTESIAN_POINT('Ctrl Pts',(-1.92292505214433E-16,-1.57018746424124,
-3.80001013244869));
#7418=CARTESIAN_POINT('Ctrl Pts',(0.906548155157855,-1.57018746424124,-3.74167679911535));
#7419=CARTESIAN_POINT('Ctrl Pts',(1.35982223273678,-0.78509373212062,-3.68334346578202));
#7420=CARTESIAN_POINT('Ctrl Pts',(1.81309631031571,-3.33060388946102E-16,
-3.62501013244869));
#7421=CARTESIAN_POINT('Ctrl Pts',(1.35982223273678,0.785093732120619,-3.56667679911535));
#7422=CARTESIAN_POINT('Ctrl Pts',(0.906548155157856,1.57018746424124,-3.50834346578202));
#7423=CARTESIAN_POINT('Ctrl Pts',(0.,1.57018746424124,-3.45001013244869));
#7424=CARTESIAN_POINT('Ctrl Pts',(-0.906548155157855,1.57018746424124,-3.39167679911535));
#7425=CARTESIAN_POINT('Ctrl Pts',(-1.35982223273678,0.78509373212062,-3.33334346578202));
#7426=CARTESIAN_POINT('Ctrl Pts',(-1.81309631031571,1.11020129648701E-16,
-3.27501013244869));
#7427=CARTESIAN_POINT('Ctrl Pts',(-1.35982223273678,-0.785093732120619,
-3.21667679911535));
#7428=CARTESIAN_POINT('Ctrl Pts',(-0.906548155157856,-1.57018746424124,
-3.15834346578202));
#7429=CARTESIAN_POINT('Ctrl Pts',(-1.92292505214433E-16,-1.57018746424124,
-3.10001013244869));
#7430=CARTESIAN_POINT('Ctrl Pts',(0.906548155157855,-1.57018746424124,-3.04167679911535));
#7431=CARTESIAN_POINT('Ctrl Pts',(1.35982223273678,-0.78509373212062,-2.98334346578202));
#7432=CARTESIAN_POINT('Ctrl Pts',(1.81309631031571,-3.33060388946102E-16,
-2.92501013244869));
#7433=CARTESIAN_POINT('Ctrl Pts',(1.35982223273678,0.785093732120619,-2.86667679911535));
#7434=CARTESIAN_POINT('Ctrl Pts',(0.906548155157856,1.57018746424124,-2.80834346578202));
#7435=CARTESIAN_POINT('Ctrl Pts',(0.,1.57018746424124,-2.75001013244869));
#7436=CARTESIAN_POINT('Ctrl Pts',(-0.906548155157855,1.57018746424124,-2.69167679911535));
#7437=CARTESIAN_POINT('Ctrl Pts',(-1.35982223273678,0.78509373212062,-2.63334346578202));
#7438=CARTESIAN_POINT('Ctrl Pts',(-1.81309631031571,1.11020129648701E-16,
-2.57501013244869));
#7439=CARTESIAN_POINT('Ctrl Pts',(-1.35982223273678,-0.785093732120619,
-2.51667679911535));
#7440=CARTESIAN_POINT('Ctrl Pts',(-0.906548155157856,-1.57018746424124,
-2.45834346578202));
#7441=CARTESIAN_POINT('Ctrl Pts',(-1.92292505214433E-16,-1.57018746424124,
-2.40001013244869));
#7442=CARTESIAN_POINT('Ctrl Pts',(0.906548155157855,-1.57018746424124,-2.34167679911535));
#7443=CARTESIAN_POINT('Ctrl Pts',(1.35982223273678,-0.78509373212062,-2.28334346578202));
#7444=CARTESIAN_POINT('Ctrl Pts',(1.81309631031571,-3.33060388946102E-16,
-2.22501013244869));
#7445=CARTESIAN_POINT('Ctrl Pts',(1.35982223273678,0.785093732120619,-2.16667679911535));
#7446=CARTESIAN_POINT('Ctrl Pts',(0.906548155157856,1.57018746424124,-2.10834346578202));
#7447=CARTESIAN_POINT('Ctrl Pts',(0.,1.57018746424124,-2.05001013244869));
#7448=CARTESIAN_POINT('Ctrl Pts',(-0.906548155157855,1.57018746424124,-1.99167679911535));
#7449=CARTESIAN_POINT('Ctrl Pts',(-1.35982223273678,0.78509373212062,-1.93334346578202));
#7450=CARTESIAN_POINT('Ctrl Pts',(-1.81309631031571,1.11020129648701E-16,
-1.87501013244869));
#7451=CARTESIAN_POINT('Ctrl Pts',(-1.35982223273678,-0.785093732120619,
-1.81667679911535));
#7452=CARTESIAN_POINT('Ctrl Pts',(-0.906548155157856,-1.57018746424124,
-1.75834346578202));
#7453=CARTESIAN_POINT('Ctrl Pts',(-1.92292505214433E-16,-1.57018746424124,
-1.70001013244869));
#7454=CARTESIAN_POINT('Ctrl Pts',(0.906548155157855,-1.57018746424124,-1.64167679911535));
#7455=CARTESIAN_POINT('Ctrl Pts',(1.35982223273678,-0.78509373212062,-1.58334346578202));
#7456=CARTESIAN_POINT('Ctrl Pts',(1.81309631031571,-3.33060388946102E-16,
-1.52501013244869));
#7457=CARTESIAN_POINT('Ctrl Pts',(1.35982223273678,0.785093732120619,-1.46667679911535));
#7458=CARTESIAN_POINT('Ctrl Pts',(0.906548155157856,1.57018746424124,-1.40834346578202));
#7459=CARTESIAN_POINT('Ctrl Pts',(0.,1.57018746424124,-1.35001013244869));
#7460=CARTESIAN_POINT('Ctrl Pts',(-0.906548155157855,1.57018746424124,-1.29167679911535));
#7461=CARTESIAN_POINT('Ctrl Pts',(-1.35982223273678,0.78509373212062,-1.23334346578202));
#7462=CARTESIAN_POINT('Ctrl Pts',(-1.81309631031571,1.11020129648701E-16,
-1.17501013244869));
#7463=CARTESIAN_POINT('Ctrl Pts',(-1.35982223273678,-0.785093732120619,
-1.11667679911535));
#7464=CARTESIAN_POINT('Ctrl Pts',(-0.906548155157856,-1.57018746424124,
-1.05834346578202));
#7465=CARTESIAN_POINT('Ctrl Pts',(-1.92292505214433E-16,-1.57018746424124,
-1.00001013244869));
#7466=CARTESIAN_POINT('Ctrl Pts',(0.906548155157855,-1.57018746424124,-0.941676799115353));
#7467=CARTESIAN_POINT('Ctrl Pts',(1.35982223273678,-0.78509373212062,-0.883343465782019));
#7468=CARTESIAN_POINT('Ctrl Pts',(1.81309631031571,-3.33060388946102E-16,
-0.825010132448687));
#7469=CARTESIAN_POINT('Ctrl Pts',(1.35982223273678,0.785093732120619,-0.766676799115353));
#7470=CARTESIAN_POINT('Ctrl Pts',(0.906548155157856,1.57018746424124,-0.70834346578202));
#7471=CARTESIAN_POINT('Ctrl Pts',(0.,1.57018746424124,-0.650010132448686));
#7472=CARTESIAN_POINT('Ctrl Pts',(-0.906548155157855,1.57018746424124,-0.591676799115353));
#7473=CARTESIAN_POINT('Ctrl Pts',(-1.35982223273678,0.78509373212062,-0.53334346578202));
#7474=CARTESIAN_POINT('Ctrl Pts',(-1.81309631031571,1.11020129648701E-16,
-0.475010132448686));
#7475=CARTESIAN_POINT('Ctrl Pts',(-1.35982223273678,-0.785093732120619,
-0.416676799115352));
#7476=CARTESIAN_POINT('Ctrl Pts',(-0.906548155157856,-1.57018746424124,
-0.35834346578202));
#7477=CARTESIAN_POINT('Ctrl Pts',(-1.92292505214433E-16,-1.57018746424124,
-0.300010132448686));
#7478=CARTESIAN_POINT('Ctrl Pts',(0.906548155157855,-1.57018746424124,-0.241676799115352));
#7479=CARTESIAN_POINT('Ctrl Pts',(1.35982223273678,-0.78509373212062,-0.18334346578202));
#7480=CARTESIAN_POINT('Ctrl Pts',(1.81309631031571,-3.33060388946102E-16,
-0.125010132448686));
#7481=CARTESIAN_POINT('Ctrl Pts',(1.35982223273678,0.785093732120619,-0.0666767991153526));
#7482=CARTESIAN_POINT('Ctrl Pts',(0.906548155157856,1.57018746424124,-0.00834346578201875));
#7483=CARTESIAN_POINT('Ctrl Pts',(0.,1.57018746424124,0.0499898675513134));
#7484=CARTESIAN_POINT('Ctrl Pts',(-0.906548155157855,1.57018746424124,0.108323200884647));
#7485=CARTESIAN_POINT('Ctrl Pts',(-1.35982223273678,0.78509373212062,0.166656534217981));
#7486=CARTESIAN_POINT('Ctrl Pts',(-1.81309631031571,1.11020129648701E-16,
0.224989867551313));
#7487=CARTESIAN_POINT('Ctrl Pts',(-1.35982223273678,-0.785093732120619,
0.283323200884647));
#7488=CARTESIAN_POINT('Ctrl Pts',(-0.906548155157856,-1.57018746424124,
0.341656534217981));
#7489=CARTESIAN_POINT('Ctrl Pts',(-1.92292505214433E-16,-1.57018746424124,
0.399989867551313));
#7490=CARTESIAN_POINT('Ctrl Pts',(0.906548155157855,-1.57018746424124,0.458323200884647));
#7491=CARTESIAN_POINT('Ctrl Pts',(1.35982223273678,-0.78509373212062,0.516656534217981));
#7492=CARTESIAN_POINT('Ctrl Pts',(1.81309631031571,-3.33060388946102E-16,
0.574989867551315));
#7493=CARTESIAN_POINT('Ctrl Pts',(1.35982223273678,0.785093732120619,0.633323200884647));
#7494=CARTESIAN_POINT('Ctrl Pts',(0.906548155157856,1.57018746424124,0.691656534217981));
#7495=CARTESIAN_POINT('Ctrl Pts',(0.,1.57018746424124,0.749989867551314));
#7496=CARTESIAN_POINT('Ctrl Pts',(-0.906548155157855,1.57018746424124,0.808323200884646));
#7497=CARTESIAN_POINT('Ctrl Pts',(-1.35982223273678,0.78509373212062,0.86665653421798));
#7498=CARTESIAN_POINT('Ctrl Pts',(-1.81309631031571,1.11020129648701E-16,
0.924989867551314));
#7499=CARTESIAN_POINT('Ctrl Pts',(-1.35982223273678,-0.785093732120619,
0.983323200884646));
#7500=CARTESIAN_POINT('Ctrl Pts',(-0.906548155157856,-1.57018746424124,
1.04165653421798));
#7501=CARTESIAN_POINT('Ctrl Pts',(-1.92292505214433E-16,-1.57018746424124,
1.09998986755131));
#7502=CARTESIAN_POINT('Ctrl Pts',(0.906548155157855,-1.57018746424124,1.15832320088465));
#7503=CARTESIAN_POINT('Ctrl Pts',(1.35982223273678,-0.78509373212062,1.21665653421798));
#7504=CARTESIAN_POINT('Ctrl Pts',(1.81309631031571,-3.33060388946102E-16,
1.27498986755131));
#7505=CARTESIAN_POINT('Ctrl Pts',(1.35982223273678,0.785093732120619,1.33332320088465));
#7506=CARTESIAN_POINT('Ctrl Pts',(0.906548155157856,1.57018746424124,1.39165653421798));
#7507=CARTESIAN_POINT('Ctrl Pts',(0.,1.57018746424124,1.44998986755131));
#7508=CARTESIAN_POINT('Ctrl Pts',(-0.906548155157855,1.57018746424124,1.50832320088465));
#7509=CARTESIAN_POINT('Ctrl Pts',(-1.35982223273678,0.78509373212062,1.56665653421798));
#7510=CARTESIAN_POINT('Ctrl Pts',(-1.81309631031571,1.11020129648701E-16,
1.62498986755131));
#7511=CARTESIAN_POINT('Ctrl Pts',(-1.35982223273678,-0.785093732120619,
1.68332320088465));
#7512=CARTESIAN_POINT('Ctrl Pts',(-0.906548155157856,-1.57018746424124,
1.74165653421798));
#7513=CARTESIAN_POINT('Ctrl Pts',(-1.92292505214433E-16,-1.57018746424124,
1.79998986755131));
#7514=CARTESIAN_POINT('Ctrl Pts',(0.906548155157855,-1.57018746424124,1.85832320088465));
#7515=CARTESIAN_POINT('Ctrl Pts',(1.35982223273678,-0.78509373212062,1.91665653421798));
#7516=CARTESIAN_POINT('Ctrl Pts',(1.81309631031571,-3.33060388946102E-16,
1.97498986755131));
#7517=CARTESIAN_POINT('Ctrl Pts',(1.35982223273678,0.785093732120619,2.03332320088465));
#7518=CARTESIAN_POINT('Ctrl Pts',(0.906548155157856,1.57018746424124,2.09165653421798));
#7519=CARTESIAN_POINT('Ctrl Pts',(0.,1.57018746424124,2.14998986755131));
#7520=CARTESIAN_POINT('Ctrl Pts',(-0.756121876426118,1.57018746424124,2.19864377435951));
#7521=CARTESIAN_POINT('Ctrl Pts',(-1.22758094236693,0.979047344512951,2.25094176665767));
#7522=CARTESIAN_POINT('Ctrl Pts',(-1.68778759041759,0.402016096878445,2.30199155119684));
#7523=CARTESIAN_POINT('Ctrl Pts',(-2.14799423846825,-0.17501515075606,2.35304133573601));
#7524=CARTESIAN_POINT('Ctrl Pts',(0.116951442483095,-1.56582599063927,-7.90481253575876));
#7525=CARTESIAN_POINT('Ctrl Pts',(0.94476336968107,-1.50399677106489,-7.84924862489579));
#7526=CARTESIAN_POINT('Ctrl Pts',(1.35982223273678,-0.78509373212062,-7.79583333333333));
#7527=CARTESIAN_POINT('Ctrl Pts',(1.81309631031571,-3.33060388946102E-16,
-7.7375));
#7528=CARTESIAN_POINT('Ctrl Pts',(1.35982223273678,0.785093732120619,-7.67916666666667));
#7529=CARTESIAN_POINT('Ctrl Pts',(0.906548155157856,1.57018746424124,-7.62083333333333));
#7530=CARTESIAN_POINT('Ctrl Pts',(0.,1.57018746424124,-7.5625));
#7531=CARTESIAN_POINT('Ctrl Pts',(-0.906548155157855,1.57018746424124,-7.50416666666667));
#7532=CARTESIAN_POINT('Ctrl Pts',(-1.35982223273678,0.78509373212062,-7.44583333333333));
#7533=CARTESIAN_POINT('Ctrl Pts',(-1.81309631031571,1.11020129648701E-16,
-7.3875));
#7534=CARTESIAN_POINT('Ctrl Pts',(-1.35982223273678,-0.78509373212062,-7.32916666666667));
#7535=CARTESIAN_POINT('Ctrl Pts',(-0.906548155157856,-1.57018746424124,
-7.27083333333333));
#7536=CARTESIAN_POINT('Ctrl Pts',(-1.92292505214433E-16,-1.57018746424124,
-7.2125));
#7537=CARTESIAN_POINT('Ctrl Pts',(0.906548155157855,-1.57018746424124,-7.15416666666667));
#7538=CARTESIAN_POINT('Ctrl Pts',(1.35982223273678,-0.78509373212062,-7.09583333333333));
#7539=CARTESIAN_POINT('Ctrl Pts',(1.81309631031571,-3.33060388946102E-16,
-7.0375));
#7540=CARTESIAN_POINT('Ctrl Pts',(1.35982223273678,0.785093732120619,-6.97916666666667));
#7541=CARTESIAN_POINT('Ctrl Pts',(0.906548155157856,1.57018746424124,-6.92083333333333));
#7542=CARTESIAN_POINT('Ctrl Pts',(0.,1.57018746424124,-6.8625));
#7543=CARTESIAN_POINT('Ctrl Pts',(-0.906548155157855,1.57018746424124,-6.80416666666667));
#7544=CARTESIAN_POINT('Ctrl Pts',(-1.35982223273678,0.78509373212062,-6.74583333333333));
#7545=CARTESIAN_POINT('Ctrl Pts',(-1.81309631031571,1.11020129648701E-16,
-6.6875));
#7546=CARTESIAN_POINT('Ctrl Pts',(-1.35982223273678,-0.78509373212062,-6.62916666666667));
#7547=CARTESIAN_POINT('Ctrl Pts',(-0.906548155157856,-1.57018746424124,
-6.57083333333333));
#7548=CARTESIAN_POINT('Ctrl Pts',(-1.92292505214433E-16,-1.57018746424124,
-6.5125));
#7549=CARTESIAN_POINT('Ctrl Pts',(0.906548155157855,-1.57018746424124,-6.45416666666667));
#7550=CARTESIAN_POINT('Ctrl Pts',(1.35982223273678,-0.78509373212062,-6.39583333333333));
#7551=CARTESIAN_POINT('Ctrl Pts',(1.81309631031571,-3.33060388946102E-16,
-6.3375));
#7552=CARTESIAN_POINT('Ctrl Pts',(1.35982223273678,0.785093732120619,-6.27916666666667));
#7553=CARTESIAN_POINT('Ctrl Pts',(0.906548155157856,1.57018746424124,-6.22083333333333));
#7554=CARTESIAN_POINT('Ctrl Pts',(0.,1.57018746424124,-6.1625));
#7555=CARTESIAN_POINT('Ctrl Pts',(-0.906548155157855,1.57018746424124,-6.10416666666667));
#7556=CARTESIAN_POINT('Ctrl Pts',(-1.35982223273678,0.78509373212062,-6.04583333333333));
#7557=CARTESIAN_POINT('Ctrl Pts',(-1.81309631031571,1.11020129648701E-16,
-5.9875));
#7558=CARTESIAN_POINT('Ctrl Pts',(-1.35982223273678,-0.78509373212062,-5.92916666666667));
#7559=CARTESIAN_POINT('Ctrl Pts',(-0.906548155157856,-1.57018746424124,
-5.87083333333333));
#7560=CARTESIAN_POINT('Ctrl Pts',(-1.92292505214433E-16,-1.57018746424124,
-5.8125));
#7561=CARTESIAN_POINT('Ctrl Pts',(0.906548155157855,-1.57018746424124,-5.75416666666667));
#7562=CARTESIAN_POINT('Ctrl Pts',(1.35982223273678,-0.78509373212062,-5.69583333333333));
#7563=CARTESIAN_POINT('Ctrl Pts',(1.81309631031571,-3.33060388946102E-16,
-5.6375));
#7564=CARTESIAN_POINT('Ctrl Pts',(1.35982223273678,0.785093732120619,-5.57916666666667));
#7565=CARTESIAN_POINT('Ctrl Pts',(0.906548155157856,1.57018746424124,-5.52083333333333));
#7566=CARTESIAN_POINT('Ctrl Pts',(0.,1.57018746424124,-5.4625));
#7567=CARTESIAN_POINT('Ctrl Pts',(-0.906548155157855,1.57018746424124,-5.40416666666667));
#7568=CARTESIAN_POINT('Ctrl Pts',(-1.35982223273678,0.78509373212062,-5.34583333333333));
#7569=CARTESIAN_POINT('Ctrl Pts',(-1.81309631031571,1.11020129648701E-16,
-5.2875));
#7570=CARTESIAN_POINT('Ctrl Pts',(-1.35982223273678,-0.78509373212062,-5.22916666666667));
#7571=CARTESIAN_POINT('Ctrl Pts',(-0.906548155157856,-1.57018746424124,
-5.17083333333333));
#7572=CARTESIAN_POINT('Ctrl Pts',(-1.92292505214433E-16,-1.57018746424124,
-5.1125));
#7573=CARTESIAN_POINT('Ctrl Pts',(0.906548155157855,-1.57018746424124,-5.05416666666667));
#7574=CARTESIAN_POINT('Ctrl Pts',(1.35982223273678,-0.78509373212062,-4.99583333333333));
#7575=CARTESIAN_POINT('Ctrl Pts',(1.81309631031571,-3.33060388946102E-16,
-4.9375));
#7576=CARTESIAN_POINT('Ctrl Pts',(1.35982223273678,0.785093732120619,-4.87916666666667));
#7577=CARTESIAN_POINT('Ctrl Pts',(0.906548155157856,1.57018746424124,-4.82083333333333));
#7578=CARTESIAN_POINT('Ctrl Pts',(0.,1.57018746424124,-4.7625));
#7579=CARTESIAN_POINT('Ctrl Pts',(-0.906548155157855,1.57018746424124,-4.70416666666666));
#7580=CARTESIAN_POINT('Ctrl Pts',(-1.35982223273678,0.78509373212062,-4.64583333333333));
#7581=CARTESIAN_POINT('Ctrl Pts',(-1.81309631031571,1.11020129648701E-16,
-4.5875));
#7582=CARTESIAN_POINT('Ctrl Pts',(-1.35982223273678,-0.78509373212062,-4.52916666666667));
#7583=CARTESIAN_POINT('Ctrl Pts',(-0.906548155157856,-1.57018746424124,
-4.47083333333333));
#7584=CARTESIAN_POINT('Ctrl Pts',(-1.92292505214433E-16,-1.57018746424124,
-4.4125));
#7585=CARTESIAN_POINT('Ctrl Pts',(0.906548155157855,-1.57018746424124,-4.35416666666667));
#7586=CARTESIAN_POINT('Ctrl Pts',(1.35982223273678,-0.78509373212062,-4.29583333333333));
#7587=CARTESIAN_POINT('Ctrl Pts',(1.81309631031571,-3.33060388946102E-16,
-4.2375));
#7588=CARTESIAN_POINT('Ctrl Pts',(1.35982223273678,0.785093732120619,-4.17916666666667));
#7589=CARTESIAN_POINT('Ctrl Pts',(0.906548155157856,1.57018746424124,-4.12083333333333));
#7590=CARTESIAN_POINT('Ctrl Pts',(0.,1.57018746424124,-4.0625));
#7591=CARTESIAN_POINT('Ctrl Pts',(-0.906548155157855,1.57018746424124,-4.00416666666667));
#7592=CARTESIAN_POINT('Ctrl Pts',(-1.35982223273678,0.78509373212062,-3.94583333333333));
#7593=CARTESIAN_POINT('Ctrl Pts',(-1.81309631031571,1.11020129648701E-16,
-3.8875));
#7594=CARTESIAN_POINT('Ctrl Pts',(-1.35982223273678,-0.78509373212062,-3.82916666666667));
#7595=CARTESIAN_POINT('Ctrl Pts',(-0.906548155157856,-1.57018746424124,
-3.77083333333333));
#7596=CARTESIAN_POINT('Ctrl Pts',(-1.92292505214433E-16,-1.57018746424124,
-3.7125));
#7597=CARTESIAN_POINT('Ctrl Pts',(0.906548155157855,-1.57018746424124,-3.65416666666667));
#7598=CARTESIAN_POINT('Ctrl Pts',(1.35982223273678,-0.78509373212062,-3.59583333333333));
#7599=CARTESIAN_POINT('Ctrl Pts',(1.81309631031571,-3.33060388946102E-16,
-3.5375));
#7600=CARTESIAN_POINT('Ctrl Pts',(1.35982223273678,0.785093732120619,-3.47916666666667));
#7601=CARTESIAN_POINT('Ctrl Pts',(0.906548155157856,1.57018746424124,-3.42083333333333));
#7602=CARTESIAN_POINT('Ctrl Pts',(0.,1.57018746424124,-3.3625));
#7603=CARTESIAN_POINT('Ctrl Pts',(-0.906548155157855,1.57018746424124,-3.30416666666667));
#7604=CARTESIAN_POINT('Ctrl Pts',(-1.35982223273678,0.78509373212062,-3.24583333333333));
#7605=CARTESIAN_POINT('Ctrl Pts',(-1.81309631031571,1.11020129648701E-16,
-3.1875));
#7606=CARTESIAN_POINT('Ctrl Pts',(-1.35982223273678,-0.78509373212062,-3.12916666666667));
#7607=CARTESIAN_POINT('Ctrl Pts',(-0.906548155157856,-1.57018746424124,
-3.07083333333333));
#7608=CARTESIAN_POINT('Ctrl Pts',(-1.92292505214433E-16,-1.57018746424124,
-3.0125));
#7609=CARTESIAN_POINT('Ctrl Pts',(0.906548155157855,-1.57018746424124,-2.95416666666667));
#7610=CARTESIAN_POINT('Ctrl Pts',(1.35982223273678,-0.78509373212062,-2.89583333333333));
#7611=CARTESIAN_POINT('Ctrl Pts',(1.81309631031571,-3.33060388946102E-16,
-2.8375));
#7612=CARTESIAN_POINT('Ctrl Pts',(1.35982223273678,0.785093732120619,-2.77916666666667));
#7613=CARTESIAN_POINT('Ctrl Pts',(0.906548155157856,1.57018746424124,-2.72083333333333));
#7614=CARTESIAN_POINT('Ctrl Pts',(0.,1.57018746424124,-2.6625));
#7615=CARTESIAN_POINT('Ctrl Pts',(-0.906548155157855,1.57018746424124,-2.60416666666667));
#7616=CARTESIAN_POINT('Ctrl Pts',(-1.35982223273678,0.78509373212062,-2.54583333333333));
#7617=CARTESIAN_POINT('Ctrl Pts',(-1.81309631031571,1.11020129648701E-16,
-2.4875));
#7618=CARTESIAN_POINT('Ctrl Pts',(-1.35982223273678,-0.78509373212062,-2.42916666666667));
#7619=CARTESIAN_POINT('Ctrl Pts',(-0.906548155157856,-1.57018746424124,
-2.37083333333333));
#7620=CARTESIAN_POINT('Ctrl Pts',(-1.92292505214433E-16,-1.57018746424124,
-2.3125));
#7621=CARTESIAN_POINT('Ctrl Pts',(0.906548155157855,-1.57018746424124,-2.25416666666667));
#7622=CARTESIAN_POINT('Ctrl Pts',(1.35982223273678,-0.78509373212062,-2.19583333333333));
#7623=CARTESIAN_POINT('Ctrl Pts',(1.81309631031571,-3.33060388946102E-16,
-2.1375));
#7624=CARTESIAN_POINT('Ctrl Pts',(1.35982223273678,0.785093732120619,-2.07916666666667));
#7625=CARTESIAN_POINT('Ctrl Pts',(0.906548155157856,1.57018746424124,-2.02083333333333));
#7626=CARTESIAN_POINT('Ctrl Pts',(0.,1.57018746424124,-1.9625));
#7627=CARTESIAN_POINT('Ctrl Pts',(-0.906548155157855,1.57018746424124,-1.90416666666667));
#7628=CARTESIAN_POINT('Ctrl Pts',(-1.35982223273678,0.78509373212062,-1.84583333333333));
#7629=CARTESIAN_POINT('Ctrl Pts',(-1.81309631031571,1.11020129648701E-16,
-1.7875));
#7630=CARTESIAN_POINT('Ctrl Pts',(-1.35982223273678,-0.78509373212062,-1.72916666666667));
#7631=CARTESIAN_POINT('Ctrl Pts',(-0.906548155157856,-1.57018746424124,
-1.67083333333333));
#7632=CARTESIAN_POINT('Ctrl Pts',(-1.92292505214433E-16,-1.57018746424124,
-1.6125));
#7633=CARTESIAN_POINT('Ctrl Pts',(0.906548155157855,-1.57018746424124,-1.55416666666667));
#7634=CARTESIAN_POINT('Ctrl Pts',(1.35982223273678,-0.78509373212062,-1.49583333333333));
#7635=CARTESIAN_POINT('Ctrl Pts',(1.81309631031571,-3.33060388946102E-16,
-1.4375));
#7636=CARTESIAN_POINT('Ctrl Pts',(1.35982223273678,0.785093732120619,-1.37916666666667));
#7637=CARTESIAN_POINT('Ctrl Pts',(0.906548155157856,1.57018746424124,-1.32083333333333));
#7638=CARTESIAN_POINT('Ctrl Pts',(0.,1.57018746424124,-1.2625));
#7639=CARTESIAN_POINT('Ctrl Pts',(-0.906548155157855,1.57018746424124,-1.20416666666667));
#7640=CARTESIAN_POINT('Ctrl Pts',(-1.35982223273678,0.78509373212062,-1.14583333333333));
#7641=CARTESIAN_POINT('Ctrl Pts',(-1.81309631031571,1.11020129648701E-16,
-1.0875));
#7642=CARTESIAN_POINT('Ctrl Pts',(-1.35982223273678,-0.78509373212062,-1.02916666666667));
#7643=CARTESIAN_POINT('Ctrl Pts',(-0.906548155157856,-1.57018746424124,
-0.970833333333332));
#7644=CARTESIAN_POINT('Ctrl Pts',(-1.92292505214433E-16,-1.57018746424124,
-0.912499999999999));
#7645=CARTESIAN_POINT('Ctrl Pts',(0.906548155157855,-1.57018746424124,-0.854166666666665));
#7646=CARTESIAN_POINT('Ctrl Pts',(1.35982223273678,-0.78509373212062,-0.795833333333332));
#7647=CARTESIAN_POINT('Ctrl Pts',(1.81309631031571,-3.33060388946102E-16,
-0.7375));
#7648=CARTESIAN_POINT('Ctrl Pts',(1.35982223273678,0.785093732120619,-0.679166666666666));
#7649=CARTESIAN_POINT('Ctrl Pts',(0.906548155157856,1.57018746424124,-0.620833333333333));
#7650=CARTESIAN_POINT('Ctrl Pts',(0.,1.57018746424124,-0.562499999999999));
#7651=CARTESIAN_POINT('Ctrl Pts',(-0.906548155157855,1.57018746424124,-0.504166666666666));
#7652=CARTESIAN_POINT('Ctrl Pts',(-1.35982223273678,0.78509373212062,-0.445833333333333));
#7653=CARTESIAN_POINT('Ctrl Pts',(-1.81309631031571,1.11020129648701E-16,
-0.387499999999999));
#7654=CARTESIAN_POINT('Ctrl Pts',(-1.35982223273678,-0.78509373212062,-0.329166666666665));
#7655=CARTESIAN_POINT('Ctrl Pts',(-0.906548155157856,-1.57018746424124,
-0.270833333333333));
#7656=CARTESIAN_POINT('Ctrl Pts',(-1.92292505214433E-16,-1.57018746424124,
-0.212499999999999));
#7657=CARTESIAN_POINT('Ctrl Pts',(0.906548155157855,-1.57018746424124,-0.154166666666665));
#7658=CARTESIAN_POINT('Ctrl Pts',(1.35982223273678,-0.78509373212062,-0.0958333333333332));
#7659=CARTESIAN_POINT('Ctrl Pts',(1.71553813176068,-0.16897572195119,-0.0500550831837549));
#7660=CARTESIAN_POINT('Ctrl Pts',(1.48686362524509,0.504703113506702,4.48331036695901E-14));
#7661=CARTESIAN_POINT('Ctrl Pts',(0.,2.04375,-8.));
#7662=CARTESIAN_POINT('Ctrl Pts',(-1.1799596126563,2.04375,-7.94166666666667));
#7663=CARTESIAN_POINT('Ctrl Pts',(-1.76993941898445,1.021875,-7.88333333333334));
#7664=CARTESIAN_POINT('Ctrl Pts',(-2.35991922531259,1.44503376276269E-16,
-7.825));
#7665=CARTESIAN_POINT('Ctrl Pts',(-1.76993941898445,-1.021875,-7.76666666666667));
#7666=CARTESIAN_POINT('Ctrl Pts',(-1.1799596126563,-2.04375,-7.70833333333333));
#7667=CARTESIAN_POINT('Ctrl Pts',(-2.5028718957574E-16,-2.04375,-7.65));
#7668=CARTESIAN_POINT('Ctrl Pts',(1.1799596126563,-2.04375,-7.59166666666667));
#7669=CARTESIAN_POINT('Ctrl Pts',(1.76993941898445,-1.021875,-7.53333333333333));
#7670=CARTESIAN_POINT('Ctrl Pts',(2.35991922531259,-4.33510128828806E-16,
-7.475));
#7671=CARTESIAN_POINT('Ctrl Pts',(1.76993941898445,1.021875,-7.41666666666667));
#7672=CARTESIAN_POINT('Ctrl Pts',(1.1799596126563,2.04375,-7.35833333333333));
#7673=CARTESIAN_POINT('Ctrl Pts',(0.,2.04375,-7.3));
#7674=CARTESIAN_POINT('Ctrl Pts',(-1.1799596126563,2.04375,-7.24166666666667));
#7675=CARTESIAN_POINT('Ctrl Pts',(-1.76993941898445,1.021875,-7.18333333333333));
#7676=CARTESIAN_POINT('Ctrl Pts',(-2.35991922531259,1.44503376276269E-16,
-7.125));
#7677=CARTESIAN_POINT('Ctrl Pts',(-1.76993941898445,-1.021875,-7.06666666666667));
#7678=CARTESIAN_POINT('Ctrl Pts',(-1.1799596126563,-2.04375,-7.00833333333333));
#7679=CARTESIAN_POINT('Ctrl Pts',(-2.5028718957574E-16,-2.04375,-6.95));
#7680=CARTESIAN_POINT('Ctrl Pts',(1.1799596126563,-2.04375,-6.89166666666667));
#7681=CARTESIAN_POINT('Ctrl Pts',(1.76993941898445,-1.021875,-6.83333333333333));
#7682=CARTESIAN_POINT('Ctrl Pts',(2.35991922531259,-4.33510128828806E-16,
-6.775));
#7683=CARTESIAN_POINT('Ctrl Pts',(1.76993941898445,1.021875,-6.71666666666667));
#7684=CARTESIAN_POINT('Ctrl Pts',(1.1799596126563,2.04375,-6.65833333333333));
#7685=CARTESIAN_POINT('Ctrl Pts',(0.,2.04375,-6.6));
#7686=CARTESIAN_POINT('Ctrl Pts',(-1.1799596126563,2.04375,-6.54166666666667));
#7687=CARTESIAN_POINT('Ctrl Pts',(-1.76993941898445,1.021875,-6.48333333333333));
#7688=CARTESIAN_POINT('Ctrl Pts',(-2.35991922531259,1.44503376276269E-16,
-6.425));
#7689=CARTESIAN_POINT('Ctrl Pts',(-1.76993941898445,-1.021875,-6.36666666666667));
#7690=CARTESIAN_POINT('Ctrl Pts',(-1.1799596126563,-2.04375,-6.30833333333333));
#7691=CARTESIAN_POINT('Ctrl Pts',(-2.5028718957574E-16,-2.04375,-6.25));
#7692=CARTESIAN_POINT('Ctrl Pts',(1.1799596126563,-2.04375,-6.19166666666667));
#7693=CARTESIAN_POINT('Ctrl Pts',(1.76993941898445,-1.021875,-6.13333333333333));
#7694=CARTESIAN_POINT('Ctrl Pts',(2.35991922531259,-4.33510128828806E-16,
-6.075));
#7695=CARTESIAN_POINT('Ctrl Pts',(1.76993941898445,1.021875,-6.01666666666667));
#7696=CARTESIAN_POINT('Ctrl Pts',(1.1799596126563,2.04375,-5.95833333333333));
#7697=CARTESIAN_POINT('Ctrl Pts',(0.,2.04375,-5.9));
#7698=CARTESIAN_POINT('Ctrl Pts',(-1.1799596126563,2.04375,-5.84166666666667));
#7699=CARTESIAN_POINT('Ctrl Pts',(-1.76993941898445,1.021875,-5.78333333333333));
#7700=CARTESIAN_POINT('Ctrl Pts',(-2.35991922531259,1.44503376276269E-16,
-5.725));
#7701=CARTESIAN_POINT('Ctrl Pts',(-1.76993941898445,-1.021875,-5.66666666666667));
#7702=CARTESIAN_POINT('Ctrl Pts',(-1.1799596126563,-2.04375,-5.60833333333333));
#7703=CARTESIAN_POINT('Ctrl Pts',(-2.5028718957574E-16,-2.04375,-5.55));
#7704=CARTESIAN_POINT('Ctrl Pts',(1.1799596126563,-2.04375,-5.49166666666667));
#7705=CARTESIAN_POINT('Ctrl Pts',(1.76993941898445,-1.021875,-5.43333333333333));
#7706=CARTESIAN_POINT('Ctrl Pts',(2.35991922531259,-4.33510128828806E-16,
-5.375));
#7707=CARTESIAN_POINT('Ctrl Pts',(1.76993941898445,1.021875,-5.31666666666667));
#7708=CARTESIAN_POINT('Ctrl Pts',(1.1799596126563,2.04375,-5.25833333333333));
#7709=CARTESIAN_POINT('Ctrl Pts',(0.,2.04375,-5.2));
#7710=CARTESIAN_POINT('Ctrl Pts',(-1.1799596126563,2.04375,-5.14166666666667));
#7711=CARTESIAN_POINT('Ctrl Pts',(-1.76993941898445,1.021875,-5.08333333333333));
#7712=CARTESIAN_POINT('Ctrl Pts',(-2.35991922531259,1.44503376276269E-16,
-5.025));
#7713=CARTESIAN_POINT('Ctrl Pts',(-1.76993941898445,-1.021875,-4.96666666666667));
#7714=CARTESIAN_POINT('Ctrl Pts',(-1.1799596126563,-2.04375,-4.90833333333333));
#7715=CARTESIAN_POINT('Ctrl Pts',(-2.5028718957574E-16,-2.04375,-4.85));
#7716=CARTESIAN_POINT('Ctrl Pts',(1.1799596126563,-2.04375,-4.79166666666667));
#7717=CARTESIAN_POINT('Ctrl Pts',(1.76993941898445,-1.021875,-4.73333333333333));
#7718=CARTESIAN_POINT('Ctrl Pts',(2.35991922531259,-4.33510128828806E-16,
-4.675));
#7719=CARTESIAN_POINT('Ctrl Pts',(1.76993941898445,1.021875,-4.61666666666667));
#7720=CARTESIAN_POINT('Ctrl Pts',(1.1799596126563,2.04375,-4.55833333333333));
#7721=CARTESIAN_POINT('Ctrl Pts',(0.,2.04375,-4.5));
#7722=CARTESIAN_POINT('Ctrl Pts',(-1.1799596126563,2.04375,-4.44166666666667));
#7723=CARTESIAN_POINT('Ctrl Pts',(-1.76993941898445,1.021875,-4.38333333333333));
#7724=CARTESIAN_POINT('Ctrl Pts',(-2.35991922531259,1.44503376276269E-16,
-4.325));
#7725=CARTESIAN_POINT('Ctrl Pts',(-1.76993941898445,-1.021875,-4.26666666666667));
#7726=CARTESIAN_POINT('Ctrl Pts',(-1.1799596126563,-2.04375,-4.20833333333333));
#7727=CARTESIAN_POINT('Ctrl Pts',(-2.5028718957574E-16,-2.04375,-4.15));
#7728=CARTESIAN_POINT('Ctrl Pts',(1.1799596126563,-2.04375,-4.09166666666667));
#7729=CARTESIAN_POINT('Ctrl Pts',(1.76993941898445,-1.021875,-4.03333333333333));
#7730=CARTESIAN_POINT('Ctrl Pts',(2.35991922531259,-4.33510128828806E-16,
-3.975));
#7731=CARTESIAN_POINT('Ctrl Pts',(1.76993941898445,1.021875,-3.91666666666667));
#7732=CARTESIAN_POINT('Ctrl Pts',(1.1799596126563,2.04375,-3.85833333333333));
#7733=CARTESIAN_POINT('Ctrl Pts',(0.,2.04375,-3.8));
#7734=CARTESIAN_POINT('Ctrl Pts',(-1.1799596126563,2.04375,-3.74166666666667));
#7735=CARTESIAN_POINT('Ctrl Pts',(-1.76993941898445,1.021875,-3.68333333333333));
#7736=CARTESIAN_POINT('Ctrl Pts',(-2.35991922531259,1.44503376276269E-16,
-3.625));
#7737=CARTESIAN_POINT('Ctrl Pts',(-1.76993941898445,-1.021875,-3.56666666666667));
#7738=CARTESIAN_POINT('Ctrl Pts',(-1.1799596126563,-2.04375,-3.50833333333333));
#7739=CARTESIAN_POINT('Ctrl Pts',(-2.5028718957574E-16,-2.04375,-3.45));
#7740=CARTESIAN_POINT('Ctrl Pts',(1.1799596126563,-2.04375,-3.39166666666667));
#7741=CARTESIAN_POINT('Ctrl Pts',(1.76993941898445,-1.021875,-3.33333333333333));
#7742=CARTESIAN_POINT('Ctrl Pts',(2.35991922531259,-4.33510128828806E-16,
-3.275));
#7743=CARTESIAN_POINT('Ctrl Pts',(1.76993941898445,1.021875,-3.21666666666667));
#7744=CARTESIAN_POINT('Ctrl Pts',(1.1799596126563,2.04375,-3.15833333333333));
#7745=CARTESIAN_POINT('Ctrl Pts',(0.,2.04375,-3.1));
#7746=CARTESIAN_POINT('Ctrl Pts',(-1.1799596126563,2.04375,-3.04166666666667));
#7747=CARTESIAN_POINT('Ctrl Pts',(-1.76993941898445,1.021875,-2.98333333333333));
#7748=CARTESIAN_POINT('Ctrl Pts',(-2.35991922531259,1.44503376276269E-16,
-2.925));
#7749=CARTESIAN_POINT('Ctrl Pts',(-1.76993941898445,-1.021875,-2.86666666666667));
#7750=CARTESIAN_POINT('Ctrl Pts',(-1.1799596126563,-2.04375,-2.80833333333333));
#7751=CARTESIAN_POINT('Ctrl Pts',(-2.5028718957574E-16,-2.04375,-2.75));
#7752=CARTESIAN_POINT('Ctrl Pts',(1.1799596126563,-2.04375,-2.69166666666667));
#7753=CARTESIAN_POINT('Ctrl Pts',(1.76993941898445,-1.021875,-2.63333333333333));
#7754=CARTESIAN_POINT('Ctrl Pts',(2.35991922531259,-4.33510128828806E-16,
-2.575));
#7755=CARTESIAN_POINT('Ctrl Pts',(1.76993941898445,1.021875,-2.51666666666667));
#7756=CARTESIAN_POINT('Ctrl Pts',(1.1799596126563,2.04375,-2.45833333333333));
#7757=CARTESIAN_POINT('Ctrl Pts',(0.,2.04375,-2.4));
#7758=CARTESIAN_POINT('Ctrl Pts',(-1.1799596126563,2.04375,-2.34166666666667));
#7759=CARTESIAN_POINT('Ctrl Pts',(-1.76993941898445,1.021875,-2.28333333333333));
#7760=CARTESIAN_POINT('Ctrl Pts',(-2.35991922531259,1.44503376276269E-16,
-2.225));
#7761=CARTESIAN_POINT('Ctrl Pts',(-1.76993941898445,-1.021875,-2.16666666666667));
#7762=CARTESIAN_POINT('Ctrl Pts',(-1.1799596126563,-2.04375,-2.10833333333333));
#7763=CARTESIAN_POINT('Ctrl Pts',(-2.5028718957574E-16,-2.04375,-2.05));
#7764=CARTESIAN_POINT('Ctrl Pts',(1.1799596126563,-2.04375,-1.99166666666667));
#7765=CARTESIAN_POINT('Ctrl Pts',(1.76993941898445,-1.021875,-1.93333333333333));
#7766=CARTESIAN_POINT('Ctrl Pts',(2.35991922531259,-4.33510128828806E-16,
-1.875));
#7767=CARTESIAN_POINT('Ctrl Pts',(1.76993941898445,1.021875,-1.81666666666667));
#7768=CARTESIAN_POINT('Ctrl Pts',(1.1799596126563,2.04375,-1.75833333333333));
#7769=CARTESIAN_POINT('Ctrl Pts',(0.,2.04375,-1.7));
#7770=CARTESIAN_POINT('Ctrl Pts',(-1.1799596126563,2.04375,-1.64166666666667));
#7771=CARTESIAN_POINT('Ctrl Pts',(-1.76993941898445,1.021875,-1.58333333333333));
#7772=CARTESIAN_POINT('Ctrl Pts',(-2.35991922531259,1.44503376276269E-16,
-1.525));
#7773=CARTESIAN_POINT('Ctrl Pts',(-1.76993941898445,-1.021875,-1.46666666666667));
#7774=CARTESIAN_POINT('Ctrl Pts',(-1.1799596126563,-2.04375,-1.40833333333333));
#7775=CARTESIAN_POINT('Ctrl Pts',(-2.5028718957574E-16,-2.04375,-1.35));
#7776=CARTESIAN_POINT('Ctrl Pts',(1.1799596126563,-2.04375,-1.29166666666667));
#7777=CARTESIAN_POINT('Ctrl Pts',(1.76993941898445,-1.021875,-1.23333333333333));
#7778=CARTESIAN_POINT('Ctrl Pts',(2.35991922531259,-4.33510128828806E-16,
-1.175));
#7779=CARTESIAN_POINT('Ctrl Pts',(1.76993941898445,1.021875,-1.11666666666667));
#7780=CARTESIAN_POINT('Ctrl Pts',(1.1799596126563,2.04375,-1.05833333333333));
#7781=CARTESIAN_POINT('Ctrl Pts',(0.,2.04375,-1.));
#7782=CARTESIAN_POINT('Ctrl Pts',(-1.1799596126563,2.04375,-0.941666666666667));
#7783=CARTESIAN_POINT('Ctrl Pts',(-1.76993941898445,1.021875,-0.883333333333333));
#7784=CARTESIAN_POINT('Ctrl Pts',(-2.35991922531259,1.44503376276269E-16,
-0.825));
#7785=CARTESIAN_POINT('Ctrl Pts',(-1.76993941898445,-1.021875,-0.766666666666667));
#7786=CARTESIAN_POINT('Ctrl Pts',(-1.1799596126563,-2.04375,-0.708333333333333));
#7787=CARTESIAN_POINT('Ctrl Pts',(-2.5028718957574E-16,-2.04375,-0.65));
#7788=CARTESIAN_POINT('Ctrl Pts',(1.1799596126563,-2.04375,-0.591666666666667));
#7789=CARTESIAN_POINT('Ctrl Pts',(1.76993941898445,-1.021875,-0.533333333333334));
#7790=CARTESIAN_POINT('Ctrl Pts',(2.35991922531259,-4.33510128828806E-16,
-0.475000000000001));
#7791=CARTESIAN_POINT('Ctrl Pts',(1.76993941898445,1.021875,-0.416666666666667));
#7792=CARTESIAN_POINT('Ctrl Pts',(1.1799596126563,2.04375,-0.358333333333334));
#7793=CARTESIAN_POINT('Ctrl Pts',(0.,2.04375,-0.3));
#7794=CARTESIAN_POINT('Ctrl Pts',(-1.1799596126563,2.04375,-0.241666666666667));
#7795=CARTESIAN_POINT('Ctrl Pts',(-1.76993941898445,1.021875,-0.183333333333334));
#7796=CARTESIAN_POINT('Ctrl Pts',(-2.35991922531259,1.44503376276269E-16,
-0.125));
#7797=CARTESIAN_POINT('Ctrl Pts',(-1.76993941898445,-1.021875,-0.0666666666666663));
#7798=CARTESIAN_POINT('Ctrl Pts',(-1.1799596126563,-2.04375,-0.00833333333333415));
#7799=CARTESIAN_POINT('Ctrl Pts',(-2.5028718957574E-16,-2.04375,0.0499999999999997));
#7800=CARTESIAN_POINT('Ctrl Pts',(1.1799596126563,-2.04375,0.108333333333334));
#7801=CARTESIAN_POINT('Ctrl Pts',(1.76993941898445,-1.021875,0.166666666666666));
#7802=CARTESIAN_POINT('Ctrl Pts',(2.35991922531259,-4.33510128828806E-16,
0.225));
#7803=CARTESIAN_POINT('Ctrl Pts',(1.76993941898445,1.021875,0.283333333333333));
#7804=CARTESIAN_POINT('Ctrl Pts',(1.1799596126563,2.04375,0.341666666666667));
#7805=CARTESIAN_POINT('Ctrl Pts',(0.,2.04375,0.399999999999999));
#7806=CARTESIAN_POINT('Ctrl Pts',(-1.1799596126563,2.04375,0.458333333333333));
#7807=CARTESIAN_POINT('Ctrl Pts',(-1.76993941898445,1.021875,0.516666666666667));
#7808=CARTESIAN_POINT('Ctrl Pts',(-2.35991922531259,1.44503376276269E-16,
0.574999999999999));
#7809=CARTESIAN_POINT('Ctrl Pts',(-1.76993941898445,-1.021875,0.633333333333333));
#7810=CARTESIAN_POINT('Ctrl Pts',(-1.1799596126563,-2.04375,0.691666666666667));
#7811=CARTESIAN_POINT('Ctrl Pts',(-2.5028718957574E-16,-2.04375,0.749999999999999));
#7812=CARTESIAN_POINT('Ctrl Pts',(1.1799596126563,-2.04375,0.808333333333333));
#7813=CARTESIAN_POINT('Ctrl Pts',(1.76993941898445,-1.021875,0.866666666666667));
#7814=CARTESIAN_POINT('Ctrl Pts',(2.35991922531259,-4.33510128828806E-16,
0.925));
#7815=CARTESIAN_POINT('Ctrl Pts',(1.76993941898445,1.021875,0.983333333333333));
#7816=CARTESIAN_POINT('Ctrl Pts',(1.1799596126563,2.04375,1.04166666666667));
#7817=CARTESIAN_POINT('Ctrl Pts',(0.,2.04375,1.1));
#7818=CARTESIAN_POINT('Ctrl Pts',(-1.1799596126563,2.04375,1.15833333333333));
#7819=CARTESIAN_POINT('Ctrl Pts',(-1.76993941898445,1.021875,1.21666666666667));
#7820=CARTESIAN_POINT('Ctrl Pts',(-2.35991922531259,1.44503376276269E-16,
1.275));
#7821=CARTESIAN_POINT('Ctrl Pts',(-1.76993941898445,-1.021875,1.33333333333333));
#7822=CARTESIAN_POINT('Ctrl Pts',(-1.1799596126563,-2.04375,1.39166666666667));
#7823=CARTESIAN_POINT('Ctrl Pts',(-2.5028718957574E-16,-2.04375,1.45));
#7824=CARTESIAN_POINT('Ctrl Pts',(1.1799596126563,-2.04375,1.50833333333333));
#7825=CARTESIAN_POINT('Ctrl Pts',(1.76993941898445,-1.021875,1.56666666666667));
#7826=CARTESIAN_POINT('Ctrl Pts',(2.35991922531259,-4.33510128828806E-16,
1.625));
#7827=CARTESIAN_POINT('Ctrl Pts',(1.76993941898445,1.021875,1.68333333333333));
#7828=CARTESIAN_POINT('Ctrl Pts',(1.1799596126563,2.04375,1.74166666666667));
#7829=CARTESIAN_POINT('Ctrl Pts',(0.,2.04375,1.8));
#7830=CARTESIAN_POINT('Ctrl Pts',(-1.1799596126563,2.04375,1.85833333333333));
#7831=CARTESIAN_POINT('Ctrl Pts',(-1.76993941898445,1.021875,1.91666666666667));
#7832=CARTESIAN_POINT('Ctrl Pts',(-2.35991922531259,1.44503376276269E-16,
1.975));
#7833=CARTESIAN_POINT('Ctrl Pts',(-1.76993941898445,-1.021875,2.03333333333333));
#7834=CARTESIAN_POINT('Ctrl Pts',(-1.1799596126563,-2.04375,2.09166666666667));
#7835=CARTESIAN_POINT('Ctrl Pts',(-2.5028718957574E-16,-2.04375,2.15));
#7836=CARTESIAN_POINT('Ctrl Pts',(1.1799596126563,-2.04375,2.20833333333333));
#7837=CARTESIAN_POINT('Ctrl Pts',(1.76993941898445,-1.021875,2.26666666666667));
#7838=CARTESIAN_POINT('Ctrl Pts',(2.35991922531259,-4.33510128828806E-16,
2.325));
#7839=CARTESIAN_POINT('Ctrl Pts',(1.76993941898445,1.021875,2.38333333333333));
#7840=CARTESIAN_POINT('Ctrl Pts',(1.1799596126563,2.04375,2.44166666666667));
#7841=CARTESIAN_POINT('Ctrl Pts',(0.,2.04375,2.5));
#7842=CARTESIAN_POINT('Ctrl Pts',(-0.984186908960813,2.04375,2.54865497293884));
#7843=CARTESIAN_POINT('Ctrl Pts',(-1.59783649160879,1.27429690754679,2.60095375961978));
#7844=CARTESIAN_POINT('Ctrl Pts',(0.,1.57018746424124,-8.2625));
#7845=CARTESIAN_POINT('Ctrl Pts',(-0.906548155157855,1.57018746424124,-8.20416666666667));
#7846=CARTESIAN_POINT('Ctrl Pts',(-1.35982223273678,0.78509373212062,-8.14583333333333));
#7847=CARTESIAN_POINT('Ctrl Pts',(-1.81309631031571,1.11020129648701E-16,
-8.0875));
#7848=CARTESIAN_POINT('Ctrl Pts',(-1.35982223273678,-0.78509373212062,-8.02916666666667));
#7849=CARTESIAN_POINT('Ctrl Pts',(-0.906548155157856,-1.57018746424124,
-7.97083333333333));
#7850=CARTESIAN_POINT('Ctrl Pts',(-1.92292505214433E-16,-1.57018746424124,
-7.9125));
#7851=CARTESIAN_POINT('Ctrl Pts',(0.906548155157855,-1.57018746424124,-7.85416666666667));
#7852=CARTESIAN_POINT('Ctrl Pts',(1.35982223273678,-0.78509373212062,-7.79583333333333));
#7853=CARTESIAN_POINT('Ctrl Pts',(1.81309631031571,-3.33060388946102E-16,
-7.7375));
#7854=CARTESIAN_POINT('Ctrl Pts',(1.35982223273678,0.785093732120619,-7.67916666666667));
#7855=CARTESIAN_POINT('Ctrl Pts',(0.906548155157856,1.57018746424124,-7.62083333333333));
#7856=CARTESIAN_POINT('Ctrl Pts',(0.,1.57018746424124,-7.5625));
#7857=CARTESIAN_POINT('Ctrl Pts',(-0.906548155157855,1.57018746424124,-7.50416666666667));
#7858=CARTESIAN_POINT('Ctrl Pts',(-1.35982223273678,0.78509373212062,-7.44583333333333));
#7859=CARTESIAN_POINT('Ctrl Pts',(-1.81309631031571,1.11020129648701E-16,
-7.3875));
#7860=CARTESIAN_POINT('Ctrl Pts',(-1.35982223273678,-0.78509373212062,-7.32916666666667));
#7861=CARTESIAN_POINT('Ctrl Pts',(-0.906548155157856,-1.57018746424124,
-7.27083333333333));
#7862=CARTESIAN_POINT('Ctrl Pts',(-1.92292505214433E-16,-1.57018746424124,
-7.2125));
#7863=CARTESIAN_POINT('Ctrl Pts',(0.906548155157855,-1.57018746424124,-7.15416666666667));
#7864=CARTESIAN_POINT('Ctrl Pts',(1.35982223273678,-0.78509373212062,-7.09583333333333));
#7865=CARTESIAN_POINT('Ctrl Pts',(1.81309631031571,-3.33060388946102E-16,
-7.0375));
#7866=CARTESIAN_POINT('Ctrl Pts',(1.35982223273678,0.785093732120619,-6.97916666666667));
#7867=CARTESIAN_POINT('Ctrl Pts',(0.906548155157856,1.57018746424124,-6.92083333333333));
#7868=CARTESIAN_POINT('Ctrl Pts',(0.,1.57018746424124,-6.8625));
#7869=CARTESIAN_POINT('Ctrl Pts',(-0.906548155157855,1.57018746424124,-6.80416666666667));
#7870=CARTESIAN_POINT('Ctrl Pts',(-1.35982223273678,0.78509373212062,-6.74583333333333));
#7871=CARTESIAN_POINT('Ctrl Pts',(-1.81309631031571,1.11020129648701E-16,
-6.6875));
#7872=CARTESIAN_POINT('Ctrl Pts',(-1.35982223273678,-0.78509373212062,-6.62916666666667));
#7873=CARTESIAN_POINT('Ctrl Pts',(-0.906548155157856,-1.57018746424124,
-6.57083333333333));
#7874=CARTESIAN_POINT('Ctrl Pts',(-1.92292505214433E-16,-1.57018746424124,
-6.5125));
#7875=CARTESIAN_POINT('Ctrl Pts',(0.906548155157855,-1.57018746424124,-6.45416666666667));
#7876=CARTESIAN_POINT('Ctrl Pts',(1.35982223273678,-0.78509373212062,-6.39583333333333));
#7877=CARTESIAN_POINT('Ctrl Pts',(1.81309631031571,-3.33060388946102E-16,
-6.3375));
#7878=CARTESIAN_POINT('Ctrl Pts',(1.35982223273678,0.785093732120619,-6.27916666666667));
#7879=CARTESIAN_POINT('Ctrl Pts',(0.906548155157856,1.57018746424124,-6.22083333333333));
#7880=CARTESIAN_POINT('Ctrl Pts',(0.,1.57018746424124,-6.1625));
#7881=CARTESIAN_POINT('Ctrl Pts',(-0.906548155157855,1.57018746424124,-6.10416666666667));
#7882=CARTESIAN_POINT('Ctrl Pts',(-1.35982223273678,0.78509373212062,-6.04583333333333));
#7883=CARTESIAN_POINT('Ctrl Pts',(-1.81309631031571,1.11020129648701E-16,
-5.9875));
#7884=CARTESIAN_POINT('Ctrl Pts',(-1.35982223273678,-0.78509373212062,-5.92916666666667));
#7885=CARTESIAN_POINT('Ctrl Pts',(-0.906548155157856,-1.57018746424124,
-5.87083333333333));
#7886=CARTESIAN_POINT('Ctrl Pts',(-1.92292505214433E-16,-1.57018746424124,
-5.8125));
#7887=CARTESIAN_POINT('Ctrl Pts',(0.906548155157855,-1.57018746424124,-5.75416666666667));
#7888=CARTESIAN_POINT('Ctrl Pts',(1.35982223273678,-0.78509373212062,-5.69583333333333));
#7889=CARTESIAN_POINT('Ctrl Pts',(1.81309631031571,-3.33060388946102E-16,
-5.6375));
#7890=CARTESIAN_POINT('Ctrl Pts',(1.35982223273678,0.785093732120619,-5.57916666666667));
#7891=CARTESIAN_POINT('Ctrl Pts',(0.906548155157856,1.57018746424124,-5.52083333333333));
#7892=CARTESIAN_POINT('Ctrl Pts',(0.,1.57018746424124,-5.4625));
#7893=CARTESIAN_POINT('Ctrl Pts',(-0.906548155157855,1.57018746424124,-5.40416666666667));
#7894=CARTESIAN_POINT('Ctrl Pts',(-1.35982223273678,0.78509373212062,-5.34583333333333));
#7895=CARTESIAN_POINT('Ctrl Pts',(-1.81309631031571,1.11020129648701E-16,
-5.2875));
#7896=CARTESIAN_POINT('Ctrl Pts',(-1.35982223273678,-0.78509373212062,-5.22916666666667));
#7897=CARTESIAN_POINT('Ctrl Pts',(-0.906548155157856,-1.57018746424124,
-5.17083333333333));
#7898=CARTESIAN_POINT('Ctrl Pts',(-1.92292505214433E-16,-1.57018746424124,
-5.1125));
#7899=CARTESIAN_POINT('Ctrl Pts',(0.906548155157855,-1.57018746424124,-5.05416666666667));
#7900=CARTESIAN_POINT('Ctrl Pts',(1.35982223273678,-0.78509373212062,-4.99583333333333));
#7901=CARTESIAN_POINT('Ctrl Pts',(1.81309631031571,-3.33060388946102E-16,
-4.9375));
#7902=CARTESIAN_POINT('Ctrl Pts',(1.35982223273678,0.785093732120619,-4.87916666666667));
#7903=CARTESIAN_POINT('Ctrl Pts',(0.906548155157856,1.57018746424124,-4.82083333333333));
#7904=CARTESIAN_POINT('Ctrl Pts',(0.,1.57018746424124,-4.7625));
#7905=CARTESIAN_POINT('Ctrl Pts',(-0.906548155157855,1.57018746424124,-4.70416666666667));
#7906=CARTESIAN_POINT('Ctrl Pts',(-1.35982223273678,0.78509373212062,-4.64583333333333));
#7907=CARTESIAN_POINT('Ctrl Pts',(-1.81309631031571,1.11020129648701E-16,
-4.5875));
#7908=CARTESIAN_POINT('Ctrl Pts',(-1.35982223273678,-0.78509373212062,-4.52916666666667));
#7909=CARTESIAN_POINT('Ctrl Pts',(-0.906548155157856,-1.57018746424124,
-4.47083333333333));
#7910=CARTESIAN_POINT('Ctrl Pts',(-1.92292505214433E-16,-1.57018746424124,
-4.4125));
#7911=CARTESIAN_POINT('Ctrl Pts',(0.906548155157855,-1.57018746424124,-4.35416666666667));
#7912=CARTESIAN_POINT('Ctrl Pts',(1.35982223273678,-0.78509373212062,-4.29583333333333));
#7913=CARTESIAN_POINT('Ctrl Pts',(1.81309631031571,-3.33060388946102E-16,
-4.2375));
#7914=CARTESIAN_POINT('Ctrl Pts',(1.35982223273678,0.785093732120619,-4.17916666666667));
#7915=CARTESIAN_POINT('Ctrl Pts',(0.906548155157856,1.57018746424124,-4.12083333333333));
#7916=CARTESIAN_POINT('Ctrl Pts',(0.,1.57018746424124,-4.0625));
#7917=CARTESIAN_POINT('Ctrl Pts',(-0.906548155157855,1.57018746424124,-4.00416666666667));
#7918=CARTESIAN_POINT('Ctrl Pts',(-1.35982223273678,0.78509373212062,-3.94583333333333));
#7919=CARTESIAN_POINT('Ctrl Pts',(-1.81309631031571,1.11020129648701E-16,
-3.8875));
#7920=CARTESIAN_POINT('Ctrl Pts',(-1.35982223273678,-0.78509373212062,-3.82916666666667));
#7921=CARTESIAN_POINT('Ctrl Pts',(-0.906548155157856,-1.57018746424124,
-3.77083333333333));
#7922=CARTESIAN_POINT('Ctrl Pts',(-1.92292505214433E-16,-1.57018746424124,
-3.7125));
#7923=CARTESIAN_POINT('Ctrl Pts',(0.906548155157855,-1.57018746424124,-3.65416666666667));
#7924=CARTESIAN_POINT('Ctrl Pts',(1.35982223273678,-0.78509373212062,-3.59583333333333));
#7925=CARTESIAN_POINT('Ctrl Pts',(1.81309631031571,-3.33060388946102E-16,
-3.5375));
#7926=CARTESIAN_POINT('Ctrl Pts',(1.35982223273678,0.785093732120619,-3.47916666666667));
#7927=CARTESIAN_POINT('Ctrl Pts',(0.906548155157856,1.57018746424124,-3.42083333333333));
#7928=CARTESIAN_POINT('Ctrl Pts',(0.,1.57018746424124,-3.3625));
#7929=CARTESIAN_POINT('Ctrl Pts',(-0.906548155157855,1.57018746424124,-3.30416666666667));
#7930=CARTESIAN_POINT('Ctrl Pts',(-1.35982223273678,0.78509373212062,-3.24583333333333));
#7931=CARTESIAN_POINT('Ctrl Pts',(-1.81309631031571,1.11020129648701E-16,
-3.1875));
#7932=CARTESIAN_POINT('Ctrl Pts',(-1.35982223273678,-0.78509373212062,-3.12916666666667));
#7933=CARTESIAN_POINT('Ctrl Pts',(-0.906548155157856,-1.57018746424124,
-3.07083333333333));
#7934=CARTESIAN_POINT('Ctrl Pts',(-1.92292505214433E-16,-1.57018746424124,
-3.0125));
#7935=CARTESIAN_POINT('Ctrl Pts',(0.906548155157855,-1.57018746424124,-2.95416666666667));
#7936=CARTESIAN_POINT('Ctrl Pts',(1.35982223273678,-0.78509373212062,-2.89583333333333));
#7937=CARTESIAN_POINT('Ctrl Pts',(1.81309631031571,-3.33060388946102E-16,
-2.8375));
#7938=CARTESIAN_POINT('Ctrl Pts',(1.35982223273678,0.785093732120619,-2.77916666666667));
#7939=CARTESIAN_POINT('Ctrl Pts',(0.906548155157856,1.57018746424124,-2.72083333333333));
#7940=CARTESIAN_POINT('Ctrl Pts',(0.,1.57018746424124,-2.6625));
#7941=CARTESIAN_POINT('Ctrl Pts',(-0.906548155157855,1.57018746424124,-2.60416666666667));
#7942=CARTESIAN_POINT('Ctrl Pts',(-1.35982223273678,0.78509373212062,-2.54583333333333));
#7943=CARTESIAN_POINT('Ctrl Pts',(-1.81309631031571,1.11020129648701E-16,
-2.4875));
#7944=CARTESIAN_POINT('Ctrl Pts',(-1.35982223273678,-0.78509373212062,-2.42916666666667));
#7945=CARTESIAN_POINT('Ctrl Pts',(-0.906548155157856,-1.57018746424124,
-2.37083333333333));
#7946=CARTESIAN_POINT('Ctrl Pts',(-1.92292505214433E-16,-1.57018746424124,
-2.3125));
#7947=CARTESIAN_POINT('Ctrl Pts',(0.906548155157855,-1.57018746424124,-2.25416666666667));
#7948=CARTESIAN_POINT('Ctrl Pts',(1.35982223273678,-0.78509373212062,-2.19583333333333));
#7949=CARTESIAN_POINT('Ctrl Pts',(1.81309631031571,-3.33060388946102E-16,
-2.1375));
#7950=CARTESIAN_POINT('Ctrl Pts',(1.35982223273678,0.785093732120619,-2.07916666666667));
#7951=CARTESIAN_POINT('Ctrl Pts',(0.906548155157856,1.57018746424124,-2.02083333333333));
#7952=CARTESIAN_POINT('Ctrl Pts',(0.,1.57018746424124,-1.9625));
#7953=CARTESIAN_POINT('Ctrl Pts',(-0.906548155157855,1.57018746424124,-1.90416666666667));
#7954=CARTESIAN_POINT('Ctrl Pts',(-1.35982223273678,0.78509373212062,-1.84583333333333));
#7955=CARTESIAN_POINT('Ctrl Pts',(-1.81309631031571,1.11020129648701E-16,
-1.7875));
#7956=CARTESIAN_POINT('Ctrl Pts',(-1.35982223273678,-0.78509373212062,-1.72916666666667));
#7957=CARTESIAN_POINT('Ctrl Pts',(-0.906548155157856,-1.57018746424124,
-1.67083333333333));
#7958=CARTESIAN_POINT('Ctrl Pts',(-1.92292505214433E-16,-1.57018746424124,
-1.6125));
#7959=CARTESIAN_POINT('Ctrl Pts',(0.906548155157855,-1.57018746424124,-1.55416666666667));
#7960=CARTESIAN_POINT('Ctrl Pts',(1.35982223273678,-0.78509373212062,-1.49583333333333));
#7961=CARTESIAN_POINT('Ctrl Pts',(1.81309631031571,-3.33060388946102E-16,
-1.4375));
#7962=CARTESIAN_POINT('Ctrl Pts',(1.35982223273678,0.785093732120619,-1.37916666666667));
#7963=CARTESIAN_POINT('Ctrl Pts',(0.906548155157856,1.57018746424124,-1.32083333333333));
#7964=CARTESIAN_POINT('Ctrl Pts',(0.,1.57018746424124,-1.2625));
#7965=CARTESIAN_POINT('Ctrl Pts',(-0.906548155157855,1.57018746424124,-1.20416666666667));
#7966=CARTESIAN_POINT('Ctrl Pts',(-1.35982223273678,0.78509373212062,-1.14583333333333));
#7967=CARTESIAN_POINT('Ctrl Pts',(-1.81309631031571,1.11020129648701E-16,
-1.0875));
#7968=CARTESIAN_POINT('Ctrl Pts',(-1.35982223273678,-0.78509373212062,-1.02916666666667));
#7969=CARTESIAN_POINT('Ctrl Pts',(-0.906548155157856,-1.57018746424124,
-0.970833333333332));
#7970=CARTESIAN_POINT('Ctrl Pts',(-1.92292505214433E-16,-1.57018746424124,
-0.912499999999999));
#7971=CARTESIAN_POINT('Ctrl Pts',(0.906548155157855,-1.57018746424124,-0.854166666666665));
#7972=CARTESIAN_POINT('Ctrl Pts',(1.35982223273678,-0.78509373212062,-0.795833333333332));
#7973=CARTESIAN_POINT('Ctrl Pts',(1.81309631031571,-3.33060388946102E-16,
-0.737499999999999));
#7974=CARTESIAN_POINT('Ctrl Pts',(1.35982223273678,0.785093732120619,-0.679166666666666));
#7975=CARTESIAN_POINT('Ctrl Pts',(0.906548155157856,1.57018746424124,-0.620833333333333));
#7976=CARTESIAN_POINT('Ctrl Pts',(0.,1.57018746424124,-0.562499999999999));
#7977=CARTESIAN_POINT('Ctrl Pts',(-0.906548155157855,1.57018746424124,-0.504166666666666));
#7978=CARTESIAN_POINT('Ctrl Pts',(-1.35982223273678,0.78509373212062,-0.445833333333333));
#7979=CARTESIAN_POINT('Ctrl Pts',(-1.81309631031571,1.11020129648701E-16,
-0.387499999999999));
#7980=CARTESIAN_POINT('Ctrl Pts',(-1.35982223273678,-0.78509373212062,-0.329166666666665));
#7981=CARTESIAN_POINT('Ctrl Pts',(-0.906548155157856,-1.57018746424124,
-0.270833333333333));
#7982=CARTESIAN_POINT('Ctrl Pts',(-1.92292505214433E-16,-1.57018746424124,
-0.212499999999999));
#7983=CARTESIAN_POINT('Ctrl Pts',(0.906548155157855,-1.57018746424124,-0.154166666666665));
#7984=CARTESIAN_POINT('Ctrl Pts',(1.35982223273678,-0.78509373212062,-0.0958333333333332));
#7985=CARTESIAN_POINT('Ctrl Pts',(1.81309631031571,-3.33060388946102E-16,
-0.0374999999999993));
#7986=CARTESIAN_POINT('Ctrl Pts',(1.35982223273678,0.785093732120619,0.0208333333333345));
#7987=CARTESIAN_POINT('Ctrl Pts',(0.906548155157856,1.57018746424124,0.0791666666666683));
#7988=CARTESIAN_POINT('Ctrl Pts',(0.,1.57018746424124,0.1375));
#7989=CARTESIAN_POINT('Ctrl Pts',(-0.906548155157855,1.57018746424124,0.195833333333334));
#7990=CARTESIAN_POINT('Ctrl Pts',(-1.35982223273678,0.78509373212062,0.254166666666668));
#7991=CARTESIAN_POINT('Ctrl Pts',(-1.81309631031571,1.11020129648701E-16,
0.3125));
#7992=CARTESIAN_POINT('Ctrl Pts',(-1.35982223273678,-0.78509373212062,0.370833333333334));
#7993=CARTESIAN_POINT('Ctrl Pts',(-0.906548155157856,-1.57018746424124,
0.429166666666668));
#7994=CARTESIAN_POINT('Ctrl Pts',(-1.92292505214433E-16,-1.57018746424124,
0.4875));
#7995=CARTESIAN_POINT('Ctrl Pts',(0.906548155157855,-1.57018746424124,0.545833333333334));
#7996=CARTESIAN_POINT('Ctrl Pts',(1.35982223273678,-0.78509373212062,0.604166666666668));
#7997=CARTESIAN_POINT('Ctrl Pts',(1.81309631031571,-3.33060388946102E-16,
0.662500000000002));
#7998=CARTESIAN_POINT('Ctrl Pts',(1.35982223273678,0.785093732120619,0.720833333333334));
#7999=CARTESIAN_POINT('Ctrl Pts',(0.906548155157856,1.57018746424124,0.779166666666668));
#8000=CARTESIAN_POINT('Ctrl Pts',(0.,1.57018746424124,0.837500000000002));
#8001=CARTESIAN_POINT('Ctrl Pts',(-0.906548155157855,1.57018746424124,0.895833333333333));
#8002=CARTESIAN_POINT('Ctrl Pts',(-1.35982223273678,0.78509373212062,0.954166666666667));
#8003=CARTESIAN_POINT('Ctrl Pts',(-1.81309631031571,1.11020129648701E-16,
1.0125));
#8004=CARTESIAN_POINT('Ctrl Pts',(-1.35982223273678,-0.78509373212062,1.07083333333333));
#8005=CARTESIAN_POINT('Ctrl Pts',(-0.906548155157856,-1.57018746424124,
1.12916666666667));
#8006=CARTESIAN_POINT('Ctrl Pts',(-1.92292505214433E-16,-1.57018746424124,
1.1875));
#8007=CARTESIAN_POINT('Ctrl Pts',(0.906548155157855,-1.57018746424124,1.24583333333333));
#8008=CARTESIAN_POINT('Ctrl Pts',(1.35982223273678,-0.78509373212062,1.30416666666667));
#8009=CARTESIAN_POINT('Ctrl Pts',(1.81309631031571,-3.33060388946102E-16,
1.3625));
#8010=CARTESIAN_POINT('Ctrl Pts',(1.35982223273678,0.785093732120619,1.42083333333333));
#8011=CARTESIAN_POINT('Ctrl Pts',(0.906548155157856,1.57018746424124,1.47916666666667));
#8012=CARTESIAN_POINT('Ctrl Pts',(0.,1.57018746424124,1.5375));
#8013=CARTESIAN_POINT('Ctrl Pts',(-0.906548155157855,1.57018746424124,1.59583333333333));
#8014=CARTESIAN_POINT('Ctrl Pts',(-1.35982223273678,0.78509373212062,1.65416666666667));
#8015=CARTESIAN_POINT('Ctrl Pts',(-1.81309631031571,1.11020129648701E-16,
1.7125));
#8016=CARTESIAN_POINT('Ctrl Pts',(-1.35982223273678,-0.78509373212062,1.77083333333333));
#8017=CARTESIAN_POINT('Ctrl Pts',(-0.906548155157856,-1.57018746424124,
1.82916666666667));
#8018=CARTESIAN_POINT('Ctrl Pts',(-1.92292505214433E-16,-1.57018746424124,
1.8875));
#8019=CARTESIAN_POINT('Ctrl Pts',(0.906548155157855,-1.57018746424124,1.94583333333333));
#8020=CARTESIAN_POINT('Ctrl Pts',(1.35982223273678,-0.78509373212062,2.00416666666667));
#8021=CARTESIAN_POINT('Ctrl Pts',(1.81309631031571,-3.33060388946102E-16,
2.0625));
#8022=CARTESIAN_POINT('Ctrl Pts',(1.35982223273678,0.785093732120619,2.12083333333333));
#8023=CARTESIAN_POINT('Ctrl Pts',(0.906548155157856,1.57018746424124,2.17916666666667));
#8024=CARTESIAN_POINT('Ctrl Pts',(0.,1.57018746424124,2.2375));
#8025=CARTESIAN_POINT('Ctrl Pts',(-0.756138444976442,1.57018746424124,2.28615497293884));
#8026=CARTESIAN_POINT('Ctrl Pts',(-1.22759771451074,0.979026314349284,2.33845375961978));
#8027=CARTESIAN_POINT('Origin',(0.,0.,2.6));
#8028=CARTESIAN_POINT('',(1.88302675798032,-0.306650053607688,0.39));
#8029=CARTESIAN_POINT('',(1.88302675798032,0.306650053607704,0.39));
#8030=CARTESIAN_POINT('Origin',(0.,0.,0.39));
#8031=CARTESIAN_POINT('',(2.34414529542105,-0.463959001120688,2.18804949776598));
#8032=CARTESIAN_POINT('Ctrl Pts',(1.88302675798025,-0.306650053607662,0.389999999999703));
#8033=CARTESIAN_POINT('Ctrl Pts',(2.08905762374619,-0.37672455109491,1.19095517136869));
#8034=CARTESIAN_POINT('Ctrl Pts',(2.34414529542104,-0.463959001120688,2.18804949776598));
#8035=CARTESIAN_POINT('',(2.34414529542104,0.463959001120709,2.18804949776598));
#8036=CARTESIAN_POINT('Origin',(0.,7.78477776693923E-16,2.18804949776598));
#8037=CARTESIAN_POINT('Ctrl Pts',(1.88302675798024,0.306650053607679,0.389999999999705));
#8038=CARTESIAN_POINT('Ctrl Pts',(2.08905762374823,0.376724551095625,1.19095517137665));
#8039=CARTESIAN_POINT('Ctrl Pts',(2.34414529542104,0.463959001120709,2.18804949776598));
#8040=CARTESIAN_POINT('Origin',(0.,7.78477776693923E-16,-4.53675345116591));
#8041=CARTESIAN_POINT('',(0.,2.98535296946807,1.94560086423653));
#8042=CARTESIAN_POINT('',(-3.65600295838412E-16,-2.98535296946807,1.94560086423653));
#8043=CARTESIAN_POINT('Origin',(0.,-2.38267387080559E-16,1.94560086423653));
#8044=CARTESIAN_POINT('Origin',(0.,-2.38267387080559E-16,1.94560086423653));
#8045=CARTESIAN_POINT('',(-0.463959001120717,2.34414529542104,2.18804949776598));
#8046=CARTESIAN_POINT('',(0.463959001120712,2.34414529542104,2.18804949776598));
#8047=CARTESIAN_POINT('Origin',(0.,7.78477776693923E-16,2.18804949776598));
#8048=CARTESIAN_POINT('',(0.488892739020868,1.24779062842354,2.47304342606809));
#8049=CARTESIAN_POINT('Origin',(-0.123440177373517,7.45005016475942E-16,
-4.5259538350221));
#8050=CARTESIAN_POINT('',(0.714851023772029,0.714851023772027,2.52803429160122));
#8051=CARTESIAN_POINT('Origin',(0.289644872926262,0.119974834637887,-4.56418196531491));
#8052=CARTESIAN_POINT('',(1.24779062842354,0.488892739020864,2.47304342606809));
#8053=CARTESIAN_POINT('Origin',(0.119974834637887,0.289644872926262,-4.56418196531491));
#8054=CARTESIAN_POINT('Origin',(0.,-0.123440177373521,-4.5259538350221));
#8055=CARTESIAN_POINT('',(1.24779062842354,-0.488892739020855,2.47304342606809));
#8056=CARTESIAN_POINT('Origin',(-1.32643998750733E-15,0.123440177373517,
-4.5259538350221));
#8057=CARTESIAN_POINT('',(0.714851023772035,-0.714851023772022,2.52803429160122));
#8058=CARTESIAN_POINT('Origin',(0.11997483463789,-0.289644872926261,-4.56418196531491));
#8059=CARTESIAN_POINT('',(0.488892739020877,-1.24779062842353,2.47304342606809));
#8060=CARTESIAN_POINT('Origin',(0.289644872926263,-0.119974834637884,-4.56418196531491));
#8061=CARTESIAN_POINT('',(0.463959001120734,-2.34414529542104,2.18804949776598));
#8062=CARTESIAN_POINT('Origin',(-0.123440177373521,-5.14489450595479E-16,
-4.5259538350221));
#8063=CARTESIAN_POINT('',(-0.463959001120696,-2.34414529542104,2.18804949776598));
#8064=CARTESIAN_POINT('Origin',(0.,7.78477776693923E-16,2.18804949776598));
#8065=CARTESIAN_POINT('',(-0.488892739020859,-1.24779062842354,2.47304342606809));
#8066=CARTESIAN_POINT('Origin',(0.123440177373517,1.67392868843814E-15,
-4.5259538350221));
#8067=CARTESIAN_POINT('',(-0.714851023772024,-0.714851023772032,2.52803429160122));
#8068=CARTESIAN_POINT('Origin',(-0.289644872926262,-0.119974834637888,-4.56418196531491));
#8069=CARTESIAN_POINT('',(-1.24779062842353,-0.488892739020873,2.47304342606809));
#8070=CARTESIAN_POINT('Origin',(-0.119974834637886,-0.289644872926263,-4.56418196531491));
#8071=CARTESIAN_POINT('',(-2.34414529542104,-0.463959001120725,2.18804949776598));
#8072=CARTESIAN_POINT('Origin',(-8.61978151526262E-16,0.123440177373521,
-4.5259538350221));
#8073=CARTESIAN_POINT('',(-2.34414529542104,0.463959001120704,2.18804949776598));
#8074=CARTESIAN_POINT('Origin',(0.,7.78477776693923E-16,2.18804949776598));
#8075=CARTESIAN_POINT('',(-1.24779062842354,0.488892739020864,2.47304342606809));
#8076=CARTESIAN_POINT('Origin',(4.64461835981104E-16,-0.123440177373517,
-4.5259538350221));
#8077=CARTESIAN_POINT('',(-0.714851023772029,0.714851023772027,2.52803429160122));
#8078=CARTESIAN_POINT('Origin',(-0.119974834637887,0.289644872926262,-4.56418196531491));
#8079=CARTESIAN_POINT('',(-0.488892739020869,1.24779062842353,2.47304342606809));
#8080=CARTESIAN_POINT('Origin',(-0.289644872926262,0.119974834637887,-4.56418196531491));
#8081=CARTESIAN_POINT('Origin',(0.123440177373521,1.20946685245706E-15,
-4.5259538350221));
#8082=CARTESIAN_POINT('Origin',(0.,-1.89287762503503E-16,1.54565187803776));
#8083=CARTESIAN_POINT('',(0.,3.5,5.05448929262833E-18));
#8084=CARTESIAN_POINT('',(-4.28626379701574E-16,-3.5,-8.32667268468867E-16));
#8085=CARTESIAN_POINT('Origin',(0.,5.2491592393165E-32,-4.28626379701573E-16));
#8086=CARTESIAN_POINT('Origin',(0.,5.2491592393165E-32,-4.28626379701573E-16));
#8087=CARTESIAN_POINT('',(-4.02023719560383E-16,-3.28277279490125,1.54565187803776));
#8088=CARTESIAN_POINT('',(-4.02023719560383E-16,-3.28277279490125,1.54565187803776));
#8089=CARTESIAN_POINT('',(0.,3.28277279490125,1.54565187803776));
#8090=CARTESIAN_POINT('Origin',(0.,-1.89287762503503E-16,1.54565187803776));
#8091=CARTESIAN_POINT('Origin',(0.,-1.89287762503503E-16,1.54565187803776));
#8092=CARTESIAN_POINT('Origin',(0.,0.,1.47328186553852));
#8093=CARTESIAN_POINT('Origin',(-3.38961831284909E-16,-2.76783339915564,
1.47328186553852));
#8094=CARTESIAN_POINT('Origin',(0.,0.,0.));
#8095=CARTESIAN_POINT('Origin',(0.,0.,2.6));
#8096=CARTESIAN_POINT('',(-0.306650053607711,1.88302675798032,0.39));
#8097=CARTESIAN_POINT('Ctrl Pts',(-0.306650053607685,1.88302675798024,0.389999999999704));
#8098=CARTESIAN_POINT('Ctrl Pts',(-0.376724551095515,2.08905762374789,1.19095517137531));
#8099=CARTESIAN_POINT('Ctrl Pts',(-0.463959001120717,2.34414529542104,2.18804949776598));
#8100=CARTESIAN_POINT('',(0.306650053607708,1.88302675798032,0.39));
#8101=CARTESIAN_POINT('Origin',(0.,0.,0.39));
#8102=CARTESIAN_POINT('Ctrl Pts',(0.306650053607682,1.88302675798024,0.389999999999705));
#8103=CARTESIAN_POINT('Ctrl Pts',(0.376724551095587,2.08905762374811,1.19095517137618));
#8104=CARTESIAN_POINT('Ctrl Pts',(0.463959001120712,2.34414529542104,2.18804949776598));
#8105=CARTESIAN_POINT('Origin',(0.500000000000001,1.35582923364959E-16,
2.6));
#8106=CARTESIAN_POINT('',(0.306650053607708,1.21154030443038,0.39));
#8107=CARTESIAN_POINT('',(0.306650053607708,8.31530214363087E-17,0.39));
#8108=CARTESIAN_POINT('',(0.49811186384398,1.24962442636727,2.57841850498195));
#8109=CARTESIAN_POINT('Origin',(0.868718433538224,0.359834957055033,2.6));
#8110=CARTESIAN_POINT('',(0.571686271844068,0.571686271844067,0.39));
#8111=CARTESIAN_POINT('',(0.69008637545423,0.285843135922026,0.39));
#8112=CARTESIAN_POINT('',(0.71873319722088,0.718733197220879,2.58601099220532));
#8113=CARTESIAN_POINT('Origin',(0.359834957055036,0.868718433538223,2.6));
#8114=CARTESIAN_POINT('',(1.21154030443038,0.306650053607705,0.39));
#8115=CARTESIAN_POINT('',(0.285843135922028,0.690086375454229,0.39));
#8116=CARTESIAN_POINT('',(1.25028949446948,0.501455386979156,2.61663514929254));
#8117=CARTESIAN_POINT('Origin',(0.,0.499999999999997,2.6));
#8118=CARTESIAN_POINT('',(0.,0.306650053607704,0.39));
#8119=CARTESIAN_POINT('Origin',(0.,0.,0.39));
#8120=CARTESIAN_POINT('',(-0.306650053607709,1.21154030443038,0.39));
#8121=CARTESIAN_POINT('',(-0.306650053607704,-1.07066293972655E-15,0.39));
#8122=CARTESIAN_POINT('',(-0.571686271844068,0.571686271844066,0.39));
#8123=CARTESIAN_POINT('',(-0.69008637545423,0.285843135922026,0.39));
#8124=CARTESIAN_POINT('',(-1.21154030443038,0.306650053607704,0.39));
#8125=CARTESIAN_POINT('',(-0.285843135922029,0.690086375454229,0.39));
#8126=CARTESIAN_POINT('',(-1.88302675798032,0.306650053607701,0.39));
#8127=CARTESIAN_POINT('',(-1.15381596116287E-15,0.306650053607708,0.39));
#8128=CARTESIAN_POINT('',(-1.88302675798032,-0.306650053607718,0.39));
#8129=CARTESIAN_POINT('Origin',(0.,0.,0.39));
#8130=CARTESIAN_POINT('',(-1.21154030443038,-0.306650053607713,0.39));
#8131=CARTESIAN_POINT('',(2.14132587945309E-15,-0.306650053607704,0.39));
#8132=CARTESIAN_POINT('',(-0.571686271844064,-0.571686271844071,0.39));
#8133=CARTESIAN_POINT('',(-0.285843135922024,-0.690086375454231,0.39));
#8134=CARTESIAN_POINT('',(-0.306650053607699,-1.21154030443038,0.39));
#8135=CARTESIAN_POINT('',(-0.690086375454228,-0.285843135922031,0.39));
#8136=CARTESIAN_POINT('',(-0.306650053607695,-1.88302675798032,0.39));
#8137=CARTESIAN_POINT('',(-0.306650053607708,-2.22447890088943E-15,0.39));
#8138=CARTESIAN_POINT('',(0.306650053607724,-1.88302675798032,0.39));
#8139=CARTESIAN_POINT('Origin',(0.,0.,0.39));
#8140=CARTESIAN_POINT('',(0.306650053607717,-1.21154030443038,0.39));
#8141=CARTESIAN_POINT('',(0.306650053607704,3.21198881917964E-15,0.39));
#8142=CARTESIAN_POINT('',(0.571686271844072,-0.571686271844062,0.39));
#8143=CARTESIAN_POINT('',(0.690086375454232,-0.285843135922021,0.39));
#8144=CARTESIAN_POINT('',(1.21154030443038,-0.306650053607695,0.39));
#8145=CARTESIAN_POINT('',(0.285843135922034,-0.690086375454227,0.39));
#8146=CARTESIAN_POINT('',(3.29514184061599E-15,-0.306650053607708,0.39));
#8147=CARTESIAN_POINT('Origin',(0.,0.,2.6));
#8148=CARTESIAN_POINT('Ctrl Pts',(-1.88302675798025,-0.306650053607692,
0.389999999999703));
#8149=CARTESIAN_POINT('Ctrl Pts',(-2.08905762374668,-0.376724551095113,
1.19095517137063));
#8150=CARTESIAN_POINT('Ctrl Pts',(-2.34414529542103,-0.463959001120726,
2.18804949776598));
#8151=CARTESIAN_POINT('Ctrl Pts',(-1.88302675798024,0.306650053607675,0.389999999999705));
#8152=CARTESIAN_POINT('Ctrl Pts',(-2.08905762374777,0.376724551095463,1.19095517137484));
#8153=CARTESIAN_POINT('Ctrl Pts',(-2.34414529542104,0.463959001120704,2.18804949776598));
#8154=CARTESIAN_POINT('Origin',(-1.88132359278653E-15,0.500000000000001,
2.6));
#8155=CARTESIAN_POINT('',(-1.24962442636727,0.498111863843975,2.57841850498195));
#8156=CARTESIAN_POINT('Origin',(-0.359834957055037,0.868718433538223,2.6));
#8157=CARTESIAN_POINT('',(-0.718733197220881,0.718733197220878,2.58601099220532));
#8158=CARTESIAN_POINT('Origin',(-0.868718433538224,0.359834957055033,2.6));
#8159=CARTESIAN_POINT('',(-0.50145538697916,1.25028949446948,2.61663514929254));
#8160=CARTESIAN_POINT('Origin',(-0.499999999999997,-1.74574066942156E-15,
2.6));
#8161=CARTESIAN_POINT('Origin',(0.,0.,2.6));
#8162=CARTESIAN_POINT('Ctrl Pts',(0.306650053607698,-1.88302675798025,0.389999999999702));
#8163=CARTESIAN_POINT('Ctrl Pts',(0.376724551094911,-2.08905762374607,1.19095517136824));
#8164=CARTESIAN_POINT('Ctrl Pts',(0.463959001120734,-2.34414529542103,2.18804949776598));
#8165=CARTESIAN_POINT('Ctrl Pts',(-0.306650053607669,-1.88302675798024,
0.389999999999704));
#8166=CARTESIAN_POINT('Ctrl Pts',(-0.376724551095452,-2.08905762374776,
1.1909551713748));
#8167=CARTESIAN_POINT('Ctrl Pts',(-0.463959001120696,-2.34414529542104,
2.18804949776598));
#8168=CARTESIAN_POINT('Origin',(-0.500000000000001,-3.6270642622081E-15,
2.6));
#8169=CARTESIAN_POINT('',(-0.498111863843971,-1.24962442636727,2.57841850498195));
#8170=CARTESIAN_POINT('Origin',(-0.868718433538222,-0.35983495705504,2.6));
#8171=CARTESIAN_POINT('',(-0.718733197220875,-0.718733197220884,2.58601099220532));
#8172=CARTESIAN_POINT('Origin',(-0.35983495705503,-0.868718433538226,2.6));
#8173=CARTESIAN_POINT('',(-1.25028949446948,-0.501455386979164,2.61663514929254));
#8174=CARTESIAN_POINT('Origin',(3.49148133884311E-15,-0.499999999999997,
2.6));
#8175=CARTESIAN_POINT('Origin',(5.37280493162967E-15,-0.500000000000001,
2.6));
#8176=CARTESIAN_POINT('',(1.24962442636727,-0.498111863843967,2.57841850498195));
#8177=CARTESIAN_POINT('Origin',(0.359834957055043,-0.868718433538221,2.6));
#8178=CARTESIAN_POINT('',(0.718733197220886,-0.718733197220873,2.58601099220532));
#8179=CARTESIAN_POINT('Origin',(0.868718433538227,-0.359834957055027,2.6));
#8180=CARTESIAN_POINT('',(0.501455386979169,-1.25028949446947,2.61663514929254));
#8181=CARTESIAN_POINT('Origin',(0.499999999999997,5.23722200826467E-15,
2.6));
#8182=CARTESIAN_POINT('',(0.,0.,0.));
#8183=CARTESIAN_POINT('Origin',(0.,0.,0.));
#8184=CARTESIAN_POINT('',(-2.,-5.73492783668705E-16,7.01324897899894));
#8185=CARTESIAN_POINT('',(-2.,2.68778735116769E-15,7.14925102100106));
#8186=CARTESIAN_POINT('',(-2.,-2.44929359829471E-16,0.));
#8187=CARTESIAN_POINT('',(1.9563146679295,0.415731788589556,7.475));
#8188=CARTESIAN_POINT('Ctrl Pts',(1.95631466792951,0.415731788589548,7.475));
#8189=CARTESIAN_POINT('Ctrl Pts',(1.91489832436326,0.610625233436633,7.46363121571726));
#8190=CARTESIAN_POINT('Ctrl Pts',(1.84458713172561,0.798262154830364,7.45268572863593));
#8191=CARTESIAN_POINT('Ctrl Pts',(1.65140091629327,1.14546345153301,7.43243231966161));
#8192=CARTESIAN_POINT('Ctrl Pts',(1.52992415844475,1.30330422688888,7.42186025029625));
#8193=CARTESIAN_POINT('Ctrl Pts',(1.19892632666153,1.62199279487537,7.3958437694262));
#8194=CARTESIAN_POINT('Ctrl Pts',(0.976979436056852,1.76459290812618,7.3804722534657));
#8195=CARTESIAN_POINT('Ctrl Pts',(0.487200388538221,1.95779782138336,7.35009437948114));
#8196=CARTESIAN_POINT('Ctrl Pts',(0.223672185514359,2.0050470121488,7.33569773021727));
#8197=CARTESIAN_POINT('Ctrl Pts',(-0.295923547001775,1.99431382178568,7.30913566442836));
#8198=CARTESIAN_POINT('Ctrl Pts',(-0.547161220779829,1.94047082926035,7.29487318168674));
#8199=CARTESIAN_POINT('Ctrl Pts',(-1.02498058071932,1.73763583403343,7.26481861158518));
#8200=CARTESIAN_POINT('Ctrl Pts',(-1.24556376360664,1.5869932485028,7.24928141550556));
#8201=CARTESIAN_POINT('Ctrl Pts',(-1.61128396969307,1.21273074531665,7.21988991812899));
#8202=CARTESIAN_POINT('Ctrl Pts',(-1.75446691698454,0.994377817745096,7.20725639370284));
#8203=CARTESIAN_POINT('Ctrl Pts',(-1.94932720332191,0.516221525906721,7.1793639433456));
#8204=CARTESIAN_POINT('Ctrl Pts',(-1.99953373382488,0.261142331006135,7.16448432364306));
#8205=CARTESIAN_POINT('Ctrl Pts',(-1.99999892265934,0.00239709648094593,
7.1493908516291));
#8206=CARTESIAN_POINT('Ctrl Pts',(-2.,0.00119852170903344,7.14932093476742));
#8207=CARTESIAN_POINT('Ctrl Pts',(-2.,5.97130027906701E-15,7.14925102100106));
#8208=CARTESIAN_POINT('',(1.07209037607738,-1.68837857885081,7.475));
#8209=CARTESIAN_POINT('Origin',(0.,0.,7.475));
#8210=CARTESIAN_POINT('Ctrl Pts',(-2.,3.64983465221201E-16,7.01324897899894));
#8211=CARTESIAN_POINT('Ctrl Pts',(-2.,0.0893729251577451,7.01846239963314));
#8212=CARTESIAN_POINT('Ctrl Pts',(-1.99400952323953,0.178837543207363,7.02368116901938));
#8213=CARTESIAN_POINT('Ctrl Pts',(-1.94794370243904,0.519784958407537,7.04356976823939));
#8214=CARTESIAN_POINT('Ctrl Pts',(-1.86614117553428,0.763036995625609,7.05775947041045));
#8215=CARTESIAN_POINT('Ctrl Pts',(-1.61049750429716,1.21511765815979,7.08413084239161));
#8216=CARTESIAN_POINT('Ctrl Pts',(-1.43546457156953,1.41766167418657,7.09874709869204));
#8217=CARTESIAN_POINT('Ctrl Pts',(-1.01972006012891,1.74019929712142,7.12915708901715));
#8218=CARTESIAN_POINT('Ctrl Pts',(-0.784154874371425,1.8582878222075,7.14450165471376));
#8219=CARTESIAN_POINT('Ctrl Pts',(-0.288153578800816,1.99530923760708,7.17355517979557));
#8220=CARTESIAN_POINT('Ctrl Pts',(-0.0331968532480118,2.01573082651477,
7.1861131196617));
#8221=CARTESIAN_POINT('Ctrl Pts',(0.48246167948089,1.95897654973825,7.21381856709393));
#8222=CARTESIAN_POINT('Ctrl Pts',(0.737695407537053,1.87779844871571,7.22908019709704));
#8223=CARTESIAN_POINT('Ctrl Pts',(1.19530102456092,1.62414044593948,7.25959594405135));
#8224=CARTESIAN_POINT('Ctrl Pts',(1.39467190428216,1.45653528497861,7.27455627563183));
#8225=CARTESIAN_POINT('Ctrl Pts',(1.71843328490178,1.05515265467485,7.30261909453791));
#8226=CARTESIAN_POINT('Ctrl Pts',(1.83989268908188,0.825324839361948,7.31510503003618));
#8227=CARTESIAN_POINT('Ctrl Pts',(1.99113729958689,0.325007572472904,7.34429020393804));
#8228=CARTESIAN_POINT('Ctrl Pts',(2.01663353672943,0.0585675296332971,7.35983253977035));
#8229=CARTESIAN_POINT('Ctrl Pts',(1.96330724816284,-0.458780928618972,7.39001119983506));
#8230=CARTESIAN_POINT('Ctrl Pts',(1.88885633796385,-0.705209698725156,7.40438621142459));
#8231=CARTESIAN_POINT('Ctrl Pts',(1.69072680607839,-1.08189805427851,7.42635969883187));
#8232=CARTESIAN_POINT('Ctrl Pts',(1.59240282952634,-1.22202433368019,7.43511277936466));
#8233=CARTESIAN_POINT('Ctrl Pts',(1.35799149243055,-1.4789417564182,7.45444823094469));
#8234=CARTESIAN_POINT('Ctrl Pts',(1.22168163859669,-1.59339078707176,7.46467244911743));
#8235=CARTESIAN_POINT('Ctrl Pts',(1.07209037607669,-1.68837857885124,7.47500000000005));
#8236=CARTESIAN_POINT('Origin',(0.,0.,0.));
#8237=CARTESIAN_POINT('',(-2.,-1.07827950586181E-16,6.31324897899894));
#8238=CARTESIAN_POINT('',(-2.,-3.92150909230394E-15,6.44925102100106));
#8239=CARTESIAN_POINT('',(-2.,-2.44929359829471E-16,0.));
#8240=CARTESIAN_POINT('Ctrl Pts',(-2.,5.96744875736022E-15,7.14925102100106));
#8241=CARTESIAN_POINT('Ctrl Pts',(-2.,-0.266584083210659,7.13370028281377));
#8242=CARTESIAN_POINT('Ctrl Pts',(-1.94669942332596,-0.530542935725936,
7.1183026830837));
#8243=CARTESIAN_POINT('Ctrl Pts',(-1.74468280820593,-1.01019175514775,7.09032316861742));
#8244=CARTESIAN_POINT('Ctrl Pts',(-1.60258289665497,-1.22317081144528,7.07786805984402));
#8245=CARTESIAN_POINT('Ctrl Pts',(-1.24146129518752,-1.58956081683904,7.04893848997767));
#8246=CARTESIAN_POINT('Ctrl Pts',(-1.02398115471556,-1.73763630700989,7.03363292747043));
#8247=CARTESIAN_POINT('Ctrl Pts',(-0.540449818890698,-1.94374592771887,
7.00319428901266));
#8248=CARTESIAN_POINT('Ctrl Pts',(-0.278369597967273,-1.99819844143832,
6.98836628316214));
#8249=CARTESIAN_POINT('Ctrl Pts',(0.240577588648768,-2.00163891358246,6.96204968499274));
#8250=CARTESIAN_POINT('Ctrl Pts',(0.492538012544728,-1.95498006730389,6.94805583114447));
#8251=CARTESIAN_POINT('Ctrl Pts',(0.974702117031079,-1.76621604278436,6.91819217590476));
#8252=CARTESIAN_POINT('Ctrl Pts',(1.19887951697257,-1.62242390542824,6.90267321137249));
#8253=CARTESIAN_POINT('Ctrl Pts',(1.57624722906238,-1.25831930211434,6.87298957563696));
#8254=CARTESIAN_POINT('Ctrl Pts',(1.72659178567332,-1.04248931133618,6.86006289749565));
#8255=CARTESIAN_POINT('Ctrl Pts',(1.93460126122211,-0.568621739241204,6.83242062245678));
#8256=CARTESIAN_POINT('Ctrl Pts',(1.99156279745949,-0.315683128456418,6.817665870161));
#8257=CARTESIAN_POINT('Ctrl Pts',(2.00700006537583,0.207986710249248,6.78711846290317));
#8258=CARTESIAN_POINT('Ctrl Pts',(1.96133272948284,0.473826627683586,6.77161113438617));
#8259=CARTESIAN_POINT('Ctrl Pts',(1.77281982710472,0.960141179220659,6.74324278554651));
#8260=CARTESIAN_POINT('Ctrl Pts',(1.6364271018475,1.17765601407677,6.73090532135288));
#8261=CARTESIAN_POINT('Ctrl Pts',(1.28565053548809,1.5539170971554,6.70221045707445));
#8262=CARTESIAN_POINT('Ctrl Pts',(1.07305441988091,1.70765714249316,6.6869864102685));
#8263=CARTESIAN_POINT('Ctrl Pts',(0.596286086048387,1.92735719089621,6.65649303867563));
#8264=CARTESIAN_POINT('Ctrl Pts',(0.335834031453529,1.98935331367075,6.6415272628428));
#8265=CARTESIAN_POINT('Ctrl Pts',(-0.182383018737001,2.0077195668084,6.61481221453483));
#8266=CARTESIAN_POINT('Ctrl Pts',(-0.435074048061254,1.96849724835366,6.6013530553527));
#8267=CARTESIAN_POINT('Ctrl Pts',(-0.921364385778764,1.79450209028591,6.5717117090545));
#8268=CARTESIAN_POINT('Ctrl Pts',(-1.14907425852565,1.657944898961,6.55622530979553));
#8269=CARTESIAN_POINT('Ctrl Pts',(-1.53850390886135,1.30464241795237,6.52624738917241));
#8270=CARTESIAN_POINT('Ctrl Pts',(-1.69641420096737,1.09143518834583,6.51291807365455));
#8271=CARTESIAN_POINT('Ctrl Pts',(-1.91798203532578,0.622094109357331,6.48553984404689));
#8272=CARTESIAN_POINT('Ctrl Pts',(-1.98181101032437,0.371541476402834,6.47092427379121));
#8273=CARTESIAN_POINT('Ctrl Pts',(-1.99888363608285,0.0772009349502425,
6.45375440887315));
#8274=CARTESIAN_POINT('Ctrl Pts',(-2.,0.0385811757609951,6.45150158958712));
#8275=CARTESIAN_POINT('Ctrl Pts',(-2.,-5.38663966087686E-15,6.44925102100106));
#8276=CARTESIAN_POINT('Ctrl Pts',(-2.,9.0205620750794E-16,6.31324897899894));
#8277=CARTESIAN_POINT('Ctrl Pts',(-2.,0.128443011706164,6.32074148801513));
#8278=CARTESIAN_POINT('Ctrl Pts',(-1.9876268179131,0.256896071688473,6.32823458318077));
#8279=CARTESIAN_POINT('Ctrl Pts',(-1.91428293082515,0.632236411259719,6.35012943632243));
#8280=CARTESIAN_POINT('Ctrl Pts',(-1.8188935686355,0.86935106213452,6.36338458280679));
#8281=CARTESIAN_POINT('Ctrl Pts',(-1.53832703879799,1.30532401452752,6.39027416221856));
#8282=CARTESIAN_POINT('Ctrl Pts',(-1.35191939950429,1.49752743786298,6.40529706421264));
#8283=CARTESIAN_POINT('Ctrl Pts',(-0.919665078253259,1.79487815341304,6.43580648143029));
#8284=CARTESIAN_POINT('Ctrl Pts',(-0.679195663622382,1.89896909156392,6.45099053673739));
#8285=CARTESIAN_POINT('Ctrl Pts',(-0.176488624603379,2.0084375341053,6.47957919518787));
#8286=CARTESIAN_POINT('Ctrl Pts',(0.0805899427954589,2.01456473430125,6.4918954289506));
#8287=CARTESIAN_POINT('Ctrl Pts',(0.594982564554634,1.92799058304372,6.52040667124344));
#8288=CARTESIAN_POINT('Ctrl Pts',(0.846503040656106,1.8315449192392,6.53592601854716));
#8289=CARTESIAN_POINT('Ctrl Pts',(1.28829098548231,1.55116955307811,6.56642194241966));
#8290=CARTESIAN_POINT('Ctrl Pts',(1.47647432992339,1.37327358850541,6.58111724886958));
#8291=CARTESIAN_POINT('Ctrl Pts',(1.77819398915214,0.952056051424261,6.60864507893439));
#8292=CARTESIAN_POINT('Ctrl Pts',(1.88730897773504,0.71167032716681,6.62173487658089));
#8293=CARTESIAN_POINT('Ctrl Pts',(2.00727481676762,0.200590899566989,6.65154784319088));
#8294=CARTESIAN_POINT('Ctrl Pts',(2.01621613723222,-0.0652347807748433,
6.66705434121082));
#8295=CARTESIAN_POINT('Ctrl Pts',(1.93213781593993,-0.575541108786725,6.69682221034484));
#8296=CARTESIAN_POINT('Ctrl Pts',(1.84361334654643,-0.815724068750513,6.7105716647537));
#8297=CARTESIAN_POINT('Ctrl Pts',(1.57571069978268,-1.25993390764781,6.73706173076212));
#8298=CARTESIAN_POINT('Ctrl Pts',(1.39501861968677,-1.45745328459161,6.75195094193448));
#8299=CARTESIAN_POINT('Ctrl Pts',(0.971078515557983,-1.76769894199488,6.78241644276716));
#8300=CARTESIAN_POINT('Ctrl Pts',(0.73300946359014,-1.87895304301661,6.7976881617804));
#8301=CARTESIAN_POINT('Ctrl Pts',(0.233671130163902,-2.00248582819246,6.82651684945481));
#8302=CARTESIAN_POINT('Ctrl Pts',(-0.0222773139682974,-2.01594781715052,
6.8389092429885));
#8303=CARTESIAN_POINT('Ctrl Pts',(-0.538946997536117,-1.94450784791344,
6.86709410458579));
#8304=CARTESIAN_POINT('Ctrl Pts',(-0.793900205078765,-1.85506447956141,
6.88258263350904));
#8305=CARTESIAN_POINT('Ctrl Pts',(-1.24468076476149,-1.5864892546702,6.91318867684771));
#8306=CARTESIAN_POINT('Ctrl Pts',(-1.43824164217349,-1.41339015255177,6.92801573781886));
#8307=CARTESIAN_POINT('Ctrl Pts',(-1.75048455208525,-1.00156947694429,6.95580110789863));
#8308=CARTESIAN_POINT('Ctrl Pts',(-1.86551982144552,-0.766281485979918,
6.96854922565012));
#8309=CARTESIAN_POINT('Ctrl Pts',(-1.97737832192905,-0.346990172197826,
6.99300788562075));
#8310=CARTESIAN_POINT('Ctrl Pts',(-2.,-0.173668200955405,7.00311833394321));
#8311=CARTESIAN_POINT('Ctrl Pts',(-2.,6.24500451351651E-16,7.01324897899894));
#8312=CARTESIAN_POINT('Origin',(0.,0.,0.));
#8313=CARTESIAN_POINT('',(-2.,-8.8574300934453E-16,5.61324897899894));
#8314=CARTESIAN_POINT('',(-2.,2.02859243029651E-15,5.74925102100106));
#8315=CARTESIAN_POINT('',(-2.,-2.44929359829471E-16,0.));
#8316=CARTESIAN_POINT('Ctrl Pts',(-2.,-5.96744875736022E-15,6.44925102100106));
#8317=CARTESIAN_POINT('Ctrl Pts',(-2.,-0.227020993138315,6.43600812973466));
#8318=CARTESIAN_POINT('Ctrl Pts',(-1.96134278931959,-0.452706061715365,
6.42284316740098));
#8319=CARTESIAN_POINT('Ctrl Pts',(-1.80016334280009,-0.908120212220172,
6.39627734195487));
#8320=CARTESIAN_POINT('Ctrl Pts',(-1.66959229824418,-1.13036855769718,6.38395998314901));
#8321=CARTESIAN_POINT('Ctrl Pts',(-1.32937502589665,-1.51655583348898,6.35550904089996));
#8322=CARTESIAN_POINT('Ctrl Pts',(-1.12187233373478,-1.67587607211968,6.34037954877856));
#8323=CARTESIAN_POINT('Ctrl Pts',(-0.652345453932845,-1.90911861308436,
6.30985701266979));
#8324=CARTESIAN_POINT('Ctrl Pts',(-0.393770743061725,-1.97870588315588,
6.29476466830325));
#8325=CARTESIAN_POINT('Ctrl Pts',(0.123560053241514,-2.01217497297987,6.26765389249746));
#8326=CARTESIAN_POINT('Ctrl Pts',(0.377075469832821,-1.98039713227035,6.25463011609115));
#8327=CARTESIAN_POINT('Ctrl Pts',(0.867333643151326,-1.82111901498925,6.22521756910755));
#8328=CARTESIAN_POINT('Ctrl Pts',(1.09834193705391,-1.69185838920783,6.20977735621366));
#8329=CARTESIAN_POINT('Ctrl Pts',(1.4997058084601,-1.34954881983475,6.17951716742701));
#8330=CARTESIAN_POINT('Ctrl Pts',(1.66526330045598,-1.13896540608256,6.1656906696892));
#8331=CARTESIAN_POINT('Ctrl Pts',(1.9002027454305,-0.674193553050524,6.13857897826233));
#8332=CARTESIAN_POINT('Ctrl Pts',(1.97069744393452,-0.426165825332159,6.12411069414543));
#8333=CARTESIAN_POINT('Ctrl Pts',(2.01540511840234,0.0928692028760966,6.09383365083328));
#8334=CARTESIAN_POINT('Ctrl Pts',(1.98529701668611,0.359302063997222,6.07829173393455));
#8335=CARTESIAN_POINT('Ctrl Pts',(1.82546375764143,0.856501997623096,6.04928840447304));
#8336=CARTESIAN_POINT('Ctrl Pts',(1.70059119624228,1.08346667643932,6.03689396161979));
#8337=CARTESIAN_POINT('Ctrl Pts',(1.37067876937273,1.47920846897973,6.00868492768025));
#8338=CARTESIAN_POINT('Ctrl Pts',(1.16824304500091,1.64377631141138,5.99365835427953));
#8339=CARTESIAN_POINT('Ctrl Pts',(0.706095133325165,1.88990470557611,5.96313275259372));
#8340=CARTESIAN_POINT('Ctrl Pts',(0.449555122938802,1.96678668105248,5.94793043528756));
#8341=CARTESIAN_POINT('Ctrl Pts',(-0.0667705064706426,2.01487349902595,
5.92044408824788));
#8342=CARTESIAN_POINT('Ctrl Pts',(-0.321166643743678,1.99023908374826,5.90774158339111));
#8343=CARTESIAN_POINT('Ctrl Pts',(-0.815080761942904,1.84499324751624,5.87855361970486));
#8344=CARTESIAN_POINT('Ctrl Pts',(-1.04902328907054,1.7227593418643,5.8631701207848));
#8345=CARTESIAN_POINT('Ctrl Pts',(-1.46167609556786,1.3911499312842,5.83265172386298));
#8346=CARTESIAN_POINT('Ctrl Pts',(-1.63462616877539,1.18309296975271,5.81826477756996));
#8347=CARTESIAN_POINT('Ctrl Pts',(-1.88218979791413,0.722732643873498,5.79141042522701));
#8348=CARTESIAN_POINT('Ctrl Pts',(-1.95887179092655,0.477239371588028,5.77708998434369));
#8349=CARTESIAN_POINT('Ctrl Pts',(-1.99581474564336,0.149492502922773,5.75797141700488));
#8350=CARTESIAN_POINT('Ctrl Pts',(-2.,0.0747027155839575,5.75360867941012));
#8351=CARTESIAN_POINT('Ctrl Pts',(-2.,5.97130027906701E-15,5.74925102100106));
#8352=CARTESIAN_POINT('Ctrl Pts',(-2.,2.04697370165263E-15,5.61324897899894));
#8353=CARTESIAN_POINT('Ctrl Pts',(-2.,0.165969564565222,5.62293053693191));
#8354=CARTESIAN_POINT('Ctrl Pts',(-1.97933968099413,0.331669328469947,5.63259635649302));
#8355=CARTESIAN_POINT('Ctrl Pts',(-1.87571396531696,0.738888402960715,5.65635080250498));
#8356=CARTESIAN_POINT('Ctrl Pts',(-1.76708991725039,0.970376991485812,5.66894819696918));
#8357=CARTESIAN_POINT('Ctrl Pts',(-1.46224059848225,1.39003897240813,5.69658876125156));
#8358=CARTESIAN_POINT('Ctrl Pts',(-1.26522780806875,1.57146964496207,5.71183321061422));
#8359=CARTESIAN_POINT('Ctrl Pts',(-0.818000597222825,1.84323514348006,5.74235279499594));
#8360=CARTESIAN_POINT('Ctrl Pts',(-0.573484027608697,1.93333498299948,5.75733323136963));
#8361=CARTESIAN_POINT('Ctrl Pts',(-0.0645307177778996,2.01545444381583,
5.78543976122323));
#8362=CARTESIAN_POINT('Ctrl Pts',(0.195002559807102,2.00703761846016,5.79789488341195));
#8363=CARTESIAN_POINT('Ctrl Pts',(0.704394875895223,1.89054444606583,5.82702615763658));
#8364=CARTESIAN_POINT('Ctrl Pts',(0.948579454313077,1.78059255971244,5.84256884046235));
#8365=CARTESIAN_POINT('Ctrl Pts',(1.37168501595097,1.47770031482783,5.8727777072217));
#8366=CARTESIAN_POINT('Ctrl Pts',(1.54888032609243,1.29078690839551,5.88718092724346));
#8367=CARTESIAN_POINT('Ctrl Pts',(1.82939497582704,0.851029756898938,5.91417825824233));
#8368=CARTESIAN_POINT('Ctrl Pts',(1.92637242523157,0.600078199293286,5.9282444173735));
#8369=CARTESIAN_POINT('Ctrl Pts',(2.01550771198842,0.0793350030856795,5.95862110381895));
#8370=CARTESIAN_POINT('Ctrl Pts',(2.0085727479038,-0.184946897439028,5.97403754801622));
#8371=CARTESIAN_POINT('Ctrl Pts',(1.89514119490835,-0.687458262420493,6.00335071097347));
#8372=CARTESIAN_POINT('Ctrl Pts',(1.79296028324598,-0.921638478004065,6.01621973400012));
#8373=CARTESIAN_POINT('Ctrl Pts',(1.49990192332063,-1.34930895846332,6.04349822210858));
#8374=CARTESIAN_POINT('Ctrl Pts',(1.30797722695209,-1.53606446638584,6.05864093807866));
#8375=CARTESIAN_POINT('Ctrl Pts',(0.867855976760936,-1.82039045048031,6.08916788998039));
#8376=CARTESIAN_POINT('Ctrl Pts',(0.625211546965588,-1.91732344792506,6.10425304975609));
#8377=CARTESIAN_POINT('Ctrl Pts',(0.119258294241428,-2.01278761186329,6.13259724278683));
#8378=CARTESIAN_POINT('Ctrl Pts',(-0.139039266537165,-2.01151816423776,
6.14493703886379));
#8379=CARTESIAN_POINT('Ctrl Pts',(-0.650968681474901,-1.90970440808286,
6.17376833298468));
#8380=CARTESIAN_POINT('Ctrl Pts',(-0.898841915948398,-1.80631995619405,
6.18930580971315));
#8381=CARTESIAN_POINT('Ctrl Pts',(-1.33125926466111,-1.51433507519681,6.21966695926853));
#8382=CARTESIAN_POINT('Ctrl Pts',(-1.51390222246053,-1.33176641663232,6.23421866255114));
#8383=CARTESIAN_POINT('Ctrl Pts',(-1.804888746273,-0.901099180167829,6.26147989071855));
#8384=CARTESIAN_POINT('Ctrl Pts',(-1.90789957799739,-0.655412060251543,
6.27501660881761));
#8385=CARTESIAN_POINT('Ctrl Pts',(-1.98674781951013,-0.265842764553118,
6.29774148440001));
#8386=CARTESIAN_POINT('Ctrl Pts',(-2.,-0.132926763307209,6.30549491780602));
#8387=CARTESIAN_POINT('Ctrl Pts',(-2.,-4.85722573273506E-16,6.31324897899894));
#8388=CARTESIAN_POINT('Origin',(0.,0.,0.));
#8389=CARTESIAN_POINT('',(-2.,3.63257893358771E-16,4.91324897899894));
#8390=CARTESIAN_POINT('',(-2.,-2.33857392047511E-15,5.04925102100106));
#8391=CARTESIAN_POINT('',(-2.,-2.44929359829471E-16,0.));
#8392=CARTESIAN_POINT('Ctrl Pts',(-2.,6.97358837342676E-15,5.74925102100106));
#8393=CARTESIAN_POINT('Ctrl Pts',(-2.,-0.189032128958094,5.73822414681184));
#8394=CARTESIAN_POINT('Ctrl Pts',(-1.97319824859173,-0.377506718251615,
5.72722979576971));
#8395=CARTESIAN_POINT('Ctrl Pts',(-1.84783421182225,-0.807560426499577,
5.70214332945525));
#8396=CARTESIAN_POINT('Ctrl Pts',(-1.72831208789263,-1.03902566764883,5.68959056583196));
#8397=CARTESIAN_POINT('Ctrl Pts',(-1.40803334810064,-1.44358130749405,5.66161113738095));
#8398=CARTESIAN_POINT('Ctrl Pts',(-1.21040986386288,-1.61287429498728,5.64668985271123));
#8399=CARTESIAN_POINT('Ctrl Pts',(-0.755419358740596,-1.87074024750903,
5.61618348450087));
#8400=CARTESIAN_POINT('Ctrl Pts',(-0.500954696108934,-1.95433037700056,
5.60089035542877));
#8401=CARTESIAN_POINT('Ctrl Pts',(0.0143036360228634,-2.01597250986371,
5.57306256292056));
#8402=CARTESIAN_POINT('Ctrl Pts',(0.26958895492647,-1.99792060635926,5.56057123714635));
#8403=CARTESIAN_POINT('Ctrl Pts',(0.766741957233415,-1.86550641696381,5.53159390739766));
#8404=CARTESIAN_POINT('Ctrl Pts',(1.00318445452922,-1.74974767524725,5.51627297356137));
#8405=CARTESIAN_POINT('Ctrl Pts',(1.42166563506933,-1.43146593971037,5.48584886182926));
#8406=CARTESIAN_POINT('Ctrl Pts',(1.5986622801442,-1.23067463944258,5.47105090609532));
#8407=CARTESIAN_POINT('Ctrl Pts',(1.85850797370356,-0.781313863530813,5.44481762678285));
#8408=CARTESIAN_POINT('Ctrl Pts',(1.94266783570418,-0.539127518521763,5.43070012624816));
#8409=CARTESIAN_POINT('Ctrl Pts',(2.01716462795893,-0.0263998767618201,
5.40079101381216));
#8410=CARTESIAN_POINT('Ctrl Pts',(2.00304534941542,0.239726131366722,5.38526699667133));
#8411=CARTESIAN_POINT('Ctrl Pts',(1.8732123957238,0.747512378670556,5.35564613224527));
#8412=CARTESIAN_POINT('Ctrl Pts',(1.76021280985565,0.984547106276741,5.34279108928309));
#8413=CARTESIAN_POINT('Ctrl Pts',(1.4515995457353,1.39962379602199,5.31509411510959));
#8414=CARTESIAN_POINT('Ctrl Pts',(1.2598866173325,1.57440147910178,5.30031145048964));
#8415=CARTESIAN_POINT('Ctrl Pts',(0.812184478958461,1.84709311098411,5.26974086142537));
#8416=CARTESIAN_POINT('Ctrl Pts',(0.558398522349698,1.93897364183025,5.25424021595212));
#8417=CARTESIAN_POINT('Ctrl Pts',(0.0424987773826432,2.01565531452623,5.22594136720989));
#8418=CARTESIAN_POINT('Ctrl Pts',(-0.213831433998864,2.00473340679621,5.21358671055099));
#8419=CARTESIAN_POINT('Ctrl Pts',(-0.714353501776647,1.88608986705042,5.18484082580047));
#8420=CARTESIAN_POINT('Ctrl Pts',(-0.953281460311931,1.7773222547115,5.16959823900424));
#8421=CARTESIAN_POINT('Ctrl Pts',(-1.38015822377004,1.47153669279197,5.13911446969759));
#8422=CARTESIAN_POINT('Ctrl Pts',(-1.56285654253378,1.27584699699235,5.12417727276221));
#8423=CARTESIAN_POINT('Ctrl Pts',(-1.83517486960511,0.834489321168134,5.09754732284968));
#8424=CARTESIAN_POINT('Ctrl Pts',(-1.92609174119984,0.595387255798721,5.08398194425598));
#8425=CARTESIAN_POINT('Ctrl Pts',(-1.98998099364112,0.231216849537512,5.06273867055741));
#8426=CARTESIAN_POINT('Ctrl Pts',(-2.,0.115580532618475,5.05599321873714));
#8427=CARTESIAN_POINT('Ctrl Pts',(-2.,7.97972798949331E-16,5.04925102100106));
#8428=CARTESIAN_POINT('Ctrl Pts',(-2.,1.42247325030098E-15,4.91324897899894));
#8429=CARTESIAN_POINT('Ctrl Pts',(-2.,0.20262376656644,4.92506869871532));
#8430=CARTESIAN_POINT('Ctrl Pts',(-1.96920531283276,0.404424233847365,4.93684039264004));
#8431=CARTESIAN_POINT('Ctrl Pts',(-1.83216834321516,0.841449842597877,4.96233355315048));
#8432=CARTESIAN_POINT('Ctrl Pts',(-1.71025788367604,1.06765720819109,4.97465658573783));
#8433=CARTESIAN_POINT('Ctrl Pts',(-1.38036170727371,1.47167718057991,5.00310624564609));
#8434=CARTESIAN_POINT('Ctrl Pts',(-1.1718915739206,1.64252049462518,5.0186207008049));
#8435=CARTESIAN_POINT('Ctrl Pts',(-0.709246798837164,1.8875533685551,5.04913945043663));
#8436=CARTESIAN_POINT('Ctrl Pts',(-0.461356980932468,1.96292483836862,5.06386071961881));
#8437=CARTESIAN_POINT('Ctrl Pts',(0.053745499418857,2.01625494278246,5.09143820462052));
#8438=CARTESIAN_POINT('Ctrl Pts',(0.316199800745648,1.99203738545205,5.1044550504301));
#8439=CARTESIAN_POINT('Ctrl Pts',(0.819409718947576,1.84337613869602,5.1342122368621));
#8440=CARTESIAN_POINT('Ctrl Pts',(1.0549343719881,1.71946926312363,5.14972445681008));
#8441=CARTESIAN_POINT('Ctrl Pts',(1.45685270657589,1.39357090614623,5.17953399568857));
#8442=CARTESIAN_POINT('Ctrl Pts',(1.62174045901393,1.19763200127923,5.19338711225765));
#8443=CARTESIAN_POINT('Ctrl Pts',(1.87498251168618,0.74480436372862,5.21980205778144));
#8444=CARTESIAN_POINT('Ctrl Pts',(1.95707193671687,0.490011209972728,5.23466499175053));
#8445=CARTESIAN_POINT('Ctrl Pts',(2.01662989516614,-0.0320648007311859,
5.26511942570826));
#8446=CARTESIAN_POINT('Ctrl Pts',(1.9953270230602,-0.294122215740284,5.28040610825046));
#8447=CARTESIAN_POINT('Ctrl Pts',(1.85521999593131,-0.789081363368586,5.30927872519544));
#8448=CARTESIAN_POINT('Ctrl Pts',(1.74017478343046,-1.01797402429757,5.32169614648819));
#8449=CARTESIAN_POINT('Ctrl Pts',(1.42218656404988,-1.43144628542131,5.34981993020942));
#8450=CARTESIAN_POINT('Ctrl Pts',(1.21807159782572,-1.60870160490999,5.36530138721367));
#8451=CARTESIAN_POINT('Ctrl Pts',(0.761185306218585,-1.86730859641666,5.39592514068435));
#8452=CARTESIAN_POINT('Ctrl Pts',(0.514788151810726,-1.94968440916682,5.41077529660591));
#8453=CARTESIAN_POINT('Ctrl Pts',(0.00255825208676317,-2.01671895385008,
5.43860737699394));
#8454=CARTESIAN_POINT('Ctrl Pts',(-0.258465356355455,-2.00009247179685,
5.45130347317332));
#8455=CARTESIAN_POINT('Ctrl Pts',(-0.764744283695285,-1.86682732391944,
5.4807666473809));
#8456=CARTESIAN_POINT('Ctrl Pts',(-1.00451014629616,-1.74952150605134,5.49630059453379));
#8457=CARTESIAN_POINT('Ctrl Pts',(-1.41664927441249,-1.43451448763741,5.52630880493667));
#8458=CARTESIAN_POINT('Ctrl Pts',(-1.58749631369092,-1.24283109306003,5.54053044672214));
#8459=CARTESIAN_POINT('Ctrl Pts',(-1.8535447705131,-0.796616480826168,5.56698531504329));
#8460=CARTESIAN_POINT('Ctrl Pts',(-1.94272454876262,-0.544196722082884,
5.58150417021077));
#8461=CARTESIAN_POINT('Ctrl Pts',(-1.99336899761891,-0.188145671626285,
5.60227381482074));
#8462=CARTESIAN_POINT('Ctrl Pts',(-2.,-0.0940295361327171,5.60776392272453));
#8463=CARTESIAN_POINT('Ctrl Pts',(-2.,3.64983465221201E-16,5.61324897899894));
#8464=CARTESIAN_POINT('Origin',(0.,0.,0.));
#8465=CARTESIAN_POINT('',(-2.,-1.30207664357896E-15,4.21324897899894));
#8466=CARTESIAN_POINT('',(-2.,-2.48602541593313E-15,4.34925102100106));
#8467=CARTESIAN_POINT('',(-2.,-2.44929359829471E-16,0.));
#8468=CARTESIAN_POINT('Ctrl Pts',(-2.,3.81639164714898E-16,5.04925102100106));
#8469=CARTESIAN_POINT('Ctrl Pts',(-2.,-0.146311571510702,5.0407161793296));
#8470=CARTESIAN_POINT('Ctrl Pts',(-1.98394440335712,-0.292533750752736,
5.03218655220715));
#8471=CARTESIAN_POINT('Ctrl Pts',(-1.894704403605,-0.692040161946932,5.00888201155415));
#8472=CARTESIAN_POINT('Ctrl Pts',(-1.78771742220828,-0.934269878948648,
4.99564699050624));
#8473=CARTESIAN_POINT('Ctrl Pts',(-1.48975411431648,-1.3588099666426,4.96821201663009));
#8474=CARTESIAN_POINT('Ctrl Pts',(-1.30350403117465,-1.53836655014281,4.95356594024296));
#8475=CARTESIAN_POINT('Ctrl Pts',(-0.864974039071004,-1.82285421164477,
4.92311466016264));
#8476=CARTESIAN_POINT('Ctrl Pts',(-0.614713868206636,-1.92175189826902,
4.90758746381387));
#8477=CARTESIAN_POINT('Ctrl Pts',(-0.101167354101436,-2.01368199891525,
4.87896275012268));
#8478=CARTESIAN_POINT('Ctrl Pts',(0.15633124214284,-2.01015239596219,4.86664956763574));
#8479=CARTESIAN_POINT('Ctrl Pts',(0.660195157764883,-1.90562356784209,4.83814653800846));
#8480=CARTESIAN_POINT('Ctrl Pts',(0.901456305110671,-1.80405512100052,4.82299605849364));
#8481=CARTESIAN_POINT('Ctrl Pts',(1.33653285168866,-1.51127868555126,4.7924774841806));
#8482=CARTESIAN_POINT('Ctrl Pts',(1.52490673738009,-1.32097979084582,4.77741079981062));
#8483=CARTESIAN_POINT('Ctrl Pts',(1.8098929764979,-0.887923609639479,4.75038301736181));
#8484=CARTESIAN_POINT('Ctrl Pts',(1.90768214331399,-0.651857351803792,4.73727603318961));
#8485=CARTESIAN_POINT('Ctrl Pts',(2.01178398604099,-0.146808327201545,4.70781484008781));
#8486=CARTESIAN_POINT('Ctrl Pts',(2.01367487423217,0.11806681157426,4.69236379032589));
#8487=CARTESIAN_POINT('Ctrl Pts',(1.91464177484132,0.635812650417677,4.66216194972669));
#8488=CARTESIAN_POINT('Ctrl Pts',(1.81376343126342,0.88335876079758,4.64844769427367));
#8489=CARTESIAN_POINT('Ctrl Pts',(1.5264946293443,1.31726773649959,4.62127972780539));
#8490=CARTESIAN_POINT('Ctrl Pts',(1.34578154375168,1.50140307594434,4.60677982323462));
#8491=CARTESIAN_POINT('Ctrl Pts',(0.916652159116599,1.79730793374058,4.57647044288031));
#8492=CARTESIAN_POINT('Ctrl Pts',(0.670074368905647,1.90304706457502,4.56092973146162));
#8493=CARTESIAN_POINT('Ctrl Pts',(0.15902978693599,2.01009381232422,4.53199050854256));
#8494=CARTESIAN_POINT('Ctrl Pts',(-0.0997003603760704,2.01390794897367,
4.51961999189642));
#8495=CARTESIAN_POINT('Ctrl Pts',(-0.606737667767302,1.92321664949423,4.49136024297767));
#8496=CARTESIAN_POINT('Ctrl Pts',(-0.850074193992036,1.82872687783138,4.47631138052372));
#8497=CARTESIAN_POINT('Ctrl Pts',(-1.2927811914591,1.54887787719071,4.44578438014105));
#8498=CARTESIAN_POINT('Ctrl Pts',(-1.48654508036983,1.36401248365374,4.43060387990515));
#8499=CARTESIAN_POINT('Ctrl Pts',(-1.78383354500591,0.939195377889372,4.40319491816712));
#8500=CARTESIAN_POINT('Ctrl Pts',(-1.88832161259106,0.705989196744137,4.39043372414447));
#8501=CARTESIAN_POINT('Ctrl Pts',(-1.98213407156739,0.308521797464957,4.36724812585318));
#8502=CARTESIAN_POINT('Ctrl Pts',(-2.,0.15433909497205,4.35825413487443));
#8503=CARTESIAN_POINT('Ctrl Pts',(-2.,1.21430643318376E-15,4.34925102100106));
#8504=CARTESIAN_POINT('Ctrl Pts',(-2.,-7.63278329429795E-16,4.21324897899894));
#8505=CARTESIAN_POINT('Ctrl Pts',(-2.,0.239653958530064,4.22722879324653));
#8506=CARTESIAN_POINT('Ctrl Pts',(-1.95692220857253,0.477548734579129,4.24110598851606));
#8507=CARTESIAN_POINT('Ctrl Pts',(-1.78238741088857,0.942963551712923,4.2682551861822));
#8508=CARTESIAN_POINT('Ctrl Pts',(-1.6465880880251,1.16397469292427,4.28068232590431));
#8509=CARTESIAN_POINT('Ctrl Pts',(-1.2931041218381,1.54863989719084,4.30975908321075));
#8510=CARTESIAN_POINT('Ctrl Pts',(-1.07648343895173,1.70633194125552,4.32530171033391));
#8511=CARTESIAN_POINT('Ctrl Pts',(-0.603470911119872,1.92379936592168,4.35554022736896));
#8512=CARTESIAN_POINT('Ctrl Pts',(-0.353178460623611,1.98506640216282,4.3699714937888));
#8513=CARTESIAN_POINT('Ctrl Pts',(0.167440713748912,2.01063266948866,4.39701789337686));
#8514=CARTESIAN_POINT('Ctrl Pts',(0.432972292351516,1.97060319583652,4.41097934437186));
#8515=CARTESIAN_POINT('Ctrl Pts',(0.929201954959626,1.79031386917736,4.44130638687867));
#8516=CARTESIAN_POINT('Ctrl Pts',(1.15548704759059,1.65332792883106,4.45673331406388));
#8517=CARTESIAN_POINT('Ctrl Pts',(1.53592937849434,1.30578570312151,4.4860892045026));
#8518=CARTESIAN_POINT('Ctrl Pts',(1.68874261185496,1.10102920065332,4.4990222756275));
#8519=CARTESIAN_POINT('Ctrl Pts',(1.91509352712535,0.634628899192042,4.52622895987941));
#8520=CARTESIAN_POINT('Ctrl Pts',(1.98226268566494,0.375404979041735,4.54135035522151));
#8521=CARTESIAN_POINT('Ctrl Pts',(2.01126655367469,-0.147891958298829,4.57187600989971));
#8522=CARTESIAN_POINT('Ctrl Pts',(1.97524192803071,-0.406825511678617,4.5869804671802));
#8523=CARTESIAN_POINT('Ctrl Pts',(1.80749911507767,-0.893513178801768,4.61537058109571));
#8524=CARTESIAN_POINT('Ctrl Pts',(1.67856772490142,-1.11706274539188,4.62769850872153));
#8525=CARTESIAN_POINT('Ctrl Pts',(1.33666413610675,-1.51133667768685,4.65647050137004));
#8526=CARTESIAN_POINT('Ctrl Pts',(1.12396264341336,-1.67555781661877,4.67200557019445));
#8527=CARTESIAN_POINT('Ctrl Pts',(0.655862408625196,-1.90666554205517,4.70239376938558));
#8528=CARTESIAN_POINT('Ctrl Pts',(0.406655531697431,-1.97489224483908,4.71697318491278));
#8529=CARTESIAN_POINT('Ctrl Pts',(-0.111285181892495,-2.01419408033101,
4.74428489435931));
#8530=CARTESIAN_POINT('Ctrl Pts',(-0.37526853503257,-1.98206320637411,4.75773000708015));
#8531=CARTESIAN_POINT('Ctrl Pts',(-0.875084292893765,-1.81749180090265,
4.78777977311171));
#8532=CARTESIAN_POINT('Ctrl Pts',(-1.10604732567715,-1.68692226339118,4.80325587608978));
#8533=CARTESIAN_POINT('Ctrl Pts',(-1.49718460172671,-1.35006155304307,4.83284051115811));
#8534=CARTESIAN_POINT('Ctrl Pts',(-1.65598284582417,-1.14973329281548,4.84618120358471));
#8535=CARTESIAN_POINT('Ctrl Pts',(-1.89582109639027,-0.690057318445309,
4.87299563542297));
#8536=CARTESIAN_POINT('Ctrl Pts',(-1.97049058172369,-0.432939264410284,
4.88799418857501));
#8537=CARTESIAN_POINT('Ctrl Pts',(-1.99762671181583,-0.112570401238202,
4.90668237226005));
#8538=CARTESIAN_POINT('Ctrl Pts',(-2.,-0.0562534724036592,4.90996752644206));
#8539=CARTESIAN_POINT('Ctrl Pts',(-2.,3.64983465221201E-16,4.91324897899894));
#8540=CARTESIAN_POINT('Origin',(0.,0.,0.));
#8541=CARTESIAN_POINT('',(-2.,-4.35518996129814E-15,3.51324897899894));
#8542=CARTESIAN_POINT('',(-2.,-2.77659159815925E-15,3.64925102100106));
#8543=CARTESIAN_POINT('',(-2.,-2.44929359829471E-16,0.));
#8544=CARTESIAN_POINT('Ctrl Pts',(-2.,1.49186218934005E-15,4.34925102100106));
#8545=CARTESIAN_POINT('Ctrl Pts',(-2.,-0.106060596830283,4.34306415285263));
#8546=CARTESIAN_POINT('Ctrl Pts',(-1.99156352629007,-0.21219504733355,4.33687297657327));
#8547=CARTESIAN_POINT('Ctrl Pts',(-1.93222221145346,-0.581388709899753,
4.31533667959024));
#8548=CARTESIAN_POINT('Ctrl Pts',(-1.83729322189348,-0.834129563234985,
4.30107222732775));
#8549=CARTESIAN_POINT('Ctrl Pts',(-1.56030011323111,-1.27691480173417,4.27416447885965));
#8550=CARTESIAN_POINT('Ctrl Pts',(-1.3849440682939,-1.46524182555696,4.25981294460349));
#8551=CARTESIAN_POINT('Ctrl Pts',(-0.965003341313344,-1.77170834133924,
4.22965970986366));
#8552=CARTESIAN_POINT('Ctrl Pts',(-0.722086008651085,-1.88382314337531,
4.21411796090648));
#8553=CARTESIAN_POINT('Ctrl Pts',(-0.213578106330414,-2.00521055428639,
4.18488861700454));
#8554=CARTESIAN_POINT('Ctrl Pts',(0.0463819372682471,-2.01601754557286,
4.17237506981646));
#8555=CARTESIAN_POINT('Ctrl Pts',(0.556307692772713,-1.9383174466653,4.14434831186352));
#8556=CARTESIAN_POINT('Ctrl Pts',(0.801401082900209,-1.85048114403493,4.12940475541138));
#8557=CARTESIAN_POINT('Ctrl Pts',(1.25089626582436,-1.58290324479546,4.09889273559159));
#8558=CARTESIAN_POINT('Ctrl Pts',(1.44955642130331,-1.40326281995499,4.08361727995414));
#8559=CARTESIAN_POINT('Ctrl Pts',(1.75828538878549,-0.986274199006136,4.05585869600092));
#8560=CARTESIAN_POINT('Ctrl Pts',(1.86903871042418,-0.75565580203241,4.04333094278628));
#8561=CARTESIAN_POINT('Ctrl Pts',(2.00035773865547,-0.258160960928466,4.01431041038855));
#8562=CARTESIAN_POINT('Ctrl Pts',(2.01693960097593,0.00471565314082736,
3.99897594123451));
#8563=CARTESIAN_POINT('Ctrl Pts',(1.9476708613725,0.526210137706998,3.96855542963482));
#8564=CARTESIAN_POINT('Ctrl Pts',(1.86083621337146,0.779417213390716,3.9538573525391));
#8565=CARTESIAN_POINT('Ctrl Pts',(1.59908066151651,1.22784195756642,3.92755489164717));
#8566=CARTESIAN_POINT('Ctrl Pts',(1.43021213353221,1.42095050665593,3.91339163358257));
#8567=CARTESIAN_POINT('Ctrl Pts',(1.02151500392142,1.73960826557996,3.88345082663998));
#8568=CARTESIAN_POINT('Ctrl Pts',(0.783151505626854,1.85914328457717,3.86792270596918));
#8569=CARTESIAN_POINT('Ctrl Pts',(0.277878377383292,1.99756954651462,3.83835981037634));
#8570=CARTESIAN_POINT('Ctrl Pts',(0.0163812661780368,2.01673419354942,3.82556665288454));
#8571=CARTESIAN_POINT('Ctrl Pts',(-0.507515063985968,1.95300821986965,3.79724170601804));
#8572=CARTESIAN_POINT('Ctrl Pts',(-0.76430037507108,1.86751756554929,3.78177591010846));
#8573=CARTESIAN_POINT('Ctrl Pts',(-1.21995956866195,1.60563920932058,3.75111873255326));
#8574=CARTESIAN_POINT('Ctrl Pts',(-1.41646496782018,1.43528249103638,3.73622290599028));
#8575=CARTESIAN_POINT('Ctrl Pts',(-1.73452392165763,1.02871216376227,3.7082968552992));
#8576=CARTESIAN_POINT('Ctrl Pts',(-1.852809114047,0.796197125061882,3.69569585329634));
#8577=CARTESIAN_POINT('Ctrl Pts',(-1.97438761274317,0.369087498013537,3.67078112505185));
#8578=CARTESIAN_POINT('Ctrl Pts',(-2.,0.184790676555771,3.66003047713348));
#8579=CARTESIAN_POINT('Ctrl Pts',(-2.,-1.13450915328883E-14,3.64925102100106));
#8580=CARTESIAN_POINT('Ctrl Pts',(-2.,-1.10232711567188E-14,3.51324897899894));
#8581=CARTESIAN_POINT('Ctrl Pts',(-2.,0.0206704547389982,3.51445475552538));
#8582=CARTESIAN_POINT('Ctrl Pts',(-1.99967955084489,0.0413537105525368,
3.51566127878117));
#8583=CARTESIAN_POINT('Ctrl Pts',(-1.99107046566316,0.318742643175001,3.53184229985082));
#8584=CARTESIAN_POINT('Ctrl Pts',(-1.93373144901707,0.57155565833476,3.54658972573514));
#8585=CARTESIAN_POINT('Ctrl Pts',(-1.72498195654152,1.04517891510791,3.5742177490469));
#8586=CARTESIAN_POINT('Ctrl Pts',(-1.57422926523398,1.26086645386129,3.58716376935727));
#8587=CARTESIAN_POINT('Ctrl Pts',(-1.19620445758578,1.62439019162402,3.61686365843192));
#8588=CARTESIAN_POINT('Ctrl Pts',(-0.971829589385241,1.76779185313132,3.63238120981611));
#8589=CARTESIAN_POINT('Ctrl Pts',(-0.489437549830292,1.9557538118655,3.66223298632807));
#8590=CARTESIAN_POINT('Ctrl Pts',(-0.237439822222799,2.00200943243757,3.67619535034114));
#8591=CARTESIAN_POINT('Ctrl Pts',(0.281471594040453,1.9977641984913,3.70253361367777));
#8592=CARTESIAN_POINT('Ctrl Pts',(0.543469821140039,1.94290411933149,3.71736936467746));
#8593=CARTESIAN_POINT('Ctrl Pts',(1.02664666980917,1.73605687657501,3.74781160907682));
#8594=CARTESIAN_POINT('Ctrl Pts',(1.24386740202761,1.58767231961478,3.7631130812074));
#8595=CARTESIAN_POINT('Ctrl Pts',(1.60443352251959,1.22074849845857,3.79203015882971));
#8596=CARTESIAN_POINT('Ctrl Pts',(1.74622667532872,1.00752836276494,3.80447649117099));
#8597=CARTESIAN_POINT('Ctrl Pts',(1.94796266761108,0.526473453985414,3.83253802751646));
#8598=CARTESIAN_POINT('Ctrl Pts',(2.00086697850864,0.26120760318025,3.84801186881343));
#8599=CARTESIAN_POINT('Ctrl Pts',(1.99914514563903,-0.2640648822462,3.87865276379664));
#8600=CARTESIAN_POINT('Ctrl Pts',(1.94857541288905,-0.519034084413439,3.89352596725639));
#8601=CARTESIAN_POINT('Ctrl Pts',(1.75301239956261,-0.996963684150792,3.92140519390774));
#8602=CARTESIAN_POINT('Ctrl Pts',(1.60945099487534,-1.21518205757712,3.93405197122863));
#8603=CARTESIAN_POINT('Ctrl Pts',(1.24310976526075,-1.58890941640193,3.96345923318685));
#8604=CARTESIAN_POINT('Ctrl Pts',(1.02233051115208,-1.73919016829768,3.97899578094053));
#8605=CARTESIAN_POINT('Ctrl Pts',(0.544277944572171,-1.94127669694025,4.00904030193442));
#8606=CARTESIAN_POINT('Ctrl Pts',(0.292997925029937,-1.99474108706269,4.02329388133557));
#8607=CARTESIAN_POINT('Ctrl Pts',(-0.226569423790578,-2.00472077758351,
4.04983253615399));
#8608=CARTESIAN_POINT('Ctrl Pts',(-0.490024802045602,-1.95709235004576,
4.06425559786754));
#8609=CARTESIAN_POINT('Ctrl Pts',(-0.979487765030508,-1.76319639932003,
4.09463765910617));
#8610=CARTESIAN_POINT('Ctrl Pts',(-1.20120134106069,-1.62030287624121,4.11000594623298));
#8611=CARTESIAN_POINT('Ctrl Pts',(-1.57149364542324,-1.26278990410772,4.13913988956044));
#8612=CARTESIAN_POINT('Ctrl Pts',(-1.71866641276264,-1.05375210813404,4.15178010602446));
#8613=CARTESIAN_POINT('Ctrl Pts',(-1.93203160889736,-0.58103973354462,4.17935499454217));
#8614=CARTESIAN_POINT('Ctrl Pts',(-1.99196093862551,-0.320010108515101,
4.19458172266889));
#8615=CARTESIAN_POINT('Ctrl Pts',(-1.99974869622258,-0.0366202657249907,
4.21111279683165));
#8616=CARTESIAN_POINT('Ctrl Pts',(-2.,-0.0183050012812504,4.21218118725753));
#8617=CARTESIAN_POINT('Ctrl Pts',(-2.,3.64983465221201E-16,4.21324897899894));
#8618=CARTESIAN_POINT('Origin',(0.,0.,0.));
#8619=CARTESIAN_POINT('',(-2.,9.38381996843817E-15,2.81324897899894));
#8620=CARTESIAN_POINT('',(-2.,-2.95937027512416E-16,2.94925102100106));
#8621=CARTESIAN_POINT('',(-2.,-2.44929359829471E-16,0.));
#8622=CARTESIAN_POINT('Ctrl Pts',(-2.,-1.10604565770771E-14,3.64925102100106));
#8623=CARTESIAN_POINT('Ctrl Pts',(-2.,-0.0787491513252369,3.64465732050709));
#8624=CARTESIAN_POINT('Ctrl Pts',(-1.99534905990528,-0.157587990000977,
3.640058388251));
#8625=CARTESIAN_POINT('Ctrl Pts',(-1.95594982587821,-0.488999404494079,
3.6207260557389));
#8626=CARTESIAN_POINT('Ctrl Pts',(-1.87784939237914,-0.733885066969282,
3.60644105876118));
#8627=CARTESIAN_POINT('Ctrl Pts',(-1.62897316941859,-1.19025144237182,3.5798196868627));
#8628=CARTESIAN_POINT('Ctrl Pts',(-1.45703439515207,-1.3954898325464,3.5654892475745));
#8629=CARTESIAN_POINT('Ctrl Pts',(-1.04594856878359,-1.72462089147149,3.53512229684422));
#8630=CARTESIAN_POINT('Ctrl Pts',(-0.811831636437461,-1.84641881426038,
3.51974270346226));
#8631=CARTESIAN_POINT('Ctrl Pts',(-0.317695654619143,-1.99079792963976,
3.49056881099494));
#8632=CARTESIAN_POINT('Ctrl Pts',(-0.0632420022152091,-2.01498936524024,
3.47788307968333));
#8633=CARTESIAN_POINT('Ctrl Pts',(0.453016119756994,-1.96599263031394,3.45037360374993));
#8634=CARTESIAN_POINT('Ctrl Pts',(0.709422466529844,-1.88865855681592,3.43516485268976));
#8635=CARTESIAN_POINT('Ctrl Pts',(1.17109929234372,-1.64173570932091,3.40463987783404));
#8636=CARTESIAN_POINT('Ctrl Pts',(1.37321533315266,-1.47684637199201,3.38962007732053));
#8637=CARTESIAN_POINT('Ctrl Pts',(1.70248348532763,-1.08051152982843,3.36142629366505));
#8638=CARTESIAN_POINT('Ctrl Pts',(1.82699898197394,-0.853248696155275,3.34902386161012));
#8639=CARTESIAN_POINT('Ctrl Pts',(1.98593549332932,-0.35572008411066,3.32000135924085));
#8640=CARTESIAN_POINT('Ctrl Pts',(2.01556089363859,-0.0892828505979294,
3.30445918728594));
#8641=CARTESIAN_POINT('Ctrl Pts',(1.96994991669292,0.42958237287248,3.27419204925016));
#8642=CARTESIAN_POINT('Ctrl Pts',(1.89903995504346,0.677445824495641,3.25973334790548));
#8643=CARTESIAN_POINT('Ctrl Pts',(1.66325992281724,1.14192690810869,3.23263861802805));
#8644=CARTESIAN_POINT('Ctrl Pts',(1.49721544085262,1.35234375736877,3.21877754680294));
#8645=CARTESIAN_POINT('Ctrl Pts',(1.09510039594117,1.69395069740113,3.18849990347732));
#8646=CARTESIAN_POINT('Ctrl Pts',(0.863891187396756,1.82274750772586,3.17306306869853));
#8647=CARTESIAN_POINT('Ctrl Pts',(0.3733868853034,1.98109544690041,3.1436652179397));
#8648=CARTESIAN_POINT('Ctrl Pts',(0.119815994593347,2.01240128171221,3.13066560726502));
#8649=CARTESIAN_POINT('Ctrl Pts',(-0.397453153095274,1.97796981741111,3.10352987657752));
#8650=CARTESIAN_POINT('Ctrl Pts',(-0.655900458958537,1.90790056846298,3.08842991075886));
#8651=CARTESIAN_POINT('Ctrl Pts',(-1.1249526012478,1.6738027445391,3.0579064117573));
#8652=CARTESIAN_POINT('Ctrl Pts',(-1.33212576405421,1.51413230107109,3.04278335254107));
#8653=CARTESIAN_POINT('Ctrl Pts',(-1.67166705359685,1.12731457196448,3.0143481714701));
#8654=CARTESIAN_POINT('Ctrl Pts',(-1.80186520868561,0.904759522841845,3.0020286598335));
#8655=CARTESIAN_POINT('Ctrl Pts',(-1.96177878936213,0.450171209725349,2.97551100823504));
#8656=CARTESIAN_POINT('Ctrl Pts',(-2.,0.225737055186103,2.96241901588691));
#8657=CARTESIAN_POINT('Ctrl Pts',(-2.,1.38777878078145E-16,2.94925102100106));
#8658=CARTESIAN_POINT('Ctrl Pts',(-2.,2.30739926067467E-14,2.81324897899894));
#8659=CARTESIAN_POINT('Ctrl Pts',(-2.,0.0588155134342454,2.81667988394927));
#8660=CARTESIAN_POINT('Ctrl Pts',(-1.99740561045834,0.117697963255723,2.82011469352219));
#8661=CARTESIAN_POINT('Ctrl Pts',(-1.96880891348894,0.440519564133339,2.83894595357339));
#8662=CARTESIAN_POINT('Ctrl Pts',(-1.89315273732185,0.697342454190859,2.85392728882674));
#8663=CARTESIAN_POINT('Ctrl Pts',(-1.65153617440126,1.15611925309622,2.88068926876289));
#8664=CARTESIAN_POINT('Ctrl Pts',(-1.49193843658414,1.35586468913806,2.89409173152588));
#8665=CARTESIAN_POINT('Ctrl Pts',(-1.09937948201612,1.69129132141954,2.92370635988387));
#8666=CARTESIAN_POINT('Ctrl Pts',(-0.867805878106438,1.82099334962343,2.93918800543));
#8667=CARTESIAN_POINT('Ctrl Pts',(-0.367530028848213,1.98347050982504,2.9691999322734));
#8668=CARTESIAN_POINT('Ctrl Pts',(-0.103750424691727,2.01455530948091,2.98258316977196));
#8669=CARTESIAN_POINT('Ctrl Pts',(0.413824086565018,1.9734143417263,3.00993002071228));
#8670=CARTESIAN_POINT('Ctrl Pts',(0.662870354994949,1.9042528163875,3.02452858825338));
#8671=CARTESIAN_POINT('Ctrl Pts',(1.13028064972242,1.67131861903027,3.05493520504772));
#8672=CARTESIAN_POINT('Ctrl Pts',(1.34244053785621,1.50622637701572,3.07046832018577));
#8673=CARTESIAN_POINT('Ctrl Pts',(1.68278052836355,1.11067056566512,3.09919871088285));
#8674=CARTESIAN_POINT('Ctrl Pts',(1.81079153862057,0.886777336646293,3.11152030102791));
#8675=CARTESIAN_POINT('Ctrl Pts',(1.97674085263593,0.399539327515777,3.13994251822719));
#8676=CARTESIAN_POINT('Ctrl Pts',(2.01181712510734,0.140378075951516,3.15506025790177));
#8677=CARTESIAN_POINT('Ctrl Pts',(1.98082895476562,-0.382894087702648,3.18558446744826));
#8678=CARTESIAN_POINT('Ctrl Pts',(1.9126823753064,-0.641857261709191,3.20069065259865));
#8679=CARTESIAN_POINT('Ctrl Pts',(1.68457636373642,-1.10739215024831,3.22784685443009));
#8680=CARTESIAN_POINT('Ctrl Pts',(1.5309919038988,-1.3115714784934,3.24082693735206));
#8681=CARTESIAN_POINT('Ctrl Pts',(1.14916664124855,-1.65774287860124,3.27021270852881));
#8682=CARTESIAN_POINT('Ctrl Pts',(0.922268422377384,-1.79391011350226,3.28564673080768));
#8683=CARTESIAN_POINT('Ctrl Pts',(0.425562479526891,-1.97217065959057,3.31593866134388));
#8684=CARTESIAN_POINT('Ctrl Pts',(0.160232374516815,-2.01117570012632,3.32982837817958));
#8685=CARTESIAN_POINT('Ctrl Pts',(-0.3600479540706,-1.9838430324987,3.35690917991473));
#8686=CARTESIAN_POINT('Ctrl Pts',(-0.610211995255699,-1.92168336301142,
3.37135999447026));
#8687=CARTESIAN_POINT('Ctrl Pts',(-1.08261651992296,-1.70246229180687,3.40161894433516));
#8688=CARTESIAN_POINT('Ctrl Pts',(-1.29874563780776,-1.54392853123266,3.41716128856941));
#8689=CARTESIAN_POINT('Ctrl Pts',(-1.6507505140522,-1.158023604886,3.44619948355107));
#8690=CARTESIAN_POINT('Ctrl Pts',(-1.78566640911414,-0.936689773648193,
3.4586087422028));
#8691=CARTESIAN_POINT('Ctrl Pts',(-1.95775001832928,-0.472991503390207,
3.48565780796785));
#8692=CARTESIAN_POINT('Ctrl Pts',(-2.,-0.237339585123855,3.49940416986672));
#8693=CARTESIAN_POINT('Ctrl Pts',(-2.,-1.04777297948999E-14,3.51324897899894));
#8694=CARTESIAN_POINT('Origin',(0.,0.,0.));
#8695=CARTESIAN_POINT('',(-2.,7.49297137962345E-15,2.11324897899894));
#8696=CARTESIAN_POINT('',(-2.,8.83674936151813E-16,2.24925102100106));
#8697=CARTESIAN_POINT('',(-2.,-2.44929359829471E-16,0.));
#8698=CARTESIAN_POINT('Ctrl Pts',(-2.,2.90612624504514E-16,2.94925102100106));
#8699=CARTESIAN_POINT('Ctrl Pts',(-2.,-0.0397984221767637,2.94692944637408));
#8700=CARTESIAN_POINT('Ctrl Pts',(-1.99881208244752,-0.0796373427006526,
2.94460550934352));
#8701=CARTESIAN_POINT('Ctrl Pts',(-1.98113063003459,-0.375121703434256,
2.92736892163406));
#8702=CARTESIAN_POINT('Ctrl Pts',(-1.91686324703102,-0.625514675884128,
2.91276266490782));
#8703=CARTESIAN_POINT('Ctrl Pts',(-1.69442267302919,-1.09456073258439,2.88540164493363));
#8704=CARTESIAN_POINT('Ctrl Pts',(-1.53601893838398,-1.30759801826543,2.87204291171283));
#8705=CARTESIAN_POINT('Ctrl Pts',(-1.14581137630615,-1.66019344496429,2.84204631484613));
#8706=CARTESIAN_POINT('Ctrl Pts',(-0.917880467151846,-1.79627918589368,
2.82656249987363));
#8707=CARTESIAN_POINT('Ctrl Pts',(-0.431328112028365,-1.96931836976131,
2.79693579952202));
#8708=CARTESIAN_POINT('Ctrl Pts',(-0.178586522573238,-2.00805830793352,
2.78350791545956));
#8709=CARTESIAN_POINT('Ctrl Pts',(0.339577911567303,-1.98871803483743,2.75676711630157));
#8710=CARTESIAN_POINT('Ctrl Pts',(0.599915842375612,-1.92623092411077,2.7417927853092));
#8711=CARTESIAN_POINT('Ctrl Pts',(1.07622911894622,-1.70565089196121,2.71129673617409));
#8712=CARTESIAN_POINT('Ctrl Pts',(1.28850125522752,-1.55154627043798,2.69607842273178));
#8713=CARTESIAN_POINT('Ctrl Pts',(1.63859960446809,-1.17464316663566,2.66739909512207));
#8714=CARTESIAN_POINT('Ctrl Pts',(1.77461844020384,-0.956827504351517,2.65506595875489));
#8715=CARTESIAN_POINT('Ctrl Pts',(1.9622098538113,-0.470152036707563,2.62667655647566));
#8716=CARTESIAN_POINT('Ctrl Pts',(2.00737409393735,-0.204279249672372,2.61116731056528));
#8717=CARTESIAN_POINT('Ctrl Pts',(1.99098574380029,0.319266130465121,2.58062716339059));
#8718=CARTESIAN_POINT('Ctrl Pts',(1.93358215515837,0.572057597119313,2.56588099450243));
#8719=CARTESIAN_POINT('Ctrl Pts',(1.72470601668893,1.04563901032666,2.53825541206533));
#8720=CARTESIAN_POINT('Ctrl Pts',(1.57388342245142,1.26130216336994,2.52530605111166));
#8721=CARTESIAN_POINT('Ctrl Pts',(1.19574614423649,1.62472639262607,2.49560338256365));
#8722=CARTESIAN_POINT('Ctrl Pts',(0.97133753419952,1.7680611764863,2.4800860772024));
#8723=CARTESIAN_POINT('Ctrl Pts',(0.488906517785424,1.95588582347549,2.45023633657757));
#8724=CARTESIAN_POINT('Ctrl Pts',(0.236902377231711,2.00207240675642,2.43627933568393));
#8725=CARTESIAN_POINT('Ctrl Pts',(-0.282002871664921,1.99768933303244,2.40993736358439));
#8726=CARTESIAN_POINT('Ctrl Pts',(-0.543986988470588,1.94275945427712,2.39510028958909));
#8727=CARTESIAN_POINT('Ctrl Pts',(-1.02710300345341,1.73578592486795,2.36465743503422));
#8728=CARTESIAN_POINT('Ctrl Pts',(-1.24427925857978,1.5873484717311,2.34935666699884));
#8729=CARTESIAN_POINT('Ctrl Pts',(-1.60475020981551,1.22033323689582,2.32044173091885));
#8730=CARTESIAN_POINT('Ctrl Pts',(-1.74649081105191,1.00707177004121,2.30799687425346));
#8731=CARTESIAN_POINT('Ctrl Pts',(-1.94718869599781,0.528137468037514,2.28005903996991));
#8732=CARTESIAN_POINT('Ctrl Pts',(-2.,0.265357079405005,2.26473018396635));
#8733=CARTESIAN_POINT('Ctrl Pts',(-2.,-6.93889390390723E-16,2.24925102100106));
#8734=CARTESIAN_POINT('Ctrl Pts',(-2.,2.30739926067467E-14,2.11324897899894));
#8735=CARTESIAN_POINT('Ctrl Pts',(-2.,0.0963511822493085,2.11886946463015));
#8736=CARTESIAN_POINT('Ctrl Pts',(-1.99303750308434,0.192787498001568,2.12449491638237));
#8737=CARTESIAN_POINT('Ctrl Pts',(-1.94081290084755,0.550979208332898,2.14538943281836));
#8738=CARTESIAN_POINT('Ctrl Pts',(-1.85074889381484,0.803096163404828,2.15984287621086));
#8739=CARTESIAN_POINT('Ctrl Pts',(-1.58308344328077,1.24846522602831,2.18635477019692));
#8740=CARTESIAN_POINT('Ctrl Pts',(-1.41149202521362,1.43960501059022,2.2005981613285));
#8741=CARTESIAN_POINT('Ctrl Pts',(-0.998060829033704,1.75322341601581,2.23063114340559));
#8742=CARTESIAN_POINT('Ctrl Pts',(-0.757770397710438,1.86968296427794,2.24616690793562));
#8743=CARTESIAN_POINT('Ctrl Pts',(-0.2511174729278,2.00099855719512,2.27559211378191));
#8744=CARTESIAN_POINT('Ctrl Pts',(0.00972899812151422,2.01666785091918,
2.28825432431952));
#8745=CARTESIAN_POINT('Ctrl Pts',(0.521586052694482,1.94788840099768,2.31611846233027));
#8746=CARTESIAN_POINT('Ctrl Pts',(0.767778440142601,1.86461961838127,2.33098431875858));
#8747=CARTESIAN_POINT('Ctrl Pts',(1.22390113030924,1.60428763531351,2.36161980875212));
#8748=CARTESIAN_POINT('Ctrl Pts',(1.42744599016831,1.42622060262958,2.37709614000651));
#8749=CARTESIAN_POINT('Ctrl Pts',(1.74390557001956,1.01154957137288,2.40517766381779));
#8750=CARTESIAN_POINT('Ctrl Pts',(1.85807575957994,0.782308087454741,2.41761434056408));
#8751=CARTESIAN_POINT('Ctrl Pts',(1.9964003900679,0.286830911765597,2.44651717581262));
#8752=CARTESIAN_POINT('Ctrl Pts',(2.01674697916596,0.0246005049648404,2.46181394954266));
#8753=CARTESIAN_POINT('Ctrl Pts',(1.9552225574744,-0.497335352128629,2.49226020787311));
#8754=CARTESIAN_POINT('Ctrl Pts',(1.87218241781251,-0.751812898492401,2.507104731411));
#8755=CARTESIAN_POINT('Ctrl Pts',(1.61721711523839,-1.20374831908,2.53346763094528));
#8756=CARTESIAN_POINT('Ctrl Pts',(1.45153554170577,-1.39912329118999,2.54739452019788));
#8757=CARTESIAN_POINT('Ctrl Pts',(1.04822031700602,-1.72358618385654,2.5772327596695));
#8758=CARTESIAN_POINT('Ctrl Pts',(0.812116392785937,-1.84661572007385,2.59274865426046));
#8759=CARTESIAN_POINT('Ctrl Pts',(0.308482476666284,-1.99321058555212,2.62246699082832));
#8760=CARTESIAN_POINT('Ctrl Pts',(0.0462232573866105,-2.01640577678126,
2.63543536379285));
#8761=CARTESIAN_POINT('Ctrl Pts',(-0.46850099155296,-1.96124394604369,2.66304716659501));
#8762=CARTESIAN_POINT('Ctrl Pts',(-0.716203138292181,-1.88493742843344,
2.67778622720479));
#8763=CARTESIAN_POINT('Ctrl Pts',(-1.17810278587845,-1.63808802545637,2.70832031647213));
#8764=CARTESIAN_POINT('Ctrl Pts',(-1.38600343675868,-1.46638413668208,2.72383110252704));
#8765=CARTESIAN_POINT('Ctrl Pts',(-1.71431810990909,-1.06109690301665,2.75223782960632));
#8766=CARTESIAN_POINT('Ctrl Pts',(-1.83531151921281,-0.834535977923683,
2.76456771362006));
#8767=CARTESIAN_POINT('Ctrl Pts',(-1.96995830065344,-0.399487552417065,
2.78994553844128));
#8768=CARTESIAN_POINT('Ctrl Pts',(-2.,-0.200131282219339,2.80157465420281));
#8769=CARTESIAN_POINT('Ctrl Pts',(-2.,2.27248775352962E-14,2.81324897899894));
#8770=CARTESIAN_POINT('Origin',(0.,0.,0.));
#8771=CARTESIAN_POINT('',(-2.,1.71200539593074E-15,1.41324897899894));
#8772=CARTESIAN_POINT('',(-2.,4.21434401002728E-15,1.54925102100106));
#8773=CARTESIAN_POINT('',(-2.,-2.44929359829471E-16,0.));
#8774=CARTESIAN_POINT('Ctrl Pts',(-2.,2.90612624504514E-16,2.24925102100106));
#8775=CARTESIAN_POINT('Ctrl Pts',(-2.,-0.00235420867887295,2.24911369216146));
#8776=CARTESIAN_POINT('Ctrl Pts',(-1.9999958432765,-0.00470862016844259,
2.24897635149123));
#8777=CARTESIAN_POINT('Ctrl Pts',(-1.99907812330392,-0.26456567223201,2.23381802345419));
#8778=CARTESIAN_POINT('Ctrl Pts',(-1.94844616854838,-0.519515973346948,
2.21894592255582));
#8779=CARTESIAN_POINT('Ctrl Pts',(-1.75276272110007,-0.99740669394112,2.19106896385449));
#8780=CARTESIAN_POINT('Ctrl Pts',(-1.60913640807886,-1.21560200539192,2.17841988795092));
#8781=CARTESIAN_POINT('Ctrl Pts',(-1.24268872935704,-1.58923756417126,2.14900992588221));
#8782=CARTESIAN_POINT('Ctrl Pts',(-1.02187591641088,-1.73945625551938,2.1334734928975));
#8783=CARTESIAN_POINT('Ctrl Pts',(-0.543783481588682,-1.94141443454668,
2.10343070136427));
#8784=CARTESIAN_POINT('Ctrl Pts',(-0.292496258656141,-1.99481391175287,
2.08917865135457));
#8785=CARTESIAN_POINT('Ctrl Pts',(0.227066113940788,-2.00466442348173,2.06264401564051));
#8786=CARTESIAN_POINT('Ctrl Pts',(0.490508953532319,-1.95697098636328,2.04821640392166));
#8787=CARTESIAN_POINT('Ctrl Pts',(0.979917630053099,-1.76295660309823,2.01783363085229));
#8788=CARTESIAN_POINT('Ctrl Pts',(1.20159116528581,-1.62001281041339,2.00246590031558));
#8789=CARTESIAN_POINT('Ctrl Pts',(1.5717957531974,-1.26241434954803,1.97333389483948));
#8790=CARTESIAN_POINT('Ctrl Pts',(1.71891990950521,-1.05333919443025,1.96069580734281));
#8791=CARTESIAN_POINT('Ctrl Pts',(1.93217207018139,-0.58057258668641,1.93311775522442));
#8792=CARTESIAN_POINT('Ctrl Pts',(1.99203833970316,-0.319528198212916,1.9178901658968));
#8793=CARTESIAN_POINT('Ctrl Pts',(2.00629069182967,0.203715456498946,1.88736761937195));
#8794=CARTESIAN_POINT('Ctrl Pts',(1.96324929466169,0.460848304111827,1.87236820326119));
#8795=CARTESIAN_POINT('Ctrl Pts',(1.78216309993274,0.943390822186678,1.84421988970683));
#8796=CARTESIAN_POINT('Ctrl Pts',(1.64630347867805,1.16437997715388,1.83179147536837));
#8797=CARTESIAN_POINT('Ctrl Pts',(1.29271867266705,1.54896052493873,1.80271209296811));
#8798=CARTESIAN_POINT('Ctrl Pts',(1.07606457381678,1.70659510088854,1.78716945388567));
#8799=CARTESIAN_POINT('Ctrl Pts',(0.603010803544235,1.92394284690447,1.75693234398617));
#8800=CARTESIAN_POINT('Ctrl Pts',(0.35270970867865,1.98514898755765,1.74250241699012));
#8801=CARTESIAN_POINT('Ctrl Pts',(-0.167932531798736,2.01059469575097,1.71545836845317));
#8802=CARTESIAN_POINT('Ctrl Pts',(-0.433477883972339,1.9704952081316,1.70149196443413));
#8803=CARTESIAN_POINT('Ctrl Pts',(-0.929674874096549,1.79006733626056,1.6711625315787));
#8804=CARTESIAN_POINT('Ctrl Pts',(-1.15591799714462,1.65302559033647,1.65573609695643));
#8805=CARTESIAN_POINT('Ctrl Pts',(-1.53626586046204,1.30538983396938,1.62638225086776));
#8806=CARTESIAN_POINT('Ctrl Pts',(-1.68902643795752,1.10059385310787,1.61345232909901));
#8807=CARTESIAN_POINT('Ctrl Pts',(-1.91525734089502,0.634134481343111,1.5862421990794));
#8808=CARTESIAN_POINT('Ctrl Pts',(-1.98235965172356,0.374892876822068,1.571119772149));
#8809=CARTESIAN_POINT('Ctrl Pts',(-1.99898979395622,0.0734361640905914,
1.55353479723967));
#8810=CARTESIAN_POINT('Ctrl Pts',(-2.,0.0367009343012023,1.5513919088353));
#8811=CARTESIAN_POINT('Ctrl Pts',(-2.,2.90612624504514E-16,1.54925102100106));
#8812=CARTESIAN_POINT('Ctrl Pts',(-2.,1.80411241501588E-15,1.41324897899894));
#8813=CARTESIAN_POINT('Ctrl Pts',(-2.,0.135568737635751,1.42115715536103));
#8814=CARTESIAN_POINT('Ctrl Pts',(-1.98621576043402,0.27111334099534,1.42906392389034));
#8815=CARTESIAN_POINT('Ctrl Pts',(-1.90535168050995,0.662656280210332,1.45190392867788));
#8816=CARTESIAN_POINT('Ctrl Pts',(-1.80155364350965,0.907657873403449,1.46537784571556));
#8817=CARTESIAN_POINT('Ctrl Pts',(-1.50919037867888,1.33712053943699,1.49267349098602));
#8818=CARTESIAN_POINT('Ctrl Pts',(-1.3258340526918,1.51910225986524,1.50724411327973));
#8819=CARTESIAN_POINT('Ctrl Pts',(-0.892204394694988,1.8096222344416,1.53762378001835));
#8820=CARTESIAN_POINT('Ctrl Pts',(-0.643855514657068,1.91212829749743,1.55315966580581));
#8821=CARTESIAN_POINT('Ctrl Pts',(-0.131602859335984,2.01199817281806,1.58195059290806));
#8822=CARTESIAN_POINT('Ctrl Pts',(0.126536343579123,2.01232311680477,1.59428193656123));
#8823=CARTESIAN_POINT('Ctrl Pts',(0.632082710539352,1.9150814854118,1.62265741727727));
#8824=CARTESIAN_POINT('Ctrl Pts',(0.874462991899018,1.81723894343746,1.63775576114517));
#8825=CARTESIAN_POINT('Ctrl Pts',(1.31360877570947,1.53125033735722,1.66828192743261));
#8826=CARTESIAN_POINT('Ctrl Pts',(1.50484310199387,1.34379514412623,1.68341017467239));
#8827=CARTESIAN_POINT('Ctrl Pts',(1.79632248738105,0.915065116038857,1.71063979938305));
#8828=CARTESIAN_POINT('Ctrl Pts',(1.89764329295058,0.680518833402638,1.72355204705046));
#8829=CARTESIAN_POINT('Ctrl Pts',(2.00925626178234,0.177508516485204,1.75289431553731));
#8830=CARTESIAN_POINT('Ctrl Pts',(2.01520846599592,-0.0868965346329002,
1.7683179435192));
#8831=CARTESIAN_POINT('Ctrl Pts',(1.92413667047201,-0.607061242075316,1.79866088478667));
#8832=CARTESIAN_POINT('Ctrl Pts',(1.82639541024173,-0.857345699281257,1.81265544724155));
#8833=CARTESIAN_POINT('Ctrl Pts',(1.54456315993405,-1.29596616238435,1.83968618757043));
#8834=CARTESIAN_POINT('Ctrl Pts',(1.36668052770684,-1.48234452372746,1.85410852434965));
#8835=CARTESIAN_POINT('Ctrl Pts',(0.942394953961718,-1.78388729029585,1.88433764335171));
#8836=CARTESIAN_POINT('Ctrl Pts',(0.697739597505549,-1.89302397990787,1.89988033244073));
#8837=CARTESIAN_POINT('Ctrl Pts',(0.188020419050027,-2.007680481531,1.92897454958283));
#8838=CARTESIAN_POINT('Ctrl Pts',(-0.0713545409941868,-2.01520137139369,
1.94141030496858));
#8839=CARTESIAN_POINT('Ctrl Pts',(-0.579939383539079,-1.93141965240583,
1.96954670306711));
#8840=CARTESIAN_POINT('Ctrl Pts',(-0.824233435788385,-1.84046841402332,
1.98454073074234));
#8841=CARTESIAN_POINT('Ctrl Pts',(-1.27059655885117,-1.56713124331594,2.01506250344793));
#8842=CARTESIAN_POINT('Ctrl Pts',(-1.46698482292714,-1.38503057106208,2.0302949445542));
#8843=CARTESIAN_POINT('Ctrl Pts',(-1.77037161008687,-0.9643658066361,2.05789087229971));
#8844=CARTESIAN_POINT('Ctrl Pts',(-1.87819427207485,-0.73254725120537,2.07051705601196));
#8845=CARTESIAN_POINT('Ctrl Pts',(-1.97989512298931,-0.32720137108074,2.09416223235257));
#8846=CARTESIAN_POINT('Ctrl Pts',(-2.,-0.163723593199395,2.10369843606231));
#8847=CARTESIAN_POINT('Ctrl Pts',(-2.,2.42514341941558E-14,2.11324897899894));
#8848=CARTESIAN_POINT('Origin',(0.,0.,0.));
#8849=CARTESIAN_POINT('',(-2.,8.75001318771929E-16,0.713248978998942));
#8850=CARTESIAN_POINT('',(-2.,6.06119179995524E-16,0.849251021001059));
#8851=CARTESIAN_POINT('',(-2.,-2.44929359829471E-16,0.));
#8852=CARTESIAN_POINT('Ctrl Pts',(-2.,1.59594559789866E-15,1.54925102100106));
#8853=CARTESIAN_POINT('Ctrl Pts',(-2.,-0.221676905319964,1.53631986819073));
#8854=CARTESIAN_POINT('Ctrl Pts',(-1.96314170192912,-0.442102619534209,
1.52346170152822));
#8855=CARTESIAN_POINT('Ctrl Pts',(-1.80727309174051,-0.893973324972161,
1.49710257704434));
#8856=CARTESIAN_POINT('Ctrl Pts',(-1.67827869086324,-1.11749941408506,1.48477415364376));
#8857=CARTESIAN_POINT('Ctrl Pts',(-1.33626817456171,-1.51168554149071,1.45599932019152));
#8858=CARTESIAN_POINT('Ctrl Pts',(-1.12352974845878,-1.67584701447716,1.44046412581638));
#8859=CARTESIAN_POINT('Ctrl Pts',(-0.655382558503204,-1.90682969397226,
1.41007720171042));
#8860=CARTESIAN_POINT('Ctrl Pts',(-0.406164818654848,-1.97499242119422,
1.39549910336247));
#8861=CARTESIAN_POINT('Ctrl Pts',(0.1118009002633,-2.01416834819767,1.36818980302397));
#8862=CARTESIAN_POINT('Ctrl Pts',(0.375798235727446,-1.98196576172633,1.35474039128589));
#8863=CARTESIAN_POINT('Ctrl Pts',(0.875582325192762,-1.81725089163247,1.32468804069824));
#8864=CARTESIAN_POINT('Ctrl Pts',(1.10650342049856,-1.68662203293876,1.30921232612274));
#8865=CARTESIAN_POINT('Ctrl Pts',(1.49754327713314,-1.3496631783547,1.27962974996267));
#8866=CARTESIAN_POINT('Ctrl Pts',(1.65628677290695,-1.14929493314964,1.26629322543478));
#8867=CARTESIAN_POINT('Ctrl Pts',(1.89600304347439,-0.689557387921998,1.23947520196316));
#8868=CARTESIAN_POINT('Ctrl Pts',(1.97060482638036,-0.432419236947919,1.22447547648967));
#8869=CARTESIAN_POINT('Ctrl Pts',(2.01475816140142,0.0904968328405334,1.19397203908535));
#8870=CARTESIAN_POINT('Ctrl Pts',(1.9860010058141,0.351081527332211,1.17877126524));
#8871=CARTESIAN_POINT('Ctrl Pts',(1.83195179954989,0.841923684894835,1.15013880604885));
#8872=CARTESIAN_POINT('Ctrl Pts',(1.70997836474828,1.06810682733443,1.13781617959176));
#8873=CARTESIAN_POINT('Ctrl Pts',(1.3799736916541,1.47203972448045,1.10936357832609));
#8874=CARTESIAN_POINT('Ctrl Pts',(1.1714645918693,1.6428238999611,1.09384887953009));
#8875=CARTESIAN_POINT('Ctrl Pts',(0.70876892225701,1.88773200157764,1.06333119799347));
#8876=CARTESIAN_POINT('Ctrl Pts',(0.460866349393913,1.96303927134508,1.04861115695574));
#8877=CARTESIAN_POINT('Ctrl Pts',(-0.0542620418080085,2.01624357966664,
1.02103603203853));
#8878=CARTESIAN_POINT('Ctrl Pts',(-0.316729781943706,1.9919557199275,1.00801579398986));
#8879=CARTESIAN_POINT('Ctrl Pts',(-0.819910422154093,1.84315246645817,0.978255944765312));
#8880=CARTESIAN_POINT('Ctrl Pts',(-1.05539515346365,1.7191853977888,0.962743985957271));
#8881=CARTESIAN_POINT('Ctrl Pts',(-1.45721746189986,1.3931884932935,0.932936423839563));
#8882=CARTESIAN_POINT('Ctrl Pts',(-1.62205068796848,1.1972107845818,0.919088316768314));
#8883=CARTESIAN_POINT('Ctrl Pts',(-1.87517416879157,0.744321853928582,0.892669795813543));
#8884=CARTESIAN_POINT('Ctrl Pts',(-1.9571981478624,0.489507123698839,0.877805603216808));
#8885=CARTESIAN_POINT('Ctrl Pts',(-1.99573302944641,0.150941126241092,0.858055920031773));
#8886=CARTESIAN_POINT('Ctrl Pts',(-2.,0.0754284065120331,0.853651011380927));
#8887=CARTESIAN_POINT('Ctrl Pts',(-2.,2.90612624504514E-16,0.849251021001058));
#8888=CARTESIAN_POINT('Ctrl Pts',(-2.,1.35308431126191E-15,0.713248978998942));
#8889=CARTESIAN_POINT('Ctrl Pts',(-2.,0.176185646293662,0.723526475032739));
#8890=CARTESIAN_POINT('Ctrl Pts',(-1.97671766098079,0.351994023503631,0.73378196370334));
#8891=CARTESIAN_POINT('Ctrl Pts',(-1.86268547533754,0.773067044672335,0.758344556604847));
#8892=CARTESIAN_POINT('Ctrl Pts',(-1.74691372570266,1.00772487837108,0.771056774178556));
#8893=CARTESIAN_POINT('Ctrl Pts',(-1.43335501864035,1.41836130675139,0.798874075350117));
#8894=CARTESIAN_POINT('Ctrl Pts',(-1.23912614791224,1.5908456548539,0.813716951781376));
#8895=CARTESIAN_POINT('Ctrl Pts',(-0.787235932690387,1.85791664824981,0.844335179444807));
#8896=CARTESIAN_POINT('Ctrl Pts',(-0.531864065322175,1.94647086364901,0.859818924659527));
#8897=CARTESIAN_POINT('Ctrl Pts',(-0.0149192672187486,2.01600498076255,
0.887962097180191));
#8898=CARTESIAN_POINT('Ctrl Pts',(0.240892944410301,2.0016193518883,0.90037121345357));
#8899=CARTESIAN_POINT('Ctrl Pts',(0.739796320774977,1.8763040448137,0.929229918124574));
#8900=CARTESIAN_POINT('Ctrl Pts',(0.97754577041495,1.76414453429758,0.944511899196859));
#8901=CARTESIAN_POINT('Ctrl Pts',(1.40040306673023,1.45227908867394,0.974969942406651));
#8902=CARTESIAN_POINT('Ctrl Pts',(1.58035869760345,1.25409762421919,0.989841260413514));
#8903=CARTESIAN_POINT('Ctrl Pts',(1.84664798387701,0.808850886398168,1.01628006532229));
#8904=CARTESIAN_POINT('Ctrl Pts',(1.93429848658351,0.568270002384465,1.03009989552653));
#8905=CARTESIAN_POINT('Ctrl Pts',(2.01646543269962,0.0574756836779993,1.05989623078441));
#8906=CARTESIAN_POINT('Ctrl Pts',(2.00649066304162,-0.208417850115752,1.07540668692237));
#8907=CARTESIAN_POINT('Ctrl Pts',(1.88454877512798,-0.718845406043339,1.10518162768482));
#8908=CARTESIAN_POINT('Ctrl Pts',(1.77465619175351,-0.958558672306764,1.11822126181379));
#8909=CARTESIAN_POINT('Ctrl Pts',(1.47156027095893,-1.37855472430878,1.14578299141669));
#8910=CARTESIAN_POINT('Ctrl Pts',(1.28267030840067,-1.55583545715363,1.16049605064689));
#8911=CARTESIAN_POINT('Ctrl Pts',(0.839694804596663,-1.83469094464999,1.19100763800586));
#8912=CARTESIAN_POINT('Ctrl Pts',(0.587717071278411,-1.93023192665568,1.20652369854512));
#8913=CARTESIAN_POINT('Ctrl Pts',(0.0730188524039524,-2.01483766813688,
1.23499296708662));
#8914=CARTESIAN_POINT('Ctrl Pts',(-0.183907944212059,-2.00775617662883,
1.24731344602659));
#8915=CARTESIAN_POINT('Ctrl Pts',(-0.686185245106781,-1.89646744195511,
1.27593348675652));
#8916=CARTESIAN_POINT('Ctrl Pts',(-0.926356159359101,-1.79144770402125,
1.29112955237083));
#8917=CARTESIAN_POINT('Ctrl Pts',(-1.35755754264724,-1.49241704820116,1.32163477536993));
#8918=CARTESIAN_POINT('Ctrl Pts',(-1.54323512709535,-1.29951660321508,1.33664112614301));
#8919=CARTESIAN_POINT('Ctrl Pts',(-1.82216924916185,-0.862471953131543,
1.36347949718581));
#8920=CARTESIAN_POINT('Ctrl Pts',(-1.91667291686247,-0.624967192535824,
1.37679255943436));
#8921=CARTESIAN_POINT('Ctrl Pts',(-1.98811155413749,-0.251824963332595,
1.39855918947122));
#8922=CARTESIAN_POINT('Ctrl Pts',(-2.,-0.125902074057795,1.40590469134557));
#8923=CARTESIAN_POINT('Ctrl Pts',(-2.,1.17961196366423E-15,1.41324897899894));
#8924=CARTESIAN_POINT('Origin',(0.,0.,0.));
#8925=CARTESIAN_POINT('',(-2.,4.21759661654474E-15,0.0132489789989423));
#8926=CARTESIAN_POINT('',(-2.,-1.06355216563215E-15,0.149251021001058));
#8927=CARTESIAN_POINT('',(-2.,-2.44929359829471E-16,0.));
#8928=CARTESIAN_POINT('',(-1.98706166825522,-0.227125354266688,5.17735590579833E-14));
#8929=CARTESIAN_POINT('Ctrl Pts',(-1.98706166825515,-0.227125354267367,
1.23056268226826E-14));
#8930=CARTESIAN_POINT('Ctrl Pts',(-1.99568717682551,-0.151662984578766,
0.00440197156518067));
#8931=CARTESIAN_POINT('Ctrl Pts',(-2.,-0.0758382345444246,0.0088250819838506));
#8932=CARTESIAN_POINT('Ctrl Pts',(-2.,3.64983465221201E-16,0.013248978998942));
#8933=CARTESIAN_POINT('',(-0.476453294670493,-1.94241917669632,-2.43800682914924E-16));
#8934=CARTESIAN_POINT('Origin',(0.,0.,-4.87517627426688E-17));
#8935=CARTESIAN_POINT('Ctrl Pts',(-2.,1.52655665885959E-15,0.149251021001059));
#8936=CARTESIAN_POINT('Ctrl Pts',(-2.,-0.147979704209287,0.14061887158885));
#8937=CARTESIAN_POINT('Ctrl Pts',(-1.98357616715468,-0.295854242548951,
0.131992856852345));
#8938=CARTESIAN_POINT('Ctrl Pts',(-1.89496723731536,-0.687937848208205,
0.109121313188888));
#8939=CARTESIAN_POINT('Ctrl Pts',(-1.79272680735058,-0.922092791769906,
0.0962552204117138));
#8940=CARTESIAN_POINT('Ctrl Pts',(-1.51272929596307,-1.3304807699337,0.0701989485068865));
#8941=CARTESIAN_POINT('Ctrl Pts',(-1.34087141144498,-1.50351541138102,0.0564701626577299));
#8942=CARTESIAN_POINT('Ctrl Pts',(-0.940747215992215,-1.7819420150072,0.0281358531726632));
#8943=CARTESIAN_POINT('Ctrl Pts',(-0.715016528742623,-1.88390233325476,
0.0137585141654459));
#8944=CARTESIAN_POINT('Ctrl Pts',(-0.476453294669392,-1.94241917669659,
-6.38291502985666E-14));
#8945=CARTESIAN_POINT('Origin',(0.,0.,0.));
#8946=CARTESIAN_POINT('Ctrl Pts',(-2.,2.35922392732846E-15,0.849251021001059));
#8947=CARTESIAN_POINT('Ctrl Pts',(-2.,-0.183992491125989,0.838518125685376));
#8948=CARTESIAN_POINT('Ctrl Pts',(-1.97460844398578,-0.367483303169642,
0.827814494982814));
#8949=CARTESIAN_POINT('Ctrl Pts',(-1.8550225886807,-0.78954709231735,0.803194107282531));
#8950=CARTESIAN_POINT('Ctrl Pts',(-1.73991710674556,-1.01841578324145,0.790777951526878));
#8951=CARTESIAN_POINT('Ctrl Pts',(-1.42182368503926,-1.43180542418351,0.762651262934229));
#8952=CARTESIAN_POINT('Ctrl Pts',(-1.21766957416523,-1.60900478462823,0.747169460553529));
#8953=CARTESIAN_POINT('Ctrl Pts',(-0.760730931888797,-1.86749291183874,
0.716546529299262));
#8954=CARTESIAN_POINT('Ctrl Pts',(-0.514319794093939,-1.94980721655092,
0.701697460947319));
#8955=CARTESIAN_POINT('Ctrl Pts',(-0.00206426879529004,-2.01672155743956,
0.673867591946709));
#8956=CARTESIAN_POINT('Ctrl Pts',(0.258971586101898,-2.00002906076039,0.661169103548566));
#8957=CARTESIAN_POINT('Ctrl Pts',(0.765224612743497,-1.86662952065447,0.631703318022971));
#8958=CARTESIAN_POINT('Ctrl Pts',(1.0049542096392,-1.74926544993945,0.616169503904993));
#8959=CARTESIAN_POINT('Ctrl Pts',(1.41700410445826,-1.43416290055687,0.586163015083166));
#8960=CARTESIAN_POINT('Ctrl Pts',(1.58779976931708,-1.24244213854953,0.571942878754886));
#8961=CARTESIAN_POINT('Ctrl Pts',(1.85373666442666,-0.796169454794121,0.545491952572194));
#8962=CARTESIAN_POINT('Ctrl Pts',(1.94285545513348,-0.543728932132087,0.530968542042075));
#8963=CARTESIAN_POINT('Ctrl Pts',(2.01684760151549,-0.0226351417382063,
0.500571404269099));
#8964=CARTESIAN_POINT('Ctrl Pts',(2.00257393663828,0.240610361635785,0.485215416572283));
#8965=CARTESIAN_POINT('Ctrl Pts',(1.87554215418529,0.739325380707291,0.456123707126446));
#8966=CARTESIAN_POINT('Ctrl Pts',(1.7668628047105,0.97079124893568,0.44352824721681));
#8967=CARTESIAN_POINT('Ctrl Pts',(1.46191260707081,1.39038396194238,0.415884607034819));
#8968=CARTESIAN_POINT('Ctrl Pts',(1.26485681001071,1.57176832221872,0.400639335830764));
#8969=CARTESIAN_POINT('Ctrl Pts',(0.81757018157402,1.84342527292328,0.370119915760259));
#8970=CARTESIAN_POINT('Ctrl Pts',(0.573038365806041,1.93346634805756,0.355140423140341));
#8971=CARTESIAN_POINT('Ctrl Pts',(0.0640596787355478,2.01547107898592,0.32703595756397));
#8972=CARTESIAN_POINT('Ctrl Pts',(-0.195484570857161,2.00699235431341,0.314579446077914));
#8973=CARTESIAN_POINT('Ctrl Pts',(-0.704854210674826,1.89037232899352,0.285445617539497));
#8974=CARTESIAN_POINT('Ctrl Pts',(-0.949006177248122,1.78036420996338,0.269902942083994));
#8975=CARTESIAN_POINT('Ctrl Pts',(-1.37203008407529,1.47737892445755,0.239695486689715));
#8976=CARTESIAN_POINT('Ctrl Pts',(-1.54917786414971,1.29042865563215,0.225293592645814));
#8977=CARTESIAN_POINT('Ctrl Pts',(-1.82960143254125,0.85059300341358,0.198298573303366));
#8978=CARTESIAN_POINT('Ctrl Pts',(-1.92652603009616,0.599595283018714,0.184227412510457));
#8979=CARTESIAN_POINT('Ctrl Pts',(-1.99048293456703,0.22535732233602,0.162396864803967));
#8980=CARTESIAN_POINT('Ctrl Pts',(-2.,0.112648190010785,0.155822165418354));
#8981=CARTESIAN_POINT('Ctrl Pts',(-2.,1.21430643318376E-15,0.149251021001058));
#8982=CARTESIAN_POINT('Ctrl Pts',(-2.,3.64983465221201E-16,0.013248978998942));
#8983=CARTESIAN_POINT('Ctrl Pts',(-2.,0.0713935563186462,0.0174136031175297));
#8984=CARTESIAN_POINT('Ctrl Pts',(-1.99617722157684,0.142790234734993,0.0215784093585132));
#8985=CARTESIAN_POINT('Ctrl Pts',(-1.97294707827767,0.358768149000242,0.0341771210239853));
#8986=CARTESIAN_POINT('Ctrl Pts',(-1.94157409725963,0.501528902451252,0.0425048316419607));
#8987=CARTESIAN_POINT('Ctrl Pts',(-1.81306797230793,0.882247271656803,0.0647134031789501));
#8988=CARTESIAN_POINT('Ctrl Pts',(-1.68536102064064,1.10685724745759,0.0770576636418188));
#8989=CARTESIAN_POINT('Ctrl Pts',(-1.35032908851598,1.49786791847576,0.105387334463953));
#8990=CARTESIAN_POINT('Ctrl Pts',(-1.14536476902697,1.65985329114081,0.120466325773582));
#8991=CARTESIAN_POINT('Ctrl Pts',(-0.679513557257268,1.89962130522893,0.150993500238103));
#8992=CARTESIAN_POINT('Ctrl Pts',(-0.421938154949784,1.97289373312313,0.166142845156));
#8993=CARTESIAN_POINT('Ctrl Pts',(0.094904362550961,2.01373298132814,0.193443916973486));
#8994=CARTESIAN_POINT('Ctrl Pts',(0.348853638410741,1.98556349565383,0.206293483637936));
#8995=CARTESIAN_POINT('Ctrl Pts',(0.840976981077452,1.83338604261572,0.235593152816652));
#8996=CARTESIAN_POINT('Ctrl Pts',(1.07349601868945,1.70767333317559,0.251006204792392));
#8997=CARTESIAN_POINT('Ctrl Pts',(1.48058406914584,1.37075128422854,0.28139843249423));
#8998=CARTESIAN_POINT('Ctrl Pts',(1.64987007245514,1.16144238107279,0.295498173436388));
#8999=CARTESIAN_POINT('Ctrl Pts',(1.89121274891394,0.698896135065263,0.322480037786826));
#9000=CARTESIAN_POINT('Ctrl Pts',(1.96485907948035,0.45213601504821,0.336874378121154));
#9001=CARTESIAN_POINT('Ctrl Pts',(2.01643025108457,-0.0655679686929755,
0.367073777172722));
#9002=CARTESIAN_POINT('Ctrl Pts',(1.98999369676012,-0.332012823136753,0.382616393681942));
#9003=CARTESIAN_POINT('Ctrl Pts',(1.83699405838138,-0.831698660100186,0.411764734171476));
#9004=CARTESIAN_POINT('Ctrl Pts',(1.71483834743984,-1.06094005931322,0.424229272346716));
#9005=CARTESIAN_POINT('Ctrl Pts',(1.38982357916322,-1.46117708215508,0.452321996525674));
#9006=CARTESIAN_POINT('Ctrl Pts',(1.18982591488762,-1.62816915497805,0.467296110364023));
#9007=CARTESIAN_POINT('Ctrl Pts',(0.731286701317068,-1.88030291671336,0.497814563857002));
#9008=CARTESIAN_POINT('Ctrl Pts',(0.475781363294503,-1.96060929374523,0.513064489809686));
#9009=CARTESIAN_POINT('Ctrl Pts',(-0.0400172069294162,-2.01560099387772,
0.540725603191443));
#9010=CARTESIAN_POINT('Ctrl Pts',(-0.29485763667836,-1.99432387786842,0.553310194453162));
#9011=CARTESIAN_POINT('Ctrl Pts',(-0.790439190845607,-1.85563566685188,
0.582391129848566));
#9012=CARTESIAN_POINT('Ctrl Pts',(-1.02568136699236,-1.736705569227,0.597743923563394));
#9013=CARTESIAN_POINT('Ctrl Pts',(-1.44037939062239,-1.41266915605017,0.628144761977213));
#9014=CARTESIAN_POINT('Ctrl Pts',(-1.61471512824781,-1.20951105832876,0.642694167263119));
#9015=CARTESIAN_POINT('Ctrl Pts',(-1.86883247541519,-0.756451030630597,
0.669122668878845));
#9016=CARTESIAN_POINT('Ctrl Pts',(-1.94979934767629,-0.51282415259104,0.683334236764485));
#9017=CARTESIAN_POINT('Ctrl Pts',(-1.99432774526494,-0.174025421584973,
0.703097496073172));
#9018=CARTESIAN_POINT('Ctrl Pts',(-2.,-0.0869667500902346,0.708175918577011));
#9019=CARTESIAN_POINT('Ctrl Pts',(-2.,3.64983465221201E-16,0.713248978998942));
#9020=CARTESIAN_POINT('Origin',(0.,0.,7.475));
#9021=CARTESIAN_POINT('',(-1.84671711205276,9.26209903012472E-9,7.62828288794724));
#9022=CARTESIAN_POINT('Ctrl Pts',(1.0720903760782,-1.68837857885032,7.47499999999997));
#9023=CARTESIAN_POINT('Ctrl Pts',(0.896882129575246,-1.79062841611367,7.48260131997946));
#9024=CARTESIAN_POINT('Ctrl Pts',(0.707112695010967,-1.86556074449087,7.49025191602795));
#9025=CARTESIAN_POINT('Ctrl Pts',(0.297892188049342,-1.95873620736645,7.50562524342424));
#9026=CARTESIAN_POINT('Ctrl Pts',(0.0783398002957165,-1.97248818591248,
7.51287070305244));
#9027=CARTESIAN_POINT('Ctrl Pts',(-0.389694249484111,-1.9232891255023,7.52910720188826));
#9028=CARTESIAN_POINT('Ctrl Pts',(-0.634454231243325,-1.84694041545796,
7.53867401230414));
#9029=CARTESIAN_POINT('Ctrl Pts',(-1.07046730182773,-1.60872692956432,7.55798006451527));
#9030=CARTESIAN_POINT('Ctrl Pts',(-1.25964204433831,-1.45283417064635,7.56752098509894));
#9031=CARTESIAN_POINT('Ctrl Pts',(-1.52968346409257,-1.12720561859846,7.58340130442634));
#9032=CARTESIAN_POINT('Ctrl Pts',(-1.67893622071284,-0.90852177774003,7.59199222758465));
#9033=CARTESIAN_POINT('Ctrl Pts',(-1.82909326450605,-0.410634526811351,
7.61170832449951));
#9034=CARTESIAN_POINT('Ctrl Pts',(-1.85505708207949,-0.205189580318256,
7.61994291997874));
#9035=CARTESIAN_POINT('Ctrl Pts',(-1.84671711205276,1.85241989802964E-8,
7.62828288794724));
#9036=CARTESIAN_POINT('',(0.116951442483095,-1.56582599063927,7.90481253575876));
#9037=CARTESIAN_POINT('Ctrl Pts',(0.116951442483096,-1.56582599063927,7.90481253575876));
#9038=CARTESIAN_POINT('Ctrl Pts',(0.255407916383749,-1.57616247805766,7.88419217944284));
#9039=CARTESIAN_POINT('Ctrl Pts',(0.394498829056218,-1.569173348494,7.86280875353434));
#9040=CARTESIAN_POINT('Ctrl Pts',(0.666233832626113,-1.5211007867194,7.81993766517699));
#9041=CARTESIAN_POINT('Ctrl Pts',(0.797908846820419,-1.48055473936949,7.79861051900132));
#9042=CARTESIAN_POINT('Ctrl Pts',(1.10914253522598,-1.34072080753009,7.74667040146379));
#9043=CARTESIAN_POINT('Ctrl Pts',(1.27839597245096,-1.22364093753832,7.71700123799126));
#9044=CARTESIAN_POINT('Ctrl Pts',(1.47060505223234,-1.0305531548583,7.68051597240623));
#9045=CARTESIAN_POINT('Ctrl Pts',(1.55664161094155,-0.938534793519115,7.66488536201755));
#9046=CARTESIAN_POINT('Ctrl Pts',(1.76456965138775,-0.620603088940767,7.61642270227212));
#9047=CARTESIAN_POINT('Ctrl Pts',(1.8507461353544,-0.424653810027902,7.58788339782589));
#9048=CARTESIAN_POINT('Ctrl Pts',(1.9558919945704,-0.0116510733287683,7.53055623002459));
#9049=CARTESIAN_POINT('Ctrl Pts',(1.97383788939752,0.202673004463376,7.50214718710611));
#9050=CARTESIAN_POINT('Ctrl Pts',(1.95631466792951,0.415731788589493,7.47500000000001));
#9051=CARTESIAN_POINT('',(1.17445069810058,-1.04218723394187,7.9048125357576));
#9052=CARTESIAN_POINT('Origin',(-1.07164277451943E-12,3.90049104126433E-12,
7.90481253575478));
#9053=CARTESIAN_POINT('Ctrl Pts',(-1.84671711205276,1.85241987808032E-8,
7.62828288794724));
#9054=CARTESIAN_POINT('Ctrl Pts',(-1.84510792764348,0.0395910365189188,
7.62989207195939));
#9055=CARTESIAN_POINT('Ctrl Pts',(-1.84222178121298,0.0791725577199003,
7.6315050808615));
#9056=CARTESIAN_POINT('Ctrl Pts',(-1.81413646082626,0.345347839504388,7.64238078997863));
#9057=CARTESIAN_POINT('Ctrl Pts',(-1.74842803928962,0.565636232620177,7.65152638039014));
#9058=CARTESIAN_POINT('Ctrl Pts',(-1.58916431675027,0.875619015885902,7.66457475850098));
#9059=CARTESIAN_POINT('Ctrl Pts',(-1.52300467434713,0.978550433864412,7.66885078775445));
#9060=CARTESIAN_POINT('Ctrl Pts',(-1.31050066065002,1.24303035407701,7.68181403359362));
#9061=CARTESIAN_POINT('Ctrl Pts',(-1.14465674188404,1.38575894000321,7.6907420160339));
#9062=CARTESIAN_POINT('Ctrl Pts',(-0.756082884933722,1.61201801286605,7.70971840189028));
#9063=CARTESIAN_POINT('Ctrl Pts',(-0.533881466220065,1.68831134067634,7.71961858208587));
#9064=CARTESIAN_POINT('Ctrl Pts',(-0.153634197929787,1.73965192568624,7.73510663556583));
#9065=CARTESIAN_POINT('Ctrl Pts',(0.0889814793866149,1.75451677611984,7.74362340990001));
#9066=CARTESIAN_POINT('Ctrl Pts',(0.581304732943034,1.62219405541738,7.76485357556768));
#9067=CARTESIAN_POINT('Ctrl Pts',(0.773817292417486,1.5293140796921,7.77418058319907));
#9068=CARTESIAN_POINT('Ctrl Pts',(1.12470975024348,1.26996798102868,7.79347887231997));
#9069=CARTESIAN_POINT('Ctrl Pts',(1.2769275722995,1.10202561064178,7.80326639615529));
#9070=CARTESIAN_POINT('Ctrl Pts',(1.44812795809227,0.815366129805595,7.8167039199917));
#9071=CARTESIAN_POINT('Ctrl Pts',(1.49498047652201,0.716264497358836,7.82094652230564));
#9072=CARTESIAN_POINT('Ctrl Pts',(1.59771642097874,0.424106887267778,7.83402097140633));
#9073=CARTESIAN_POINT('Ctrl Pts',(1.62857058395419,0.225256123931693,7.84305079421159));
#9074=CARTESIAN_POINT('Ctrl Pts',(1.6167075333809,-0.166126827946298,7.86114106803965));
#9075=CARTESIAN_POINT('Ctrl Pts',(1.57679972687275,-0.35552203001934,7.87004525848798));
#9076=CARTESIAN_POINT('Ctrl Pts',(1.4525835190212,-0.662034218084996,7.88468654545967));
#9077=CARTESIAN_POINT('Ctrl Pts',(1.35616600695415,-0.855209070069732,7.89299903173606));
#9078=CARTESIAN_POINT('Ctrl Pts',(1.17445069810113,-1.04218723394238,7.90481253575801));
#9079=CARTESIAN_POINT('',(-1.475,-1.80635402874234E-16,8.));
#9080=CARTESIAN_POINT('',(-2.,-2.44929359829471E-16,7.475));
#9081=CARTESIAN_POINT('',(1.475,0.,8.));
#9082=CARTESIAN_POINT('Origin',(0.,0.,8.));
#9083=CARTESIAN_POINT('Origin',(0.,0.,8.));
#9084=CARTESIAN_POINT('Origin',(0.,2.,-2.43758813713344E-17));
#9085=CARTESIAN_POINT('',(0.685958221389571,1.41242698620792,-3.28220957390975E-16));
#9086=CARTESIAN_POINT('Ctrl Pts',(-1.98706166825513,-0.227125354266677,
5.93042256514837E-16));
#9087=CARTESIAN_POINT('Ctrl Pts',(-1.98843856767244,-0.084170086024752,
5.93042256514837E-16));
#9088=CARTESIAN_POINT('Ctrl Pts',(-1.97422277238757,0.0584878308449437,
5.56341690436216E-16));
#9089=CARTESIAN_POINT('Ctrl Pts',(-1.91509479855683,0.338146901840837,5.56341690436216E-16));
#9090=CARTESIAN_POINT('Ctrl Pts',(-1.8703831971981,0.474280308767359,-1.82236543676053E-16));
#9091=CARTESIAN_POINT('Ctrl Pts',(-1.73086931931717,0.781533557261399,-1.79664864617898E-16));
#9092=CARTESIAN_POINT('Ctrl Pts',(-1.60203584437016,0.99801123008068,2.68667102445792E-16));
#9093=CARTESIAN_POINT('Ctrl Pts',(-1.3145323606268,1.269159317135,2.7177909205328E-16));
#9094=CARTESIAN_POINT('Ctrl Pts',(-1.22613796517102,1.33789838030128,-2.78114763596521E-16));
#9095=CARTESIAN_POINT('Ctrl Pts',(-0.944088146001865,1.5169249712252,-2.75303801571513E-16));
#9096=CARTESIAN_POINT('Ctrl Pts',(-0.7354905449493,1.59930175339399,2.40769650521786E-16));
#9097=CARTESIAN_POINT('Ctrl Pts',(-0.411833403098789,1.66033851390946,2.37906607843247E-16));
#9098=CARTESIAN_POINT('Ctrl Pts',(-0.305086343873455,1.67049936610767,-1.68569494383751E-16));
#9099=CARTESIAN_POINT('Ctrl Pts',(0.0314747777263849,1.67169536540013,-1.71386053792712E-16));
#9100=CARTESIAN_POINT('Ctrl Pts',(0.201922456297628,1.62733137061511,1.6851393438476E-16));
#9101=CARTESIAN_POINT('Ctrl Pts',(0.429293946681443,1.55711651185871,1.64297681869569E-16));
#9102=CARTESIAN_POINT('Ctrl Pts',(0.563128634185389,1.49378550891677,-1.15544325130202E-17));
#9103=CARTESIAN_POINT('Ctrl Pts',(0.685958221389572,1.41242698620792,-1.15544325130202E-17));
#9104=CARTESIAN_POINT('',(1.48686362524509,0.504703113506702,-4.48331036695901E-14));
#9105=CARTESIAN_POINT('Origin',(-1.80411241501588E-15,-1.66533453693773E-15,
-2.66203025026891E-13));
#9106=CARTESIAN_POINT('Ctrl Pts',(1.48686362524502,0.50470311350666,-4.69687428242555E-17));
#9107=CARTESIAN_POINT('Ctrl Pts',(1.55296025827719,0.369083953535443,-4.69687428242555E-17));
#9108=CARTESIAN_POINT('Ctrl Pts',(1.59984209119905,0.224961004068107,-1.12910801027198E-16));
#9109=CARTESIAN_POINT('Ctrl Pts',(1.65307351927827,-0.0754304996866229,
-1.10047406215054E-16));
#9110=CARTESIAN_POINT('Ctrl Pts',(1.65821943887329,-0.230303908380281,7.58051142123087E-11));
#9111=CARTESIAN_POINT('Ctrl Pts',(1.61716511720137,-0.606902886115024,7.58051175629368E-11));
#9112=CARTESIAN_POINT('Ctrl Pts',(1.54720343405439,-0.817557361733532,4.43304331774449E-16));
#9113=CARTESIAN_POINT('Ctrl Pts',(1.38324063638729,-1.11385139815032,4.43304331774449E-16));
#9114=CARTESIAN_POINT('Ctrl Pts',(1.31828151169804,-1.20898907988798,6.06517239113486E-15));
#9115=CARTESIAN_POINT('Ctrl Pts',(1.09201496876466,-1.48152781823246,6.06517239113486E-15));
#9116=CARTESIAN_POINT('Ctrl Pts',(0.904727133964994,-1.63392997220156,5.34405163201786E-16));
#9117=CARTESIAN_POINT('Ctrl Pts',(0.522323261422226,-1.83711599255898,5.37901049110705E-16));
#9118=CARTESIAN_POINT('Ctrl Pts',(0.337925525604752,-1.9004052960499,-2.47471000555571E-16));
#9119=CARTESIAN_POINT('Ctrl Pts',(-0.0577986926698358,-1.96972556159904,
-2.47471000555571E-16));
#9120=CARTESIAN_POINT('Ctrl Pts',(-0.271648601446872,-1.97124577261469,
-5.95348663551217E-17));
#9121=CARTESIAN_POINT('Ctrl Pts',(-0.476453294670492,-1.94241917669632,
-5.95348663551217E-17));
#9122=CARTESIAN_POINT('Origin',(0.,0.,8.));
#9123=CARTESIAN_POINT('Ctrl Pts',(0.,1.57018746424124,8.35));
#9124=CARTESIAN_POINT('Ctrl Pts',(-0.906548155157855,1.57018746424124,8.29166666666667));
#9125=CARTESIAN_POINT('Ctrl Pts',(-1.35982223273678,0.78509373212062,8.23333333333333));
#9126=CARTESIAN_POINT('Ctrl Pts',(-1.81309631031571,1.11020129648701E-16,
8.175));
#9127=CARTESIAN_POINT('Ctrl Pts',(-1.35982223273678,-0.785093732120619,
8.11666666666667));
#9128=CARTESIAN_POINT('Ctrl Pts',(-0.906548155157856,-1.57018746424124,
8.05833333333333));
#9129=CARTESIAN_POINT('Ctrl Pts',(-1.92292505214433E-16,-1.57018746424124,
8.));
#9130=CARTESIAN_POINT('Ctrl Pts',(0.906548155157855,-1.57018746424124,7.94166666666667));
#9131=CARTESIAN_POINT('Ctrl Pts',(1.35982223273678,-0.78509373212062,7.88333333333333));
#9132=CARTESIAN_POINT('Ctrl Pts',(1.81309631031571,-3.33060388946102E-16,
7.825));
#9133=CARTESIAN_POINT('Ctrl Pts',(1.35982223273678,0.785093732120619,7.76666666666667));
#9134=CARTESIAN_POINT('Ctrl Pts',(0.906548155157856,1.57018746424124,7.70833333333333));
#9135=CARTESIAN_POINT('Ctrl Pts',(0.,1.57018746424124,7.65));
#9136=CARTESIAN_POINT('Ctrl Pts',(-0.906548155157855,1.57018746424124,7.59166666666667));
#9137=CARTESIAN_POINT('Ctrl Pts',(-1.35982223273678,0.78509373212062,7.53333333333333));
#9138=CARTESIAN_POINT('Ctrl Pts',(-1.81309631031571,1.11020129648701E-16,
7.475));
#9139=CARTESIAN_POINT('Ctrl Pts',(-1.35982223273678,-0.785093732120619,
7.41666666666667));
#9140=CARTESIAN_POINT('Ctrl Pts',(-0.906548155157856,-1.57018746424124,
7.35833333333333));
#9141=CARTESIAN_POINT('Ctrl Pts',(-1.92292505214433E-16,-1.57018746424124,
7.3));
#9142=CARTESIAN_POINT('Ctrl Pts',(0.906548155157855,-1.57018746424124,7.24166666666667));
#9143=CARTESIAN_POINT('Ctrl Pts',(1.35982223273678,-0.78509373212062,7.18333333333333));
#9144=CARTESIAN_POINT('Ctrl Pts',(1.81309631031571,-3.33060388946102E-16,
7.125));
#9145=CARTESIAN_POINT('Ctrl Pts',(1.35982223273678,0.785093732120619,7.06666666666667));
#9146=CARTESIAN_POINT('Ctrl Pts',(0.906548155157856,1.57018746424124,7.00833333333333));
#9147=CARTESIAN_POINT('Ctrl Pts',(0.,1.57018746424124,6.95));
#9148=CARTESIAN_POINT('Ctrl Pts',(-0.906548155157855,1.57018746424124,6.89166666666667));
#9149=CARTESIAN_POINT('Ctrl Pts',(-1.35982223273678,0.78509373212062,6.83333333333333));
#9150=CARTESIAN_POINT('Ctrl Pts',(-1.81309631031571,1.11020129648701E-16,
6.775));
#9151=CARTESIAN_POINT('Ctrl Pts',(-1.35982223273678,-0.785093732120619,
6.71666666666667));
#9152=CARTESIAN_POINT('Ctrl Pts',(-0.906548155157856,-1.57018746424124,
6.65833333333333));
#9153=CARTESIAN_POINT('Ctrl Pts',(-1.92292505214433E-16,-1.57018746424124,
6.6));
#9154=CARTESIAN_POINT('Ctrl Pts',(0.906548155157855,-1.57018746424124,6.54166666666667));
#9155=CARTESIAN_POINT('Ctrl Pts',(1.35982223273678,-0.78509373212062,6.48333333333333));
#9156=CARTESIAN_POINT('Ctrl Pts',(1.81309631031571,-3.33060388946102E-16,
6.425));
#9157=CARTESIAN_POINT('Ctrl Pts',(1.35982223273678,0.785093732120619,6.36666666666667));
#9158=CARTESIAN_POINT('Ctrl Pts',(0.906548155157856,1.57018746424124,6.30833333333333));
#9159=CARTESIAN_POINT('Ctrl Pts',(0.,1.57018746424124,6.25));
#9160=CARTESIAN_POINT('Ctrl Pts',(-0.906548155157855,1.57018746424124,6.19166666666667));
#9161=CARTESIAN_POINT('Ctrl Pts',(-1.35982223273678,0.78509373212062,6.13333333333333));
#9162=CARTESIAN_POINT('Ctrl Pts',(-1.81309631031571,1.11020129648701E-16,
6.075));
#9163=CARTESIAN_POINT('Ctrl Pts',(-1.35982223273678,-0.785093732120619,
6.01666666666667));
#9164=CARTESIAN_POINT('Ctrl Pts',(-0.906548155157856,-1.57018746424124,
5.95833333333333));
#9165=CARTESIAN_POINT('Ctrl Pts',(-1.92292505214433E-16,-1.57018746424124,
5.9));
#9166=CARTESIAN_POINT('Ctrl Pts',(0.906548155157855,-1.57018746424124,5.84166666666667));
#9167=CARTESIAN_POINT('Ctrl Pts',(1.35982223273678,-0.78509373212062,5.78333333333333));
#9168=CARTESIAN_POINT('Ctrl Pts',(1.81309631031571,-3.33060388946102E-16,
5.725));
#9169=CARTESIAN_POINT('Ctrl Pts',(1.35982223273678,0.785093732120619,5.66666666666667));
#9170=CARTESIAN_POINT('Ctrl Pts',(0.906548155157856,1.57018746424124,5.60833333333333));
#9171=CARTESIAN_POINT('Ctrl Pts',(0.,1.57018746424124,5.55));
#9172=CARTESIAN_POINT('Ctrl Pts',(-0.906548155157855,1.57018746424124,5.49166666666667));
#9173=CARTESIAN_POINT('Ctrl Pts',(-1.35982223273678,0.78509373212062,5.43333333333333));
#9174=CARTESIAN_POINT('Ctrl Pts',(-1.81309631031571,1.11020129648701E-16,
5.375));
#9175=CARTESIAN_POINT('Ctrl Pts',(-1.35982223273678,-0.785093732120619,
5.31666666666667));
#9176=CARTESIAN_POINT('Ctrl Pts',(-0.906548155157856,-1.57018746424124,
5.25833333333333));
#9177=CARTESIAN_POINT('Ctrl Pts',(-1.92292505214433E-16,-1.57018746424124,
5.2));
#9178=CARTESIAN_POINT('Ctrl Pts',(0.906548155157855,-1.57018746424124,5.14166666666667));
#9179=CARTESIAN_POINT('Ctrl Pts',(1.35982223273678,-0.78509373212062,5.08333333333333));
#9180=CARTESIAN_POINT('Ctrl Pts',(1.81309631031571,-3.33060388946102E-16,
5.025));
#9181=CARTESIAN_POINT('Ctrl Pts',(1.35982223273678,0.785093732120619,4.96666666666667));
#9182=CARTESIAN_POINT('Ctrl Pts',(0.906548155157856,1.57018746424124,4.90833333333333));
#9183=CARTESIAN_POINT('Ctrl Pts',(0.,1.57018746424124,4.85));
#9184=CARTESIAN_POINT('Ctrl Pts',(-0.906548155157855,1.57018746424124,4.79166666666667));
#9185=CARTESIAN_POINT('Ctrl Pts',(-1.35982223273678,0.78509373212062,4.73333333333333));
#9186=CARTESIAN_POINT('Ctrl Pts',(-1.81309631031571,1.11020129648701E-16,
4.675));
#9187=CARTESIAN_POINT('Ctrl Pts',(-1.35982223273678,-0.785093732120619,
4.61666666666667));
#9188=CARTESIAN_POINT('Ctrl Pts',(-0.906548155157856,-1.57018746424124,
4.55833333333333));
#9189=CARTESIAN_POINT('Ctrl Pts',(-1.92292505214433E-16,-1.57018746424124,
4.5));
#9190=CARTESIAN_POINT('Ctrl Pts',(0.906548155157855,-1.57018746424124,4.44166666666667));
#9191=CARTESIAN_POINT('Ctrl Pts',(1.35982223273678,-0.78509373212062,4.38333333333333));
#9192=CARTESIAN_POINT('Ctrl Pts',(1.81309631031571,-3.33060388946102E-16,
4.325));
#9193=CARTESIAN_POINT('Ctrl Pts',(1.35982223273678,0.785093732120619,4.26666666666667));
#9194=CARTESIAN_POINT('Ctrl Pts',(0.906548155157856,1.57018746424124,4.20833333333333));
#9195=CARTESIAN_POINT('Ctrl Pts',(0.,1.57018746424124,4.15));
#9196=CARTESIAN_POINT('Ctrl Pts',(-0.906548155157855,1.57018746424124,4.09166666666667));
#9197=CARTESIAN_POINT('Ctrl Pts',(-1.35982223273678,0.78509373212062,4.03333333333333));
#9198=CARTESIAN_POINT('Ctrl Pts',(-1.81309631031571,1.11020129648701E-16,
3.975));
#9199=CARTESIAN_POINT('Ctrl Pts',(-1.35982223273678,-0.785093732120619,
3.91666666666667));
#9200=CARTESIAN_POINT('Ctrl Pts',(-0.906548155157856,-1.57018746424124,
3.85833333333333));
#9201=CARTESIAN_POINT('Ctrl Pts',(-1.92292505214433E-16,-1.57018746424124,
3.8));
#9202=CARTESIAN_POINT('Ctrl Pts',(0.906548155157855,-1.57018746424124,3.74166666666667));
#9203=CARTESIAN_POINT('Ctrl Pts',(1.35982223273678,-0.78509373212062,3.68333333333333));
#9204=CARTESIAN_POINT('Ctrl Pts',(1.81309631031571,-3.33060388946102E-16,
3.625));
#9205=CARTESIAN_POINT('Ctrl Pts',(1.35982223273678,0.785093732120619,3.56666666666667));
#9206=CARTESIAN_POINT('Ctrl Pts',(0.906548155157856,1.57018746424124,3.50833333333333));
#9207=CARTESIAN_POINT('Ctrl Pts',(0.,1.57018746424124,3.45));
#9208=CARTESIAN_POINT('Ctrl Pts',(-0.906548155157855,1.57018746424124,3.39166666666667));
#9209=CARTESIAN_POINT('Ctrl Pts',(-1.35982223273678,0.78509373212062,3.33333333333333));
#9210=CARTESIAN_POINT('Ctrl Pts',(-1.81309631031571,1.11020129648701E-16,
3.275));
#9211=CARTESIAN_POINT('Ctrl Pts',(-1.35982223273678,-0.785093732120619,
3.21666666666667));
#9212=CARTESIAN_POINT('Ctrl Pts',(-0.906548155157856,-1.57018746424124,
3.15833333333333));
#9213=CARTESIAN_POINT('Ctrl Pts',(-1.92292505214433E-16,-1.57018746424124,
3.1));
#9214=CARTESIAN_POINT('Ctrl Pts',(0.906548155157855,-1.57018746424124,3.04166666666667));
#9215=CARTESIAN_POINT('Ctrl Pts',(1.35982223273678,-0.78509373212062,2.98333333333333));
#9216=CARTESIAN_POINT('Ctrl Pts',(1.81309631031571,-3.33060388946102E-16,
2.925));
#9217=CARTESIAN_POINT('Ctrl Pts',(1.35982223273678,0.785093732120619,2.86666666666667));
#9218=CARTESIAN_POINT('Ctrl Pts',(0.906548155157856,1.57018746424124,2.80833333333333));
#9219=CARTESIAN_POINT('Ctrl Pts',(0.,1.57018746424124,2.75));
#9220=CARTESIAN_POINT('Ctrl Pts',(-0.906548155157855,1.57018746424124,2.69166666666667));
#9221=CARTESIAN_POINT('Ctrl Pts',(-1.35982223273678,0.78509373212062,2.63333333333333));
#9222=CARTESIAN_POINT('Ctrl Pts',(-1.81309631031571,1.11020129648701E-16,
2.575));
#9223=CARTESIAN_POINT('Ctrl Pts',(-1.35982223273678,-0.785093732120619,
2.51666666666667));
#9224=CARTESIAN_POINT('Ctrl Pts',(-0.906548155157856,-1.57018746424124,
2.45833333333333));
#9225=CARTESIAN_POINT('Ctrl Pts',(-1.92292505214433E-16,-1.57018746424124,
2.4));
#9226=CARTESIAN_POINT('Ctrl Pts',(0.906548155157855,-1.57018746424124,2.34166666666667));
#9227=CARTESIAN_POINT('Ctrl Pts',(1.35982223273678,-0.78509373212062,2.28333333333333));
#9228=CARTESIAN_POINT('Ctrl Pts',(1.81309631031571,-3.33060388946102E-16,
2.225));
#9229=CARTESIAN_POINT('Ctrl Pts',(1.35982223273678,0.785093732120619,2.16666666666667));
#9230=CARTESIAN_POINT('Ctrl Pts',(0.906548155157856,1.57018746424124,2.10833333333333));
#9231=CARTESIAN_POINT('Ctrl Pts',(0.,1.57018746424124,2.05));
#9232=CARTESIAN_POINT('Ctrl Pts',(-0.906548155157855,1.57018746424124,1.99166666666667));
#9233=CARTESIAN_POINT('Ctrl Pts',(-1.35982223273678,0.78509373212062,1.93333333333333));
#9234=CARTESIAN_POINT('Ctrl Pts',(-1.81309631031571,1.11020129648701E-16,
1.875));
#9235=CARTESIAN_POINT('Ctrl Pts',(-1.35982223273678,-0.785093732120619,
1.81666666666667));
#9236=CARTESIAN_POINT('Ctrl Pts',(-0.906548155157856,-1.57018746424124,
1.75833333333333));
#9237=CARTESIAN_POINT('Ctrl Pts',(-1.92292505214433E-16,-1.57018746424124,
1.7));
#9238=CARTESIAN_POINT('Ctrl Pts',(0.906548155157855,-1.57018746424124,1.64166666666667));
#9239=CARTESIAN_POINT('Ctrl Pts',(1.35982223273678,-0.78509373212062,1.58333333333333));
#9240=CARTESIAN_POINT('Ctrl Pts',(1.81309631031571,-3.33060388946102E-16,
1.525));
#9241=CARTESIAN_POINT('Ctrl Pts',(1.35982223273678,0.785093732120619,1.46666666666667));
#9242=CARTESIAN_POINT('Ctrl Pts',(0.906548155157856,1.57018746424124,1.40833333333333));
#9243=CARTESIAN_POINT('Ctrl Pts',(0.,1.57018746424124,1.35));
#9244=CARTESIAN_POINT('Ctrl Pts',(-0.906548155157855,1.57018746424124,1.29166666666667));
#9245=CARTESIAN_POINT('Ctrl Pts',(-1.35982223273678,0.78509373212062,1.23333333333333));
#9246=CARTESIAN_POINT('Ctrl Pts',(-1.81309631031571,1.11020129648701E-16,
1.175));
#9247=CARTESIAN_POINT('Ctrl Pts',(-1.35982223273678,-0.785093732120619,
1.11666666666667));
#9248=CARTESIAN_POINT('Ctrl Pts',(-0.906548155157856,-1.57018746424124,
1.05833333333333));
#9249=CARTESIAN_POINT('Ctrl Pts',(-1.92292505214433E-16,-1.57018746424124,
1.));
#9250=CARTESIAN_POINT('Ctrl Pts',(0.906548155157855,-1.57018746424124,0.941666666666666));
#9251=CARTESIAN_POINT('Ctrl Pts',(1.35982223273678,-0.78509373212062,0.883333333333333));
#9252=CARTESIAN_POINT('Ctrl Pts',(1.81309631031571,-3.33060388946102E-16,
0.825));
#9253=CARTESIAN_POINT('Ctrl Pts',(1.35982223273678,0.785093732120619,0.766666666666666));
#9254=CARTESIAN_POINT('Ctrl Pts',(0.906548155157856,1.57018746424124,0.708333333333333));
#9255=CARTESIAN_POINT('Ctrl Pts',(0.,1.57018746424124,0.65));
#9256=CARTESIAN_POINT('Ctrl Pts',(-0.906548155157855,1.57018746424124,0.591666666666667));
#9257=CARTESIAN_POINT('Ctrl Pts',(-1.35982223273678,0.78509373212062,0.533333333333334));
#9258=CARTESIAN_POINT('Ctrl Pts',(-1.81309631031571,1.11020129648701E-16,
0.475));
#9259=CARTESIAN_POINT('Ctrl Pts',(-1.35982223273678,-0.785093732120619,
0.416666666666666));
#9260=CARTESIAN_POINT('Ctrl Pts',(-0.906548155157856,-1.57018746424124,
0.358333333333334));
#9261=CARTESIAN_POINT('Ctrl Pts',(-1.92292505214433E-16,-1.57018746424124,
0.3));
#9262=CARTESIAN_POINT('Ctrl Pts',(0.906548155157855,-1.57018746424124,0.241666666666666));
#9263=CARTESIAN_POINT('Ctrl Pts',(1.35982223273678,-0.78509373212062,0.183333333333334));
#9264=CARTESIAN_POINT('Ctrl Pts',(1.81309631031571,-3.33060388946102E-16,
0.125));
#9265=CARTESIAN_POINT('Ctrl Pts',(1.35982223273678,0.785093732120619,0.0666666666666663));
#9266=CARTESIAN_POINT('Ctrl Pts',(0.906548155157856,1.57018746424124,0.00833333333333242));
#9267=CARTESIAN_POINT('Ctrl Pts',(0.,1.57018746424124,-0.0499999999999997));
#9268=CARTESIAN_POINT('Ctrl Pts',(-0.906548155157855,1.57018746424124,-0.108333333333334));
#9269=CARTESIAN_POINT('Ctrl Pts',(-1.35982223273678,0.78509373212062,-0.166666666666667));
#9270=CARTESIAN_POINT('Ctrl Pts',(-1.81309631031571,1.11020129648701E-16,
-0.225));
#9271=CARTESIAN_POINT('Ctrl Pts',(-1.35982223273678,-0.785093732120619,
-0.283333333333333));
#9272=CARTESIAN_POINT('Ctrl Pts',(-0.906548155157856,-1.57018746424124,
-0.341666666666667));
#9273=CARTESIAN_POINT('Ctrl Pts',(-1.92292505214433E-16,-1.57018746424124,
-0.399999999999999));
#9274=CARTESIAN_POINT('Ctrl Pts',(0.906548155157855,-1.57018746424124,-0.458333333333333));
#9275=CARTESIAN_POINT('Ctrl Pts',(1.35982223273678,-0.78509373212062,-0.516666666666667));
#9276=CARTESIAN_POINT('Ctrl Pts',(1.81309631031571,-3.33060388946102E-16,
-0.575000000000001));
#9277=CARTESIAN_POINT('Ctrl Pts',(1.35982223273678,0.785093732120619,-0.633333333333333));
#9278=CARTESIAN_POINT('Ctrl Pts',(0.906548155157856,1.57018746424124,-0.691666666666667));
#9279=CARTESIAN_POINT('Ctrl Pts',(0.,1.57018746424124,-0.750000000000001));
#9280=CARTESIAN_POINT('Ctrl Pts',(-0.906548155157855,1.57018746424124,-0.808333333333333));
#9281=CARTESIAN_POINT('Ctrl Pts',(-1.35982223273678,0.78509373212062,-0.866666666666667));
#9282=CARTESIAN_POINT('Ctrl Pts',(-1.81309631031571,1.11020129648701E-16,
-0.925));
#9283=CARTESIAN_POINT('Ctrl Pts',(-1.35982223273678,-0.785093732120619,
-0.983333333333333));
#9284=CARTESIAN_POINT('Ctrl Pts',(-0.906548155157856,-1.57018746424124,
-1.04166666666667));
#9285=CARTESIAN_POINT('Ctrl Pts',(-1.92292505214433E-16,-1.57018746424124,
-1.1));
#9286=CARTESIAN_POINT('Ctrl Pts',(0.906548155157855,-1.57018746424124,-1.15833333333333));
#9287=CARTESIAN_POINT('Ctrl Pts',(1.35982223273678,-0.78509373212062,-1.21666666666667));
#9288=CARTESIAN_POINT('Ctrl Pts',(1.81309631031571,-3.33060388946102E-16,
-1.275));
#9289=CARTESIAN_POINT('Ctrl Pts',(1.35982223273678,0.785093732120619,-1.33333333333333));
#9290=CARTESIAN_POINT('Ctrl Pts',(0.906548155157856,1.57018746424124,-1.39166666666667));
#9291=CARTESIAN_POINT('Ctrl Pts',(0.,1.57018746424124,-1.45));
#9292=CARTESIAN_POINT('Ctrl Pts',(-0.906548155157855,1.57018746424124,-1.50833333333333));
#9293=CARTESIAN_POINT('Ctrl Pts',(-1.35982223273678,0.78509373212062,-1.56666666666667));
#9294=CARTESIAN_POINT('Ctrl Pts',(-1.81309631031571,1.11020129648701E-16,
-1.625));
#9295=CARTESIAN_POINT('Ctrl Pts',(-1.35982223273678,-0.785093732120619,
-1.68333333333333));
#9296=CARTESIAN_POINT('Ctrl Pts',(-0.906548155157856,-1.57018746424124,
-1.74166666666667));
#9297=CARTESIAN_POINT('Ctrl Pts',(-1.92292505214433E-16,-1.57018746424124,
-1.8));
#9298=CARTESIAN_POINT('Ctrl Pts',(0.906548155157855,-1.57018746424124,-1.85833333333333));
#9299=CARTESIAN_POINT('Ctrl Pts',(1.35982223273678,-0.78509373212062,-1.91666666666667));
#9300=CARTESIAN_POINT('Ctrl Pts',(1.81309631031571,-3.33060388946102E-16,
-1.975));
#9301=CARTESIAN_POINT('Ctrl Pts',(1.35982223273678,0.785093732120619,-2.03333333333333));
#9302=CARTESIAN_POINT('Ctrl Pts',(0.906548155157856,1.57018746424124,-2.09166666666667));
#9303=CARTESIAN_POINT('Ctrl Pts',(0.,1.57018746424124,-2.15));
#9304=CARTESIAN_POINT('Ctrl Pts',(-0.756121876426118,1.57018746424124,-2.19865390680819));
#9305=CARTESIAN_POINT('Ctrl Pts',(-1.22758094236693,0.979047344512951,-2.25095189910636));
#9306=CARTESIAN_POINT('Ctrl Pts',(0.,2.04375,8.6125));
#9307=CARTESIAN_POINT('Ctrl Pts',(-1.1799596126563,2.04375,8.55416666666667));
#9308=CARTESIAN_POINT('Ctrl Pts',(-1.76993941898445,1.021875,8.49583333333333));
#9309=CARTESIAN_POINT('Ctrl Pts',(-2.3599192253126,1.44503376276269E-16,
8.4375));
#9310=CARTESIAN_POINT('Ctrl Pts',(-1.76993941898445,-1.021875,8.37916666666667));
#9311=CARTESIAN_POINT('Ctrl Pts',(-1.1799596126563,-2.04375,8.32083333333333));
#9312=CARTESIAN_POINT('Ctrl Pts',(-2.5028718957574E-16,-2.04375,8.2625));
#9313=CARTESIAN_POINT('Ctrl Pts',(1.1799596126563,-2.04375,8.20416666666667));
#9314=CARTESIAN_POINT('Ctrl Pts',(1.76993941898445,-1.021875,8.14583333333333));
#9315=CARTESIAN_POINT('Ctrl Pts',(2.3599192253126,-4.33510128828806E-16,
8.0875));
#9316=CARTESIAN_POINT('Ctrl Pts',(1.76993941898445,1.021875,8.02916666666667));
#9317=CARTESIAN_POINT('Ctrl Pts',(1.1799596126563,2.04375,7.97083333333333));
#9318=CARTESIAN_POINT('Ctrl Pts',(0.,2.04375,7.9125));
#9319=CARTESIAN_POINT('Ctrl Pts',(-1.1799596126563,2.04375,7.85416666666667));
#9320=CARTESIAN_POINT('Ctrl Pts',(-1.76993941898445,1.021875,7.79583333333333));
#9321=CARTESIAN_POINT('Ctrl Pts',(-2.3599192253126,1.44503376276269E-16,
7.7375));
#9322=CARTESIAN_POINT('Ctrl Pts',(-1.76993941898445,-1.021875,7.67916666666667));
#9323=CARTESIAN_POINT('Ctrl Pts',(-1.1799596126563,-2.04375,7.62083333333333));
#9324=CARTESIAN_POINT('Ctrl Pts',(-2.5028718957574E-16,-2.04375,7.5625));
#9325=CARTESIAN_POINT('Ctrl Pts',(1.1799596126563,-2.04375,7.50416666666667));
#9326=CARTESIAN_POINT('Ctrl Pts',(1.76993941898445,-1.021875,7.44583333333333));
#9327=CARTESIAN_POINT('Ctrl Pts',(2.3599192253126,-4.33510128828806E-16,
7.3875));
#9328=CARTESIAN_POINT('Ctrl Pts',(1.76993941898445,1.021875,7.32916666666667));
#9329=CARTESIAN_POINT('Ctrl Pts',(1.1799596126563,2.04375,7.27083333333333));
#9330=CARTESIAN_POINT('Ctrl Pts',(0.,2.04375,7.2125));
#9331=CARTESIAN_POINT('Ctrl Pts',(-1.1799596126563,2.04375,7.15416666666667));
#9332=CARTESIAN_POINT('Ctrl Pts',(-1.76993941898445,1.021875,7.09583333333333));
#9333=CARTESIAN_POINT('Ctrl Pts',(-2.3599192253126,1.44503376276269E-16,
7.0375));
#9334=CARTESIAN_POINT('Ctrl Pts',(-1.76993941898445,-1.021875,6.97916666666667));
#9335=CARTESIAN_POINT('Ctrl Pts',(-1.1799596126563,-2.04375,6.92083333333334));
#9336=CARTESIAN_POINT('Ctrl Pts',(-2.5028718957574E-16,-2.04375,6.8625));
#9337=CARTESIAN_POINT('Ctrl Pts',(1.1799596126563,-2.04375,6.80416666666667));
#9338=CARTESIAN_POINT('Ctrl Pts',(1.76993941898445,-1.021875,6.74583333333333));
#9339=CARTESIAN_POINT('Ctrl Pts',(2.3599192253126,-4.33510128828806E-16,
6.6875));
#9340=CARTESIAN_POINT('Ctrl Pts',(1.76993941898445,1.021875,6.62916666666667));
#9341=CARTESIAN_POINT('Ctrl Pts',(1.1799596126563,2.04375,6.57083333333333));
#9342=CARTESIAN_POINT('Ctrl Pts',(0.,2.04375,6.5125));
#9343=CARTESIAN_POINT('Ctrl Pts',(-1.1799596126563,2.04375,6.45416666666667));
#9344=CARTESIAN_POINT('Ctrl Pts',(-1.76993941898445,1.021875,6.39583333333333));
#9345=CARTESIAN_POINT('Ctrl Pts',(-2.3599192253126,1.44503376276269E-16,
6.3375));
#9346=CARTESIAN_POINT('Ctrl Pts',(-1.76993941898445,-1.021875,6.27916666666667));
#9347=CARTESIAN_POINT('Ctrl Pts',(-1.1799596126563,-2.04375,6.22083333333333));
#9348=CARTESIAN_POINT('Ctrl Pts',(-2.5028718957574E-16,-2.04375,6.1625));
#9349=CARTESIAN_POINT('Ctrl Pts',(1.1799596126563,-2.04375,6.10416666666667));
#9350=CARTESIAN_POINT('Ctrl Pts',(1.76993941898445,-1.021875,6.04583333333333));
#9351=CARTESIAN_POINT('Ctrl Pts',(2.3599192253126,-4.33510128828806E-16,
5.9875));
#9352=CARTESIAN_POINT('Ctrl Pts',(1.76993941898445,1.021875,5.92916666666667));
#9353=CARTESIAN_POINT('Ctrl Pts',(1.1799596126563,2.04375,5.87083333333333));
#9354=CARTESIAN_POINT('Ctrl Pts',(0.,2.04375,5.8125));
#9355=CARTESIAN_POINT('Ctrl Pts',(-1.1799596126563,2.04375,5.75416666666667));
#9356=CARTESIAN_POINT('Ctrl Pts',(-1.76993941898445,1.021875,5.69583333333333));
#9357=CARTESIAN_POINT('Ctrl Pts',(-2.3599192253126,1.44503376276269E-16,
5.6375));
#9358=CARTESIAN_POINT('Ctrl Pts',(-1.76993941898445,-1.021875,5.57916666666667));
#9359=CARTESIAN_POINT('Ctrl Pts',(-1.1799596126563,-2.04375,5.52083333333333));
#9360=CARTESIAN_POINT('Ctrl Pts',(-2.5028718957574E-16,-2.04375,5.4625));
#9361=CARTESIAN_POINT('Ctrl Pts',(1.1799596126563,-2.04375,5.40416666666667));
#9362=CARTESIAN_POINT('Ctrl Pts',(1.76993941898445,-1.021875,5.34583333333333));
#9363=CARTESIAN_POINT('Ctrl Pts',(2.3599192253126,-4.33510128828806E-16,
5.2875));
#9364=CARTESIAN_POINT('Ctrl Pts',(1.76993941898445,1.021875,5.22916666666667));
#9365=CARTESIAN_POINT('Ctrl Pts',(1.1799596126563,2.04375,5.17083333333333));
#9366=CARTESIAN_POINT('Ctrl Pts',(0.,2.04375,5.1125));
#9367=CARTESIAN_POINT('Ctrl Pts',(-1.1799596126563,2.04375,5.05416666666667));
#9368=CARTESIAN_POINT('Ctrl Pts',(-1.76993941898445,1.021875,4.99583333333333));
#9369=CARTESIAN_POINT('Ctrl Pts',(-2.3599192253126,1.44503376276269E-16,
4.9375));
#9370=CARTESIAN_POINT('Ctrl Pts',(-1.76993941898445,-1.021875,4.87916666666667));
#9371=CARTESIAN_POINT('Ctrl Pts',(-1.1799596126563,-2.04375,4.82083333333333));
#9372=CARTESIAN_POINT('Ctrl Pts',(-2.5028718957574E-16,-2.04375,4.7625));
#9373=CARTESIAN_POINT('Ctrl Pts',(1.1799596126563,-2.04375,4.70416666666667));
#9374=CARTESIAN_POINT('Ctrl Pts',(1.76993941898445,-1.021875,4.64583333333333));
#9375=CARTESIAN_POINT('Ctrl Pts',(2.3599192253126,-4.33510128828806E-16,
4.5875));
#9376=CARTESIAN_POINT('Ctrl Pts',(1.76993941898445,1.021875,4.52916666666667));
#9377=CARTESIAN_POINT('Ctrl Pts',(1.1799596126563,2.04375,4.47083333333333));
#9378=CARTESIAN_POINT('Ctrl Pts',(0.,2.04375,4.4125));
#9379=CARTESIAN_POINT('Ctrl Pts',(-1.1799596126563,2.04375,4.35416666666667));
#9380=CARTESIAN_POINT('Ctrl Pts',(-1.76993941898445,1.021875,4.29583333333333));
#9381=CARTESIAN_POINT('Ctrl Pts',(-2.3599192253126,1.44503376276269E-16,
4.2375));
#9382=CARTESIAN_POINT('Ctrl Pts',(-1.76993941898445,-1.021875,4.17916666666667));
#9383=CARTESIAN_POINT('Ctrl Pts',(-1.1799596126563,-2.04375,4.12083333333333));
#9384=CARTESIAN_POINT('Ctrl Pts',(-2.5028718957574E-16,-2.04375,4.0625));
#9385=CARTESIAN_POINT('Ctrl Pts',(1.1799596126563,-2.04375,4.00416666666667));
#9386=CARTESIAN_POINT('Ctrl Pts',(1.76993941898445,-1.021875,3.94583333333333));
#9387=CARTESIAN_POINT('Ctrl Pts',(2.3599192253126,-4.33510128828806E-16,
3.8875));
#9388=CARTESIAN_POINT('Ctrl Pts',(1.76993941898445,1.021875,3.82916666666667));
#9389=CARTESIAN_POINT('Ctrl Pts',(1.1799596126563,2.04375,3.77083333333333));
#9390=CARTESIAN_POINT('Ctrl Pts',(0.,2.04375,3.7125));
#9391=CARTESIAN_POINT('Ctrl Pts',(-1.1799596126563,2.04375,3.65416666666667));
#9392=CARTESIAN_POINT('Ctrl Pts',(-1.76993941898445,1.021875,3.59583333333333));
#9393=CARTESIAN_POINT('Ctrl Pts',(-2.3599192253126,1.44503376276269E-16,
3.5375));
#9394=CARTESIAN_POINT('Ctrl Pts',(-1.76993941898445,-1.021875,3.47916666666667));
#9395=CARTESIAN_POINT('Ctrl Pts',(-1.1799596126563,-2.04375,3.42083333333333));
#9396=CARTESIAN_POINT('Ctrl Pts',(-2.5028718957574E-16,-2.04375,3.3625));
#9397=CARTESIAN_POINT('Ctrl Pts',(1.1799596126563,-2.04375,3.30416666666667));
#9398=CARTESIAN_POINT('Ctrl Pts',(1.76993941898445,-1.021875,3.24583333333333));
#9399=CARTESIAN_POINT('Ctrl Pts',(2.3599192253126,-4.33510128828806E-16,
3.1875));
#9400=CARTESIAN_POINT('Ctrl Pts',(1.76993941898445,1.021875,3.12916666666667));
#9401=CARTESIAN_POINT('Ctrl Pts',(1.1799596126563,2.04375,3.07083333333333));
#9402=CARTESIAN_POINT('Ctrl Pts',(0.,2.04375,3.0125));
#9403=CARTESIAN_POINT('Ctrl Pts',(-1.1799596126563,2.04375,2.95416666666667));
#9404=CARTESIAN_POINT('Ctrl Pts',(-1.76993941898445,1.021875,2.89583333333333));
#9405=CARTESIAN_POINT('Ctrl Pts',(-2.3599192253126,1.44503376276269E-16,
2.8375));
#9406=CARTESIAN_POINT('Ctrl Pts',(-1.76993941898445,-1.021875,2.77916666666667));
#9407=CARTESIAN_POINT('Ctrl Pts',(-1.1799596126563,-2.04375,2.72083333333333));
#9408=CARTESIAN_POINT('Ctrl Pts',(-2.5028718957574E-16,-2.04375,2.6625));
#9409=CARTESIAN_POINT('Ctrl Pts',(1.1799596126563,-2.04375,2.60416666666667));
#9410=CARTESIAN_POINT('Ctrl Pts',(1.76993941898445,-1.021875,2.54583333333333));
#9411=CARTESIAN_POINT('Ctrl Pts',(2.3599192253126,-4.33510128828806E-16,
2.4875));
#9412=CARTESIAN_POINT('Ctrl Pts',(1.76993941898445,1.021875,2.42916666666667));
#9413=CARTESIAN_POINT('Ctrl Pts',(1.1799596126563,2.04375,2.37083333333333));
#9414=CARTESIAN_POINT('Ctrl Pts',(0.,2.04375,2.3125));
#9415=CARTESIAN_POINT('Ctrl Pts',(-1.1799596126563,2.04375,2.25416666666667));
#9416=CARTESIAN_POINT('Ctrl Pts',(-1.76993941898445,1.021875,2.19583333333333));
#9417=CARTESIAN_POINT('Ctrl Pts',(-2.3599192253126,1.44503376276269E-16,
2.1375));
#9418=CARTESIAN_POINT('Ctrl Pts',(-1.76993941898445,-1.021875,2.07916666666667));
#9419=CARTESIAN_POINT('Ctrl Pts',(-1.1799596126563,-2.04375,2.02083333333333));
#9420=CARTESIAN_POINT('Ctrl Pts',(-2.5028718957574E-16,-2.04375,1.9625));
#9421=CARTESIAN_POINT('Ctrl Pts',(1.1799596126563,-2.04375,1.90416666666667));
#9422=CARTESIAN_POINT('Ctrl Pts',(1.76993941898445,-1.021875,1.84583333333333));
#9423=CARTESIAN_POINT('Ctrl Pts',(2.3599192253126,-4.33510128828806E-16,
1.7875));
#9424=CARTESIAN_POINT('Ctrl Pts',(1.76993941898445,1.021875,1.72916666666667));
#9425=CARTESIAN_POINT('Ctrl Pts',(1.1799596126563,2.04375,1.67083333333333));
#9426=CARTESIAN_POINT('Ctrl Pts',(0.,2.04375,1.6125));
#9427=CARTESIAN_POINT('Ctrl Pts',(-1.1799596126563,2.04375,1.55416666666667));
#9428=CARTESIAN_POINT('Ctrl Pts',(-1.76993941898445,1.021875,1.49583333333333));
#9429=CARTESIAN_POINT('Ctrl Pts',(-2.3599192253126,1.44503376276269E-16,
1.4375));
#9430=CARTESIAN_POINT('Ctrl Pts',(-1.76993941898445,-1.021875,1.37916666666667));
#9431=CARTESIAN_POINT('Ctrl Pts',(-1.1799596126563,-2.04375,1.32083333333333));
#9432=CARTESIAN_POINT('Ctrl Pts',(-2.5028718957574E-16,-2.04375,1.2625));
#9433=CARTESIAN_POINT('Ctrl Pts',(1.1799596126563,-2.04375,1.20416666666667));
#9434=CARTESIAN_POINT('Ctrl Pts',(1.76993941898445,-1.021875,1.14583333333333));
#9435=CARTESIAN_POINT('Ctrl Pts',(2.3599192253126,-4.33510128828806E-16,
1.0875));
#9436=CARTESIAN_POINT('Ctrl Pts',(1.76993941898445,1.021875,1.02916666666667));
#9437=CARTESIAN_POINT('Ctrl Pts',(1.1799596126563,2.04375,0.970833333333334));
#9438=CARTESIAN_POINT('Ctrl Pts',(0.,2.04375,0.9125));
#9439=CARTESIAN_POINT('Ctrl Pts',(-1.1799596126563,2.04375,0.854166666666667));
#9440=CARTESIAN_POINT('Ctrl Pts',(-1.76993941898445,1.021875,0.795833333333334));
#9441=CARTESIAN_POINT('Ctrl Pts',(-2.3599192253126,1.44503376276269E-16,
0.7375));
#9442=CARTESIAN_POINT('Ctrl Pts',(-1.76993941898445,-1.021875,0.679166666666666));
#9443=CARTESIAN_POINT('Ctrl Pts',(-1.1799596126563,-2.04375,0.620833333333334));
#9444=CARTESIAN_POINT('Ctrl Pts',(-2.5028718957574E-16,-2.04375,0.5625));
#9445=CARTESIAN_POINT('Ctrl Pts',(1.1799596126563,-2.04375,0.504166666666667));
#9446=CARTESIAN_POINT('Ctrl Pts',(1.76993941898445,-1.021875,0.445833333333335));
#9447=CARTESIAN_POINT('Ctrl Pts',(2.3599192253126,-4.33510128828806E-16,
0.387500000000001));
#9448=CARTESIAN_POINT('Ctrl Pts',(1.76993941898445,1.021875,0.329166666666667));
#9449=CARTESIAN_POINT('Ctrl Pts',(1.1799596126563,2.04375,0.270833333333333));
#9450=CARTESIAN_POINT('Ctrl Pts',(0.,2.04375,0.212500000000001));
#9451=CARTESIAN_POINT('Ctrl Pts',(-1.1799596126563,2.04375,0.154166666666667));
#9452=CARTESIAN_POINT('Ctrl Pts',(-1.76993941898445,1.021875,0.0958333333333332));
#9453=CARTESIAN_POINT('Ctrl Pts',(-2.3599192253126,1.44503376276269E-16,
0.0375000000000011));
#9454=CARTESIAN_POINT('Ctrl Pts',(-1.76993941898445,-1.021875,-0.0208333333333328));
#9455=CARTESIAN_POINT('Ctrl Pts',(-1.1799596126563,-2.04375,-0.0791666666666666));
#9456=CARTESIAN_POINT('Ctrl Pts',(-2.5028718957574E-16,-2.04375,-0.137499999999999));
#9457=CARTESIAN_POINT('Ctrl Pts',(1.1799596126563,-2.04375,-0.195833333333333));
#9458=CARTESIAN_POINT('Ctrl Pts',(1.76993941898445,-1.021875,-0.254166666666666));
#9459=CARTESIAN_POINT('Ctrl Pts',(2.3599192253126,-4.33510128828806E-16,
-0.3125));
#9460=CARTESIAN_POINT('Ctrl Pts',(1.76993941898445,1.021875,-0.370833333333332));
#9461=CARTESIAN_POINT('Ctrl Pts',(1.1799596126563,2.04375,-0.429166666666666));
#9462=CARTESIAN_POINT('Ctrl Pts',(0.,2.04375,-0.4875));
#9463=CARTESIAN_POINT('Ctrl Pts',(-1.1799596126563,2.04375,-0.545833333333332));
#9464=CARTESIAN_POINT('Ctrl Pts',(-1.76993941898445,1.021875,-0.604166666666666));
#9465=CARTESIAN_POINT('Ctrl Pts',(-2.3599192253126,1.44503376276269E-16,
-0.6625));
#9466=CARTESIAN_POINT('Ctrl Pts',(-1.76993941898445,-1.021875,-0.720833333333332));
#9467=CARTESIAN_POINT('Ctrl Pts',(-1.1799596126563,-2.04375,-0.779166666666666));
#9468=CARTESIAN_POINT('Ctrl Pts',(-2.5028718957574E-16,-2.04375,-0.8375));
#9469=CARTESIAN_POINT('Ctrl Pts',(1.1799596126563,-2.04375,-0.895833333333333));
#9470=CARTESIAN_POINT('Ctrl Pts',(1.76993941898445,-1.021875,-0.954166666666666));
#9471=CARTESIAN_POINT('Ctrl Pts',(2.3599192253126,-4.33510128828806E-16,
-1.0125));
#9472=CARTESIAN_POINT('Ctrl Pts',(1.76993941898445,1.021875,-1.07083333333333));
#9473=CARTESIAN_POINT('Ctrl Pts',(1.1799596126563,2.04375,-1.12916666666667));
#9474=CARTESIAN_POINT('Ctrl Pts',(0.,2.04375,-1.1875));
#9475=CARTESIAN_POINT('Ctrl Pts',(-1.1799596126563,2.04375,-1.24583333333333));
#9476=CARTESIAN_POINT('Ctrl Pts',(-1.76993941898445,1.021875,-1.30416666666667));
#9477=CARTESIAN_POINT('Ctrl Pts',(-2.3599192253126,1.44503376276269E-16,
-1.3625));
#9478=CARTESIAN_POINT('Ctrl Pts',(-1.76993941898445,-1.021875,-1.42083333333333));
#9479=CARTESIAN_POINT('Ctrl Pts',(-1.1799596126563,-2.04375,-1.47916666666667));
#9480=CARTESIAN_POINT('Ctrl Pts',(-2.5028718957574E-16,-2.04375,-1.5375));
#9481=CARTESIAN_POINT('Ctrl Pts',(1.1799596126563,-2.04375,-1.59583333333333));
#9482=CARTESIAN_POINT('Ctrl Pts',(1.76993941898445,-1.021875,-1.65416666666667));
#9483=CARTESIAN_POINT('Ctrl Pts',(2.3599192253126,-4.33510128828806E-16,
-1.7125));
#9484=CARTESIAN_POINT('Ctrl Pts',(1.76993941898445,1.021875,-1.77083333333333));
#9485=CARTESIAN_POINT('Ctrl Pts',(1.1799596126563,2.04375,-1.82916666666667));
#9486=CARTESIAN_POINT('Ctrl Pts',(0.,2.04375,-1.8875));
#9487=CARTESIAN_POINT('Ctrl Pts',(-0.98416534339906,2.04375,-1.93615390680819));
#9488=CARTESIAN_POINT('Ctrl Pts',(-1.59781466105053,1.27432428032741,-1.98845189910636));
#9489=CARTESIAN_POINT('Ctrl Pts',(1.17445069810058,-1.04218723394187,7.9048125357576));
#9490=CARTESIAN_POINT('Ctrl Pts',(1.28017706952281,-0.923043201384329,7.89358313159879));
#9491=CARTESIAN_POINT('Ctrl Pts',(1.35982223273678,-0.78509373212062,7.88333333333333));
#9492=CARTESIAN_POINT('Ctrl Pts',(1.81309631031571,-3.33060388946102E-16,
7.825));
#9493=CARTESIAN_POINT('Ctrl Pts',(1.35982223273678,0.785093732120619,7.76666666666667));
#9494=CARTESIAN_POINT('Ctrl Pts',(0.906548155157856,1.57018746424124,7.70833333333333));
#9495=CARTESIAN_POINT('Ctrl Pts',(0.,1.57018746424124,7.65));
#9496=CARTESIAN_POINT('Ctrl Pts',(-0.906548155157855,1.57018746424124,7.59166666666667));
#9497=CARTESIAN_POINT('Ctrl Pts',(-1.35982223273678,0.78509373212062,7.53333333333333));
#9498=CARTESIAN_POINT('Ctrl Pts',(-1.81309631031571,1.11020129648701E-16,
7.475));
#9499=CARTESIAN_POINT('Ctrl Pts',(-1.35982223273678,-0.785093732120619,
7.41666666666667));
#9500=CARTESIAN_POINT('Ctrl Pts',(-0.906548155157856,-1.57018746424124,
7.35833333333333));
#9501=CARTESIAN_POINT('Ctrl Pts',(-1.92292505214433E-16,-1.57018746424124,
7.3));
#9502=CARTESIAN_POINT('Ctrl Pts',(0.906548155157855,-1.57018746424124,7.24166666666667));
#9503=CARTESIAN_POINT('Ctrl Pts',(1.35982223273678,-0.78509373212062,7.18333333333333));
#9504=CARTESIAN_POINT('Ctrl Pts',(1.81309631031571,-3.33060388946102E-16,
7.125));
#9505=CARTESIAN_POINT('Ctrl Pts',(1.35982223273678,0.785093732120619,7.06666666666667));
#9506=CARTESIAN_POINT('Ctrl Pts',(0.906548155157856,1.57018746424124,7.00833333333333));
#9507=CARTESIAN_POINT('Ctrl Pts',(0.,1.57018746424124,6.95));
#9508=CARTESIAN_POINT('Ctrl Pts',(-0.906548155157855,1.57018746424124,6.89166666666667));
#9509=CARTESIAN_POINT('Ctrl Pts',(-1.35982223273678,0.78509373212062,6.83333333333333));
#9510=CARTESIAN_POINT('Ctrl Pts',(-1.81309631031571,1.11020129648701E-16,
6.775));
#9511=CARTESIAN_POINT('Ctrl Pts',(-1.35982223273678,-0.785093732120619,
6.71666666666667));
#9512=CARTESIAN_POINT('Ctrl Pts',(-0.906548155157856,-1.57018746424124,
6.65833333333333));
#9513=CARTESIAN_POINT('Ctrl Pts',(-1.92292505214433E-16,-1.57018746424124,
6.6));
#9514=CARTESIAN_POINT('Ctrl Pts',(0.906548155157855,-1.57018746424124,6.54166666666667));
#9515=CARTESIAN_POINT('Ctrl Pts',(1.35982223273678,-0.78509373212062,6.48333333333333));
#9516=CARTESIAN_POINT('Ctrl Pts',(1.81309631031571,-3.33060388946102E-16,
6.425));
#9517=CARTESIAN_POINT('Ctrl Pts',(1.35982223273678,0.785093732120619,6.36666666666667));
#9518=CARTESIAN_POINT('Ctrl Pts',(0.906548155157856,1.57018746424124,6.30833333333333));
#9519=CARTESIAN_POINT('Ctrl Pts',(0.,1.57018746424124,6.25));
#9520=CARTESIAN_POINT('Ctrl Pts',(-0.906548155157855,1.57018746424124,6.19166666666667));
#9521=CARTESIAN_POINT('Ctrl Pts',(-1.35982223273678,0.78509373212062,6.13333333333333));
#9522=CARTESIAN_POINT('Ctrl Pts',(-1.81309631031571,1.11020129648701E-16,
6.075));
#9523=CARTESIAN_POINT('Ctrl Pts',(-1.35982223273678,-0.785093732120619,
6.01666666666667));
#9524=CARTESIAN_POINT('Ctrl Pts',(-0.906548155157856,-1.57018746424124,
5.95833333333333));
#9525=CARTESIAN_POINT('Ctrl Pts',(-1.92292505214433E-16,-1.57018746424124,
5.9));
#9526=CARTESIAN_POINT('Ctrl Pts',(0.906548155157855,-1.57018746424124,5.84166666666667));
#9527=CARTESIAN_POINT('Ctrl Pts',(1.35982223273678,-0.78509373212062,5.78333333333333));
#9528=CARTESIAN_POINT('Ctrl Pts',(1.81309631031571,-3.33060388946102E-16,
5.725));
#9529=CARTESIAN_POINT('Ctrl Pts',(1.35982223273678,0.785093732120619,5.66666666666667));
#9530=CARTESIAN_POINT('Ctrl Pts',(0.906548155157856,1.57018746424124,5.60833333333333));
#9531=CARTESIAN_POINT('Ctrl Pts',(0.,1.57018746424124,5.55));
#9532=CARTESIAN_POINT('Ctrl Pts',(-0.906548155157855,1.57018746424124,5.49166666666667));
#9533=CARTESIAN_POINT('Ctrl Pts',(-1.35982223273678,0.78509373212062,5.43333333333333));
#9534=CARTESIAN_POINT('Ctrl Pts',(-1.81309631031571,1.11020129648701E-16,
5.375));
#9535=CARTESIAN_POINT('Ctrl Pts',(-1.35982223273678,-0.785093732120619,
5.31666666666667));
#9536=CARTESIAN_POINT('Ctrl Pts',(-0.906548155157856,-1.57018746424124,
5.25833333333333));
#9537=CARTESIAN_POINT('Ctrl Pts',(-1.92292505214433E-16,-1.57018746424124,
5.2));
#9538=CARTESIAN_POINT('Ctrl Pts',(0.906548155157855,-1.57018746424124,5.14166666666667));
#9539=CARTESIAN_POINT('Ctrl Pts',(1.35982223273678,-0.78509373212062,5.08333333333333));
#9540=CARTESIAN_POINT('Ctrl Pts',(1.81309631031571,-3.33060388946102E-16,
5.025));
#9541=CARTESIAN_POINT('Ctrl Pts',(1.35982223273678,0.785093732120619,4.96666666666667));
#9542=CARTESIAN_POINT('Ctrl Pts',(0.906548155157856,1.57018746424124,4.90833333333333));
#9543=CARTESIAN_POINT('Ctrl Pts',(0.,1.57018746424124,4.85));
#9544=CARTESIAN_POINT('Ctrl Pts',(-0.906548155157855,1.57018746424124,4.79166666666667));
#9545=CARTESIAN_POINT('Ctrl Pts',(-1.35982223273678,0.78509373212062,4.73333333333333));
#9546=CARTESIAN_POINT('Ctrl Pts',(-1.81309631031571,1.11020129648701E-16,
4.675));
#9547=CARTESIAN_POINT('Ctrl Pts',(-1.35982223273678,-0.785093732120619,
4.61666666666667));
#9548=CARTESIAN_POINT('Ctrl Pts',(-0.906548155157856,-1.57018746424124,
4.55833333333333));
#9549=CARTESIAN_POINT('Ctrl Pts',(-1.92292505214433E-16,-1.57018746424124,
4.5));
#9550=CARTESIAN_POINT('Ctrl Pts',(0.906548155157855,-1.57018746424124,4.44166666666667));
#9551=CARTESIAN_POINT('Ctrl Pts',(1.35982223273678,-0.78509373212062,4.38333333333333));
#9552=CARTESIAN_POINT('Ctrl Pts',(1.81309631031571,-3.33060388946102E-16,
4.325));
#9553=CARTESIAN_POINT('Ctrl Pts',(1.35982223273678,0.785093732120619,4.26666666666667));
#9554=CARTESIAN_POINT('Ctrl Pts',(0.906548155157856,1.57018746424124,4.20833333333333));
#9555=CARTESIAN_POINT('Ctrl Pts',(0.,1.57018746424124,4.15));
#9556=CARTESIAN_POINT('Ctrl Pts',(-0.906548155157855,1.57018746424124,4.09166666666667));
#9557=CARTESIAN_POINT('Ctrl Pts',(-1.35982223273678,0.78509373212062,4.03333333333333));
#9558=CARTESIAN_POINT('Ctrl Pts',(-1.81309631031571,1.11020129648701E-16,
3.975));
#9559=CARTESIAN_POINT('Ctrl Pts',(-1.35982223273678,-0.785093732120619,
3.91666666666667));
#9560=CARTESIAN_POINT('Ctrl Pts',(-0.906548155157856,-1.57018746424124,
3.85833333333333));
#9561=CARTESIAN_POINT('Ctrl Pts',(-1.92292505214433E-16,-1.57018746424124,
3.8));
#9562=CARTESIAN_POINT('Ctrl Pts',(0.906548155157855,-1.57018746424124,3.74166666666667));
#9563=CARTESIAN_POINT('Ctrl Pts',(1.35982223273678,-0.78509373212062,3.68333333333333));
#9564=CARTESIAN_POINT('Ctrl Pts',(1.81309631031571,-3.33060388946102E-16,
3.625));
#9565=CARTESIAN_POINT('Ctrl Pts',(1.35982223273678,0.785093732120619,3.56666666666667));
#9566=CARTESIAN_POINT('Ctrl Pts',(0.906548155157856,1.57018746424124,3.50833333333333));
#9567=CARTESIAN_POINT('Ctrl Pts',(0.,1.57018746424124,3.45));
#9568=CARTESIAN_POINT('Ctrl Pts',(-0.906548155157855,1.57018746424124,3.39166666666667));
#9569=CARTESIAN_POINT('Ctrl Pts',(-1.35982223273678,0.78509373212062,3.33333333333333));
#9570=CARTESIAN_POINT('Ctrl Pts',(-1.81309631031571,1.11020129648701E-16,
3.275));
#9571=CARTESIAN_POINT('Ctrl Pts',(-1.35982223273678,-0.785093732120619,
3.21666666666667));
#9572=CARTESIAN_POINT('Ctrl Pts',(-0.906548155157856,-1.57018746424124,
3.15833333333333));
#9573=CARTESIAN_POINT('Ctrl Pts',(-1.92292505214433E-16,-1.57018746424124,
3.1));
#9574=CARTESIAN_POINT('Ctrl Pts',(0.906548155157855,-1.57018746424124,3.04166666666667));
#9575=CARTESIAN_POINT('Ctrl Pts',(1.35982223273678,-0.78509373212062,2.98333333333333));
#9576=CARTESIAN_POINT('Ctrl Pts',(1.81309631031571,-3.33060388946102E-16,
2.925));
#9577=CARTESIAN_POINT('Ctrl Pts',(1.35982223273678,0.785093732120619,2.86666666666667));
#9578=CARTESIAN_POINT('Ctrl Pts',(0.906548155157856,1.57018746424124,2.80833333333333));
#9579=CARTESIAN_POINT('Ctrl Pts',(0.,1.57018746424124,2.75));
#9580=CARTESIAN_POINT('Ctrl Pts',(-0.906548155157855,1.57018746424124,2.69166666666667));
#9581=CARTESIAN_POINT('Ctrl Pts',(-1.35982223273678,0.78509373212062,2.63333333333333));
#9582=CARTESIAN_POINT('Ctrl Pts',(-1.81309631031571,1.11020129648701E-16,
2.575));
#9583=CARTESIAN_POINT('Ctrl Pts',(-1.35982223273678,-0.785093732120619,
2.51666666666667));
#9584=CARTESIAN_POINT('Ctrl Pts',(-0.906548155157856,-1.57018746424124,
2.45833333333333));
#9585=CARTESIAN_POINT('Ctrl Pts',(-1.92292505214433E-16,-1.57018746424124,
2.4));
#9586=CARTESIAN_POINT('Ctrl Pts',(0.906548155157855,-1.57018746424124,2.34166666666667));
#9587=CARTESIAN_POINT('Ctrl Pts',(1.35982223273678,-0.78509373212062,2.28333333333333));
#9588=CARTESIAN_POINT('Ctrl Pts',(1.81309631031571,-3.33060388946102E-16,
2.225));
#9589=CARTESIAN_POINT('Ctrl Pts',(1.35982223273678,0.785093732120619,2.16666666666667));
#9590=CARTESIAN_POINT('Ctrl Pts',(0.906548155157856,1.57018746424124,2.10833333333333));
#9591=CARTESIAN_POINT('Ctrl Pts',(0.,1.57018746424124,2.05));
#9592=CARTESIAN_POINT('Ctrl Pts',(-0.906548155157855,1.57018746424124,1.99166666666667));
#9593=CARTESIAN_POINT('Ctrl Pts',(-1.35982223273678,0.78509373212062,1.93333333333333));
#9594=CARTESIAN_POINT('Ctrl Pts',(-1.81309631031571,1.11020129648701E-16,
1.875));
#9595=CARTESIAN_POINT('Ctrl Pts',(-1.35982223273678,-0.785093732120619,
1.81666666666667));
#9596=CARTESIAN_POINT('Ctrl Pts',(-0.906548155157856,-1.57018746424124,
1.75833333333333));
#9597=CARTESIAN_POINT('Ctrl Pts',(-1.92292505214433E-16,-1.57018746424124,
1.7));
#9598=CARTESIAN_POINT('Ctrl Pts',(0.906548155157855,-1.57018746424124,1.64166666666667));
#9599=CARTESIAN_POINT('Ctrl Pts',(1.35982223273678,-0.78509373212062,1.58333333333333));
#9600=CARTESIAN_POINT('Ctrl Pts',(1.81309631031571,-3.33060388946102E-16,
1.525));
#9601=CARTESIAN_POINT('Ctrl Pts',(1.35982223273678,0.785093732120619,1.46666666666667));
#9602=CARTESIAN_POINT('Ctrl Pts',(0.906548155157856,1.57018746424124,1.40833333333333));
#9603=CARTESIAN_POINT('Ctrl Pts',(0.,1.57018746424124,1.35));
#9604=CARTESIAN_POINT('Ctrl Pts',(-0.906548155157855,1.57018746424124,1.29166666666667));
#9605=CARTESIAN_POINT('Ctrl Pts',(-1.35982223273678,0.78509373212062,1.23333333333333));
#9606=CARTESIAN_POINT('Ctrl Pts',(-1.81309631031571,1.11020129648701E-16,
1.175));
#9607=CARTESIAN_POINT('Ctrl Pts',(-1.35982223273678,-0.785093732120619,
1.11666666666667));
#9608=CARTESIAN_POINT('Ctrl Pts',(-0.906548155157856,-1.57018746424124,
1.05833333333333));
#9609=CARTESIAN_POINT('Ctrl Pts',(-1.92292505214433E-16,-1.57018746424124,
1.));
#9610=CARTESIAN_POINT('Ctrl Pts',(0.906548155157855,-1.57018746424124,0.941666666666666));
#9611=CARTESIAN_POINT('Ctrl Pts',(1.35982223273678,-0.78509373212062,0.883333333333333));
#9612=CARTESIAN_POINT('Ctrl Pts',(1.81309631031571,-3.33060388946102E-16,
0.825));
#9613=CARTESIAN_POINT('Ctrl Pts',(1.35982223273678,0.785093732120619,0.766666666666666));
#9614=CARTESIAN_POINT('Ctrl Pts',(0.906548155157856,1.57018746424124,0.708333333333333));
#9615=CARTESIAN_POINT('Ctrl Pts',(0.,1.57018746424124,0.65));
#9616=CARTESIAN_POINT('Ctrl Pts',(-0.906548155157855,1.57018746424124,0.591666666666667));
#9617=CARTESIAN_POINT('Ctrl Pts',(-1.35982223273678,0.78509373212062,0.533333333333334));
#9618=CARTESIAN_POINT('Ctrl Pts',(-1.81309631031571,1.11020129648701E-16,
0.475));
#9619=CARTESIAN_POINT('Ctrl Pts',(-1.35982223273678,-0.785093732120619,
0.416666666666666));
#9620=CARTESIAN_POINT('Ctrl Pts',(-0.906548155157856,-1.57018746424124,
0.358333333333334));
#9621=CARTESIAN_POINT('Ctrl Pts',(-1.92292505214433E-16,-1.57018746424124,
0.3));
#9622=CARTESIAN_POINT('Ctrl Pts',(0.906548155157855,-1.57018746424124,0.241666666666666));
#9623=CARTESIAN_POINT('Ctrl Pts',(1.35982223273678,-0.78509373212062,0.183333333333334));
#9624=CARTESIAN_POINT('Ctrl Pts',(1.81309631031571,-3.33060388946102E-16,
0.125));
#9625=CARTESIAN_POINT('Ctrl Pts',(1.35982223273678,0.785093732120619,0.0666666666666663));
#9626=CARTESIAN_POINT('Ctrl Pts',(1.11907528223404,1.20207968215864,0.035684149008319));
#9627=CARTESIAN_POINT('Ctrl Pts',(0.685958221389571,1.41242698620792,-3.28220957390975E-16));
#9628=CARTESIAN_POINT('Ctrl Pts',(0.,1.57018746424124,8.26248986755131));
#9629=CARTESIAN_POINT('Ctrl Pts',(-0.906548155157855,1.57018746424124,8.20415653421798));
#9630=CARTESIAN_POINT('Ctrl Pts',(-1.35982223273678,0.78509373212062,8.14582320088465));
#9631=CARTESIAN_POINT('Ctrl Pts',(-1.81309631031571,1.11020129648701E-16,
8.08748986755131));
#9632=CARTESIAN_POINT('Ctrl Pts',(-1.35982223273678,-0.785093732120619,
8.02915653421798));
#9633=CARTESIAN_POINT('Ctrl Pts',(-0.906548155157856,-1.57018746424124,
7.97082320088465));
#9634=CARTESIAN_POINT('Ctrl Pts',(-1.92292505214433E-16,-1.57018746424124,
7.91248986755131));
#9635=CARTESIAN_POINT('Ctrl Pts',(0.906548155157855,-1.57018746424124,7.85415653421798));
#9636=CARTESIAN_POINT('Ctrl Pts',(1.35982223273678,-0.78509373212062,7.79582320088465));
#9637=CARTESIAN_POINT('Ctrl Pts',(1.81309631031571,-3.33060388946102E-16,
7.73748986755131));
#9638=CARTESIAN_POINT('Ctrl Pts',(1.35982223273678,0.785093732120619,7.67915653421798));
#9639=CARTESIAN_POINT('Ctrl Pts',(0.906548155157856,1.57018746424124,7.62082320088465));
#9640=CARTESIAN_POINT('Ctrl Pts',(0.,1.57018746424124,7.56248986755131));
#9641=CARTESIAN_POINT('Ctrl Pts',(-0.906548155157855,1.57018746424124,7.50415653421798));
#9642=CARTESIAN_POINT('Ctrl Pts',(-1.35982223273678,0.78509373212062,7.44582320088465));
#9643=CARTESIAN_POINT('Ctrl Pts',(-1.81309631031571,1.11020129648701E-16,
7.38748986755131));
#9644=CARTESIAN_POINT('Ctrl Pts',(-1.35982223273678,-0.785093732120619,
7.32915653421798));
#9645=CARTESIAN_POINT('Ctrl Pts',(-0.906548155157856,-1.57018746424124,
7.27082320088465));
#9646=CARTESIAN_POINT('Ctrl Pts',(-1.92292505214433E-16,-1.57018746424124,
7.21248986755131));
#9647=CARTESIAN_POINT('Ctrl Pts',(0.906548155157855,-1.57018746424124,7.15415653421798));
#9648=CARTESIAN_POINT('Ctrl Pts',(1.35982223273678,-0.78509373212062,7.09582320088465));
#9649=CARTESIAN_POINT('Ctrl Pts',(1.81309631031571,-3.33060388946102E-16,
7.03748986755131));
#9650=CARTESIAN_POINT('Ctrl Pts',(1.35982223273678,0.785093732120619,6.97915653421798));
#9651=CARTESIAN_POINT('Ctrl Pts',(0.906548155157856,1.57018746424124,6.92082320088465));
#9652=CARTESIAN_POINT('Ctrl Pts',(0.,1.57018746424124,6.86248986755131));
#9653=CARTESIAN_POINT('Ctrl Pts',(-0.906548155157855,1.57018746424124,6.80415653421798));
#9654=CARTESIAN_POINT('Ctrl Pts',(-1.35982223273678,0.78509373212062,6.74582320088465));
#9655=CARTESIAN_POINT('Ctrl Pts',(-1.81309631031571,1.11020129648701E-16,
6.68748986755131));
#9656=CARTESIAN_POINT('Ctrl Pts',(-1.35982223273678,-0.785093732120619,
6.62915653421798));
#9657=CARTESIAN_POINT('Ctrl Pts',(-0.906548155157856,-1.57018746424124,
6.57082320088465));
#9658=CARTESIAN_POINT('Ctrl Pts',(-1.92292505214433E-16,-1.57018746424124,
6.51248986755131));
#9659=CARTESIAN_POINT('Ctrl Pts',(0.906548155157855,-1.57018746424124,6.45415653421798));
#9660=CARTESIAN_POINT('Ctrl Pts',(1.35982223273678,-0.78509373212062,6.39582320088465));
#9661=CARTESIAN_POINT('Ctrl Pts',(1.81309631031571,-3.33060388946102E-16,
6.33748986755131));
#9662=CARTESIAN_POINT('Ctrl Pts',(1.35982223273678,0.785093732120619,6.27915653421798));
#9663=CARTESIAN_POINT('Ctrl Pts',(0.906548155157856,1.57018746424124,6.22082320088465));
#9664=CARTESIAN_POINT('Ctrl Pts',(0.,1.57018746424124,6.16248986755131));
#9665=CARTESIAN_POINT('Ctrl Pts',(-0.906548155157855,1.57018746424124,6.10415653421798));
#9666=CARTESIAN_POINT('Ctrl Pts',(-1.35982223273678,0.78509373212062,6.04582320088465));
#9667=CARTESIAN_POINT('Ctrl Pts',(-1.81309631031571,1.11020129648701E-16,
5.98748986755131));
#9668=CARTESIAN_POINT('Ctrl Pts',(-1.35982223273678,-0.785093732120619,
5.92915653421798));
#9669=CARTESIAN_POINT('Ctrl Pts',(-0.906548155157856,-1.57018746424124,
5.87082320088465));
#9670=CARTESIAN_POINT('Ctrl Pts',(-1.92292505214433E-16,-1.57018746424124,
5.81248986755131));
#9671=CARTESIAN_POINT('Ctrl Pts',(0.906548155157855,-1.57018746424124,5.75415653421798));
#9672=CARTESIAN_POINT('Ctrl Pts',(1.35982223273678,-0.78509373212062,5.69582320088465));
#9673=CARTESIAN_POINT('Ctrl Pts',(1.81309631031571,-3.33060388946102E-16,
5.63748986755131));
#9674=CARTESIAN_POINT('Ctrl Pts',(1.35982223273678,0.785093732120619,5.57915653421798));
#9675=CARTESIAN_POINT('Ctrl Pts',(0.906548155157856,1.57018746424124,5.52082320088465));
#9676=CARTESIAN_POINT('Ctrl Pts',(0.,1.57018746424124,5.46248986755131));
#9677=CARTESIAN_POINT('Ctrl Pts',(-0.906548155157855,1.57018746424124,5.40415653421798));
#9678=CARTESIAN_POINT('Ctrl Pts',(-1.35982223273678,0.78509373212062,5.34582320088465));
#9679=CARTESIAN_POINT('Ctrl Pts',(-1.81309631031571,1.11020129648701E-16,
5.28748986755131));
#9680=CARTESIAN_POINT('Ctrl Pts',(-1.35982223273678,-0.785093732120619,
5.22915653421798));
#9681=CARTESIAN_POINT('Ctrl Pts',(-0.906548155157856,-1.57018746424124,
5.17082320088465));
#9682=CARTESIAN_POINT('Ctrl Pts',(-1.92292505214433E-16,-1.57018746424124,
5.11248986755131));
#9683=CARTESIAN_POINT('Ctrl Pts',(0.906548155157855,-1.57018746424124,5.05415653421798));
#9684=CARTESIAN_POINT('Ctrl Pts',(1.35982223273678,-0.78509373212062,4.99582320088465));
#9685=CARTESIAN_POINT('Ctrl Pts',(1.81309631031571,-3.33060388946102E-16,
4.93748986755131));
#9686=CARTESIAN_POINT('Ctrl Pts',(1.35982223273678,0.785093732120619,4.87915653421798));
#9687=CARTESIAN_POINT('Ctrl Pts',(0.906548155157856,1.57018746424124,4.82082320088465));
#9688=CARTESIAN_POINT('Ctrl Pts',(0.,1.57018746424124,4.76248986755131));
#9689=CARTESIAN_POINT('Ctrl Pts',(-0.906548155157855,1.57018746424124,4.70415653421798));
#9690=CARTESIAN_POINT('Ctrl Pts',(-1.35982223273678,0.78509373212062,4.64582320088465));
#9691=CARTESIAN_POINT('Ctrl Pts',(-1.81309631031571,1.11020129648701E-16,
4.58748986755131));
#9692=CARTESIAN_POINT('Ctrl Pts',(-1.35982223273678,-0.785093732120619,
4.52915653421798));
#9693=CARTESIAN_POINT('Ctrl Pts',(-0.906548155157856,-1.57018746424124,
4.47082320088465));
#9694=CARTESIAN_POINT('Ctrl Pts',(-1.92292505214433E-16,-1.57018746424124,
4.41248986755131));
#9695=CARTESIAN_POINT('Ctrl Pts',(0.906548155157855,-1.57018746424124,4.35415653421798));
#9696=CARTESIAN_POINT('Ctrl Pts',(1.35982223273678,-0.78509373212062,4.29582320088465));
#9697=CARTESIAN_POINT('Ctrl Pts',(1.81309631031571,-3.33060388946102E-16,
4.23748986755131));
#9698=CARTESIAN_POINT('Ctrl Pts',(1.35982223273678,0.785093732120619,4.17915653421798));
#9699=CARTESIAN_POINT('Ctrl Pts',(0.906548155157856,1.57018746424124,4.12082320088465));
#9700=CARTESIAN_POINT('Ctrl Pts',(0.,1.57018746424124,4.06248986755131));
#9701=CARTESIAN_POINT('Ctrl Pts',(-0.906548155157855,1.57018746424124,4.00415653421798));
#9702=CARTESIAN_POINT('Ctrl Pts',(-1.35982223273678,0.78509373212062,3.94582320088465));
#9703=CARTESIAN_POINT('Ctrl Pts',(-1.81309631031571,1.11020129648701E-16,
3.88748986755131));
#9704=CARTESIAN_POINT('Ctrl Pts',(-1.35982223273678,-0.785093732120619,
3.82915653421798));
#9705=CARTESIAN_POINT('Ctrl Pts',(-0.906548155157856,-1.57018746424124,
3.77082320088465));
#9706=CARTESIAN_POINT('Ctrl Pts',(-1.92292505214433E-16,-1.57018746424124,
3.71248986755131));
#9707=CARTESIAN_POINT('Ctrl Pts',(0.906548155157855,-1.57018746424124,3.65415653421798));
#9708=CARTESIAN_POINT('Ctrl Pts',(1.35982223273678,-0.78509373212062,3.59582320088465));
#9709=CARTESIAN_POINT('Ctrl Pts',(1.81309631031571,-3.33060388946102E-16,
3.53748986755131));
#9710=CARTESIAN_POINT('Ctrl Pts',(1.35982223273678,0.785093732120619,3.47915653421798));
#9711=CARTESIAN_POINT('Ctrl Pts',(0.906548155157856,1.57018746424124,3.42082320088465));
#9712=CARTESIAN_POINT('Ctrl Pts',(0.,1.57018746424124,3.36248986755131));
#9713=CARTESIAN_POINT('Ctrl Pts',(-0.906548155157855,1.57018746424124,3.30415653421798));
#9714=CARTESIAN_POINT('Ctrl Pts',(-1.35982223273678,0.78509373212062,3.24582320088465));
#9715=CARTESIAN_POINT('Ctrl Pts',(-1.81309631031571,1.11020129648701E-16,
3.18748986755131));
#9716=CARTESIAN_POINT('Ctrl Pts',(-1.35982223273678,-0.785093732120619,
3.12915653421798));
#9717=CARTESIAN_POINT('Ctrl Pts',(-0.906548155157856,-1.57018746424124,
3.07082320088465));
#9718=CARTESIAN_POINT('Ctrl Pts',(-1.92292505214433E-16,-1.57018746424124,
3.01248986755131));
#9719=CARTESIAN_POINT('Ctrl Pts',(0.906548155157855,-1.57018746424124,2.95415653421798));
#9720=CARTESIAN_POINT('Ctrl Pts',(1.35982223273678,-0.78509373212062,2.89582320088465));
#9721=CARTESIAN_POINT('Ctrl Pts',(1.81309631031571,-3.33060388946102E-16,
2.83748986755131));
#9722=CARTESIAN_POINT('Ctrl Pts',(1.35982223273678,0.785093732120619,2.77915653421798));
#9723=CARTESIAN_POINT('Ctrl Pts',(0.906548155157856,1.57018746424124,2.72082320088465));
#9724=CARTESIAN_POINT('Ctrl Pts',(0.,1.57018746424124,2.66248986755131));
#9725=CARTESIAN_POINT('Ctrl Pts',(-0.906548155157855,1.57018746424124,2.60415653421798));
#9726=CARTESIAN_POINT('Ctrl Pts',(-1.35982223273678,0.78509373212062,2.54582320088465));
#9727=CARTESIAN_POINT('Ctrl Pts',(-1.81309631031571,1.11020129648701E-16,
2.48748986755131));
#9728=CARTESIAN_POINT('Ctrl Pts',(-1.35982223273678,-0.785093732120619,
2.42915653421798));
#9729=CARTESIAN_POINT('Ctrl Pts',(-0.906548155157856,-1.57018746424124,
2.37082320088465));
#9730=CARTESIAN_POINT('Ctrl Pts',(-1.92292505214433E-16,-1.57018746424124,
2.31248986755131));
#9731=CARTESIAN_POINT('Ctrl Pts',(0.906548155157855,-1.57018746424124,2.25415653421798));
#9732=CARTESIAN_POINT('Ctrl Pts',(1.35982223273678,-0.78509373212062,2.19582320088465));
#9733=CARTESIAN_POINT('Ctrl Pts',(1.81309631031571,-3.33060388946102E-16,
2.13748986755131));
#9734=CARTESIAN_POINT('Ctrl Pts',(1.35982223273678,0.785093732120619,2.07915653421798));
#9735=CARTESIAN_POINT('Ctrl Pts',(0.906548155157856,1.57018746424124,2.02082320088465));
#9736=CARTESIAN_POINT('Ctrl Pts',(0.,1.57018746424124,1.96248986755131));
#9737=CARTESIAN_POINT('Ctrl Pts',(-0.906548155157855,1.57018746424124,1.90415653421798));
#9738=CARTESIAN_POINT('Ctrl Pts',(-1.35982223273678,0.78509373212062,1.84582320088465));
#9739=CARTESIAN_POINT('Ctrl Pts',(-1.81309631031571,1.11020129648701E-16,
1.78748986755131));
#9740=CARTESIAN_POINT('Ctrl Pts',(-1.35982223273678,-0.785093732120619,
1.72915653421798));
#9741=CARTESIAN_POINT('Ctrl Pts',(-0.906548155157856,-1.57018746424124,
1.67082320088465));
#9742=CARTESIAN_POINT('Ctrl Pts',(-1.92292505214433E-16,-1.57018746424124,
1.61248986755131));
#9743=CARTESIAN_POINT('Ctrl Pts',(0.906548155157855,-1.57018746424124,1.55415653421798));
#9744=CARTESIAN_POINT('Ctrl Pts',(1.35982223273678,-0.78509373212062,1.49582320088465));
#9745=CARTESIAN_POINT('Ctrl Pts',(1.81309631031571,-3.33060388946102E-16,
1.43748986755131));
#9746=CARTESIAN_POINT('Ctrl Pts',(1.35982223273678,0.785093732120619,1.37915653421798));
#9747=CARTESIAN_POINT('Ctrl Pts',(0.906548155157856,1.57018746424124,1.32082320088465));
#9748=CARTESIAN_POINT('Ctrl Pts',(0.,1.57018746424124,1.26248986755131));
#9749=CARTESIAN_POINT('Ctrl Pts',(-0.906548155157855,1.57018746424124,1.20415653421798));
#9750=CARTESIAN_POINT('Ctrl Pts',(-1.35982223273678,0.78509373212062,1.14582320088465));
#9751=CARTESIAN_POINT('Ctrl Pts',(-1.81309631031571,1.11020129648701E-16,
1.08748986755131));
#9752=CARTESIAN_POINT('Ctrl Pts',(-1.35982223273678,-0.785093732120619,
1.02915653421798));
#9753=CARTESIAN_POINT('Ctrl Pts',(-0.906548155157856,-1.57018746424124,
0.970823200884646));
#9754=CARTESIAN_POINT('Ctrl Pts',(-1.92292505214433E-16,-1.57018746424124,
0.912489867551313));
#9755=CARTESIAN_POINT('Ctrl Pts',(0.906548155157855,-1.57018746424124,0.854156534217979));
#9756=CARTESIAN_POINT('Ctrl Pts',(1.35982223273678,-0.78509373212062,0.795823200884646));
#9757=CARTESIAN_POINT('Ctrl Pts',(1.81309631031571,-3.33060388946102E-16,
0.737489867551313));
#9758=CARTESIAN_POINT('Ctrl Pts',(1.35982223273678,0.785093732120619,0.679156534217979));
#9759=CARTESIAN_POINT('Ctrl Pts',(0.906548155157856,1.57018746424124,0.620823200884646));
#9760=CARTESIAN_POINT('Ctrl Pts',(0.,1.57018746424124,0.562489867551312));
#9761=CARTESIAN_POINT('Ctrl Pts',(-0.906548155157855,1.57018746424124,0.50415653421798));
#9762=CARTESIAN_POINT('Ctrl Pts',(-1.35982223273678,0.78509373212062,0.445823200884646));
#9763=CARTESIAN_POINT('Ctrl Pts',(-1.81309631031571,1.11020129648701E-16,
0.387489867551313));
#9764=CARTESIAN_POINT('Ctrl Pts',(-1.35982223273678,-0.785093732120619,
0.329156534217979));
#9765=CARTESIAN_POINT('Ctrl Pts',(-0.906548155157856,-1.57018746424124,
0.270823200884647));
#9766=CARTESIAN_POINT('Ctrl Pts',(-1.92292505214433E-16,-1.57018746424124,
0.212489867551313));
#9767=CARTESIAN_POINT('Ctrl Pts',(0.906548155157855,-1.57018746424124,0.154156534217979));
#9768=CARTESIAN_POINT('Ctrl Pts',(1.35982223273678,-0.78509373212062,0.0958232008846469));
#9769=CARTESIAN_POINT('Ctrl Pts',(1.81309631031571,-3.33060388946102E-16,
0.037489867551313));
#9770=CARTESIAN_POINT('Ctrl Pts',(1.35982223273678,0.785093732120619,-0.0208434657820208));
#9771=CARTESIAN_POINT('Ctrl Pts',(0.906548155157856,1.57018746424124,-0.0791767991153547));
#9772=CARTESIAN_POINT('Ctrl Pts',(0.,1.57018746424124,-0.137510132448687));
#9773=CARTESIAN_POINT('Ctrl Pts',(-0.906548155157855,1.57018746424124,-0.195843465782021));
#9774=CARTESIAN_POINT('Ctrl Pts',(-1.35982223273678,0.78509373212062,-0.254176799115355));
#9775=CARTESIAN_POINT('Ctrl Pts',(-1.81309631031571,1.11020129648701E-16,
-0.312510132448687));
#9776=CARTESIAN_POINT('Ctrl Pts',(-1.35982223273678,-0.785093732120619,
-0.37084346578202));
#9777=CARTESIAN_POINT('Ctrl Pts',(-0.906548155157856,-1.57018746424124,
-0.429176799115354));
#9778=CARTESIAN_POINT('Ctrl Pts',(-1.92292505214433E-16,-1.57018746424124,
-0.487510132448686));
#9779=CARTESIAN_POINT('Ctrl Pts',(0.906548155157855,-1.57018746424124,-0.54584346578202));
#9780=CARTESIAN_POINT('Ctrl Pts',(1.35982223273678,-0.78509373212062,-0.604176799115354));
#9781=CARTESIAN_POINT('Ctrl Pts',(1.81309631031571,-3.33060388946102E-16,
-0.662510132448688));
#9782=CARTESIAN_POINT('Ctrl Pts',(1.35982223273678,0.785093732120619,-0.72084346578202));
#9783=CARTESIAN_POINT('Ctrl Pts',(0.906548155157856,1.57018746424124,-0.779176799115354));
#9784=CARTESIAN_POINT('Ctrl Pts',(0.,1.57018746424124,-0.837510132448688));
#9785=CARTESIAN_POINT('Ctrl Pts',(-0.906548155157855,1.57018746424124,-0.89584346578202));
#9786=CARTESIAN_POINT('Ctrl Pts',(-1.35982223273678,0.78509373212062,-0.954176799115354));
#9787=CARTESIAN_POINT('Ctrl Pts',(-1.81309631031571,1.11020129648701E-16,
-1.01251013244869));
#9788=CARTESIAN_POINT('Ctrl Pts',(-1.35982223273678,-0.785093732120619,
-1.07084346578202));
#9789=CARTESIAN_POINT('Ctrl Pts',(-0.906548155157856,-1.57018746424124,
-1.12917679911535));
#9790=CARTESIAN_POINT('Ctrl Pts',(-1.92292505214433E-16,-1.57018746424124,
-1.18751013244869));
#9791=CARTESIAN_POINT('Ctrl Pts',(0.906548155157855,-1.57018746424124,-1.24584346578202));
#9792=CARTESIAN_POINT('Ctrl Pts',(1.35982223273678,-0.78509373212062,-1.30417679911535));
#9793=CARTESIAN_POINT('Ctrl Pts',(1.81309631031571,-3.33060388946102E-16,
-1.36251013244869));
#9794=CARTESIAN_POINT('Ctrl Pts',(1.35982223273678,0.785093732120619,-1.42084346578202));
#9795=CARTESIAN_POINT('Ctrl Pts',(0.906548155157856,1.57018746424124,-1.47917679911535));
#9796=CARTESIAN_POINT('Ctrl Pts',(0.,1.57018746424124,-1.53751013244869));
#9797=CARTESIAN_POINT('Ctrl Pts',(-0.906548155157855,1.57018746424124,-1.59584346578202));
#9798=CARTESIAN_POINT('Ctrl Pts',(-1.35982223273678,0.78509373212062,-1.65417679911535));
#9799=CARTESIAN_POINT('Ctrl Pts',(-1.81309631031571,1.11020129648701E-16,
-1.71251013244869));
#9800=CARTESIAN_POINT('Ctrl Pts',(-1.35982223273678,-0.785093732120619,
-1.77084346578202));
#9801=CARTESIAN_POINT('Ctrl Pts',(-0.906548155157856,-1.57018746424124,
-1.82917679911536));
#9802=CARTESIAN_POINT('Ctrl Pts',(-1.92292505214433E-16,-1.57018746424124,
-1.88751013244869));
#9803=CARTESIAN_POINT('Ctrl Pts',(0.906548155157855,-1.57018746424124,-1.94584346578202));
#9804=CARTESIAN_POINT('Ctrl Pts',(1.35982223273678,-0.78509373212062,-2.00417679911535));
#9805=CARTESIAN_POINT('Ctrl Pts',(1.81309631031571,-3.33060388946102E-16,
-2.06251013244869));
#9806=CARTESIAN_POINT('Ctrl Pts',(1.35982223273678,0.785093732120619,-2.12084346578202));
#9807=CARTESIAN_POINT('Ctrl Pts',(0.906548155157856,1.57018746424124,-2.17917679911535));
#9808=CARTESIAN_POINT('Ctrl Pts',(0.,1.57018746424124,-2.23751013244869));
#9809=CARTESIAN_POINT('Ctrl Pts',(-0.756121876426118,1.57018746424124,-2.28616403925688));
#9810=CARTESIAN_POINT('Ctrl Pts',(-1.22758094236693,0.979047344512952,-2.33846203155504));
#9811=CARTESIAN_POINT('Ctrl Pts',(-1.68778759041759,0.402016096878446,-2.38951181609421));
#9812=CARTESIAN_POINT('Ctrl Pts',(-2.14799423846825,-0.17501515075606,-2.44056160063338));
#9813=CARTESIAN_POINT('Ctrl Pts',(0.,1.57018746424124,8.35001013244869));
#9814=CARTESIAN_POINT('Ctrl Pts',(-0.906548155157855,1.57018746424124,8.29167679911535));
#9815=CARTESIAN_POINT('Ctrl Pts',(-1.35982223273678,0.78509373212062,8.23334346578202));
#9816=CARTESIAN_POINT('Ctrl Pts',(-1.81309631031571,1.11020129648701E-16,
8.17501013244869));
#9817=CARTESIAN_POINT('Ctrl Pts',(-1.35982223273678,-0.785093732120619,
8.11667679911535));
#9818=CARTESIAN_POINT('Ctrl Pts',(-0.906548155157856,-1.57018746424124,
8.05834346578202));
#9819=CARTESIAN_POINT('Ctrl Pts',(-1.92292505214433E-16,-1.57018746424124,
8.00001013244869));
#9820=CARTESIAN_POINT('Ctrl Pts',(0.906548155157855,-1.57018746424124,7.94167679911535));
#9821=CARTESIAN_POINT('Ctrl Pts',(1.35982223273678,-0.78509373212062,7.88334346578202));
#9822=CARTESIAN_POINT('Ctrl Pts',(1.81309631031571,-3.33060388946102E-16,
7.82501013244869));
#9823=CARTESIAN_POINT('Ctrl Pts',(1.35982223273678,0.785093732120619,7.76667679911535));
#9824=CARTESIAN_POINT('Ctrl Pts',(0.906548155157856,1.57018746424124,7.70834346578202));
#9825=CARTESIAN_POINT('Ctrl Pts',(0.,1.57018746424124,7.65001013244869));
#9826=CARTESIAN_POINT('Ctrl Pts',(-0.906548155157855,1.57018746424124,7.59167679911535));
#9827=CARTESIAN_POINT('Ctrl Pts',(-1.35982223273678,0.78509373212062,7.53334346578202));
#9828=CARTESIAN_POINT('Ctrl Pts',(-1.81309631031571,1.11020129648701E-16,
7.47501013244869));
#9829=CARTESIAN_POINT('Ctrl Pts',(-1.35982223273678,-0.785093732120619,
7.41667679911535));
#9830=CARTESIAN_POINT('Ctrl Pts',(-0.906548155157856,-1.57018746424124,
7.35834346578202));
#9831=CARTESIAN_POINT('Ctrl Pts',(-1.92292505214433E-16,-1.57018746424124,
7.30001013244869));
#9832=CARTESIAN_POINT('Ctrl Pts',(0.906548155157855,-1.57018746424124,7.24167679911535));
#9833=CARTESIAN_POINT('Ctrl Pts',(1.35982223273678,-0.78509373212062,7.18334346578202));
#9834=CARTESIAN_POINT('Ctrl Pts',(1.81309631031571,-3.33060388946102E-16,
7.12501013244869));
#9835=CARTESIAN_POINT('Ctrl Pts',(1.35982223273678,0.785093732120619,7.06667679911535));
#9836=CARTESIAN_POINT('Ctrl Pts',(0.906548155157856,1.57018746424124,7.00834346578202));
#9837=CARTESIAN_POINT('Ctrl Pts',(0.,1.57018746424124,6.95001013244869));
#9838=CARTESIAN_POINT('Ctrl Pts',(-0.906548155157855,1.57018746424124,6.89167679911535));
#9839=CARTESIAN_POINT('Ctrl Pts',(-1.35982223273678,0.78509373212062,6.83334346578202));
#9840=CARTESIAN_POINT('Ctrl Pts',(-1.81309631031571,1.11020129648701E-16,
6.77501013244869));
#9841=CARTESIAN_POINT('Ctrl Pts',(-1.35982223273678,-0.785093732120619,
6.71667679911535));
#9842=CARTESIAN_POINT('Ctrl Pts',(-0.906548155157856,-1.57018746424124,
6.65834346578202));
#9843=CARTESIAN_POINT('Ctrl Pts',(-1.92292505214433E-16,-1.57018746424124,
6.60001013244869));
#9844=CARTESIAN_POINT('Ctrl Pts',(0.906548155157855,-1.57018746424124,6.54167679911535));
#9845=CARTESIAN_POINT('Ctrl Pts',(1.35982223273678,-0.78509373212062,6.48334346578202));
#9846=CARTESIAN_POINT('Ctrl Pts',(1.81309631031571,-3.33060388946102E-16,
6.42501013244869));
#9847=CARTESIAN_POINT('Ctrl Pts',(1.35982223273678,0.785093732120619,6.36667679911535));
#9848=CARTESIAN_POINT('Ctrl Pts',(0.906548155157856,1.57018746424124,6.30834346578202));
#9849=CARTESIAN_POINT('Ctrl Pts',(0.,1.57018746424124,6.25001013244869));
#9850=CARTESIAN_POINT('Ctrl Pts',(-0.906548155157855,1.57018746424124,6.19167679911535));
#9851=CARTESIAN_POINT('Ctrl Pts',(-1.35982223273678,0.78509373212062,6.13334346578202));
#9852=CARTESIAN_POINT('Ctrl Pts',(-1.81309631031571,1.11020129648701E-16,
6.07501013244868));
#9853=CARTESIAN_POINT('Ctrl Pts',(-1.35982223273678,-0.785093732120619,
6.01667679911535));
#9854=CARTESIAN_POINT('Ctrl Pts',(-0.906548155157856,-1.57018746424124,
5.95834346578202));
#9855=CARTESIAN_POINT('Ctrl Pts',(-1.92292505214433E-16,-1.57018746424124,
5.90001013244869));
#9856=CARTESIAN_POINT('Ctrl Pts',(0.906548155157855,-1.57018746424124,5.84167679911536));
#9857=CARTESIAN_POINT('Ctrl Pts',(1.35982223273678,-0.78509373212062,5.78334346578202));
#9858=CARTESIAN_POINT('Ctrl Pts',(1.81309631031571,-3.33060388946102E-16,
5.72501013244869));
#9859=CARTESIAN_POINT('Ctrl Pts',(1.35982223273678,0.785093732120619,5.66667679911535));
#9860=CARTESIAN_POINT('Ctrl Pts',(0.906548155157856,1.57018746424124,5.60834346578202));
#9861=CARTESIAN_POINT('Ctrl Pts',(0.,1.57018746424124,5.55001013244869));
#9862=CARTESIAN_POINT('Ctrl Pts',(-0.906548155157855,1.57018746424124,5.49167679911535));
#9863=CARTESIAN_POINT('Ctrl Pts',(-1.35982223273678,0.78509373212062,5.43334346578202));
#9864=CARTESIAN_POINT('Ctrl Pts',(-1.81309631031571,1.11020129648701E-16,
5.37501013244869));
#9865=CARTESIAN_POINT('Ctrl Pts',(-1.35982223273678,-0.785093732120619,
5.31667679911535));
#9866=CARTESIAN_POINT('Ctrl Pts',(-0.906548155157856,-1.57018746424124,
5.25834346578202));
#9867=CARTESIAN_POINT('Ctrl Pts',(-1.92292505214433E-16,-1.57018746424124,
5.20001013244869));
#9868=CARTESIAN_POINT('Ctrl Pts',(0.906548155157855,-1.57018746424124,5.14167679911535));
#9869=CARTESIAN_POINT('Ctrl Pts',(1.35982223273678,-0.78509373212062,5.08334346578202));
#9870=CARTESIAN_POINT('Ctrl Pts',(1.81309631031571,-3.33060388946102E-16,
5.02501013244869));
#9871=CARTESIAN_POINT('Ctrl Pts',(1.35982223273678,0.785093732120619,4.96667679911535));
#9872=CARTESIAN_POINT('Ctrl Pts',(0.906548155157856,1.57018746424124,4.90834346578202));
#9873=CARTESIAN_POINT('Ctrl Pts',(0.,1.57018746424124,4.85001013244869));
#9874=CARTESIAN_POINT('Ctrl Pts',(-0.906548155157855,1.57018746424124,4.79167679911535));
#9875=CARTESIAN_POINT('Ctrl Pts',(-1.35982223273678,0.78509373212062,4.73334346578202));
#9876=CARTESIAN_POINT('Ctrl Pts',(-1.81309631031571,1.11020129648701E-16,
4.67501013244869));
#9877=CARTESIAN_POINT('Ctrl Pts',(-1.35982223273678,-0.785093732120619,
4.61667679911535));
#9878=CARTESIAN_POINT('Ctrl Pts',(-0.906548155157856,-1.57018746424124,
4.55834346578202));
#9879=CARTESIAN_POINT('Ctrl Pts',(-1.92292505214433E-16,-1.57018746424124,
4.50001013244869));
#9880=CARTESIAN_POINT('Ctrl Pts',(0.906548155157855,-1.57018746424124,4.44167679911535));
#9881=CARTESIAN_POINT('Ctrl Pts',(1.35982223273678,-0.78509373212062,4.38334346578202));
#9882=CARTESIAN_POINT('Ctrl Pts',(1.81309631031571,-3.33060388946102E-16,
4.32501013244869));
#9883=CARTESIAN_POINT('Ctrl Pts',(1.35982223273678,0.785093732120619,4.26667679911535));
#9884=CARTESIAN_POINT('Ctrl Pts',(0.906548155157856,1.57018746424124,4.20834346578202));
#9885=CARTESIAN_POINT('Ctrl Pts',(0.,1.57018746424124,4.15001013244869));
#9886=CARTESIAN_POINT('Ctrl Pts',(-0.906548155157855,1.57018746424124,4.09167679911535));
#9887=CARTESIAN_POINT('Ctrl Pts',(-1.35982223273678,0.78509373212062,4.03334346578202));
#9888=CARTESIAN_POINT('Ctrl Pts',(-1.81309631031571,1.11020129648701E-16,
3.97501013244869));
#9889=CARTESIAN_POINT('Ctrl Pts',(-1.35982223273678,-0.785093732120619,
3.91667679911535));
#9890=CARTESIAN_POINT('Ctrl Pts',(-0.906548155157856,-1.57018746424124,
3.85834346578202));
#9891=CARTESIAN_POINT('Ctrl Pts',(-1.92292505214433E-16,-1.57018746424124,
3.80001013244869));
#9892=CARTESIAN_POINT('Ctrl Pts',(0.906548155157855,-1.57018746424124,3.74167679911535));
#9893=CARTESIAN_POINT('Ctrl Pts',(1.35982223273678,-0.78509373212062,3.68334346578202));
#9894=CARTESIAN_POINT('Ctrl Pts',(1.81309631031571,-3.33060388946102E-16,
3.62501013244869));
#9895=CARTESIAN_POINT('Ctrl Pts',(1.35982223273678,0.785093732120619,3.56667679911535));
#9896=CARTESIAN_POINT('Ctrl Pts',(0.906548155157856,1.57018746424124,3.50834346578202));
#9897=CARTESIAN_POINT('Ctrl Pts',(0.,1.57018746424124,3.45001013244869));
#9898=CARTESIAN_POINT('Ctrl Pts',(-0.906548155157855,1.57018746424124,3.39167679911535));
#9899=CARTESIAN_POINT('Ctrl Pts',(-1.35982223273678,0.78509373212062,3.33334346578202));
#9900=CARTESIAN_POINT('Ctrl Pts',(-1.81309631031571,1.11020129648701E-16,
3.27501013244869));
#9901=CARTESIAN_POINT('Ctrl Pts',(-1.35982223273678,-0.785093732120619,
3.21667679911535));
#9902=CARTESIAN_POINT('Ctrl Pts',(-0.906548155157856,-1.57018746424124,
3.15834346578202));
#9903=CARTESIAN_POINT('Ctrl Pts',(-1.92292505214433E-16,-1.57018746424124,
3.10001013244869));
#9904=CARTESIAN_POINT('Ctrl Pts',(0.906548155157855,-1.57018746424124,3.04167679911535));
#9905=CARTESIAN_POINT('Ctrl Pts',(1.35982223273678,-0.78509373212062,2.98334346578202));
#9906=CARTESIAN_POINT('Ctrl Pts',(1.81309631031571,-3.33060388946102E-16,
2.92501013244869));
#9907=CARTESIAN_POINT('Ctrl Pts',(1.35982223273678,0.785093732120619,2.86667679911535));
#9908=CARTESIAN_POINT('Ctrl Pts',(0.906548155157856,1.57018746424124,2.80834346578202));
#9909=CARTESIAN_POINT('Ctrl Pts',(0.,1.57018746424124,2.75001013244869));
#9910=CARTESIAN_POINT('Ctrl Pts',(-0.906548155157855,1.57018746424124,2.69167679911535));
#9911=CARTESIAN_POINT('Ctrl Pts',(-1.35982223273678,0.78509373212062,2.63334346578202));
#9912=CARTESIAN_POINT('Ctrl Pts',(-1.81309631031571,1.11020129648701E-16,
2.57501013244869));
#9913=CARTESIAN_POINT('Ctrl Pts',(-1.35982223273678,-0.785093732120619,
2.51667679911535));
#9914=CARTESIAN_POINT('Ctrl Pts',(-0.906548155157856,-1.57018746424124,
2.45834346578202));
#9915=CARTESIAN_POINT('Ctrl Pts',(-1.92292505214433E-16,-1.57018746424124,
2.40001013244869));
#9916=CARTESIAN_POINT('Ctrl Pts',(0.906548155157855,-1.57018746424124,2.34167679911535));
#9917=CARTESIAN_POINT('Ctrl Pts',(1.35982223273678,-0.78509373212062,2.28334346578202));
#9918=CARTESIAN_POINT('Ctrl Pts',(1.81309631031571,-3.33060388946102E-16,
2.22501013244869));
#9919=CARTESIAN_POINT('Ctrl Pts',(1.35982223273678,0.785093732120619,2.16667679911535));
#9920=CARTESIAN_POINT('Ctrl Pts',(0.906548155157856,1.57018746424124,2.10834346578202));
#9921=CARTESIAN_POINT('Ctrl Pts',(0.,1.57018746424124,2.05001013244869));
#9922=CARTESIAN_POINT('Ctrl Pts',(-0.906548155157855,1.57018746424124,1.99167679911535));
#9923=CARTESIAN_POINT('Ctrl Pts',(-1.35982223273678,0.78509373212062,1.93334346578202));
#9924=CARTESIAN_POINT('Ctrl Pts',(-1.81309631031571,1.11020129648701E-16,
1.87501013244869));
#9925=CARTESIAN_POINT('Ctrl Pts',(-1.35982223273678,-0.785093732120619,
1.81667679911535));
#9926=CARTESIAN_POINT('Ctrl Pts',(-0.906548155157856,-1.57018746424124,
1.75834346578202));
#9927=CARTESIAN_POINT('Ctrl Pts',(-1.92292505214433E-16,-1.57018746424124,
1.70001013244869));
#9928=CARTESIAN_POINT('Ctrl Pts',(0.906548155157855,-1.57018746424124,1.64167679911535));
#9929=CARTESIAN_POINT('Ctrl Pts',(1.35982223273678,-0.78509373212062,1.58334346578202));
#9930=CARTESIAN_POINT('Ctrl Pts',(1.81309631031571,-3.33060388946102E-16,
1.52501013244869));
#9931=CARTESIAN_POINT('Ctrl Pts',(1.35982223273678,0.785093732120619,1.46667679911535));
#9932=CARTESIAN_POINT('Ctrl Pts',(0.906548155157856,1.57018746424124,1.40834346578202));
#9933=CARTESIAN_POINT('Ctrl Pts',(0.,1.57018746424124,1.35001013244869));
#9934=CARTESIAN_POINT('Ctrl Pts',(-0.906548155157855,1.57018746424124,1.29167679911535));
#9935=CARTESIAN_POINT('Ctrl Pts',(-1.35982223273678,0.78509373212062,1.23334346578202));
#9936=CARTESIAN_POINT('Ctrl Pts',(-1.81309631031571,1.11020129648701E-16,
1.17501013244869));
#9937=CARTESIAN_POINT('Ctrl Pts',(-1.35982223273678,-0.785093732120619,
1.11667679911535));
#9938=CARTESIAN_POINT('Ctrl Pts',(-0.906548155157856,-1.57018746424124,
1.05834346578202));
#9939=CARTESIAN_POINT('Ctrl Pts',(-1.92292505214433E-16,-1.57018746424124,
1.00001013244869));
#9940=CARTESIAN_POINT('Ctrl Pts',(0.906548155157855,-1.57018746424124,0.941676799115353));
#9941=CARTESIAN_POINT('Ctrl Pts',(1.35982223273678,-0.78509373212062,0.883343465782019));
#9942=CARTESIAN_POINT('Ctrl Pts',(1.81309631031571,-3.33060388946102E-16,
0.825010132448687));
#9943=CARTESIAN_POINT('Ctrl Pts',(1.35982223273678,0.785093732120619,0.766676799115353));
#9944=CARTESIAN_POINT('Ctrl Pts',(0.906548155157856,1.57018746424124,0.70834346578202));
#9945=CARTESIAN_POINT('Ctrl Pts',(0.,1.57018746424124,0.650010132448686));
#9946=CARTESIAN_POINT('Ctrl Pts',(-0.906548155157855,1.57018746424124,0.591676799115353));
#9947=CARTESIAN_POINT('Ctrl Pts',(-1.35982223273678,0.78509373212062,0.53334346578202));
#9948=CARTESIAN_POINT('Ctrl Pts',(-1.81309631031571,1.11020129648701E-16,
0.475010132448686));
#9949=CARTESIAN_POINT('Ctrl Pts',(-1.35982223273678,-0.785093732120619,
0.416676799115352));
#9950=CARTESIAN_POINT('Ctrl Pts',(-0.906548155157856,-1.57018746424124,
0.35834346578202));
#9951=CARTESIAN_POINT('Ctrl Pts',(-1.92292505214433E-16,-1.57018746424124,
0.300010132448686));
#9952=CARTESIAN_POINT('Ctrl Pts',(0.906548155157855,-1.57018746424124,0.241676799115352));
#9953=CARTESIAN_POINT('Ctrl Pts',(1.35982223273678,-0.78509373212062,0.18334346578202));
#9954=CARTESIAN_POINT('Ctrl Pts',(1.81309631031571,-3.33060388946102E-16,
0.125010132448686));
#9955=CARTESIAN_POINT('Ctrl Pts',(1.35982223273678,0.785093732120619,0.0666767991153526));
#9956=CARTESIAN_POINT('Ctrl Pts',(0.906548155157856,1.57018746424124,0.00834346578201875));
#9957=CARTESIAN_POINT('Ctrl Pts',(0.,1.57018746424124,-0.0499898675513134));
#9958=CARTESIAN_POINT('Ctrl Pts',(-0.906548155157855,1.57018746424124,-0.108323200884647));
#9959=CARTESIAN_POINT('Ctrl Pts',(-1.35982223273678,0.78509373212062,-0.166656534217981));
#9960=CARTESIAN_POINT('Ctrl Pts',(-1.81309631031571,1.11020129648701E-16,
-0.224989867551313));
#9961=CARTESIAN_POINT('Ctrl Pts',(-1.35982223273678,-0.785093732120619,
-0.283323200884647));
#9962=CARTESIAN_POINT('Ctrl Pts',(-0.906548155157856,-1.57018746424124,
-0.341656534217981));
#9963=CARTESIAN_POINT('Ctrl Pts',(-1.92292505214433E-16,-1.57018746424124,
-0.399989867551313));
#9964=CARTESIAN_POINT('Ctrl Pts',(0.906548155157855,-1.57018746424124,-0.458323200884647));
#9965=CARTESIAN_POINT('Ctrl Pts',(1.35982223273678,-0.78509373212062,-0.516656534217981));
#9966=CARTESIAN_POINT('Ctrl Pts',(1.81309631031571,-3.33060388946102E-16,
-0.574989867551315));
#9967=CARTESIAN_POINT('Ctrl Pts',(1.35982223273678,0.785093732120619,-0.633323200884647));
#9968=CARTESIAN_POINT('Ctrl Pts',(0.906548155157856,1.57018746424124,-0.691656534217981));
#9969=CARTESIAN_POINT('Ctrl Pts',(0.,1.57018746424124,-0.749989867551314));
#9970=CARTESIAN_POINT('Ctrl Pts',(-0.906548155157855,1.57018746424124,-0.808323200884646));
#9971=CARTESIAN_POINT('Ctrl Pts',(-1.35982223273678,0.78509373212062,-0.86665653421798));
#9972=CARTESIAN_POINT('Ctrl Pts',(-1.81309631031571,1.11020129648701E-16,
-0.924989867551314));
#9973=CARTESIAN_POINT('Ctrl Pts',(-1.35982223273678,-0.785093732120619,
-0.983323200884646));
#9974=CARTESIAN_POINT('Ctrl Pts',(-0.906548155157856,-1.57018746424124,
-1.04165653421798));
#9975=CARTESIAN_POINT('Ctrl Pts',(-1.92292505214433E-16,-1.57018746424124,
-1.09998986755131));
#9976=CARTESIAN_POINT('Ctrl Pts',(0.906548155157855,-1.57018746424124,-1.15832320088465));
#9977=CARTESIAN_POINT('Ctrl Pts',(1.35982223273678,-0.78509373212062,-1.21665653421798));
#9978=CARTESIAN_POINT('Ctrl Pts',(1.81309631031571,-3.33060388946102E-16,
-1.27498986755131));
#9979=CARTESIAN_POINT('Ctrl Pts',(1.35982223273678,0.785093732120619,-1.33332320088465));
#9980=CARTESIAN_POINT('Ctrl Pts',(0.906548155157856,1.57018746424124,-1.39165653421798));
#9981=CARTESIAN_POINT('Ctrl Pts',(0.,1.57018746424124,-1.44998986755131));
#9982=CARTESIAN_POINT('Ctrl Pts',(-0.906548155157855,1.57018746424124,-1.50832320088465));
#9983=CARTESIAN_POINT('Ctrl Pts',(-1.35982223273678,0.78509373212062,-1.56665653421798));
#9984=CARTESIAN_POINT('Ctrl Pts',(-1.81309631031571,1.11020129648701E-16,
-1.62498986755131));
#9985=CARTESIAN_POINT('Ctrl Pts',(-1.35982223273678,-0.785093732120619,
-1.68332320088465));
#9986=CARTESIAN_POINT('Ctrl Pts',(-0.906548155157856,-1.57018746424124,
-1.74165653421798));
#9987=CARTESIAN_POINT('Ctrl Pts',(-1.92292505214433E-16,-1.57018746424124,
-1.79998986755131));
#9988=CARTESIAN_POINT('Ctrl Pts',(0.906548155157855,-1.57018746424124,-1.85832320088465));
#9989=CARTESIAN_POINT('Ctrl Pts',(1.35982223273678,-0.78509373212062,-1.91665653421798));
#9990=CARTESIAN_POINT('Ctrl Pts',(1.81309631031571,-3.33060388946102E-16,
-1.97498986755131));
#9991=CARTESIAN_POINT('Ctrl Pts',(1.35982223273678,0.785093732120619,-2.03332320088465));
#9992=CARTESIAN_POINT('Ctrl Pts',(0.906548155157856,1.57018746424124,-2.09165653421798));
#9993=CARTESIAN_POINT('Ctrl Pts',(0.,1.57018746424124,-2.14998986755131));
#9994=CARTESIAN_POINT('Ctrl Pts',(-0.756121876426118,1.57018746424124,-2.19864377435951));
#9995=CARTESIAN_POINT('Ctrl Pts',(-1.22758094236693,0.979047344512951,-2.25094176665767));
#9996=CARTESIAN_POINT('Ctrl Pts',(-1.68778759041759,0.402016096878445,-2.30199155119684));
#9997=CARTESIAN_POINT('Ctrl Pts',(-2.14799423846825,-0.17501515075606,-2.35304133573601));
#9998=CARTESIAN_POINT('Ctrl Pts',(0.116951442483095,-1.56582599063927,7.90481253575876));
#9999=CARTESIAN_POINT('Ctrl Pts',(0.94476336968107,-1.50399677106489,7.84924862489579));
#10000=CARTESIAN_POINT('Ctrl Pts',(1.35982223273678,-0.78509373212062,7.79583333333333));
#10001=CARTESIAN_POINT('Ctrl Pts',(1.81309631031571,-3.33060388946102E-16,
7.7375));
#10002=CARTESIAN_POINT('Ctrl Pts',(1.35982223273678,0.785093732120619,7.67916666666667));
#10003=CARTESIAN_POINT('Ctrl Pts',(0.906548155157856,1.57018746424124,7.62083333333333));
#10004=CARTESIAN_POINT('Ctrl Pts',(0.,1.57018746424124,7.5625));
#10005=CARTESIAN_POINT('Ctrl Pts',(-0.906548155157855,1.57018746424124,
7.50416666666667));
#10006=CARTESIAN_POINT('Ctrl Pts',(-1.35982223273678,0.78509373212062,7.44583333333333));
#10007=CARTESIAN_POINT('Ctrl Pts',(-1.81309631031571,1.11020129648701E-16,
7.3875));
#10008=CARTESIAN_POINT('Ctrl Pts',(-1.35982223273678,-0.78509373212062,
7.32916666666667));
#10009=CARTESIAN_POINT('Ctrl Pts',(-0.906548155157856,-1.57018746424124,
7.27083333333333));
#10010=CARTESIAN_POINT('Ctrl Pts',(-1.92292505214433E-16,-1.57018746424124,
7.2125));
#10011=CARTESIAN_POINT('Ctrl Pts',(0.906548155157855,-1.57018746424124,
7.15416666666667));
#10012=CARTESIAN_POINT('Ctrl Pts',(1.35982223273678,-0.78509373212062,7.09583333333333));
#10013=CARTESIAN_POINT('Ctrl Pts',(1.81309631031571,-3.33060388946102E-16,
7.0375));
#10014=CARTESIAN_POINT('Ctrl Pts',(1.35982223273678,0.785093732120619,6.97916666666667));
#10015=CARTESIAN_POINT('Ctrl Pts',(0.906548155157856,1.57018746424124,6.92083333333333));
#10016=CARTESIAN_POINT('Ctrl Pts',(0.,1.57018746424124,6.8625));
#10017=CARTESIAN_POINT('Ctrl Pts',(-0.906548155157855,1.57018746424124,
6.80416666666667));
#10018=CARTESIAN_POINT('Ctrl Pts',(-1.35982223273678,0.78509373212062,6.74583333333333));
#10019=CARTESIAN_POINT('Ctrl Pts',(-1.81309631031571,1.11020129648701E-16,
6.6875));
#10020=CARTESIAN_POINT('Ctrl Pts',(-1.35982223273678,-0.78509373212062,
6.62916666666667));
#10021=CARTESIAN_POINT('Ctrl Pts',(-0.906548155157856,-1.57018746424124,
6.57083333333333));
#10022=CARTESIAN_POINT('Ctrl Pts',(-1.92292505214433E-16,-1.57018746424124,
6.5125));
#10023=CARTESIAN_POINT('Ctrl Pts',(0.906548155157855,-1.57018746424124,
6.45416666666667));
#10024=CARTESIAN_POINT('Ctrl Pts',(1.35982223273678,-0.78509373212062,6.39583333333333));
#10025=CARTESIAN_POINT('Ctrl Pts',(1.81309631031571,-3.33060388946102E-16,
6.3375));
#10026=CARTESIAN_POINT('Ctrl Pts',(1.35982223273678,0.785093732120619,6.27916666666667));
#10027=CARTESIAN_POINT('Ctrl Pts',(0.906548155157856,1.57018746424124,6.22083333333333));
#10028=CARTESIAN_POINT('Ctrl Pts',(0.,1.57018746424124,6.1625));
#10029=CARTESIAN_POINT('Ctrl Pts',(-0.906548155157855,1.57018746424124,
6.10416666666667));
#10030=CARTESIAN_POINT('Ctrl Pts',(-1.35982223273678,0.78509373212062,6.04583333333333));
#10031=CARTESIAN_POINT('Ctrl Pts',(-1.81309631031571,1.11020129648701E-16,
5.9875));
#10032=CARTESIAN_POINT('Ctrl Pts',(-1.35982223273678,-0.78509373212062,
5.92916666666667));
#10033=CARTESIAN_POINT('Ctrl Pts',(-0.906548155157856,-1.57018746424124,
5.87083333333333));
#10034=CARTESIAN_POINT('Ctrl Pts',(-1.92292505214433E-16,-1.57018746424124,
5.8125));
#10035=CARTESIAN_POINT('Ctrl Pts',(0.906548155157855,-1.57018746424124,
5.75416666666667));
#10036=CARTESIAN_POINT('Ctrl Pts',(1.35982223273678,-0.78509373212062,5.69583333333333));
#10037=CARTESIAN_POINT('Ctrl Pts',(1.81309631031571,-3.33060388946102E-16,
5.6375));
#10038=CARTESIAN_POINT('Ctrl Pts',(1.35982223273678,0.785093732120619,5.57916666666667));
#10039=CARTESIAN_POINT('Ctrl Pts',(0.906548155157856,1.57018746424124,5.52083333333333));
#10040=CARTESIAN_POINT('Ctrl Pts',(0.,1.57018746424124,5.4625));
#10041=CARTESIAN_POINT('Ctrl Pts',(-0.906548155157855,1.57018746424124,
5.40416666666667));
#10042=CARTESIAN_POINT('Ctrl Pts',(-1.35982223273678,0.78509373212062,5.34583333333333));
#10043=CARTESIAN_POINT('Ctrl Pts',(-1.81309631031571,1.11020129648701E-16,
5.2875));
#10044=CARTESIAN_POINT('Ctrl Pts',(-1.35982223273678,-0.78509373212062,
5.22916666666667));
#10045=CARTESIAN_POINT('Ctrl Pts',(-0.906548155157856,-1.57018746424124,
5.17083333333333));
#10046=CARTESIAN_POINT('Ctrl Pts',(-1.92292505214433E-16,-1.57018746424124,
5.1125));
#10047=CARTESIAN_POINT('Ctrl Pts',(0.906548155157855,-1.57018746424124,
5.05416666666667));
#10048=CARTESIAN_POINT('Ctrl Pts',(1.35982223273678,-0.78509373212062,4.99583333333333));
#10049=CARTESIAN_POINT('Ctrl Pts',(1.81309631031571,-3.33060388946102E-16,
4.9375));
#10050=CARTESIAN_POINT('Ctrl Pts',(1.35982223273678,0.785093732120619,4.87916666666667));
#10051=CARTESIAN_POINT('Ctrl Pts',(0.906548155157856,1.57018746424124,4.82083333333333));
#10052=CARTESIAN_POINT('Ctrl Pts',(0.,1.57018746424124,4.7625));
#10053=CARTESIAN_POINT('Ctrl Pts',(-0.906548155157855,1.57018746424124,
4.70416666666666));
#10054=CARTESIAN_POINT('Ctrl Pts',(-1.35982223273678,0.78509373212062,4.64583333333333));
#10055=CARTESIAN_POINT('Ctrl Pts',(-1.81309631031571,1.11020129648701E-16,
4.5875));
#10056=CARTESIAN_POINT('Ctrl Pts',(-1.35982223273678,-0.78509373212062,
4.52916666666667));
#10057=CARTESIAN_POINT('Ctrl Pts',(-0.906548155157856,-1.57018746424124,
4.47083333333333));
#10058=CARTESIAN_POINT('Ctrl Pts',(-1.92292505214433E-16,-1.57018746424124,
4.4125));
#10059=CARTESIAN_POINT('Ctrl Pts',(0.906548155157855,-1.57018746424124,
4.35416666666667));
#10060=CARTESIAN_POINT('Ctrl Pts',(1.35982223273678,-0.78509373212062,4.29583333333333));
#10061=CARTESIAN_POINT('Ctrl Pts',(1.81309631031571,-3.33060388946102E-16,
4.2375));
#10062=CARTESIAN_POINT('Ctrl Pts',(1.35982223273678,0.785093732120619,4.17916666666667));
#10063=CARTESIAN_POINT('Ctrl Pts',(0.906548155157856,1.57018746424124,4.12083333333333));
#10064=CARTESIAN_POINT('Ctrl Pts',(0.,1.57018746424124,4.0625));
#10065=CARTESIAN_POINT('Ctrl Pts',(-0.906548155157855,1.57018746424124,
4.00416666666667));
#10066=CARTESIAN_POINT('Ctrl Pts',(-1.35982223273678,0.78509373212062,3.94583333333333));
#10067=CARTESIAN_POINT('Ctrl Pts',(-1.81309631031571,1.11020129648701E-16,
3.8875));
#10068=CARTESIAN_POINT('Ctrl Pts',(-1.35982223273678,-0.78509373212062,
3.82916666666667));
#10069=CARTESIAN_POINT('Ctrl Pts',(-0.906548155157856,-1.57018746424124,
3.77083333333333));
#10070=CARTESIAN_POINT('Ctrl Pts',(-1.92292505214433E-16,-1.57018746424124,
3.7125));
#10071=CARTESIAN_POINT('Ctrl Pts',(0.906548155157855,-1.57018746424124,
3.65416666666667));
#10072=CARTESIAN_POINT('Ctrl Pts',(1.35982223273678,-0.78509373212062,3.59583333333333));
#10073=CARTESIAN_POINT('Ctrl Pts',(1.81309631031571,-3.33060388946102E-16,
3.5375));
#10074=CARTESIAN_POINT('Ctrl Pts',(1.35982223273678,0.785093732120619,3.47916666666667));
#10075=CARTESIAN_POINT('Ctrl Pts',(0.906548155157856,1.57018746424124,3.42083333333333));
#10076=CARTESIAN_POINT('Ctrl Pts',(0.,1.57018746424124,3.3625));
#10077=CARTESIAN_POINT('Ctrl Pts',(-0.906548155157855,1.57018746424124,
3.30416666666667));
#10078=CARTESIAN_POINT('Ctrl Pts',(-1.35982223273678,0.78509373212062,3.24583333333333));
#10079=CARTESIAN_POINT('Ctrl Pts',(-1.81309631031571,1.11020129648701E-16,
3.1875));
#10080=CARTESIAN_POINT('Ctrl Pts',(-1.35982223273678,-0.78509373212062,
3.12916666666667));
#10081=CARTESIAN_POINT('Ctrl Pts',(-0.906548155157856,-1.57018746424124,
3.07083333333333));
#10082=CARTESIAN_POINT('Ctrl Pts',(-1.92292505214433E-16,-1.57018746424124,
3.0125));
#10083=CARTESIAN_POINT('Ctrl Pts',(0.906548155157855,-1.57018746424124,
2.95416666666667));
#10084=CARTESIAN_POINT('Ctrl Pts',(1.35982223273678,-0.78509373212062,2.89583333333333));
#10085=CARTESIAN_POINT('Ctrl Pts',(1.81309631031571,-3.33060388946102E-16,
2.8375));
#10086=CARTESIAN_POINT('Ctrl Pts',(1.35982223273678,0.785093732120619,2.77916666666667));
#10087=CARTESIAN_POINT('Ctrl Pts',(0.906548155157856,1.57018746424124,2.72083333333333));
#10088=CARTESIAN_POINT('Ctrl Pts',(0.,1.57018746424124,2.6625));
#10089=CARTESIAN_POINT('Ctrl Pts',(-0.906548155157855,1.57018746424124,
2.60416666666667));
#10090=CARTESIAN_POINT('Ctrl Pts',(-1.35982223273678,0.78509373212062,2.54583333333333));
#10091=CARTESIAN_POINT('Ctrl Pts',(-1.81309631031571,1.11020129648701E-16,
2.4875));
#10092=CARTESIAN_POINT('Ctrl Pts',(-1.35982223273678,-0.78509373212062,
2.42916666666667));
#10093=CARTESIAN_POINT('Ctrl Pts',(-0.906548155157856,-1.57018746424124,
2.37083333333333));
#10094=CARTESIAN_POINT('Ctrl Pts',(-1.92292505214433E-16,-1.57018746424124,
2.3125));
#10095=CARTESIAN_POINT('Ctrl Pts',(0.906548155157855,-1.57018746424124,
2.25416666666667));
#10096=CARTESIAN_POINT('Ctrl Pts',(1.35982223273678,-0.78509373212062,2.19583333333333));
#10097=CARTESIAN_POINT('Ctrl Pts',(1.81309631031571,-3.33060388946102E-16,
2.1375));
#10098=CARTESIAN_POINT('Ctrl Pts',(1.35982223273678,0.785093732120619,2.07916666666667));
#10099=CARTESIAN_POINT('Ctrl Pts',(0.906548155157856,1.57018746424124,2.02083333333333));
#10100=CARTESIAN_POINT('Ctrl Pts',(0.,1.57018746424124,1.9625));
#10101=CARTESIAN_POINT('Ctrl Pts',(-0.906548155157855,1.57018746424124,
1.90416666666667));
#10102=CARTESIAN_POINT('Ctrl Pts',(-1.35982223273678,0.78509373212062,1.84583333333333));
#10103=CARTESIAN_POINT('Ctrl Pts',(-1.81309631031571,1.11020129648701E-16,
1.7875));
#10104=CARTESIAN_POINT('Ctrl Pts',(-1.35982223273678,-0.78509373212062,
1.72916666666667));
#10105=CARTESIAN_POINT('Ctrl Pts',(-0.906548155157856,-1.57018746424124,
1.67083333333333));
#10106=CARTESIAN_POINT('Ctrl Pts',(-1.92292505214433E-16,-1.57018746424124,
1.6125));
#10107=CARTESIAN_POINT('Ctrl Pts',(0.906548155157855,-1.57018746424124,
1.55416666666667));
#10108=CARTESIAN_POINT('Ctrl Pts',(1.35982223273678,-0.78509373212062,1.49583333333333));
#10109=CARTESIAN_POINT('Ctrl Pts',(1.81309631031571,-3.33060388946102E-16,
1.4375));
#10110=CARTESIAN_POINT('Ctrl Pts',(1.35982223273678,0.785093732120619,1.37916666666667));
#10111=CARTESIAN_POINT('Ctrl Pts',(0.906548155157856,1.57018746424124,1.32083333333333));
#10112=CARTESIAN_POINT('Ctrl Pts',(0.,1.57018746424124,1.2625));
#10113=CARTESIAN_POINT('Ctrl Pts',(-0.906548155157855,1.57018746424124,
1.20416666666667));
#10114=CARTESIAN_POINT('Ctrl Pts',(-1.35982223273678,0.78509373212062,1.14583333333333));
#10115=CARTESIAN_POINT('Ctrl Pts',(-1.81309631031571,1.11020129648701E-16,
1.0875));
#10116=CARTESIAN_POINT('Ctrl Pts',(-1.35982223273678,-0.78509373212062,
1.02916666666667));
#10117=CARTESIAN_POINT('Ctrl Pts',(-0.906548155157856,-1.57018746424124,
0.970833333333332));
#10118=CARTESIAN_POINT('Ctrl Pts',(-1.92292505214433E-16,-1.57018746424124,
0.912499999999999));
#10119=CARTESIAN_POINT('Ctrl Pts',(0.906548155157855,-1.57018746424124,
0.854166666666665));
#10120=CARTESIAN_POINT('Ctrl Pts',(1.35982223273678,-0.78509373212062,0.795833333333332));
#10121=CARTESIAN_POINT('Ctrl Pts',(1.81309631031571,-3.33060388946102E-16,
0.7375));
#10122=CARTESIAN_POINT('Ctrl Pts',(1.35982223273678,0.785093732120619,0.679166666666666));
#10123=CARTESIAN_POINT('Ctrl Pts',(0.906548155157856,1.57018746424124,0.620833333333333));
#10124=CARTESIAN_POINT('Ctrl Pts',(0.,1.57018746424124,0.562499999999999));
#10125=CARTESIAN_POINT('Ctrl Pts',(-0.906548155157855,1.57018746424124,
0.504166666666666));
#10126=CARTESIAN_POINT('Ctrl Pts',(-1.35982223273678,0.78509373212062,0.445833333333333));
#10127=CARTESIAN_POINT('Ctrl Pts',(-1.81309631031571,1.11020129648701E-16,
0.387499999999999));
#10128=CARTESIAN_POINT('Ctrl Pts',(-1.35982223273678,-0.78509373212062,
0.329166666666665));
#10129=CARTESIAN_POINT('Ctrl Pts',(-0.906548155157856,-1.57018746424124,
0.270833333333333));
#10130=CARTESIAN_POINT('Ctrl Pts',(-1.92292505214433E-16,-1.57018746424124,
0.212499999999999));
#10131=CARTESIAN_POINT('Ctrl Pts',(0.906548155157855,-1.57018746424124,
0.154166666666665));
#10132=CARTESIAN_POINT('Ctrl Pts',(1.35982223273678,-0.78509373212062,0.0958333333333332));
#10133=CARTESIAN_POINT('Ctrl Pts',(1.71553813176068,-0.16897572195119,0.0500550831837549));
#10134=CARTESIAN_POINT('Ctrl Pts',(1.48686362524509,0.504703113506702,-4.48331036695901E-14));
#10135=CARTESIAN_POINT('Ctrl Pts',(0.,2.04375,8.));
#10136=CARTESIAN_POINT('Ctrl Pts',(-1.1799596126563,2.04375,7.94166666666667));
#10137=CARTESIAN_POINT('Ctrl Pts',(-1.76993941898445,1.021875,7.88333333333334));
#10138=CARTESIAN_POINT('Ctrl Pts',(-2.35991922531259,1.44503376276269E-16,
7.825));
#10139=CARTESIAN_POINT('Ctrl Pts',(-1.76993941898445,-1.021875,7.76666666666667));
#10140=CARTESIAN_POINT('Ctrl Pts',(-1.1799596126563,-2.04375,7.70833333333333));
#10141=CARTESIAN_POINT('Ctrl Pts',(-2.5028718957574E-16,-2.04375,7.65));
#10142=CARTESIAN_POINT('Ctrl Pts',(1.1799596126563,-2.04375,7.59166666666667));
#10143=CARTESIAN_POINT('Ctrl Pts',(1.76993941898445,-1.021875,7.53333333333333));
#10144=CARTESIAN_POINT('Ctrl Pts',(2.35991922531259,-4.33510128828806E-16,
7.475));
#10145=CARTESIAN_POINT('Ctrl Pts',(1.76993941898445,1.021875,7.41666666666667));
#10146=CARTESIAN_POINT('Ctrl Pts',(1.1799596126563,2.04375,7.35833333333333));
#10147=CARTESIAN_POINT('Ctrl Pts',(0.,2.04375,7.3));
#10148=CARTESIAN_POINT('Ctrl Pts',(-1.1799596126563,2.04375,7.24166666666667));
#10149=CARTESIAN_POINT('Ctrl Pts',(-1.76993941898445,1.021875,7.18333333333333));
#10150=CARTESIAN_POINT('Ctrl Pts',(-2.35991922531259,1.44503376276269E-16,
7.125));
#10151=CARTESIAN_POINT('Ctrl Pts',(-1.76993941898445,-1.021875,7.06666666666667));
#10152=CARTESIAN_POINT('Ctrl Pts',(-1.1799596126563,-2.04375,7.00833333333333));
#10153=CARTESIAN_POINT('Ctrl Pts',(-2.5028718957574E-16,-2.04375,6.95));
#10154=CARTESIAN_POINT('Ctrl Pts',(1.1799596126563,-2.04375,6.89166666666667));
#10155=CARTESIAN_POINT('Ctrl Pts',(1.76993941898445,-1.021875,6.83333333333333));
#10156=CARTESIAN_POINT('Ctrl Pts',(2.35991922531259,-4.33510128828806E-16,
6.775));
#10157=CARTESIAN_POINT('Ctrl Pts',(1.76993941898445,1.021875,6.71666666666667));
#10158=CARTESIAN_POINT('Ctrl Pts',(1.1799596126563,2.04375,6.65833333333333));
#10159=CARTESIAN_POINT('Ctrl Pts',(0.,2.04375,6.6));
#10160=CARTESIAN_POINT('Ctrl Pts',(-1.1799596126563,2.04375,6.54166666666667));
#10161=CARTESIAN_POINT('Ctrl Pts',(-1.76993941898445,1.021875,6.48333333333333));
#10162=CARTESIAN_POINT('Ctrl Pts',(-2.35991922531259,1.44503376276269E-16,
6.425));
#10163=CARTESIAN_POINT('Ctrl Pts',(-1.76993941898445,-1.021875,6.36666666666667));
#10164=CARTESIAN_POINT('Ctrl Pts',(-1.1799596126563,-2.04375,6.30833333333333));
#10165=CARTESIAN_POINT('Ctrl Pts',(-2.5028718957574E-16,-2.04375,6.25));
#10166=CARTESIAN_POINT('Ctrl Pts',(1.1799596126563,-2.04375,6.19166666666667));
#10167=CARTESIAN_POINT('Ctrl Pts',(1.76993941898445,-1.021875,6.13333333333333));
#10168=CARTESIAN_POINT('Ctrl Pts',(2.35991922531259,-4.33510128828806E-16,
6.075));
#10169=CARTESIAN_POINT('Ctrl Pts',(1.76993941898445,1.021875,6.01666666666667));
#10170=CARTESIAN_POINT('Ctrl Pts',(1.1799596126563,2.04375,5.95833333333333));
#10171=CARTESIAN_POINT('Ctrl Pts',(0.,2.04375,5.9));
#10172=CARTESIAN_POINT('Ctrl Pts',(-1.1799596126563,2.04375,5.84166666666667));
#10173=CARTESIAN_POINT('Ctrl Pts',(-1.76993941898445,1.021875,5.78333333333333));
#10174=CARTESIAN_POINT('Ctrl Pts',(-2.35991922531259,1.44503376276269E-16,
5.725));
#10175=CARTESIAN_POINT('Ctrl Pts',(-1.76993941898445,-1.021875,5.66666666666667));
#10176=CARTESIAN_POINT('Ctrl Pts',(-1.1799596126563,-2.04375,5.60833333333333));
#10177=CARTESIAN_POINT('Ctrl Pts',(-2.5028718957574E-16,-2.04375,5.55));
#10178=CARTESIAN_POINT('Ctrl Pts',(1.1799596126563,-2.04375,5.49166666666667));
#10179=CARTESIAN_POINT('Ctrl Pts',(1.76993941898445,-1.021875,5.43333333333333));
#10180=CARTESIAN_POINT('Ctrl Pts',(2.35991922531259,-4.33510128828806E-16,
5.375));
#10181=CARTESIAN_POINT('Ctrl Pts',(1.76993941898445,1.021875,5.31666666666667));
#10182=CARTESIAN_POINT('Ctrl Pts',(1.1799596126563,2.04375,5.25833333333333));
#10183=CARTESIAN_POINT('Ctrl Pts',(0.,2.04375,5.2));
#10184=CARTESIAN_POINT('Ctrl Pts',(-1.1799596126563,2.04375,5.14166666666667));
#10185=CARTESIAN_POINT('Ctrl Pts',(-1.76993941898445,1.021875,5.08333333333333));
#10186=CARTESIAN_POINT('Ctrl Pts',(-2.35991922531259,1.44503376276269E-16,
5.025));
#10187=CARTESIAN_POINT('Ctrl Pts',(-1.76993941898445,-1.021875,4.96666666666667));
#10188=CARTESIAN_POINT('Ctrl Pts',(-1.1799596126563,-2.04375,4.90833333333333));
#10189=CARTESIAN_POINT('Ctrl Pts',(-2.5028718957574E-16,-2.04375,4.85));
#10190=CARTESIAN_POINT('Ctrl Pts',(1.1799596126563,-2.04375,4.79166666666667));
#10191=CARTESIAN_POINT('Ctrl Pts',(1.76993941898445,-1.021875,4.73333333333333));
#10192=CARTESIAN_POINT('Ctrl Pts',(2.35991922531259,-4.33510128828806E-16,
4.675));
#10193=CARTESIAN_POINT('Ctrl Pts',(1.76993941898445,1.021875,4.61666666666667));
#10194=CARTESIAN_POINT('Ctrl Pts',(1.1799596126563,2.04375,4.55833333333333));
#10195=CARTESIAN_POINT('Ctrl Pts',(0.,2.04375,4.5));
#10196=CARTESIAN_POINT('Ctrl Pts',(-1.1799596126563,2.04375,4.44166666666667));
#10197=CARTESIAN_POINT('Ctrl Pts',(-1.76993941898445,1.021875,4.38333333333333));
#10198=CARTESIAN_POINT('Ctrl Pts',(-2.35991922531259,1.44503376276269E-16,
4.325));
#10199=CARTESIAN_POINT('Ctrl Pts',(-1.76993941898445,-1.021875,4.26666666666667));
#10200=CARTESIAN_POINT('Ctrl Pts',(-1.1799596126563,-2.04375,4.20833333333333));
#10201=CARTESIAN_POINT('Ctrl Pts',(-2.5028718957574E-16,-2.04375,4.15));
#10202=CARTESIAN_POINT('Ctrl Pts',(1.1799596126563,-2.04375,4.09166666666667));
#10203=CARTESIAN_POINT('Ctrl Pts',(1.76993941898445,-1.021875,4.03333333333333));
#10204=CARTESIAN_POINT('Ctrl Pts',(2.35991922531259,-4.33510128828806E-16,
3.975));
#10205=CARTESIAN_POINT('Ctrl Pts',(1.76993941898445,1.021875,3.91666666666667));
#10206=CARTESIAN_POINT('Ctrl Pts',(1.1799596126563,2.04375,3.85833333333333));
#10207=CARTESIAN_POINT('Ctrl Pts',(0.,2.04375,3.8));
#10208=CARTESIAN_POINT('Ctrl Pts',(-1.1799596126563,2.04375,3.74166666666667));
#10209=CARTESIAN_POINT('Ctrl Pts',(-1.76993941898445,1.021875,3.68333333333333));
#10210=CARTESIAN_POINT('Ctrl Pts',(-2.35991922531259,1.44503376276269E-16,
3.625));
#10211=CARTESIAN_POINT('Ctrl Pts',(-1.76993941898445,-1.021875,3.56666666666667));
#10212=CARTESIAN_POINT('Ctrl Pts',(-1.1799596126563,-2.04375,3.50833333333333));
#10213=CARTESIAN_POINT('Ctrl Pts',(-2.5028718957574E-16,-2.04375,3.45));
#10214=CARTESIAN_POINT('Ctrl Pts',(1.1799596126563,-2.04375,3.39166666666667));
#10215=CARTESIAN_POINT('Ctrl Pts',(1.76993941898445,-1.021875,3.33333333333333));
#10216=CARTESIAN_POINT('Ctrl Pts',(2.35991922531259,-4.33510128828806E-16,
3.275));
#10217=CARTESIAN_POINT('Ctrl Pts',(1.76993941898445,1.021875,3.21666666666667));
#10218=CARTESIAN_POINT('Ctrl Pts',(1.1799596126563,2.04375,3.15833333333333));
#10219=CARTESIAN_POINT('Ctrl Pts',(0.,2.04375,3.1));
#10220=CARTESIAN_POINT('Ctrl Pts',(-1.1799596126563,2.04375,3.04166666666667));
#10221=CARTESIAN_POINT('Ctrl Pts',(-1.76993941898445,1.021875,2.98333333333333));
#10222=CARTESIAN_POINT('Ctrl Pts',(-2.35991922531259,1.44503376276269E-16,
2.925));
#10223=CARTESIAN_POINT('Ctrl Pts',(-1.76993941898445,-1.021875,2.86666666666667));
#10224=CARTESIAN_POINT('Ctrl Pts',(-1.1799596126563,-2.04375,2.80833333333333));
#10225=CARTESIAN_POINT('Ctrl Pts',(-2.5028718957574E-16,-2.04375,2.75));
#10226=CARTESIAN_POINT('Ctrl Pts',(1.1799596126563,-2.04375,2.69166666666667));
#10227=CARTESIAN_POINT('Ctrl Pts',(1.76993941898445,-1.021875,2.63333333333333));
#10228=CARTESIAN_POINT('Ctrl Pts',(2.35991922531259,-4.33510128828806E-16,
2.575));
#10229=CARTESIAN_POINT('Ctrl Pts',(1.76993941898445,1.021875,2.51666666666667));
#10230=CARTESIAN_POINT('Ctrl Pts',(1.1799596126563,2.04375,2.45833333333333));
#10231=CARTESIAN_POINT('Ctrl Pts',(0.,2.04375,2.4));
#10232=CARTESIAN_POINT('Ctrl Pts',(-1.1799596126563,2.04375,2.34166666666667));
#10233=CARTESIAN_POINT('Ctrl Pts',(-1.76993941898445,1.021875,2.28333333333333));
#10234=CARTESIAN_POINT('Ctrl Pts',(-2.35991922531259,1.44503376276269E-16,
2.225));
#10235=CARTESIAN_POINT('Ctrl Pts',(-1.76993941898445,-1.021875,2.16666666666667));
#10236=CARTESIAN_POINT('Ctrl Pts',(-1.1799596126563,-2.04375,2.10833333333333));
#10237=CARTESIAN_POINT('Ctrl Pts',(-2.5028718957574E-16,-2.04375,2.05));
#10238=CARTESIAN_POINT('Ctrl Pts',(1.1799596126563,-2.04375,1.99166666666667));
#10239=CARTESIAN_POINT('Ctrl Pts',(1.76993941898445,-1.021875,1.93333333333333));
#10240=CARTESIAN_POINT('Ctrl Pts',(2.35991922531259,-4.33510128828806E-16,
1.875));
#10241=CARTESIAN_POINT('Ctrl Pts',(1.76993941898445,1.021875,1.81666666666667));
#10242=CARTESIAN_POINT('Ctrl Pts',(1.1799596126563,2.04375,1.75833333333333));
#10243=CARTESIAN_POINT('Ctrl Pts',(0.,2.04375,1.7));
#10244=CARTESIAN_POINT('Ctrl Pts',(-1.1799596126563,2.04375,1.64166666666667));
#10245=CARTESIAN_POINT('Ctrl Pts',(-1.76993941898445,1.021875,1.58333333333333));
#10246=CARTESIAN_POINT('Ctrl Pts',(-2.35991922531259,1.44503376276269E-16,
1.525));
#10247=CARTESIAN_POINT('Ctrl Pts',(-1.76993941898445,-1.021875,1.46666666666667));
#10248=CARTESIAN_POINT('Ctrl Pts',(-1.1799596126563,-2.04375,1.40833333333333));
#10249=CARTESIAN_POINT('Ctrl Pts',(-2.5028718957574E-16,-2.04375,1.35));
#10250=CARTESIAN_POINT('Ctrl Pts',(1.1799596126563,-2.04375,1.29166666666667));
#10251=CARTESIAN_POINT('Ctrl Pts',(1.76993941898445,-1.021875,1.23333333333333));
#10252=CARTESIAN_POINT('Ctrl Pts',(2.35991922531259,-4.33510128828806E-16,
1.175));
#10253=CARTESIAN_POINT('Ctrl Pts',(1.76993941898445,1.021875,1.11666666666667));
#10254=CARTESIAN_POINT('Ctrl Pts',(1.1799596126563,2.04375,1.05833333333333));
#10255=CARTESIAN_POINT('Ctrl Pts',(0.,2.04375,1.));
#10256=CARTESIAN_POINT('Ctrl Pts',(-1.1799596126563,2.04375,0.941666666666667));
#10257=CARTESIAN_POINT('Ctrl Pts',(-1.76993941898445,1.021875,0.883333333333333));
#10258=CARTESIAN_POINT('Ctrl Pts',(-2.35991922531259,1.44503376276269E-16,
0.825));
#10259=CARTESIAN_POINT('Ctrl Pts',(-1.76993941898445,-1.021875,0.766666666666667));
#10260=CARTESIAN_POINT('Ctrl Pts',(-1.1799596126563,-2.04375,0.708333333333333));
#10261=CARTESIAN_POINT('Ctrl Pts',(-2.5028718957574E-16,-2.04375,0.65));
#10262=CARTESIAN_POINT('Ctrl Pts',(1.1799596126563,-2.04375,0.591666666666667));
#10263=CARTESIAN_POINT('Ctrl Pts',(1.76993941898445,-1.021875,0.533333333333334));
#10264=CARTESIAN_POINT('Ctrl Pts',(2.35991922531259,-4.33510128828806E-16,
0.475000000000001));
#10265=CARTESIAN_POINT('Ctrl Pts',(1.76993941898445,1.021875,0.416666666666667));
#10266=CARTESIAN_POINT('Ctrl Pts',(1.1799596126563,2.04375,0.358333333333334));
#10267=CARTESIAN_POINT('Ctrl Pts',(0.,2.04375,0.3));
#10268=CARTESIAN_POINT('Ctrl Pts',(-1.1799596126563,2.04375,0.241666666666667));
#10269=CARTESIAN_POINT('Ctrl Pts',(-1.76993941898445,1.021875,0.183333333333334));
#10270=CARTESIAN_POINT('Ctrl Pts',(-2.35991922531259,1.44503376276269E-16,
0.125));
#10271=CARTESIAN_POINT('Ctrl Pts',(-1.76993941898445,-1.021875,0.0666666666666663));
#10272=CARTESIAN_POINT('Ctrl Pts',(-1.1799596126563,-2.04375,0.00833333333333415));
#10273=CARTESIAN_POINT('Ctrl Pts',(-2.5028718957574E-16,-2.04375,-0.0499999999999997));
#10274=CARTESIAN_POINT('Ctrl Pts',(1.1799596126563,-2.04375,-0.108333333333334));
#10275=CARTESIAN_POINT('Ctrl Pts',(1.76993941898445,-1.021875,-0.166666666666666));
#10276=CARTESIAN_POINT('Ctrl Pts',(2.35991922531259,-4.33510128828806E-16,
-0.225));
#10277=CARTESIAN_POINT('Ctrl Pts',(1.76993941898445,1.021875,-0.283333333333333));
#10278=CARTESIAN_POINT('Ctrl Pts',(1.1799596126563,2.04375,-0.341666666666667));
#10279=CARTESIAN_POINT('Ctrl Pts',(0.,2.04375,-0.399999999999999));
#10280=CARTESIAN_POINT('Ctrl Pts',(-1.1799596126563,2.04375,-0.458333333333333));
#10281=CARTESIAN_POINT('Ctrl Pts',(-1.76993941898445,1.021875,-0.516666666666667));
#10282=CARTESIAN_POINT('Ctrl Pts',(-2.35991922531259,1.44503376276269E-16,
-0.574999999999999));
#10283=CARTESIAN_POINT('Ctrl Pts',(-1.76993941898445,-1.021875,-0.633333333333333));
#10284=CARTESIAN_POINT('Ctrl Pts',(-1.1799596126563,-2.04375,-0.691666666666667));
#10285=CARTESIAN_POINT('Ctrl Pts',(-2.5028718957574E-16,-2.04375,-0.749999999999999));
#10286=CARTESIAN_POINT('Ctrl Pts',(1.1799596126563,-2.04375,-0.808333333333333));
#10287=CARTESIAN_POINT('Ctrl Pts',(1.76993941898445,-1.021875,-0.866666666666667));
#10288=CARTESIAN_POINT('Ctrl Pts',(2.35991922531259,-4.33510128828806E-16,
-0.925));
#10289=CARTESIAN_POINT('Ctrl Pts',(1.76993941898445,1.021875,-0.983333333333333));
#10290=CARTESIAN_POINT('Ctrl Pts',(1.1799596126563,2.04375,-1.04166666666667));
#10291=CARTESIAN_POINT('Ctrl Pts',(0.,2.04375,-1.1));
#10292=CARTESIAN_POINT('Ctrl Pts',(-1.1799596126563,2.04375,-1.15833333333333));
#10293=CARTESIAN_POINT('Ctrl Pts',(-1.76993941898445,1.021875,-1.21666666666667));
#10294=CARTESIAN_POINT('Ctrl Pts',(-2.35991922531259,1.44503376276269E-16,
-1.275));
#10295=CARTESIAN_POINT('Ctrl Pts',(-1.76993941898445,-1.021875,-1.33333333333333));
#10296=CARTESIAN_POINT('Ctrl Pts',(-1.1799596126563,-2.04375,-1.39166666666667));
#10297=CARTESIAN_POINT('Ctrl Pts',(-2.5028718957574E-16,-2.04375,-1.45));
#10298=CARTESIAN_POINT('Ctrl Pts',(1.1799596126563,-2.04375,-1.50833333333333));
#10299=CARTESIAN_POINT('Ctrl Pts',(1.76993941898445,-1.021875,-1.56666666666667));
#10300=CARTESIAN_POINT('Ctrl Pts',(2.35991922531259,-4.33510128828806E-16,
-1.625));
#10301=CARTESIAN_POINT('Ctrl Pts',(1.76993941898445,1.021875,-1.68333333333333));
#10302=CARTESIAN_POINT('Ctrl Pts',(1.1799596126563,2.04375,-1.74166666666667));
#10303=CARTESIAN_POINT('Ctrl Pts',(0.,2.04375,-1.8));
#10304=CARTESIAN_POINT('Ctrl Pts',(-1.1799596126563,2.04375,-1.85833333333333));
#10305=CARTESIAN_POINT('Ctrl Pts',(-1.76993941898445,1.021875,-1.91666666666667));
#10306=CARTESIAN_POINT('Ctrl Pts',(-2.35991922531259,1.44503376276269E-16,
-1.975));
#10307=CARTESIAN_POINT('Ctrl Pts',(-1.76993941898445,-1.021875,-2.03333333333333));
#10308=CARTESIAN_POINT('Ctrl Pts',(-1.1799596126563,-2.04375,-2.09166666666667));
#10309=CARTESIAN_POINT('Ctrl Pts',(-2.5028718957574E-16,-2.04375,-2.15));
#10310=CARTESIAN_POINT('Ctrl Pts',(1.1799596126563,-2.04375,-2.20833333333333));
#10311=CARTESIAN_POINT('Ctrl Pts',(1.76993941898445,-1.021875,-2.26666666666667));
#10312=CARTESIAN_POINT('Ctrl Pts',(2.35991922531259,-4.33510128828806E-16,
-2.325));
#10313=CARTESIAN_POINT('Ctrl Pts',(1.76993941898445,1.021875,-2.38333333333333));
#10314=CARTESIAN_POINT('Ctrl Pts',(1.1799596126563,2.04375,-2.44166666666667));
#10315=CARTESIAN_POINT('Ctrl Pts',(0.,2.04375,-2.5));
#10316=CARTESIAN_POINT('Ctrl Pts',(-0.984186908960813,2.04375,-2.54865497293884));
#10317=CARTESIAN_POINT('Ctrl Pts',(-1.59783649160879,1.27429690754679,-2.60095375961978));
#10318=CARTESIAN_POINT('Ctrl Pts',(0.,1.57018746424124,8.2625));
#10319=CARTESIAN_POINT('Ctrl Pts',(-0.906548155157855,1.57018746424124,
8.20416666666667));
#10320=CARTESIAN_POINT('Ctrl Pts',(-1.35982223273678,0.78509373212062,8.14583333333333));
#10321=CARTESIAN_POINT('Ctrl Pts',(-1.81309631031571,1.11020129648701E-16,
8.0875));
#10322=CARTESIAN_POINT('Ctrl Pts',(-1.35982223273678,-0.78509373212062,
8.02916666666667));
#10323=CARTESIAN_POINT('Ctrl Pts',(-0.906548155157856,-1.57018746424124,
7.97083333333333));
#10324=CARTESIAN_POINT('Ctrl Pts',(-1.92292505214433E-16,-1.57018746424124,
7.9125));
#10325=CARTESIAN_POINT('Ctrl Pts',(0.906548155157855,-1.57018746424124,
7.85416666666667));
#10326=CARTESIAN_POINT('Ctrl Pts',(1.35982223273678,-0.78509373212062,7.79583333333333));
#10327=CARTESIAN_POINT('Ctrl Pts',(1.81309631031571,-3.33060388946102E-16,
7.7375));
#10328=CARTESIAN_POINT('Ctrl Pts',(1.35982223273678,0.785093732120619,7.67916666666667));
#10329=CARTESIAN_POINT('Ctrl Pts',(0.906548155157856,1.57018746424124,7.62083333333333));
#10330=CARTESIAN_POINT('Ctrl Pts',(0.,1.57018746424124,7.5625));
#10331=CARTESIAN_POINT('Ctrl Pts',(-0.906548155157855,1.57018746424124,
7.50416666666667));
#10332=CARTESIAN_POINT('Ctrl Pts',(-1.35982223273678,0.78509373212062,7.44583333333333));
#10333=CARTESIAN_POINT('Ctrl Pts',(-1.81309631031571,1.11020129648701E-16,
7.3875));
#10334=CARTESIAN_POINT('Ctrl Pts',(-1.35982223273678,-0.78509373212062,
7.32916666666667));
#10335=CARTESIAN_POINT('Ctrl Pts',(-0.906548155157856,-1.57018746424124,
7.27083333333333));
#10336=CARTESIAN_POINT('Ctrl Pts',(-1.92292505214433E-16,-1.57018746424124,
7.2125));
#10337=CARTESIAN_POINT('Ctrl Pts',(0.906548155157855,-1.57018746424124,
7.15416666666667));
#10338=CARTESIAN_POINT('Ctrl Pts',(1.35982223273678,-0.78509373212062,7.09583333333333));
#10339=CARTESIAN_POINT('Ctrl Pts',(1.81309631031571,-3.33060388946102E-16,
7.0375));
#10340=CARTESIAN_POINT('Ctrl Pts',(1.35982223273678,0.785093732120619,6.97916666666667));
#10341=CARTESIAN_POINT('Ctrl Pts',(0.906548155157856,1.57018746424124,6.92083333333333));
#10342=CARTESIAN_POINT('Ctrl Pts',(0.,1.57018746424124,6.8625));
#10343=CARTESIAN_POINT('Ctrl Pts',(-0.906548155157855,1.57018746424124,
6.80416666666667));
#10344=CARTESIAN_POINT('Ctrl Pts',(-1.35982223273678,0.78509373212062,6.74583333333333));
#10345=CARTESIAN_POINT('Ctrl Pts',(-1.81309631031571,1.11020129648701E-16,
6.6875));
#10346=CARTESIAN_POINT('Ctrl Pts',(-1.35982223273678,-0.78509373212062,
6.62916666666667));
#10347=CARTESIAN_POINT('Ctrl Pts',(-0.906548155157856,-1.57018746424124,
6.57083333333333));
#10348=CARTESIAN_POINT('Ctrl Pts',(-1.92292505214433E-16,-1.57018746424124,
6.5125));
#10349=CARTESIAN_POINT('Ctrl Pts',(0.906548155157855,-1.57018746424124,
6.45416666666667));
#10350=CARTESIAN_POINT('Ctrl Pts',(1.35982223273678,-0.78509373212062,6.39583333333333));
#10351=CARTESIAN_POINT('Ctrl Pts',(1.81309631031571,-3.33060388946102E-16,
6.3375));
#10352=CARTESIAN_POINT('Ctrl Pts',(1.35982223273678,0.785093732120619,6.27916666666667));
#10353=CARTESIAN_POINT('Ctrl Pts',(0.906548155157856,1.57018746424124,6.22083333333333));
#10354=CARTESIAN_POINT('Ctrl Pts',(0.,1.57018746424124,6.1625));
#10355=CARTESIAN_POINT('Ctrl Pts',(-0.906548155157855,1.57018746424124,
6.10416666666667));
#10356=CARTESIAN_POINT('Ctrl Pts',(-1.35982223273678,0.78509373212062,6.04583333333333));
#10357=CARTESIAN_POINT('Ctrl Pts',(-1.81309631031571,1.11020129648701E-16,
5.9875));
#10358=CARTESIAN_POINT('Ctrl Pts',(-1.35982223273678,-0.78509373212062,
5.92916666666667));
#10359=CARTESIAN_POINT('Ctrl Pts',(-0.906548155157856,-1.57018746424124,
5.87083333333333));
#10360=CARTESIAN_POINT('Ctrl Pts',(-1.92292505214433E-16,-1.57018746424124,
5.8125));
#10361=CARTESIAN_POINT('Ctrl Pts',(0.906548155157855,-1.57018746424124,
5.75416666666667));
#10362=CARTESIAN_POINT('Ctrl Pts',(1.35982223273678,-0.78509373212062,5.69583333333333));
#10363=CARTESIAN_POINT('Ctrl Pts',(1.81309631031571,-3.33060388946102E-16,
5.6375));
#10364=CARTESIAN_POINT('Ctrl Pts',(1.35982223273678,0.785093732120619,5.57916666666667));
#10365=CARTESIAN_POINT('Ctrl Pts',(0.906548155157856,1.57018746424124,5.52083333333333));
#10366=CARTESIAN_POINT('Ctrl Pts',(0.,1.57018746424124,5.4625));
#10367=CARTESIAN_POINT('Ctrl Pts',(-0.906548155157855,1.57018746424124,
5.40416666666667));
#10368=CARTESIAN_POINT('Ctrl Pts',(-1.35982223273678,0.78509373212062,5.34583333333333));
#10369=CARTESIAN_POINT('Ctrl Pts',(-1.81309631031571,1.11020129648701E-16,
5.2875));
#10370=CARTESIAN_POINT('Ctrl Pts',(-1.35982223273678,-0.78509373212062,
5.22916666666667));
#10371=CARTESIAN_POINT('Ctrl Pts',(-0.906548155157856,-1.57018746424124,
5.17083333333333));
#10372=CARTESIAN_POINT('Ctrl Pts',(-1.92292505214433E-16,-1.57018746424124,
5.1125));
#10373=CARTESIAN_POINT('Ctrl Pts',(0.906548155157855,-1.57018746424124,
5.05416666666667));
#10374=CARTESIAN_POINT('Ctrl Pts',(1.35982223273678,-0.78509373212062,4.99583333333333));
#10375=CARTESIAN_POINT('Ctrl Pts',(1.81309631031571,-3.33060388946102E-16,
4.9375));
#10376=CARTESIAN_POINT('Ctrl Pts',(1.35982223273678,0.785093732120619,4.87916666666667));
#10377=CARTESIAN_POINT('Ctrl Pts',(0.906548155157856,1.57018746424124,4.82083333333333));
#10378=CARTESIAN_POINT('Ctrl Pts',(0.,1.57018746424124,4.7625));
#10379=CARTESIAN_POINT('Ctrl Pts',(-0.906548155157855,1.57018746424124,
4.70416666666667));
#10380=CARTESIAN_POINT('Ctrl Pts',(-1.35982223273678,0.78509373212062,4.64583333333333));
#10381=CARTESIAN_POINT('Ctrl Pts',(-1.81309631031571,1.11020129648701E-16,
4.5875));
#10382=CARTESIAN_POINT('Ctrl Pts',(-1.35982223273678,-0.78509373212062,
4.52916666666667));
#10383=CARTESIAN_POINT('Ctrl Pts',(-0.906548155157856,-1.57018746424124,
4.47083333333333));
#10384=CARTESIAN_POINT('Ctrl Pts',(-1.92292505214433E-16,-1.57018746424124,
4.4125));
#10385=CARTESIAN_POINT('Ctrl Pts',(0.906548155157855,-1.57018746424124,
4.35416666666667));
#10386=CARTESIAN_POINT('Ctrl Pts',(1.35982223273678,-0.78509373212062,4.29583333333333));
#10387=CARTESIAN_POINT('Ctrl Pts',(1.81309631031571,-3.33060388946102E-16,
4.2375));
#10388=CARTESIAN_POINT('Ctrl Pts',(1.35982223273678,0.785093732120619,4.17916666666667));
#10389=CARTESIAN_POINT('Ctrl Pts',(0.906548155157856,1.57018746424124,4.12083333333333));
#10390=CARTESIAN_POINT('Ctrl Pts',(0.,1.57018746424124,4.0625));
#10391=CARTESIAN_POINT('Ctrl Pts',(-0.906548155157855,1.57018746424124,
4.00416666666667));
#10392=CARTESIAN_POINT('Ctrl Pts',(-1.35982223273678,0.78509373212062,3.94583333333333));
#10393=CARTESIAN_POINT('Ctrl Pts',(-1.81309631031571,1.11020129648701E-16,
3.8875));
#10394=CARTESIAN_POINT('Ctrl Pts',(-1.35982223273678,-0.78509373212062,
3.82916666666667));
#10395=CARTESIAN_POINT('Ctrl Pts',(-0.906548155157856,-1.57018746424124,
3.77083333333333));
#10396=CARTESIAN_POINT('Ctrl Pts',(-1.92292505214433E-16,-1.57018746424124,
3.7125));
#10397=CARTESIAN_POINT('Ctrl Pts',(0.906548155157855,-1.57018746424124,
3.65416666666667));
#10398=CARTESIAN_POINT('Ctrl Pts',(1.35982223273678,-0.78509373212062,3.59583333333333));
#10399=CARTESIAN_POINT('Ctrl Pts',(1.81309631031571,-3.33060388946102E-16,
3.5375));
#10400=CARTESIAN_POINT('Ctrl Pts',(1.35982223273678,0.785093732120619,3.47916666666667));
#10401=CARTESIAN_POINT('Ctrl Pts',(0.906548155157856,1.57018746424124,3.42083333333333));
#10402=CARTESIAN_POINT('Ctrl Pts',(0.,1.57018746424124,3.3625));
#10403=CARTESIAN_POINT('Ctrl Pts',(-0.906548155157855,1.57018746424124,
3.30416666666667));
#10404=CARTESIAN_POINT('Ctrl Pts',(-1.35982223273678,0.78509373212062,3.24583333333333));
#10405=CARTESIAN_POINT('Ctrl Pts',(-1.81309631031571,1.11020129648701E-16,
3.1875));
#10406=CARTESIAN_POINT('Ctrl Pts',(-1.35982223273678,-0.78509373212062,
3.12916666666667));
#10407=CARTESIAN_POINT('Ctrl Pts',(-0.906548155157856,-1.57018746424124,
3.07083333333333));
#10408=CARTESIAN_POINT('Ctrl Pts',(-1.92292505214433E-16,-1.57018746424124,
3.0125));
#10409=CARTESIAN_POINT('Ctrl Pts',(0.906548155157855,-1.57018746424124,
2.95416666666667));
#10410=CARTESIAN_POINT('Ctrl Pts',(1.35982223273678,-0.78509373212062,2.89583333333333));
#10411=CARTESIAN_POINT('Ctrl Pts',(1.81309631031571,-3.33060388946102E-16,
2.8375));
#10412=CARTESIAN_POINT('Ctrl Pts',(1.35982223273678,0.785093732120619,2.77916666666667));
#10413=CARTESIAN_POINT('Ctrl Pts',(0.906548155157856,1.57018746424124,2.72083333333333));
#10414=CARTESIAN_POINT('Ctrl Pts',(0.,1.57018746424124,2.6625));
#10415=CARTESIAN_POINT('Ctrl Pts',(-0.906548155157855,1.57018746424124,
2.60416666666667));
#10416=CARTESIAN_POINT('Ctrl Pts',(-1.35982223273678,0.78509373212062,2.54583333333333));
#10417=CARTESIAN_POINT('Ctrl Pts',(-1.81309631031571,1.11020129648701E-16,
2.4875));
#10418=CARTESIAN_POINT('Ctrl Pts',(-1.35982223273678,-0.78509373212062,
2.42916666666667));
#10419=CARTESIAN_POINT('Ctrl Pts',(-0.906548155157856,-1.57018746424124,
2.37083333333333));
#10420=CARTESIAN_POINT('Ctrl Pts',(-1.92292505214433E-16,-1.57018746424124,
2.3125));
#10421=CARTESIAN_POINT('Ctrl Pts',(0.906548155157855,-1.57018746424124,
2.25416666666667));
#10422=CARTESIAN_POINT('Ctrl Pts',(1.35982223273678,-0.78509373212062,2.19583333333333));
#10423=CARTESIAN_POINT('Ctrl Pts',(1.81309631031571,-3.33060388946102E-16,
2.1375));
#10424=CARTESIAN_POINT('Ctrl Pts',(1.35982223273678,0.785093732120619,2.07916666666667));
#10425=CARTESIAN_POINT('Ctrl Pts',(0.906548155157856,1.57018746424124,2.02083333333333));
#10426=CARTESIAN_POINT('Ctrl Pts',(0.,1.57018746424124,1.9625));
#10427=CARTESIAN_POINT('Ctrl Pts',(-0.906548155157855,1.57018746424124,
1.90416666666667));
#10428=CARTESIAN_POINT('Ctrl Pts',(-1.35982223273678,0.78509373212062,1.84583333333333));
#10429=CARTESIAN_POINT('Ctrl Pts',(-1.81309631031571,1.11020129648701E-16,
1.7875));
#10430=CARTESIAN_POINT('Ctrl Pts',(-1.35982223273678,-0.78509373212062,
1.72916666666667));
#10431=CARTESIAN_POINT('Ctrl Pts',(-0.906548155157856,-1.57018746424124,
1.67083333333333));
#10432=CARTESIAN_POINT('Ctrl Pts',(-1.92292505214433E-16,-1.57018746424124,
1.6125));
#10433=CARTESIAN_POINT('Ctrl Pts',(0.906548155157855,-1.57018746424124,
1.55416666666667));
#10434=CARTESIAN_POINT('Ctrl Pts',(1.35982223273678,-0.78509373212062,1.49583333333333));
#10435=CARTESIAN_POINT('Ctrl Pts',(1.81309631031571,-3.33060388946102E-16,
1.4375));
#10436=CARTESIAN_POINT('Ctrl Pts',(1.35982223273678,0.785093732120619,1.37916666666667));
#10437=CARTESIAN_POINT('Ctrl Pts',(0.906548155157856,1.57018746424124,1.32083333333333));
#10438=CARTESIAN_POINT('Ctrl Pts',(0.,1.57018746424124,1.2625));
#10439=CARTESIAN_POINT('Ctrl Pts',(-0.906548155157855,1.57018746424124,
1.20416666666667));
#10440=CARTESIAN_POINT('Ctrl Pts',(-1.35982223273678,0.78509373212062,1.14583333333333));
#10441=CARTESIAN_POINT('Ctrl Pts',(-1.81309631031571,1.11020129648701E-16,
1.0875));
#10442=CARTESIAN_POINT('Ctrl Pts',(-1.35982223273678,-0.78509373212062,
1.02916666666667));
#10443=CARTESIAN_POINT('Ctrl Pts',(-0.906548155157856,-1.57018746424124,
0.970833333333332));
#10444=CARTESIAN_POINT('Ctrl Pts',(-1.92292505214433E-16,-1.57018746424124,
0.912499999999999));
#10445=CARTESIAN_POINT('Ctrl Pts',(0.906548155157855,-1.57018746424124,
0.854166666666665));
#10446=CARTESIAN_POINT('Ctrl Pts',(1.35982223273678,-0.78509373212062,0.795833333333332));
#10447=CARTESIAN_POINT('Ctrl Pts',(1.81309631031571,-3.33060388946102E-16,
0.737499999999999));
#10448=CARTESIAN_POINT('Ctrl Pts',(1.35982223273678,0.785093732120619,0.679166666666666));
#10449=CARTESIAN_POINT('Ctrl Pts',(0.906548155157856,1.57018746424124,0.620833333333333));
#10450=CARTESIAN_POINT('Ctrl Pts',(0.,1.57018746424124,0.562499999999999));
#10451=CARTESIAN_POINT('Ctrl Pts',(-0.906548155157855,1.57018746424124,
0.504166666666666));
#10452=CARTESIAN_POINT('Ctrl Pts',(-1.35982223273678,0.78509373212062,0.445833333333333));
#10453=CARTESIAN_POINT('Ctrl Pts',(-1.81309631031571,1.11020129648701E-16,
0.387499999999999));
#10454=CARTESIAN_POINT('Ctrl Pts',(-1.35982223273678,-0.78509373212062,
0.329166666666665));
#10455=CARTESIAN_POINT('Ctrl Pts',(-0.906548155157856,-1.57018746424124,
0.270833333333333));
#10456=CARTESIAN_POINT('Ctrl Pts',(-1.92292505214433E-16,-1.57018746424124,
0.212499999999999));
#10457=CARTESIAN_POINT('Ctrl Pts',(0.906548155157855,-1.57018746424124,
0.154166666666665));
#10458=CARTESIAN_POINT('Ctrl Pts',(1.35982223273678,-0.78509373212062,0.0958333333333332));
#10459=CARTESIAN_POINT('Ctrl Pts',(1.81309631031571,-3.33060388946102E-16,
0.0374999999999993));
#10460=CARTESIAN_POINT('Ctrl Pts',(1.35982223273678,0.785093732120619,-0.0208333333333345));
#10461=CARTESIAN_POINT('Ctrl Pts',(0.906548155157856,1.57018746424124,-0.0791666666666683));
#10462=CARTESIAN_POINT('Ctrl Pts',(0.,1.57018746424124,-0.1375));
#10463=CARTESIAN_POINT('Ctrl Pts',(-0.906548155157855,1.57018746424124,
-0.195833333333334));
#10464=CARTESIAN_POINT('Ctrl Pts',(-1.35982223273678,0.78509373212062,-0.254166666666668));
#10465=CARTESIAN_POINT('Ctrl Pts',(-1.81309631031571,1.11020129648701E-16,
-0.3125));
#10466=CARTESIAN_POINT('Ctrl Pts',(-1.35982223273678,-0.78509373212062,
-0.370833333333334));
#10467=CARTESIAN_POINT('Ctrl Pts',(-0.906548155157856,-1.57018746424124,
-0.429166666666668));
#10468=CARTESIAN_POINT('Ctrl Pts',(-1.92292505214433E-16,-1.57018746424124,
-0.4875));
#10469=CARTESIAN_POINT('Ctrl Pts',(0.906548155157855,-1.57018746424124,
-0.545833333333334));
#10470=CARTESIAN_POINT('Ctrl Pts',(1.35982223273678,-0.78509373212062,-0.604166666666668));
#10471=CARTESIAN_POINT('Ctrl Pts',(1.81309631031571,-3.33060388946102E-16,
-0.662500000000002));
#10472=CARTESIAN_POINT('Ctrl Pts',(1.35982223273678,0.785093732120619,-0.720833333333334));
#10473=CARTESIAN_POINT('Ctrl Pts',(0.906548155157856,1.57018746424124,-0.779166666666668));
#10474=CARTESIAN_POINT('Ctrl Pts',(0.,1.57018746424124,-0.837500000000002));
#10475=CARTESIAN_POINT('Ctrl Pts',(-0.906548155157855,1.57018746424124,
-0.895833333333333));
#10476=CARTESIAN_POINT('Ctrl Pts',(-1.35982223273678,0.78509373212062,-0.954166666666667));
#10477=CARTESIAN_POINT('Ctrl Pts',(-1.81309631031571,1.11020129648701E-16,
-1.0125));
#10478=CARTESIAN_POINT('Ctrl Pts',(-1.35982223273678,-0.78509373212062,
-1.07083333333333));
#10479=CARTESIAN_POINT('Ctrl Pts',(-0.906548155157856,-1.57018746424124,
-1.12916666666667));
#10480=CARTESIAN_POINT('Ctrl Pts',(-1.92292505214433E-16,-1.57018746424124,
-1.1875));
#10481=CARTESIAN_POINT('Ctrl Pts',(0.906548155157855,-1.57018746424124,
-1.24583333333333));
#10482=CARTESIAN_POINT('Ctrl Pts',(1.35982223273678,-0.78509373212062,-1.30416666666667));
#10483=CARTESIAN_POINT('Ctrl Pts',(1.81309631031571,-3.33060388946102E-16,
-1.3625));
#10484=CARTESIAN_POINT('Ctrl Pts',(1.35982223273678,0.785093732120619,-1.42083333333333));
#10485=CARTESIAN_POINT('Ctrl Pts',(0.906548155157856,1.57018746424124,-1.47916666666667));
#10486=CARTESIAN_POINT('Ctrl Pts',(0.,1.57018746424124,-1.5375));
#10487=CARTESIAN_POINT('Ctrl Pts',(-0.906548155157855,1.57018746424124,
-1.59583333333333));
#10488=CARTESIAN_POINT('Ctrl Pts',(-1.35982223273678,0.78509373212062,-1.65416666666667));
#10489=CARTESIAN_POINT('Ctrl Pts',(-1.81309631031571,1.11020129648701E-16,
-1.7125));
#10490=CARTESIAN_POINT('Ctrl Pts',(-1.35982223273678,-0.78509373212062,
-1.77083333333333));
#10491=CARTESIAN_POINT('Ctrl Pts',(-0.906548155157856,-1.57018746424124,
-1.82916666666667));
#10492=CARTESIAN_POINT('Ctrl Pts',(-1.92292505214433E-16,-1.57018746424124,
-1.8875));
#10493=CARTESIAN_POINT('Ctrl Pts',(0.906548155157855,-1.57018746424124,
-1.94583333333333));
#10494=CARTESIAN_POINT('Ctrl Pts',(1.35982223273678,-0.78509373212062,-2.00416666666667));
#10495=CARTESIAN_POINT('Ctrl Pts',(1.81309631031571,-3.33060388946102E-16,
-2.0625));
#10496=CARTESIAN_POINT('Ctrl Pts',(1.35982223273678,0.785093732120619,-2.12083333333333));
#10497=CARTESIAN_POINT('Ctrl Pts',(0.906548155157856,1.57018746424124,-2.17916666666667));
#10498=CARTESIAN_POINT('Ctrl Pts',(0.,1.57018746424124,-2.2375));
#10499=CARTESIAN_POINT('Ctrl Pts',(-0.756138444976442,1.57018746424124,
-2.28615497293884));
#10500=CARTESIAN_POINT('Ctrl Pts',(-1.22759771451074,0.979026314349284,
-2.33845375961978));
#10501=CARTESIAN_POINT('Origin',(0.,0.,-2.6));
#10502=CARTESIAN_POINT('',(1.88302675798032,-0.306650053607688,-0.39));
#10503=CARTESIAN_POINT('',(1.88302675798032,0.306650053607704,-0.39));
#10504=CARTESIAN_POINT('Origin',(0.,0.,-0.39));
#10505=CARTESIAN_POINT('',(2.34414529542104,0.463959001120709,-2.18804949776598));
#10506=CARTESIAN_POINT('Ctrl Pts',(1.88302675798024,0.306650053607679,-0.389999999999705));
#10507=CARTESIAN_POINT('Ctrl Pts',(2.08905762374823,0.376724551095625,-1.19095517137665));
#10508=CARTESIAN_POINT('Ctrl Pts',(2.34414529542104,0.463959001120709,-2.18804949776598));
#10509=CARTESIAN_POINT('',(2.34414529542105,-0.463959001120688,-2.18804949776598));
#10510=CARTESIAN_POINT('Origin',(0.,7.78477776693923E-16,-2.18804949776598));
#10511=CARTESIAN_POINT('Ctrl Pts',(1.88302675798025,-0.306650053607662,
-0.389999999999703));
#10512=CARTESIAN_POINT('Ctrl Pts',(2.08905762374619,-0.37672455109491,-1.19095517136869));
#10513=CARTESIAN_POINT('Ctrl Pts',(2.34414529542104,-0.463959001120688,
-2.18804949776598));
#10514=CARTESIAN_POINT('Origin',(0.,7.78477776693923E-16,4.53675345116591));
#10515=CARTESIAN_POINT('',(0.,2.98535296946807,-1.94560086423653));
#10516=CARTESIAN_POINT('',(-3.65600295838412E-16,-2.98535296946807,-1.94560086423653));
#10517=CARTESIAN_POINT('Origin',(0.,-2.38267387080559E-16,-1.94560086423653));
#10518=CARTESIAN_POINT('Origin',(0.,-2.38267387080559E-16,-1.94560086423653));
#10519=CARTESIAN_POINT('',(-0.463959001120717,2.34414529542104,-2.18804949776598));
#10520=CARTESIAN_POINT('',(0.463959001120712,2.34414529542104,-2.18804949776598));
#10521=CARTESIAN_POINT('Origin',(0.,7.78477776693923E-16,-2.18804949776598));
#10522=CARTESIAN_POINT('',(-0.488892739020869,1.24779062842353,-2.47304342606809));
#10523=CARTESIAN_POINT('Origin',(0.123440177373521,1.20946685245706E-15,
4.5259538350221));
#10524=CARTESIAN_POINT('',(-0.714851023772029,0.714851023772027,-2.52803429160122));
#10525=CARTESIAN_POINT('Origin',(-0.289644872926262,0.119974834637887,4.56418196531491));
#10526=CARTESIAN_POINT('',(-1.24779062842354,0.488892739020864,-2.47304342606809));
#10527=CARTESIAN_POINT('Origin',(-0.119974834637887,0.289644872926262,4.56418196531491));
#10528=CARTESIAN_POINT('',(-2.34414529542104,0.463959001120704,-2.18804949776598));
#10529=CARTESIAN_POINT('Origin',(4.64461835981104E-16,-0.123440177373517,
4.5259538350221));
#10530=CARTESIAN_POINT('',(-2.34414529542104,-0.463959001120725,-2.18804949776598));
#10531=CARTESIAN_POINT('Origin',(0.,7.78477776693923E-16,-2.18804949776598));
#10532=CARTESIAN_POINT('',(-1.24779062842353,-0.488892739020873,-2.47304342606809));
#10533=CARTESIAN_POINT('Origin',(-8.61978151526262E-16,0.123440177373521,
4.5259538350221));
#10534=CARTESIAN_POINT('',(-0.714851023772024,-0.714851023772032,-2.52803429160122));
#10535=CARTESIAN_POINT('Origin',(-0.119974834637886,-0.289644872926263,
4.56418196531491));
#10536=CARTESIAN_POINT('',(-0.488892739020859,-1.24779062842354,-2.47304342606809));
#10537=CARTESIAN_POINT('Origin',(-0.289644872926262,-0.119974834637888,
4.56418196531491));
#10538=CARTESIAN_POINT('',(-0.463959001120696,-2.34414529542104,-2.18804949776598));
#10539=CARTESIAN_POINT('Origin',(0.123440177373517,1.67392868843814E-15,
4.5259538350221));
#10540=CARTESIAN_POINT('',(0.463959001120734,-2.34414529542104,-2.18804949776598));
#10541=CARTESIAN_POINT('Origin',(0.,7.78477776693923E-16,-2.18804949776598));
#10542=CARTESIAN_POINT('',(0.488892739020877,-1.24779062842353,-2.47304342606809));
#10543=CARTESIAN_POINT('Origin',(-0.123440177373521,-5.14489450595479E-16,
4.5259538350221));
#10544=CARTESIAN_POINT('',(0.714851023772035,-0.714851023772022,-2.52803429160122));
#10545=CARTESIAN_POINT('Origin',(0.289644872926263,-0.119974834637884,4.56418196531491));
#10546=CARTESIAN_POINT('',(1.24779062842354,-0.488892739020855,-2.47304342606809));
#10547=CARTESIAN_POINT('Origin',(0.11997483463789,-0.289644872926261,4.56418196531491));
#10548=CARTESIAN_POINT('Origin',(-1.32643998750733E-15,0.123440177373517,
4.5259538350221));
#10549=CARTESIAN_POINT('',(1.24779062842354,0.488892739020864,-2.47304342606809));
#10550=CARTESIAN_POINT('Origin',(0.,-0.123440177373521,4.5259538350221));
#10551=CARTESIAN_POINT('',(0.714851023772029,0.714851023772027,-2.52803429160122));
#10552=CARTESIAN_POINT('Origin',(0.119974834637887,0.289644872926262,4.56418196531491));
#10553=CARTESIAN_POINT('',(0.488892739020868,1.24779062842354,-2.47304342606809));
#10554=CARTESIAN_POINT('Origin',(0.289644872926262,0.119974834637887,4.56418196531491));
#10555=CARTESIAN_POINT('Origin',(-0.123440177373517,7.45005016475942E-16,
4.5259538350221));
#10556=CARTESIAN_POINT('Origin',(0.,-1.89287762503503E-16,-1.54565187803776));
#10557=CARTESIAN_POINT('',(0.,3.5,-5.05448929262833E-18));
#10558=CARTESIAN_POINT('',(-4.28626379701574E-16,-3.5,8.32667268468867E-16));
#10559=CARTESIAN_POINT('Origin',(0.,5.2491592393165E-32,4.28626379701573E-16));
#10560=CARTESIAN_POINT('',(-4.02023719560383E-16,-3.28277279490125,-1.54565187803776));
#10561=CARTESIAN_POINT('',(-4.02023719560383E-16,-3.28277279490125,-1.54565187803776));
#10562=CARTESIAN_POINT('',(0.,3.28277279490125,-1.54565187803776));
#10563=CARTESIAN_POINT('Origin',(0.,-1.89287762503503E-16,-1.54565187803776));
#10564=CARTESIAN_POINT('Origin',(0.,-1.89287762503503E-16,-1.54565187803776));
#10565=CARTESIAN_POINT('Origin',(0.,5.2491592393165E-32,4.28626379701573E-16));
#10566=CARTESIAN_POINT('Origin',(0.,0.,-1.47328186553852));
#10567=CARTESIAN_POINT('Origin',(-3.38961831284909E-16,-2.76783339915564,
-1.47328186553852));
#10568=CARTESIAN_POINT('Origin',(0.,0.,0.));
#10569=CARTESIAN_POINT('Origin',(0.,0.,-2.6));
#10570=CARTESIAN_POINT('',(0.306650053607708,1.88302675798032,-0.39));
#10571=CARTESIAN_POINT('Ctrl Pts',(0.306650053607682,1.88302675798024,-0.389999999999705));
#10572=CARTESIAN_POINT('Ctrl Pts',(0.376724551095587,2.08905762374811,-1.19095517137618));
#10573=CARTESIAN_POINT('Ctrl Pts',(0.463959001120712,2.34414529542104,-2.18804949776598));
#10574=CARTESIAN_POINT('',(-0.306650053607711,1.88302675798032,-0.39));
#10575=CARTESIAN_POINT('Origin',(0.,0.,-0.39));
#10576=CARTESIAN_POINT('Ctrl Pts',(-0.306650053607685,1.88302675798024,
-0.389999999999704));
#10577=CARTESIAN_POINT('Ctrl Pts',(-0.376724551095515,2.08905762374789,
-1.19095517137531));
#10578=CARTESIAN_POINT('Ctrl Pts',(-0.463959001120717,2.34414529542104,
-2.18804949776598));
#10579=CARTESIAN_POINT('Origin',(0.500000000000001,1.35582923364959E-16,
-2.6));
#10580=CARTESIAN_POINT('',(0.306650053607708,1.21154030443038,-0.39));
#10581=CARTESIAN_POINT('',(0.49811186384398,1.24962442636727,-2.57841850498195));
#10582=CARTESIAN_POINT('',(0.306650053607708,8.31530214363087E-17,-0.39));
#10583=CARTESIAN_POINT('Origin',(0.868718433538224,0.359834957055033,-2.6));
#10584=CARTESIAN_POINT('',(0.571686271844068,0.571686271844067,-0.39));
#10585=CARTESIAN_POINT('',(0.71873319722088,0.718733197220879,-2.58601099220532));
#10586=CARTESIAN_POINT('',(0.69008637545423,0.285843135922026,-0.39));
#10587=CARTESIAN_POINT('Origin',(0.359834957055036,0.868718433538223,-2.6));
#10588=CARTESIAN_POINT('',(1.21154030443038,0.306650053607705,-0.39));
#10589=CARTESIAN_POINT('',(1.25028949446948,0.501455386979156,-2.61663514929254));
#10590=CARTESIAN_POINT('',(0.285843135922028,0.690086375454229,-0.39));
#10591=CARTESIAN_POINT('Origin',(0.,0.499999999999997,-2.6));
#10592=CARTESIAN_POINT('',(0.,0.306650053607704,-0.39));
#10593=CARTESIAN_POINT('Origin',(0.,0.,-0.39));
#10594=CARTESIAN_POINT('',(1.21154030443038,-0.306650053607695,-0.39));
#10595=CARTESIAN_POINT('',(3.29514184061599E-15,-0.306650053607708,-0.39));
#10596=CARTESIAN_POINT('',(0.571686271844072,-0.571686271844062,-0.39));
#10597=CARTESIAN_POINT('',(0.285843135922034,-0.690086375454227,-0.39));
#10598=CARTESIAN_POINT('',(0.306650053607717,-1.21154030443038,-0.39));
#10599=CARTESIAN_POINT('',(0.690086375454232,-0.285843135922021,-0.39));
#10600=CARTESIAN_POINT('',(0.306650053607724,-1.88302675798032,-0.39));
#10601=CARTESIAN_POINT('',(0.306650053607704,3.21198881917964E-15,-0.39));
#10602=CARTESIAN_POINT('',(-0.306650053607695,-1.88302675798032,-0.39));
#10603=CARTESIAN_POINT('Origin',(0.,0.,-0.39));
#10604=CARTESIAN_POINT('',(-0.306650053607699,-1.21154030443038,-0.39));
#10605=CARTESIAN_POINT('',(-0.306650053607708,-2.22447890088943E-15,-0.39));
#10606=CARTESIAN_POINT('',(-0.571686271844064,-0.571686271844071,-0.39));
#10607=CARTESIAN_POINT('',(-0.690086375454228,-0.285843135922031,-0.39));
#10608=CARTESIAN_POINT('',(-1.21154030443038,-0.306650053607713,-0.39));
#10609=CARTESIAN_POINT('',(-0.285843135922024,-0.690086375454231,-0.39));
#10610=CARTESIAN_POINT('',(-1.88302675798032,-0.306650053607718,-0.39));
#10611=CARTESIAN_POINT('',(2.14132587945309E-15,-0.306650053607704,-0.39));
#10612=CARTESIAN_POINT('',(-1.88302675798032,0.306650053607701,-0.39));
#10613=CARTESIAN_POINT('Origin',(0.,0.,-0.39));
#10614=CARTESIAN_POINT('',(-1.21154030443038,0.306650053607704,-0.39));
#10615=CARTESIAN_POINT('',(-1.15381596116287E-15,0.306650053607708,-0.39));
#10616=CARTESIAN_POINT('',(-0.571686271844068,0.571686271844066,-0.39));
#10617=CARTESIAN_POINT('',(-0.285843135922029,0.690086375454229,-0.39));
#10618=CARTESIAN_POINT('',(-0.306650053607709,1.21154030443038,-0.39));
#10619=CARTESIAN_POINT('',(-0.69008637545423,0.285843135922026,-0.39));
#10620=CARTESIAN_POINT('',(-0.306650053607704,-1.07066293972655E-15,-0.39));
#10621=CARTESIAN_POINT('Origin',(0.,0.,-2.6));
#10622=CARTESIAN_POINT('Ctrl Pts',(-1.88302675798025,-0.306650053607692,
-0.389999999999703));
#10623=CARTESIAN_POINT('Ctrl Pts',(-2.08905762374668,-0.376724551095113,
-1.19095517137063));
#10624=CARTESIAN_POINT('Ctrl Pts',(-2.34414529542103,-0.463959001120726,
-2.18804949776598));
#10625=CARTESIAN_POINT('Ctrl Pts',(-1.88302675798024,0.306650053607675,
-0.389999999999705));
#10626=CARTESIAN_POINT('Ctrl Pts',(-2.08905762374777,0.376724551095463,
-1.19095517137484));
#10627=CARTESIAN_POINT('Ctrl Pts',(-2.34414529542104,0.463959001120704,
-2.18804949776598));
#10628=CARTESIAN_POINT('Origin',(-1.88132359278653E-15,0.500000000000001,
-2.6));
#10629=CARTESIAN_POINT('',(-1.24962442636727,0.498111863843975,-2.57841850498195));
#10630=CARTESIAN_POINT('Origin',(-0.359834957055037,0.868718433538223,-2.6));
#10631=CARTESIAN_POINT('',(-0.718733197220881,0.718733197220878,-2.58601099220532));
#10632=CARTESIAN_POINT('Origin',(-0.868718433538224,0.359834957055033,-2.6));
#10633=CARTESIAN_POINT('',(-0.50145538697916,1.25028949446948,-2.61663514929254));
#10634=CARTESIAN_POINT('Origin',(-0.499999999999997,-1.74574066942156E-15,
-2.6));
#10635=CARTESIAN_POINT('Origin',(0.,0.,-2.6));
#10636=CARTESIAN_POINT('Ctrl Pts',(0.306650053607698,-1.88302675798025,
-0.389999999999702));
#10637=CARTESIAN_POINT('Ctrl Pts',(0.376724551094911,-2.08905762374607,
-1.19095517136824));
#10638=CARTESIAN_POINT('Ctrl Pts',(0.463959001120734,-2.34414529542103,
-2.18804949776598));
#10639=CARTESIAN_POINT('Ctrl Pts',(-0.306650053607669,-1.88302675798024,
-0.389999999999704));
#10640=CARTESIAN_POINT('Ctrl Pts',(-0.376724551095452,-2.08905762374776,
-1.1909551713748));
#10641=CARTESIAN_POINT('Ctrl Pts',(-0.463959001120696,-2.34414529542104,
-2.18804949776598));
#10642=CARTESIAN_POINT('Origin',(-0.500000000000001,-3.6270642622081E-15,
-2.6));
#10643=CARTESIAN_POINT('',(-0.498111863843971,-1.24962442636727,-2.57841850498195));
#10644=CARTESIAN_POINT('Origin',(-0.868718433538222,-0.35983495705504,-2.6));
#10645=CARTESIAN_POINT('',(-0.718733197220875,-0.718733197220884,-2.58601099220532));
#10646=CARTESIAN_POINT('Origin',(-0.35983495705503,-0.868718433538226,-2.6));
#10647=CARTESIAN_POINT('',(-1.25028949446948,-0.501455386979164,-2.61663514929254));
#10648=CARTESIAN_POINT('Origin',(3.49148133884311E-15,-0.499999999999997,
-2.6));
#10649=CARTESIAN_POINT('Origin',(5.37280493162967E-15,-0.500000000000001,
-2.6));
#10650=CARTESIAN_POINT('',(1.24962442636727,-0.498111863843967,-2.57841850498195));
#10651=CARTESIAN_POINT('Origin',(0.359834957055043,-0.868718433538221,-2.6));
#10652=CARTESIAN_POINT('',(0.718733197220886,-0.718733197220873,-2.58601099220532));
#10653=CARTESIAN_POINT('Origin',(0.868718433538227,-0.359834957055027,-2.6));
#10654=CARTESIAN_POINT('',(0.501455386979169,-1.25028949446947,-2.61663514929254));
#10655=CARTESIAN_POINT('Origin',(0.499999999999997,5.23722200826467E-15,
-2.6));
#10656=CARTESIAN_POINT('Origin',(22.,0.,29.5));
#10657=CARTESIAN_POINT('',(22.,0.,30.));
#10658=CARTESIAN_POINT('',(22.5,0.,29.5));
#10659=CARTESIAN_POINT('Origin',(22.,0.,29.5));
#10660=CARTESIAN_POINT('',(22.5,21.,29.5));
#10661=CARTESIAN_POINT('',(22.5,0.,29.5));
#10662=CARTESIAN_POINT('',(22.,21.,30.));
#10663=CARTESIAN_POINT('Origin',(22.,21.,29.5));
#10664=CARTESIAN_POINT('',(22.,0.,30.));
#10665=CARTESIAN_POINT('Ctrl Pts',(22.5,21.,29.5));
#10666=CARTESIAN_POINT('Ctrl Pts',(22.5,21.5,29.5));
#10667=CARTESIAN_POINT('Ctrl Pts',(22.5,21.5,29.));
#10668=CARTESIAN_POINT('Ctrl Pts',(22.5,21.,30.));
#10669=CARTESIAN_POINT('Ctrl Pts',(22.5,22.,30.));
#10670=CARTESIAN_POINT('Ctrl Pts',(22.5,22.,29.));
#10671=CARTESIAN_POINT('Ctrl Pts',(22.,21.,30.));
#10672=CARTESIAN_POINT('Ctrl Pts',(22.,22.,30.));
#10673=CARTESIAN_POINT('Ctrl Pts',(22.,22.,29.));
#10674=CARTESIAN_POINT('',(22.5,21.5,29.));
#10675=CARTESIAN_POINT('',(22.,22.,29.));
#10676=CARTESIAN_POINT('Origin',(22.,21.5,29.));
#10677=CARTESIAN_POINT('Origin',(22.,21.,29.));
#10678=CARTESIAN_POINT('Origin',(22.5,21.,29.));
#10679=CARTESIAN_POINT('Origin',(22.,21.5,15.));
#10680=CARTESIAN_POINT('',(22.5,21.5,-29.));
#10681=CARTESIAN_POINT('',(22.,22.,-29.));
#10682=CARTESIAN_POINT('Origin',(22.,21.5,-29.));
#10683=CARTESIAN_POINT('',(22.,22.,15.));
#10684=CARTESIAN_POINT('',(22.5,21.5,15.));
#10685=CARTESIAN_POINT('Ctrl Pts',(22.5,21.5,-29.));
#10686=CARTESIAN_POINT('Ctrl Pts',(22.5,21.5,-29.5));
#10687=CARTESIAN_POINT('Ctrl Pts',(22.5,21.,-29.5));
#10688=CARTESIAN_POINT('Ctrl Pts',(22.5,22.,-29.));
#10689=CARTESIAN_POINT('Ctrl Pts',(22.5,22.,-30.));
#10690=CARTESIAN_POINT('Ctrl Pts',(22.5,21.,-30.));
#10691=CARTESIAN_POINT('Ctrl Pts',(22.,22.,-29.));
#10692=CARTESIAN_POINT('Ctrl Pts',(22.,22.,-30.));
#10693=CARTESIAN_POINT('Ctrl Pts',(22.,21.,-30.));
#10694=CARTESIAN_POINT('',(22.5,21.,-29.5));
#10695=CARTESIAN_POINT('',(22.,21.,-30.));
#10696=CARTESIAN_POINT('Origin',(22.,21.,-29.5));
#10697=CARTESIAN_POINT('Origin',(22.,21.,-29.));
#10698=CARTESIAN_POINT('Origin',(22.5,21.,-29.));
#10699=CARTESIAN_POINT('Origin',(22.,0.,-29.5));
#10700=CARTESIAN_POINT('',(22.5,0.,-29.5));
#10701=CARTESIAN_POINT('',(22.,0.,-30.));
#10702=CARTESIAN_POINT('Origin',(22.,0.,-29.5));
#10703=CARTESIAN_POINT('',(22.,0.,-30.));
#10704=CARTESIAN_POINT('',(22.5,0.,-29.5));
#10705=CARTESIAN_POINT('Origin',(5.,0.,30.));
#10706=CARTESIAN_POINT('',(18.85,21.,30.));
#10707=CARTESIAN_POINT('',(2.5,21.,30.));
#10708=CARTESIAN_POINT('',(18.85,14.,30.));
#10709=CARTESIAN_POINT('',(18.85,11.,30.));
#10710=CARTESIAN_POINT('',(8.35,14.,30.));
#10711=CARTESIAN_POINT('',(2.5,14.,30.));
#10712=CARTESIAN_POINT('',(8.35,21.,30.));
#10713=CARTESIAN_POINT('',(8.35,11.,30.));
#10714=CARTESIAN_POINT('',(5.00000000000001,21.,30.));
#10715=CARTESIAN_POINT('',(2.5,21.,30.));
#10716=CARTESIAN_POINT('',(5.00000000000001,0.,30.));
#10717=CARTESIAN_POINT('',(5.00000000000001,0.,30.));
#10718=CARTESIAN_POINT('',(22.5,0.,30.));
#10719=CARTESIAN_POINT('Origin',(2.5,21.,29.));
#10720=CARTESIAN_POINT('',(18.85,22.,29.));
#10721=CARTESIAN_POINT('',(2.5,22.,29.));
#10722=CARTESIAN_POINT('Origin',(18.85,21.,29.));
#10723=CARTESIAN_POINT('Origin',(-4.44089209850063E-15,22.,8.88178419700125E-15));
#10724=CARTESIAN_POINT('',(20.,22.,-29.));
#10725=CARTESIAN_POINT('',(11.25,22.,-29.));
#10726=CARTESIAN_POINT('',(20.,22.,-16.));
#10727=CARTESIAN_POINT('',(20.,22.,-15.));
#10728=CARTESIAN_POINT('',(7.5,22.,-16.));
#10729=CARTESIAN_POINT('',(9.99999999999999,22.,-16.));
#10730=CARTESIAN_POINT('',(7.5,22.,-29.));
#10731=CARTESIAN_POINT('',(7.50000000000001,22.,-7.99999999999999));
#10732=CARTESIAN_POINT('',(4.99999999999999,22.,-29.));
#10733=CARTESIAN_POINT('',(11.25,22.,-29.));
#10734=CARTESIAN_POINT('',(5.,22.,-23.5));
#10735=CARTESIAN_POINT('',(5.,22.,-23.5));
#10736=CARTESIAN_POINT('',(-5.,22.,-23.5));
#10737=CARTESIAN_POINT('Origin',(-4.28425905532435E-15,22.,-23.5));
#10738=CARTESIAN_POINT('',(-5.,22.,-29.));
#10739=CARTESIAN_POINT('',(-5.,22.,-30.));
#10740=CARTESIAN_POINT('',(-7.5,22.,-29.));
#10741=CARTESIAN_POINT('',(-2.5,22.,-29.));
#10742=CARTESIAN_POINT('',(-7.50000000000001,22.,-16.));
#10743=CARTESIAN_POINT('',(-7.50000000000001,22.,-15.));
#10744=CARTESIAN_POINT('',(-20.,22.,-16.));
#10745=CARTESIAN_POINT('',(-3.75000000000001,22.,-16.));
#10746=CARTESIAN_POINT('',(-20.,22.,-29.));
#10747=CARTESIAN_POINT('',(-20.,22.,-8.));
#10748=CARTESIAN_POINT('',(-22.,22.,-29.));
#10749=CARTESIAN_POINT('',(-2.5,22.,-29.));
#10750=CARTESIAN_POINT('',(-22.,22.,29.));
#10751=CARTESIAN_POINT('',(-22.,22.,-15.));
#10752=CARTESIAN_POINT('',(-18.85,22.,29.));
#10753=CARTESIAN_POINT('',(-11.25,22.,29.));
#10754=CARTESIAN_POINT('',(-18.85,22.,19.));
#10755=CARTESIAN_POINT('',(-18.85,22.,15.));
#10756=CARTESIAN_POINT('',(-8.34999999999999,22.,19.));
#10757=CARTESIAN_POINT('',(-9.425,22.,19.));
#10758=CARTESIAN_POINT('',(-8.35,22.,29.));
#10759=CARTESIAN_POINT('',(-8.34999999999998,22.,9.5));
#10760=CARTESIAN_POINT('',(-4.99999999999999,22.,29.));
#10761=CARTESIAN_POINT('',(-11.25,22.,29.));
#10762=CARTESIAN_POINT('',(-4.99999999999999,22.,24.5));
#10763=CARTESIAN_POINT('',(-4.99999999999999,22.,30.));
#10764=CARTESIAN_POINT('',(5.00000000000001,22.,24.5));
#10765=CARTESIAN_POINT('Origin',(8.80748029581772E-15,22.,24.5));
#10766=CARTESIAN_POINT('',(5.00000000000001,22.,29.));
#10767=CARTESIAN_POINT('',(5.00000000000001,22.,24.5));
#10768=CARTESIAN_POINT('',(8.35,22.,29.));
#10769=CARTESIAN_POINT('',(2.5,22.,29.));
#10770=CARTESIAN_POINT('',(8.35,22.,19.));
#10771=CARTESIAN_POINT('',(8.35,22.,15.));
#10772=CARTESIAN_POINT('',(18.85,22.,19.));
#10773=CARTESIAN_POINT('',(4.175,22.,19.));
#10774=CARTESIAN_POINT('',(18.8499999999999,22.,9.49999999999996));
#10775=CARTESIAN_POINT('',(-21.5,22.,-14.));
#10776=CARTESIAN_POINT('',(21.5,22.,-14.));
#10777=CARTESIAN_POINT('',(-10.75,22.,-14.));
#10778=CARTESIAN_POINT('',(21.5,22.,16.));
#10779=CARTESIAN_POINT('',(21.5,22.,-6.99999999999999));
#10780=CARTESIAN_POINT('',(-21.5,22.,16.));
#10781=CARTESIAN_POINT('',(10.75,22.,16.));
#10782=CARTESIAN_POINT('',(-21.5,22.,8.00000000000001));
#10783=CARTESIAN_POINT('Origin',(11.25,21.,-29.));
#10784=CARTESIAN_POINT('',(20.,21.,-30.));
#10785=CARTESIAN_POINT('',(11.25,21.,-30.));
#10786=CARTESIAN_POINT('Origin',(20.,21.,-29.));
#10787=CARTESIAN_POINT('Origin',(22.5,0.,-30.));
#10788=CARTESIAN_POINT('',(4.99999999999999,0.,-30.));
#10789=CARTESIAN_POINT('',(-22.5,0.,-30.));
#10790=CARTESIAN_POINT('',(4.99999999999999,21.,-30.));
#10791=CARTESIAN_POINT('',(4.99999999999999,0.,-30.));
#10792=CARTESIAN_POINT('',(7.5,21.,-30.));
#10793=CARTESIAN_POINT('',(11.25,21.,-30.));
#10794=CARTESIAN_POINT('',(7.5,14.,-30.));
#10795=CARTESIAN_POINT('',(7.5,11.,-30.));
#10796=CARTESIAN_POINT('',(20.,14.,-30.));
#10797=CARTESIAN_POINT('',(11.25,14.,-30.));
#10798=CARTESIAN_POINT('',(20.,11.,-30.));
#10799=CARTESIAN_POINT('Origin',(-22.,0.,-29.5));
#10800=CARTESIAN_POINT('',(-22.,0.,-30.));
#10801=CARTESIAN_POINT('',(-22.5,0.,-29.5));
#10802=CARTESIAN_POINT('Origin',(-22.,0.,-29.5));
#10803=CARTESIAN_POINT('',(-22.5,21.,-29.5));
#10804=CARTESIAN_POINT('',(-22.5,0.,-29.5));
#10805=CARTESIAN_POINT('',(-22.,21.,-30.));
#10806=CARTESIAN_POINT('Origin',(-22.,21.,-29.5));
#10807=CARTESIAN_POINT('',(-22.,0.,-30.));
#10808=CARTESIAN_POINT('Ctrl Pts',(-22.5,21.,-29.5));
#10809=CARTESIAN_POINT('Ctrl Pts',(-22.5,21.5,-29.5));
#10810=CARTESIAN_POINT('Ctrl Pts',(-22.5,21.5,-29.));
#10811=CARTESIAN_POINT('Ctrl Pts',(-22.5,21.,-30.));
#10812=CARTESIAN_POINT('Ctrl Pts',(-22.5,22.,-30.));
#10813=CARTESIAN_POINT('Ctrl Pts',(-22.5,22.,-29.));
#10814=CARTESIAN_POINT('Ctrl Pts',(-22.,21.,-30.));
#10815=CARTESIAN_POINT('Ctrl Pts',(-22.,22.,-30.));
#10816=CARTESIAN_POINT('Ctrl Pts',(-22.,22.,-29.));
#10817=CARTESIAN_POINT('',(-22.5,21.5,-29.));
#10818=CARTESIAN_POINT('Origin',(-22.,21.5,-29.));
#10819=CARTESIAN_POINT('Origin',(-22.,21.,-29.));
#10820=CARTESIAN_POINT('Origin',(-22.5,21.,-29.));
#10821=CARTESIAN_POINT('Origin',(-22.,21.5,-15.));
#10822=CARTESIAN_POINT('',(-22.5,21.5,29.));
#10823=CARTESIAN_POINT('Origin',(-22.,21.5,29.));
#10824=CARTESIAN_POINT('',(-22.5,21.5,-15.));
#10825=CARTESIAN_POINT('Ctrl Pts',(-22.5,21.5,29.));
#10826=CARTESIAN_POINT('Ctrl Pts',(-22.5,21.5,29.5));
#10827=CARTESIAN_POINT('Ctrl Pts',(-22.5,21.,29.5));
#10828=CARTESIAN_POINT('Ctrl Pts',(-22.5,22.,29.));
#10829=CARTESIAN_POINT('Ctrl Pts',(-22.5,22.,30.));
#10830=CARTESIAN_POINT('Ctrl Pts',(-22.5,21.,30.));
#10831=CARTESIAN_POINT('Ctrl Pts',(-22.,22.,29.));
#10832=CARTESIAN_POINT('Ctrl Pts',(-22.,22.,30.));
#10833=CARTESIAN_POINT('Ctrl Pts',(-22.,21.,30.));
#10834=CARTESIAN_POINT('',(-22.5,21.,29.5));
#10835=CARTESIAN_POINT('',(-22.,21.,30.));
#10836=CARTESIAN_POINT('Origin',(-22.,21.,29.5));
#10837=CARTESIAN_POINT('Origin',(-22.,21.,29.));
#10838=CARTESIAN_POINT('Origin',(-22.5,21.,29.));
#10839=CARTESIAN_POINT('Origin',(-22.,0.,29.5));
#10840=CARTESIAN_POINT('',(-22.5,0.,29.5));
#10841=CARTESIAN_POINT('',(-22.,0.,30.));
#10842=CARTESIAN_POINT('Origin',(-22.,0.,29.5));
#10843=CARTESIAN_POINT('',(-22.,0.,30.));
#10844=CARTESIAN_POINT('',(-22.5,0.,29.5));
#10845=CARTESIAN_POINT('Origin',(-22.5,0.,-30.));
#10846=CARTESIAN_POINT('',(-22.5,0.,30.));
#10847=CARTESIAN_POINT('Origin',(-4.44089209850063E-15,0.,8.88178419700125E-15));
#10848=CARTESIAN_POINT('',(5.00000000000001,0.,24.5));
#10849=CARTESIAN_POINT('',(5.00000000000001,0.,24.5));
#10850=CARTESIAN_POINT('',(-4.99999999999999,0.,24.5));
#10851=CARTESIAN_POINT('Origin',(8.80748029581772E-15,0.,24.5));
#10852=CARTESIAN_POINT('',(-4.99999999999999,0.,30.));
#10853=CARTESIAN_POINT('',(-4.99999999999999,0.,30.));
#10854=CARTESIAN_POINT('',(-18.85,0.,30.));
#10855=CARTESIAN_POINT('',(-5.,0.,-30.));
#10856=CARTESIAN_POINT('',(-22.5,0.,-30.));
#10857=CARTESIAN_POINT('',(-5.,0.,-23.5));
#10858=CARTESIAN_POINT('',(-5.,0.,-30.));
#10859=CARTESIAN_POINT('',(4.99999999999999,0.,-23.5));
#10860=CARTESIAN_POINT('Origin',(-4.28425905532435E-15,0.,-23.5));
#10861=CARTESIAN_POINT('',(5.,0.,-23.5));
#10862=CARTESIAN_POINT('',(22.5,0.,-30.));
#10863=CARTESIAN_POINT('Origin',(-2.5,21.,-29.));
#10864=CARTESIAN_POINT('',(-20.,21.,-30.));
#10865=CARTESIAN_POINT('Origin',(-20.,21.,-29.));
#10866=CARTESIAN_POINT('',(-2.5,21.,-30.));
#10867=CARTESIAN_POINT('Origin',(-20.,22.,-16.));
#10868=CARTESIAN_POINT('',(-20.,14.,-16.));
#10869=CARTESIAN_POINT('',(-20.,22.,-16.));
#10870=CARTESIAN_POINT('',(-20.,14.,-30.));
#10871=CARTESIAN_POINT('',(-20.,14.,-15.));
#10872=CARTESIAN_POINT('',(-20.,11.,-30.));
#10873=CARTESIAN_POINT('Origin',(-2.5,21.,-29.));
#10874=CARTESIAN_POINT('',(-7.5,21.,-30.));
#10875=CARTESIAN_POINT('Origin',(-7.5,21.,-29.));
#10876=CARTESIAN_POINT('',(-5.,21.,-30.));
#10877=CARTESIAN_POINT('Origin',(-5.,21.,-29.));
#10878=CARTESIAN_POINT('',(-2.5,21.,-30.));
#10879=CARTESIAN_POINT('Origin',(-5.,0.,-23.5));
#10880=CARTESIAN_POINT('',(-5.,0.,-23.5));
#10881=CARTESIAN_POINT('',(-5.,0.,-30.));
#10882=CARTESIAN_POINT('Origin',(11.25,21.,-29.));
#10883=CARTESIAN_POINT('Origin',(4.99999999999999,21.,-29.));
#10884=CARTESIAN_POINT('Origin',(7.5,21.,-29.));
#10885=CARTESIAN_POINT('Origin',(7.5,22.,-16.));
#10886=CARTESIAN_POINT('',(7.5,14.,-16.));
#10887=CARTESIAN_POINT('',(7.5,22.,-16.));
#10888=CARTESIAN_POINT('',(7.5,14.,-15.));
#10889=CARTESIAN_POINT('Origin',(22.5,0.,30.));
#10890=CARTESIAN_POINT('Origin',(18.85,22.,19.));
#10891=CARTESIAN_POINT('',(18.85,14.,19.));
#10892=CARTESIAN_POINT('',(18.85,22.,19.));
#10893=CARTESIAN_POINT('',(18.85,14.,15.));
#10894=CARTESIAN_POINT('Origin',(2.5,21.,29.));
#10895=CARTESIAN_POINT('Origin',(8.35,21.,29.));
#10896=CARTESIAN_POINT('Origin',(5.00000000000001,21.,29.));
#10897=CARTESIAN_POINT('Origin',(5.00000000000001,0.,24.5));
#10898=CARTESIAN_POINT('',(5.00000000000001,0.,24.5));
#10899=CARTESIAN_POINT('Origin',(-11.25,21.,29.));
#10900=CARTESIAN_POINT('',(-4.99999999999999,21.,30.));
#10901=CARTESIAN_POINT('Origin',(-4.99999999999999,21.,29.));
#10902=CARTESIAN_POINT('',(-8.35,21.,30.));
#10903=CARTESIAN_POINT('Origin',(-8.34999999999999,21.,29.));
#10904=CARTESIAN_POINT('',(-11.25,21.,30.));
#10905=CARTESIAN_POINT('Origin',(-8.34999999999999,22.,19.));
#10906=CARTESIAN_POINT('',(-8.34999999999999,14.,19.));
#10907=CARTESIAN_POINT('',(-8.34999999999999,22.,19.));
#10908=CARTESIAN_POINT('',(-8.35,14.,30.));
#10909=CARTESIAN_POINT('',(-8.34999999999998,14.,15.));
#10910=CARTESIAN_POINT('',(-8.35,11.,30.));
#10911=CARTESIAN_POINT('Origin',(-11.25,21.,29.));
#10912=CARTESIAN_POINT('',(-18.85,21.,30.));
#10913=CARTESIAN_POINT('',(-11.25,21.,30.));
#10914=CARTESIAN_POINT('Origin',(-18.85,21.,29.));
#10915=CARTESIAN_POINT('Origin',(-18.85,22.,30.));
#10916=CARTESIAN_POINT('',(-18.85,14.,30.));
#10917=CARTESIAN_POINT('',(-18.85,11.,30.));
#10918=CARTESIAN_POINT('',(-18.85,14.,19.));
#10919=CARTESIAN_POINT('',(-18.85,14.,9.49999999999997));
#10920=CARTESIAN_POINT('',(-18.85,22.,19.));
#10921=CARTESIAN_POINT('Origin',(-21.5,22.,-14.));
#10922=CARTESIAN_POINT('',(-21.5,21.5,-14.));
#10923=CARTESIAN_POINT('',(-21.5,22.,-14.));
#10924=CARTESIAN_POINT('',(21.5,21.5,-14.));
#10925=CARTESIAN_POINT('',(10.75,21.5,-14.));
#10926=CARTESIAN_POINT('',(21.5,22.,-14.));
#10927=CARTESIAN_POINT('Origin',(-21.5,22.,16.));
#10928=CARTESIAN_POINT('',(-21.5,21.5,16.));
#10929=CARTESIAN_POINT('',(-21.5,22.,16.));
#10930=CARTESIAN_POINT('',(-21.5,21.5,-6.49999999999999));
#10931=CARTESIAN_POINT('Origin',(21.5,22.,16.));
#10932=CARTESIAN_POINT('',(21.5,21.5,16.));
#10933=CARTESIAN_POINT('',(21.5,22.,16.));
#10934=CARTESIAN_POINT('',(-10.75,21.5,16.));
#10935=CARTESIAN_POINT('Origin',(21.5,22.,-14.));
#10936=CARTESIAN_POINT('',(21.5,21.5,8.50000000000001));
#10937=CARTESIAN_POINT('Origin',(0.,21.5,1.00000000000001));
#10938=CARTESIAN_POINT('Origin',(-7.50000000000001,22.,-16.));
#10939=CARTESIAN_POINT('',(-7.50000000000001,14.,-16.));
#10940=CARTESIAN_POINT('',(-7.50000000000001,22.,-16.));
#10941=CARTESIAN_POINT('',(-10.,14.,-16.));
#10942=CARTESIAN_POINT('Origin',(-7.5,22.,-30.));
#10943=CARTESIAN_POINT('',(-7.5,14.,-30.));
#10944=CARTESIAN_POINT('',(-7.5,11.,-30.));
#10945=CARTESIAN_POINT('',(-7.50000000000002,14.,-7.99999999999999));
#10946=CARTESIAN_POINT('Origin',(-4.44089209850063E-15,14.,6.66133814775094E-15));
#10947=CARTESIAN_POINT('',(-2.5,14.,-30.));
#10948=CARTESIAN_POINT('Origin',(-18.85,22.,19.));
#10949=CARTESIAN_POINT('',(-4.17499999999999,14.,19.));
#10950=CARTESIAN_POINT('Origin',(-4.44089209850063E-15,14.,6.66133814775094E-15));
#10951=CARTESIAN_POINT('',(-11.25,14.,30.));
#10952=CARTESIAN_POINT('Origin',(20.,22.,-16.));
#10953=CARTESIAN_POINT('',(20.,14.,-16.));
#10954=CARTESIAN_POINT('',(20.,22.,-16.));
#10955=CARTESIAN_POINT('',(3.75,14.,-16.));
#10956=CARTESIAN_POINT('Origin',(20.,22.,-30.));
#10957=CARTESIAN_POINT('',(20.,14.,-8.00000000000001));
#10958=CARTESIAN_POINT('Origin',(-4.44089209850063E-15,14.,8.88178419700125E-15));
#10959=CARTESIAN_POINT('Origin',(8.35,22.,19.));
#10960=CARTESIAN_POINT('',(8.35,14.,19.));
#10961=CARTESIAN_POINT('',(8.35,22.,19.));
#10962=CARTESIAN_POINT('',(9.42499999999999,14.,19.));
#10963=CARTESIAN_POINT('Origin',(8.35,22.,30.));
#10964=CARTESIAN_POINT('',(8.35,14.,9.5));
#10965=CARTESIAN_POINT('Origin',(-4.44089209850063E-15,14.,6.66133814775094E-15));
#10966=CARTESIAN_POINT('Origin',(-5.,0.,-30.));
#10967=CARTESIAN_POINT('Origin',(-22.5,0.,30.));
#10968=CARTESIAN_POINT('',(-4.99999999999999,0.,30.));
#10969=CARTESIAN_POINT('Origin',(-4.28425905532435E-15,0.,-23.5));
#10970=CARTESIAN_POINT('',(4.99999999999999,0.,-23.5));
#10971=CARTESIAN_POINT('Origin',(4.99999999999999,0.,-30.));
#10972=CARTESIAN_POINT('Origin',(8.80748029581772E-15,0.,24.5));
#10973=CARTESIAN_POINT('',(-4.99999999999999,0.,24.5));
#10974=CARTESIAN_POINT('Origin',(-4.99999999999999,0.,30.));
#10975=CARTESIAN_POINT('Origin',(0.,-1.,4.44089209850063E-15));
#10976=CARTESIAN_POINT('',(4.00000000000001,-1.,32.));
#10977=CARTESIAN_POINT('',(4.00000000000001,-1.,29.));
#10978=CARTESIAN_POINT('',(4.00000000000001,-1.,16.));
#10979=CARTESIAN_POINT('',(-3.99999999999999,-1.,29.));
#10980=CARTESIAN_POINT('',(2.00000000000001,-1.,29.));
#10981=CARTESIAN_POINT('',(-3.99999999999999,-1.,32.));
#10982=CARTESIAN_POINT('',(-4.,-1.,14.5));
#10983=CARTESIAN_POINT('',(-22.,-1.,32.));
#10984=CARTESIAN_POINT('',(22.,-1.,32.));
#10985=CARTESIAN_POINT('',(-22.,-1.,-32.));
#10986=CARTESIAN_POINT('',(-22.,-1.,32.));
#10987=CARTESIAN_POINT('',(-4.,-1.,-32.));
#10988=CARTESIAN_POINT('',(-22.,-1.,-32.));
#10989=CARTESIAN_POINT('',(-4.,-1.,-29.));
#10990=CARTESIAN_POINT('',(-4.,-1.,-16.));
#10991=CARTESIAN_POINT('',(4.,-1.,-29.));
#10992=CARTESIAN_POINT('',(-2.,-1.,-29.));
#10993=CARTESIAN_POINT('',(4.,-1.,-32.));
#10994=CARTESIAN_POINT('',(4.00000000000001,-1.,-14.5));
#10995=CARTESIAN_POINT('',(22.,-1.,-32.));
#10996=CARTESIAN_POINT('',(-22.,-1.,-32.));
#10997=CARTESIAN_POINT('',(22.,-1.,32.));
#10998=CARTESIAN_POINT('',(22.,-1.,-32.));
#10999=CARTESIAN_POINT('',(22.,-1.,32.));
#11000=CARTESIAN_POINT('',(-2.15,-1.,-21.3513646204323));
#11001=CARTESIAN_POINT('',(2.15,-1.,-21.3513646204323));
#11002=CARTESIAN_POINT('Origin',(-3.92976446118858E-15,-1.,-21.3513646204323));
#11003=CARTESIAN_POINT('',(2.15,-1.,-26.3513646204323));
#11004=CARTESIAN_POINT('',(2.15,-1.,-21.3513646204323));
#11005=CARTESIAN_POINT('',(-2.15,-1.,-26.3513646204323));
#11006=CARTESIAN_POINT('Origin',(-4.8500251871536E-15,-1.,-26.3513646204323));
#11007=CARTESIAN_POINT('',(-2.15,-1.,-26.3513646204323));
#11008=CARTESIAN_POINT('',(-2.24999999999999,-1.,24.5));
#11009=CARTESIAN_POINT('Origin',(8.80748029581772E-15,-1.,24.5));
#11010=CARTESIAN_POINT('Origin',(0.,0.,4.44089209850063E-15));
#11011=CARTESIAN_POINT('',(22.,0.,30.));
#11012=CARTESIAN_POINT('',(5.,0.,30.));
#11013=CARTESIAN_POINT('',(22.5,0.,30.));
#11014=CARTESIAN_POINT('',(22.,0.,-30.));
#11015=CARTESIAN_POINT('',(22.,0.,-32.));
#11016=CARTESIAN_POINT('',(4.99999999999999,0.,-30.));
#11017=CARTESIAN_POINT('',(-22.5,0.,-30.));
#11018=CARTESIAN_POINT('',(4.99999999999999,0.,-23.5));
#11019=CARTESIAN_POINT('',(5.,0.,-23.5));
#11020=CARTESIAN_POINT('',(-5.,0.,-23.5));
#11021=CARTESIAN_POINT('Origin',(-4.28425905532435E-15,0.,-23.5));
#11022=CARTESIAN_POINT('',(-5.,0.,-30.));
#11023=CARTESIAN_POINT('',(-5.,0.,-30.));
#11024=CARTESIAN_POINT('',(-22.,0.,-30.));
#11025=CARTESIAN_POINT('',(-22.5,0.,-30.));
#11026=CARTESIAN_POINT('',(-22.,0.,30.));
#11027=CARTESIAN_POINT('',(-22.,0.,32.));
#11028=CARTESIAN_POINT('',(-4.99999999999999,0.,30.));
#11029=CARTESIAN_POINT('',(22.5,0.,30.));
#11030=CARTESIAN_POINT('',(-4.99999999999999,0.,24.5));
#11031=CARTESIAN_POINT('',(-4.99999999999999,0.,30.));
#11032=CARTESIAN_POINT('',(5.00000000000001,0.,24.5));
#11033=CARTESIAN_POINT('Origin',(8.80748029581772E-15,0.,24.5));
#11034=CARTESIAN_POINT('',(5.00000000000001,0.,30.));
#11035=CARTESIAN_POINT('Origin',(-22.,0.,-30.));
#11036=CARTESIAN_POINT('',(5.,2.,-30.));
#11037=CARTESIAN_POINT('',(4.99999999999999,0.,-30.));
#11038=CARTESIAN_POINT('',(22.,2.,-30.));
#11039=CARTESIAN_POINT('',(22.,0.,-30.));
#11040=CARTESIAN_POINT('',(-22.5,2.,-30.));
#11041=CARTESIAN_POINT('Origin',(-4.44089209850063E-15,2.,-31.));
#11042=CARTESIAN_POINT('',(5.,2.,-32.));
#11043=CARTESIAN_POINT('',(4.99999999999999,2.,-27.25));
#11044=CARTESIAN_POINT('',(22.,2.,-32.));
#11045=CARTESIAN_POINT('',(22.,2.,-32.));
#11046=CARTESIAN_POINT('',(-22.,2.,-32.));
#11047=CARTESIAN_POINT('Origin',(4.,-1.,-29.));
#11048=CARTESIAN_POINT('',(4.,2.,-29.));
#11049=CARTESIAN_POINT('',(4.,-1.,-29.));
#11050=CARTESIAN_POINT('',(4.,2.,-32.));
#11051=CARTESIAN_POINT('',(4.00000000000001,2.,-16.));
#11052=CARTESIAN_POINT('',(4.,-0.5,-32.));
#11053=CARTESIAN_POINT('Origin',(5.,0.,-23.5));
#11054=CARTESIAN_POINT('',(4.99999999999999,4.,-32.));
#11055=CARTESIAN_POINT('',(4.99999999999999,0.,-32.));
#11056=CARTESIAN_POINT('',(4.99999999999999,4.,-23.5));
#11057=CARTESIAN_POINT('',(5.,4.,-23.5));
#11058=CARTESIAN_POINT('',(4.99999999999999,0.,-23.5));
#11059=CARTESIAN_POINT('Origin',(-4.44089209850063E-15,2.,-31.));
#11060=CARTESIAN_POINT('',(-5.00000000000001,2.,-32.));
#11061=CARTESIAN_POINT('',(-5.,2.,-30.));
#11062=CARTESIAN_POINT('',(-5.,2.,-31.5));
#11063=CARTESIAN_POINT('',(-22.,2.,-32.));
#11064=CARTESIAN_POINT('',(-22.,2.,-32.));
#11065=CARTESIAN_POINT('',(-22.,2.,-30.));
#11066=CARTESIAN_POINT('',(-22.,2.,32.));
#11067=CARTESIAN_POINT('',(-22.5,2.,-30.));
#11068=CARTESIAN_POINT('Origin',(-22.,0.,-30.));
#11069=CARTESIAN_POINT('',(-5.,0.,-30.));
#11070=CARTESIAN_POINT('',(-22.,0.,-30.));
#11071=CARTESIAN_POINT('Origin',(-4.,-1.,-32.));
#11072=CARTESIAN_POINT('',(-4.,2.,-32.));
#11073=CARTESIAN_POINT('',(-4.,2.,-29.));
#11074=CARTESIAN_POINT('',(-4.,2.,-14.5));
#11075=CARTESIAN_POINT('',(-4.,-1.,-29.));
#11076=CARTESIAN_POINT('',(-4.,-0.5,-32.));
#11077=CARTESIAN_POINT('Origin',(-4.,-1.,-29.));
#11078=CARTESIAN_POINT('',(2.00000000000001,2.,-29.));
#11079=CARTESIAN_POINT('Origin',(7.7715611723761E-15,2.,8.88178419700125E-15));
#11080=CARTESIAN_POINT('',(2.5,2.,-32.));
#11081=CARTESIAN_POINT('Origin',(4.99999999999999,0.,-32.));
#11082=CARTESIAN_POINT('',(-22.,0.,-32.));
#11083=CARTESIAN_POINT('',(-5.00000000000001,4.,-32.));
#11084=CARTESIAN_POINT('',(-5.00000000000001,0.,-32.));
#11085=CARTESIAN_POINT('',(-22.,4.,-32.));
#11086=CARTESIAN_POINT('',(22.,0.,-32.));
#11087=CARTESIAN_POINT('Origin',(2.15,0.,-26.3513646204323));
#11088=CARTESIAN_POINT('',(2.15,4.,-21.3513646204323));
#11089=CARTESIAN_POINT('',(2.15,0.,-21.3513646204323));
#11090=CARTESIAN_POINT('',(2.15,4.,-26.3513646204323));
#11091=CARTESIAN_POINT('',(2.15,4.,-21.3513646204323));
#11092=CARTESIAN_POINT('',(2.15,0.,-26.3513646204323));
#11093=CARTESIAN_POINT('Origin',(-4.8500251871536E-15,0.,-26.3513646204323));
#11094=CARTESIAN_POINT('',(-2.15,4.,-26.3513646204323));
#11095=CARTESIAN_POINT('Origin',(-4.8500251871536E-15,4.,-26.3513646204323));
#11096=CARTESIAN_POINT('',(-2.15,0.,-26.3513646204323));
#11097=CARTESIAN_POINT('Origin',(-2.15,0.,-21.3513646204323));
#11098=CARTESIAN_POINT('',(-2.15,4.,-21.3513646204323));
#11099=CARTESIAN_POINT('',(-2.15,4.,-26.3513646204323));
#11100=CARTESIAN_POINT('',(-2.15,0.,-21.3513646204323));
#11101=CARTESIAN_POINT('Origin',(-3.92976446118858E-15,0.,-21.3513646204323));
#11102=CARTESIAN_POINT('Origin',(-3.92976446118858E-15,4.,-21.3513646204323));
#11103=CARTESIAN_POINT('Origin',(-4.28425905532435E-15,0.,-23.5));
#11104=CARTESIAN_POINT('',(-5.,4.,-23.5));
#11105=CARTESIAN_POINT('Origin',(-4.28425905532435E-15,4.,-23.5));
#11106=CARTESIAN_POINT('',(-5.,0.,-23.5));
#11107=CARTESIAN_POINT('Origin',(-5.,0.,-32.));
#11108=CARTESIAN_POINT('',(-5.,4.,-30.));
#11109=CARTESIAN_POINT('Origin',(-7.7715611723761E-15,4.,-25.25));
#11110=CARTESIAN_POINT('Origin',(0.,2.,31.));
#11111=CARTESIAN_POINT('',(5.,2.,32.));
#11112=CARTESIAN_POINT('',(5.,2.,30.));
#11113=CARTESIAN_POINT('',(5.00000000000001,2.,31.5));
#11114=CARTESIAN_POINT('',(22.,2.,32.));
#11115=CARTESIAN_POINT('',(22.,2.,32.));
#11116=CARTESIAN_POINT('',(22.,2.,30.));
#11117=CARTESIAN_POINT('',(22.,2.,-32.));
#11118=CARTESIAN_POINT('',(22.5,2.,30.));
#11119=CARTESIAN_POINT('Origin',(22.,0.,30.));
#11120=CARTESIAN_POINT('',(5.00000000000001,0.,30.));
#11121=CARTESIAN_POINT('',(22.,0.,30.));
#11122=CARTESIAN_POINT('Origin',(22.,0.,32.));
#11123=CARTESIAN_POINT('',(22.,0.,32.));
#11124=CARTESIAN_POINT('Origin',(4.00000000000001,-1.,32.));
#11125=CARTESIAN_POINT('',(4.00000000000001,2.,32.));
#11126=CARTESIAN_POINT('',(4.00000000000001,2.,29.));
#11127=CARTESIAN_POINT('',(4.00000000000001,2.,14.5));
#11128=CARTESIAN_POINT('',(4.00000000000001,-1.,29.));
#11129=CARTESIAN_POINT('',(4.00000000000001,-0.5,32.));
#11130=CARTESIAN_POINT('Origin',(22.,0.,30.));
#11131=CARTESIAN_POINT('',(-4.99999999999999,2.,30.));
#11132=CARTESIAN_POINT('',(-4.99999999999999,0.,30.));
#11133=CARTESIAN_POINT('',(-22.,2.,30.));
#11134=CARTESIAN_POINT('',(-22.,0.,30.));
#11135=CARTESIAN_POINT('',(22.5,2.,30.));
#11136=CARTESIAN_POINT('Origin',(-22.,0.,30.));
#11137=CARTESIAN_POINT('',(-22.,2.,32.));
#11138=CARTESIAN_POINT('',(-22.,0.,32.));
#11139=CARTESIAN_POINT('',(-22.,2.,32.));
#11140=CARTESIAN_POINT('Origin',(0.,2.,31.));
#11141=CARTESIAN_POINT('',(-4.99999999999999,2.,32.));
#11142=CARTESIAN_POINT('',(-4.99999999999999,2.,27.75));
#11143=CARTESIAN_POINT('',(22.,2.,32.));
#11144=CARTESIAN_POINT('Origin',(-4.99999999999999,0.,24.5));
#11145=CARTESIAN_POINT('',(-4.99999999999999,4.,32.));
#11146=CARTESIAN_POINT('',(-4.99999999999999,0.,32.));
#11147=CARTESIAN_POINT('',(-4.99999999999999,4.,24.5));
#11148=CARTESIAN_POINT('',(-4.99999999999999,4.,30.));
#11149=CARTESIAN_POINT('',(-4.99999999999999,0.,24.5));
#11150=CARTESIAN_POINT('Origin',(-4.99999999999999,0.,32.));
#11151=CARTESIAN_POINT('',(5.00000000000001,4.,32.));
#11152=CARTESIAN_POINT('',(5.00000000000001,0.,32.));
#11153=CARTESIAN_POINT('',(22.,4.,32.));
#11154=CARTESIAN_POINT('',(-3.99999999999999,2.,32.));
#11155=CARTESIAN_POINT('',(-3.99999999999999,-0.5,32.));
#11156=CARTESIAN_POINT('',(-2.49999999999999,2.,32.));
#11157=CARTESIAN_POINT('Origin',(-3.99999999999999,-1.,29.));
#11158=CARTESIAN_POINT('',(-3.99999999999999,2.,29.));
#11159=CARTESIAN_POINT('',(-3.99999999999999,-1.,29.));
#11160=CARTESIAN_POINT('',(-4.,2.,16.));
#11161=CARTESIAN_POINT('Origin',(4.00000000000001,-1.,29.));
#11162=CARTESIAN_POINT('',(-1.99999999999999,2.,29.));
#11163=CARTESIAN_POINT('Origin',(7.7715611723761E-15,2.,8.88178419700125E-15));
#11164=CARTESIAN_POINT('Origin',(8.80748029581772E-15,0.,24.5));
#11165=CARTESIAN_POINT('',(-2.24999999999999,4.,24.5));
#11166=CARTESIAN_POINT('Origin',(8.80748029581772E-15,4.,24.5));
#11167=CARTESIAN_POINT('',(-2.24999999999999,0.,24.5));
#11168=CARTESIAN_POINT('Origin',(5.00000000000001,0.,32.));
#11169=CARTESIAN_POINT('',(5.00000000000001,4.,24.5));
#11170=CARTESIAN_POINT('',(5.00000000000001,0.,24.5));
#11171=CARTESIAN_POINT('',(5.00000000000001,4.,30.));
#11172=CARTESIAN_POINT('Origin',(8.80748029581772E-15,0.,24.5));
#11173=CARTESIAN_POINT('Origin',(8.80748029581772E-15,4.,24.5));
#11174=CARTESIAN_POINT('Origin',(8.88178419700125E-15,4.,25.75));
#11175=CARTESIAN_POINT('Origin',(-13.6,14.,24.5));
#11176=CARTESIAN_POINT('',(-11.6,15.7,24.5));
#11177=CARTESIAN_POINT('Origin',(-13.6,15.7,24.5));
#11178=CARTESIAN_POINT('',(-11.6,14.,24.5));
#11179=CARTESIAN_POINT('',(-11.6,14.,24.5));
#11180=CARTESIAN_POINT('Origin',(-13.6,14.,24.5));
#11181=CARTESIAN_POINT('Origin',(-9.6,14.,20.5));
#11182=CARTESIAN_POINT('',(-17.6,14.,20.5));
#11183=CARTESIAN_POINT('',(-9.59999999999999,14.,20.5));
#11184=CARTESIAN_POINT('',(-17.6,14.,20.5));
#11185=CARTESIAN_POINT('',(-17.6,15.7,20.5));
#11186=CARTESIAN_POINT('',(-17.6,14.,20.5));
#11187=CARTESIAN_POINT('',(-9.59999999999999,15.7,20.5));
#11188=CARTESIAN_POINT('',(-17.6,15.7,20.5));
#11189=CARTESIAN_POINT('',(-9.59999999999999,14.,20.5));
#11190=CARTESIAN_POINT('Origin',(-19.0552101334098,14.,24.5));
#11191=CARTESIAN_POINT('',(-9.60000000000003,14.,28.5));
#11192=CARTESIAN_POINT('Origin',(-19.0552101334098,14.,24.5));
#11193=CARTESIAN_POINT('',(-9.60000000000003,15.7,28.5));
#11194=CARTESIAN_POINT('Origin',(-19.0552101334098,15.7,24.5));
#11195=CARTESIAN_POINT('',(-9.60000000000003,14.,28.5));
#11196=CARTESIAN_POINT('Origin',(-17.6,14.,28.5));
#11197=CARTESIAN_POINT('',(-17.6,14.,28.5));
#11198=CARTESIAN_POINT('',(-9.6,14.,28.5));
#11199=CARTESIAN_POINT('',(-17.6,15.7,28.5));
#11200=CARTESIAN_POINT('',(-9.6,15.7,28.5));
#11201=CARTESIAN_POINT('',(-17.6,14.,28.5));
#11202=CARTESIAN_POINT('Origin',(-8.14478986659022,14.,24.5));
#11203=CARTESIAN_POINT('Origin',(-8.14478986659022,14.,24.5));
#11204=CARTESIAN_POINT('Origin',(-8.14478986659022,15.7,24.5));
#11205=CARTESIAN_POINT('Origin',(-13.6,15.7,24.5));
#11206=CARTESIAN_POINT('Origin',(-13.6,14.,24.5));
#11207=CARTESIAN_POINT('Origin',(-13.75,14.,-23.));
#11208=CARTESIAN_POINT('',(-11.75,15.7,-23.));
#11209=CARTESIAN_POINT('Origin',(-13.75,15.7,-23.));
#11210=CARTESIAN_POINT('',(-11.75,14.,-23.));
#11211=CARTESIAN_POINT('',(-11.75,14.,-23.));
#11212=CARTESIAN_POINT('Origin',(-13.75,14.,-23.));
#11213=CARTESIAN_POINT('Origin',(-8.75000000000002,14.,-28.));
#11214=CARTESIAN_POINT('',(-18.75,14.,-28.));
#11215=CARTESIAN_POINT('',(-8.75000000000002,14.,-28.));
#11216=CARTESIAN_POINT('',(-18.75,14.,-28.));
#11217=CARTESIAN_POINT('',(-18.75,15.7,-28.));
#11218=CARTESIAN_POINT('',(-18.75,14.,-28.));
#11219=CARTESIAN_POINT('',(-8.75000000000002,15.7,-28.));
#11220=CARTESIAN_POINT('',(-18.75,15.7,-28.));
#11221=CARTESIAN_POINT('',(-8.75000000000002,14.,-28.));
#11222=CARTESIAN_POINT('Origin',(-31.0568357420343,14.,-23.));
#11223=CARTESIAN_POINT('',(-8.75000000000001,14.,-18.));
#11224=CARTESIAN_POINT('Origin',(-31.0568357420343,14.,-23.));
#11225=CARTESIAN_POINT('',(-8.75000000000001,15.7,-18.));
#11226=CARTESIAN_POINT('Origin',(-31.0568357420343,15.7,-23.));
#11227=CARTESIAN_POINT('',(-8.75000000000001,14.,-18.));
#11228=CARTESIAN_POINT('Origin',(-18.75,14.,-18.));
#11229=CARTESIAN_POINT('',(-18.75,14.,-18.));
#11230=CARTESIAN_POINT('',(-8.75000000000001,14.,-18.));
#11231=CARTESIAN_POINT('',(-18.75,15.7,-18.));
#11232=CARTESIAN_POINT('',(-8.75000000000001,15.7,-18.));
#11233=CARTESIAN_POINT('',(-18.75,14.,-18.));
#11234=CARTESIAN_POINT('Origin',(3.55683574203434,14.,-23.));
#11235=CARTESIAN_POINT('Origin',(3.55683574203434,14.,-23.));
#11236=CARTESIAN_POINT('Origin',(3.55683574203434,15.7,-23.));
#11237=CARTESIAN_POINT('Origin',(-13.75,15.7,-23.));
#11238=CARTESIAN_POINT('Origin',(-13.75,14.,-23.));
#11239=CARTESIAN_POINT('Origin',(-13.6,17.7,24.5));
#11240=CARTESIAN_POINT('',(-11.6,19.2,24.5));
#11241=CARTESIAN_POINT('Origin',(-13.6,19.2,24.5));
#11242=CARTESIAN_POINT('',(-11.6,17.7,24.5));
#11243=CARTESIAN_POINT('',(-11.6,17.7,24.5));
#11244=CARTESIAN_POINT('Origin',(-13.6,17.7,24.5));
#11245=CARTESIAN_POINT('Origin',(-18.6,17.7,29.5));
#11246=CARTESIAN_POINT('',(-8.6,17.7,29.5));
#11247=CARTESIAN_POINT('',(-18.6,17.7,29.5));
#11248=CARTESIAN_POINT('',(-16.175,17.7,29.5));
#11249=CARTESIAN_POINT('',(-8.6,19.2,29.5));
#11250=CARTESIAN_POINT('',(-8.6,17.7,29.5));
#11251=CARTESIAN_POINT('',(-18.6,19.2,29.5));
#11252=CARTESIAN_POINT('',(-16.175,19.2,29.5));
#11253=CARTESIAN_POINT('',(-18.6,17.7,29.5));
#11254=CARTESIAN_POINT('Origin',(-18.6,17.7,19.5));
#11255=CARTESIAN_POINT('',(-18.6,17.7,19.5));
#11256=CARTESIAN_POINT('',(-18.6,17.7,9.875));
#11257=CARTESIAN_POINT('',(-18.6,19.2,19.5));
#11258=CARTESIAN_POINT('',(-18.6,19.2,9.875));
#11259=CARTESIAN_POINT('',(-18.6,17.7,19.5));
#11260=CARTESIAN_POINT('Origin',(-8.6,17.7,19.5));
#11261=CARTESIAN_POINT('',(-8.6,17.7,19.5));
#11262=CARTESIAN_POINT('',(-11.175,17.7,19.5));
#11263=CARTESIAN_POINT('',(-8.6,19.2,19.5));
#11264=CARTESIAN_POINT('',(-11.175,19.2,19.5));
#11265=CARTESIAN_POINT('',(-8.6,17.7,19.5));
#11266=CARTESIAN_POINT('Origin',(-8.6,17.7,29.5));
#11267=CARTESIAN_POINT('',(-8.6,17.7,14.875));
#11268=CARTESIAN_POINT('',(-8.6,19.2,14.875));
#11269=CARTESIAN_POINT('Origin',(-13.75,19.2,0.250000000000006));
#11270=CARTESIAN_POINT('Origin',(-13.75,17.7,0.250000000000006));
#11271=CARTESIAN_POINT('Origin',(-13.75,17.7,-23.));
#11272=CARTESIAN_POINT('',(-11.75,19.2,-23.));
#11273=CARTESIAN_POINT('Origin',(-13.75,19.2,-23.));
#11274=CARTESIAN_POINT('',(-11.75,17.7,-23.));
#11275=CARTESIAN_POINT('',(-11.75,17.7,-23.));
#11276=CARTESIAN_POINT('Origin',(-13.75,17.7,-23.));
#11277=CARTESIAN_POINT('Origin',(-19.4672939271152,17.7,-17.));
#11278=CARTESIAN_POINT('',(-8.03270607288479,17.7,-17.));
#11279=CARTESIAN_POINT('',(-19.4672939271152,17.7,-17.));
#11280=CARTESIAN_POINT('',(-16.6086469635576,17.7,-17.));
#11281=CARTESIAN_POINT('',(-8.03270607288479,19.2,-17.));
#11282=CARTESIAN_POINT('',(-8.03270607288479,17.7,-17.));
#11283=CARTESIAN_POINT('',(-19.4672939271152,19.2,-17.));
#11284=CARTESIAN_POINT('',(-16.6086469635576,19.2,-17.));
#11285=CARTESIAN_POINT('',(-19.4672939271152,17.7,-17.));
#11286=CARTESIAN_POINT('Origin',(-19.4672939271152,17.7,-29.));
#11287=CARTESIAN_POINT('',(-19.4672939271152,17.7,-29.));
#11288=CARTESIAN_POINT('',(-19.4672939271152,17.7,-14.375));
#11289=CARTESIAN_POINT('',(-19.4672939271152,19.2,-29.));
#11290=CARTESIAN_POINT('',(-19.4672939271152,19.2,-14.375));
#11291=CARTESIAN_POINT('',(-19.4672939271152,17.7,-29.));
#11292=CARTESIAN_POINT('Origin',(-8.03270607288479,17.7,-29.));
#11293=CARTESIAN_POINT('',(-8.03270607288479,17.7,-29.));
#11294=CARTESIAN_POINT('',(-10.8913530364424,17.7,-29.));
#11295=CARTESIAN_POINT('',(-8.03270607288479,19.2,-29.));
#11296=CARTESIAN_POINT('',(-10.8913530364424,19.2,-29.));
#11297=CARTESIAN_POINT('',(-8.03270607288479,17.7,-29.));
#11298=CARTESIAN_POINT('Origin',(-8.03270607288479,17.7,-17.));
#11299=CARTESIAN_POINT('',(-8.0327060728848,17.7,-8.37499999999999));
#11300=CARTESIAN_POINT('',(-8.0327060728848,19.2,-8.37499999999999));
#11301=CARTESIAN_POINT('Origin',(-13.75,19.2,0.250000000000006));
#11302=CARTESIAN_POINT('Origin',(-13.75,17.7,0.250000000000006));
#11303=CARTESIAN_POINT('Origin',(13.6,17.7,24.5));
#11304=CARTESIAN_POINT('',(11.6,19.2,24.5));
#11305=CARTESIAN_POINT('Origin',(13.6,19.2,24.5));
#11306=CARTESIAN_POINT('',(11.6,17.7,24.5));
#11307=CARTESIAN_POINT('',(11.6,17.7,24.5));
#11308=CARTESIAN_POINT('Origin',(13.6,17.7,24.5));
#11309=CARTESIAN_POINT('Origin',(18.6,17.7,29.5));
#11310=CARTESIAN_POINT('',(8.6,17.7,29.5));
#11311=CARTESIAN_POINT('',(18.6,17.7,29.5));
#11312=CARTESIAN_POINT('',(16.175,17.7,29.5));
#11313=CARTESIAN_POINT('',(18.6,19.2,29.5));
#11314=CARTESIAN_POINT('',(18.6,17.7,29.5));
#11315=CARTESIAN_POINT('',(8.6,19.2,29.5));
#11316=CARTESIAN_POINT('',(16.175,19.2,29.5));
#11317=CARTESIAN_POINT('',(8.6,17.7,29.5));
#11318=CARTESIAN_POINT('Origin',(18.6,17.7,19.5));
#11319=CARTESIAN_POINT('',(18.6,17.7,19.5));
#11320=CARTESIAN_POINT('',(18.6,17.7,9.875));
#11321=CARTESIAN_POINT('',(18.6,19.2,19.5));
#11322=CARTESIAN_POINT('',(18.6,17.7,19.5));
#11323=CARTESIAN_POINT('',(18.6,19.2,9.875));
#11324=CARTESIAN_POINT('Origin',(8.6,17.7,19.5));
#11325=CARTESIAN_POINT('',(8.6,17.7,19.5));
#11326=CARTESIAN_POINT('',(11.175,17.7,19.5));
#11327=CARTESIAN_POINT('',(8.6,19.2,19.5));
#11328=CARTESIAN_POINT('',(8.6,17.7,19.5));
#11329=CARTESIAN_POINT('',(11.175,19.2,19.5));
#11330=CARTESIAN_POINT('Origin',(8.6,17.7,29.5));
#11331=CARTESIAN_POINT('',(8.6,17.7,14.875));
#11332=CARTESIAN_POINT('',(8.6,19.2,14.875));
#11333=CARTESIAN_POINT('Origin',(13.75,19.2,0.250000000000006));
#11334=CARTESIAN_POINT('Origin',(13.75,17.7,0.250000000000006));
#11335=CARTESIAN_POINT('Origin',(13.75,17.7,-23.));
#11336=CARTESIAN_POINT('',(11.75,19.2,-23.));
#11337=CARTESIAN_POINT('Origin',(13.75,19.2,-23.));
#11338=CARTESIAN_POINT('',(11.75,17.7,-23.));
#11339=CARTESIAN_POINT('',(11.75,17.7,-23.));
#11340=CARTESIAN_POINT('Origin',(13.75,17.7,-23.));
#11341=CARTESIAN_POINT('Origin',(19.4672939271152,17.7,-17.));
#11342=CARTESIAN_POINT('',(8.03270607288479,17.7,-17.));
#11343=CARTESIAN_POINT('',(19.4672939271152,17.7,-17.));
#11344=CARTESIAN_POINT('',(16.6086469635576,17.7,-17.));
#11345=CARTESIAN_POINT('',(19.4672939271152,19.2,-17.));
#11346=CARTESIAN_POINT('',(19.4672939271152,17.7,-17.));
#11347=CARTESIAN_POINT('',(8.03270607288479,19.2,-17.));
#11348=CARTESIAN_POINT('',(16.6086469635576,19.2,-17.));
#11349=CARTESIAN_POINT('',(8.03270607288479,17.7,-17.));
#11350=CARTESIAN_POINT('Origin',(19.4672939271152,17.7,-29.));
#11351=CARTESIAN_POINT('',(19.4672939271152,17.7,-29.));
#11352=CARTESIAN_POINT('',(19.4672939271152,17.7,-14.375));
#11353=CARTESIAN_POINT('',(19.4672939271152,19.2,-29.));
#11354=CARTESIAN_POINT('',(19.4672939271152,17.7,-29.));
#11355=CARTESIAN_POINT('',(19.4672939271152,19.2,-14.375));
#11356=CARTESIAN_POINT('Origin',(8.03270607288479,17.7,-29.));
#11357=CARTESIAN_POINT('',(8.03270607288479,17.7,-29.));
#11358=CARTESIAN_POINT('',(10.8913530364424,17.7,-29.));
#11359=CARTESIAN_POINT('',(8.03270607288479,19.2,-29.));
#11360=CARTESIAN_POINT('',(8.03270607288479,17.7,-29.));
#11361=CARTESIAN_POINT('',(10.8913530364424,19.2,-29.));
#11362=CARTESIAN_POINT('Origin',(8.03270607288479,17.7,-17.));
#11363=CARTESIAN_POINT('',(8.0327060728848,17.7,-8.37499999999999));
#11364=CARTESIAN_POINT('',(8.0327060728848,19.2,-8.37499999999999));
#11365=CARTESIAN_POINT('Origin',(13.75,19.2,0.250000000000006));
#11366=CARTESIAN_POINT('Origin',(13.75,17.7,0.250000000000006));
#11367=CARTESIAN_POINT('Origin',(13.6,14.,24.5));
#11368=CARTESIAN_POINT('',(11.6,15.7,24.5));
#11369=CARTESIAN_POINT('Origin',(13.6,15.7,24.5));
#11370=CARTESIAN_POINT('',(11.6,14.,24.5));
#11371=CARTESIAN_POINT('',(11.6,14.,24.5));
#11372=CARTESIAN_POINT('Origin',(13.6,14.,24.5));
#11373=CARTESIAN_POINT('Origin',(9.6,14.,20.5));
#11374=CARTESIAN_POINT('',(17.6,14.,20.5));
#11375=CARTESIAN_POINT('',(9.59999999999999,14.,20.5));
#11376=CARTESIAN_POINT('',(17.6,14.,20.5));
#11377=CARTESIAN_POINT('',(9.59999999999999,15.7,20.5));
#11378=CARTESIAN_POINT('',(9.59999999999999,14.,20.5));
#11379=CARTESIAN_POINT('',(17.6,15.7,20.5));
#11380=CARTESIAN_POINT('',(17.6,15.7,20.5));
#11381=CARTESIAN_POINT('',(17.6,14.,20.5));
#11382=CARTESIAN_POINT('Origin',(19.0552101334098,14.,24.5));
#11383=CARTESIAN_POINT('',(9.60000000000003,14.,28.5));
#11384=CARTESIAN_POINT('Origin',(19.0552101334098,14.,24.5));
#11385=CARTESIAN_POINT('',(9.60000000000003,15.7,28.5));
#11386=CARTESIAN_POINT('',(9.60000000000003,14.,28.5));
#11387=CARTESIAN_POINT('Origin',(19.0552101334098,15.7,24.5));
#11388=CARTESIAN_POINT('Origin',(17.6,14.,28.5));
#11389=CARTESIAN_POINT('',(17.6,14.,28.5));
#11390=CARTESIAN_POINT('',(9.6,14.,28.5));
#11391=CARTESIAN_POINT('',(17.6,15.7,28.5));
#11392=CARTESIAN_POINT('',(17.6,14.,28.5));
#11393=CARTESIAN_POINT('',(9.6,15.7,28.5));
#11394=CARTESIAN_POINT('Origin',(8.14478986659022,14.,24.5));
#11395=CARTESIAN_POINT('Origin',(8.14478986659022,14.,24.5));
#11396=CARTESIAN_POINT('Origin',(8.14478986659022,15.7,24.5));
#11397=CARTESIAN_POINT('Origin',(13.6,15.7,24.5));
#11398=CARTESIAN_POINT('Origin',(13.6,14.,24.5));
#11399=CARTESIAN_POINT('Origin',(13.75,14.,-23.));
#11400=CARTESIAN_POINT('',(11.75,15.7,-23.));
#11401=CARTESIAN_POINT('Origin',(13.75,15.7,-23.));
#11402=CARTESIAN_POINT('',(11.75,14.,-23.));
#11403=CARTESIAN_POINT('',(11.75,14.,-23.));
#11404=CARTESIAN_POINT('Origin',(13.75,14.,-23.));
#11405=CARTESIAN_POINT('Origin',(8.75000000000002,14.,-28.));
#11406=CARTESIAN_POINT('',(18.75,14.,-28.));
#11407=CARTESIAN_POINT('',(8.75000000000002,14.,-28.));
#11408=CARTESIAN_POINT('',(18.75,14.,-28.));
#11409=CARTESIAN_POINT('',(8.75000000000002,15.7,-28.));
#11410=CARTESIAN_POINT('',(8.75000000000002,14.,-28.));
#11411=CARTESIAN_POINT('',(18.75,15.7,-28.));
#11412=CARTESIAN_POINT('',(18.75,15.7,-28.));
#11413=CARTESIAN_POINT('',(18.75,14.,-28.));
#11414=CARTESIAN_POINT('Origin',(31.0568357420343,14.,-23.));
#11415=CARTESIAN_POINT('',(8.75000000000001,14.,-18.));
#11416=CARTESIAN_POINT('Origin',(31.0568357420343,14.,-23.));
#11417=CARTESIAN_POINT('',(8.75000000000001,15.7,-18.));
#11418=CARTESIAN_POINT('',(8.75000000000001,14.,-18.));
#11419=CARTESIAN_POINT('Origin',(31.0568357420343,15.7,-23.));
#11420=CARTESIAN_POINT('Origin',(18.75,14.,-18.));
#11421=CARTESIAN_POINT('',(18.75,14.,-18.));
#11422=CARTESIAN_POINT('',(8.75000000000001,14.,-18.));
#11423=CARTESIAN_POINT('',(18.75,15.7,-18.));
#11424=CARTESIAN_POINT('',(18.75,14.,-18.));
#11425=CARTESIAN_POINT('',(8.75000000000001,15.7,-18.));
#11426=CARTESIAN_POINT('Origin',(-3.55683574203434,14.,-23.));
#11427=CARTESIAN_POINT('Origin',(-3.55683574203434,14.,-23.));
#11428=CARTESIAN_POINT('Origin',(-3.55683574203434,15.7,-23.));
#11429=CARTESIAN_POINT('Origin',(13.75,15.7,-23.));
#11430=CARTESIAN_POINT('Origin',(13.75,14.,-23.));
#11431=CARTESIAN_POINT('',(-13.6,19.2,24.5));
#11432=CARTESIAN_POINT('',(-13.75,19.2,-23.));
#11433=CARTESIAN_POINT('',(13.6,19.2,24.5));
#11434=CARTESIAN_POINT('',(13.75,19.2,-23.));
#11435=UNCERTAINTY_MEASURE_WITH_UNIT(LENGTH_MEASURE(0.01),#11443,
'DISTANCE_ACCURACY_VALUE',
'Maximum model space distance between geometric entities at asserted c
onnectivities');
#11436=UNCERTAINTY_MEASURE_WITH_UNIT(LENGTH_MEASURE(0.01),#11443,
'DISTANCE_ACCURACY_VALUE',
'Maximum model space distance between geometric entities at asserted c
onnectivities');
#11437=UNCERTAINTY_MEASURE_WITH_UNIT(LENGTH_MEASURE(0.01),#11443,
'DISTANCE_ACCURACY_VALUE',
'Maximum model space distance between geometric entities at asserted c
onnectivities');
#11438=UNCERTAINTY_MEASURE_WITH_UNIT(LENGTH_MEASURE(0.01),#11443,
'DISTANCE_ACCURACY_VALUE',
'Maximum model space distance between geometric entities at asserted c
onnectivities');
#11439=(
GEOMETRIC_REPRESENTATION_CONTEXT(3)
GLOBAL_UNCERTAINTY_ASSIGNED_CONTEXT((#11435))
GLOBAL_UNIT_ASSIGNED_CONTEXT((#11443,#11445,#11446))
REPRESENTATION_CONTEXT('','3D')
);
#11440=(
GEOMETRIC_REPRESENTATION_CONTEXT(3)
GLOBAL_UNCERTAINTY_ASSIGNED_CONTEXT((#11436))
GLOBAL_UNIT_ASSIGNED_CONTEXT((#11443,#11445,#11446))
REPRESENTATION_CONTEXT('','3D')
);
#11441=(
GEOMETRIC_REPRESENTATION_CONTEXT(3)
GLOBAL_UNCERTAINTY_ASSIGNED_CONTEXT((#11437))
GLOBAL_UNIT_ASSIGNED_CONTEXT((#11443,#11445,#11446))
REPRESENTATION_CONTEXT('','3D')
);
#11442=(
GEOMETRIC_REPRESENTATION_CONTEXT(3)
GLOBAL_UNCERTAINTY_ASSIGNED_CONTEXT((#11438))
GLOBAL_UNIT_ASSIGNED_CONTEXT((#11443,#11445,#11446))
REPRESENTATION_CONTEXT('','3D')
);
#11443=(
LENGTH_UNIT()
NAMED_UNIT(*)
SI_UNIT(.MILLI.,.METRE.)
);
#11444=(
LENGTH_UNIT()
NAMED_UNIT(*)
SI_UNIT($,.METRE.)
);
#11445=(
NAMED_UNIT(*)
PLANE_ANGLE_UNIT()
SI_UNIT($,.RADIAN.)
);
#11446=(
NAMED_UNIT(*)
SI_UNIT($,.STERADIAN.)
SOLID_ANGLE_UNIT()
);
#11447=SHAPE_DEFINITION_REPRESENTATION(#11450,#11457);
#11448=SHAPE_DEFINITION_REPRESENTATION(#11451,#11458);
#11449=SHAPE_DEFINITION_REPRESENTATION(#11452,#11459);
#11450=PRODUCT_DEFINITION_SHAPE('',$,#11461);
#11451=PRODUCT_DEFINITION_SHAPE('',$,#11462);
#11452=PRODUCT_DEFINITION_SHAPE('',$,#11463);
#11453=PRODUCT_DEFINITION_SHAPE($,$,#23);
#11454=PRODUCT_DEFINITION_SHAPE($,$,#24);
#11455=PRODUCT_DEFINITION_SHAPE($,$,#25);
#11456=PRODUCT_DEFINITION_SHAPE($,$,#26);
#11457=SHAPE_REPRESENTATION('',(#4205,#4580,#4581,#4582,#4583),#11439);
#11458=SHAPE_REPRESENTATION('',(#4206),#11440);
#11459=SHAPE_REPRESENTATION('',(#4284),#11441);
#11460=PRODUCT_DEFINITION_CONTEXT('part definition',#11471,'design');
#11461=PRODUCT_DEFINITION('SSR-40 DD','SSR-40 DD v4',#11464,#11460);
#11462=PRODUCT_DEFINITION('94017A250','94017A250',#11465,#11460);
#11463=PRODUCT_DEFINITION('94017A250(Mirror)','94017A250(Mirror)',#11466,
#11460);
#11464=PRODUCT_DEFINITION_FORMATION('',$,#11473);
#11465=PRODUCT_DEFINITION_FORMATION('',$,#11474);
#11466=PRODUCT_DEFINITION_FORMATION('',$,#11475);
#11467=PRODUCT_RELATED_PRODUCT_CATEGORY('SSR-40 DD v4','SSR-40 DD v4',(#11473));
#11468=PRODUCT_RELATED_PRODUCT_CATEGORY('94017A250','94017A250',(#11474));
#11469=PRODUCT_RELATED_PRODUCT_CATEGORY('94017A250(Mirror)',
'94017A250(Mirror)',(#11475));
#11470=APPLICATION_PROTOCOL_DEFINITION('international standard',
'automotive_design',2009,#11471);
#11471=APPLICATION_CONTEXT(
'Core Data for Automotive Mechanical Design Process');
#11472=PRODUCT_CONTEXT('part definition',#11471,'mechanical');
#11473=PRODUCT('SSR-40 DD','SSR-40 DD v4',$,(#11472));
#11474=PRODUCT('94017A250','94017A250',$,(#11472));
#11475=PRODUCT('94017A250(Mirror)','94017A250(Mirror)',$,(#11472));
#11476=PRESENTATION_STYLE_ASSIGNMENT((#11478));
#11477=PRESENTATION_STYLE_ASSIGNMENT((#11479));
#11478=SURFACE_STYLE_USAGE(.BOTH.,#11480);
#11479=SURFACE_STYLE_USAGE(.BOTH.,#11481);
#11480=SURFACE_SIDE_STYLE('',(#11482));
#11481=SURFACE_SIDE_STYLE('',(#11483));
#11482=SURFACE_STYLE_FILL_AREA(#11484);
#11483=SURFACE_STYLE_FILL_AREA(#11485);
#11484=FILL_AREA_STYLE('Aluminum - Polished',(#11486));
#11485=FILL_AREA_STYLE('Plastic - Matte (Red)',(#11487));
#11486=FILL_AREA_STYLE_COLOUR('Aluminum - Polished',#11488);
#11487=FILL_AREA_STYLE_COLOUR('Plastic - Matte (Red)',#11489);
#11488=COLOUR_RGB('Aluminum - Polished',0.96078431372549,0.96078431372549,
0.964705882352941);
#11489=COLOUR_RGB('Plastic - Matte (Red)',0.925490196078431,0.894117647058824,
0.815686274509804);
ENDSEC;
END-ISO-10303-21;
